type,n_cells,total_in,total_out
(untyped),47071,182379523,19581699
5-HTPLP01,2,12263,47794
5-HTPMPD01,2,8825,9739
5-HTPMPV01,2,9849,21539
5-HTPMPV03,2,32524,66046
5thsLNv_LNd6,4,7015,19447
ADNM1 MN,2,14655,162
ADNM2 MN,2,4287,36
AL-AST1,3,24668,39355
AL-MBDL1,2,11565,40766
ALBN1,2,21835,27048
ALIN1,4,8583,24090
ALIN2,2,11588,25607
ALIN3,4,3750,24266
ALIN4,2,8138,12928
ALIN5,2,4670,36251
ALIN6,2,3772,17188
ALIN7,2,6497,17299
ALIN8,2,1066,9277
ALON1,2,2575,12229
ALON2,2,1755,9448
ALON3,4,17062,15698
AMMC-A1,6,48747,5668
AMMC001,2,1130,5092
AMMC002,8,2856,8804
AMMC003,8,6020,6541
AMMC004,6,5284,7732
AMMC005,12,5246,11671
AMMC006,8,5730,16265
AMMC007,9,4551,7932
AMMC008,2,4732,22757
AMMC009,2,2792,23501
AMMC010,2,2569,23829
AMMC011,2,3380,30845
AMMC012,2,10616,35666
AMMC013,2,16134,29041
AMMC014,4,3648,9523
AMMC015,8,6547,22327
AMMC016,4,1394,9291
AMMC017,4,1856,10444
AMMC018,9,4671,7016
AMMC019,10,7900,9132
AMMC020,10,6749,12998
AMMC021,5,4541,9910
AMMC022,6,6299,15657
AMMC023,4,3667,7054
AMMC024,2,2238,5610
AMMC025,12,9612,12181
AMMC026,10,10947,19698
AMMC027,3,3532,7223
AMMC028,4,6653,22841
AMMC029,2,2843,5837
AMMC030,3,3753,7973
AMMC031,5,4970,12172
AMMC032,4,4579,6749
AMMC033,3,3894,8775
AMMC034_a,3,4443,16855
AMMC034_b,2,2500,12464
AMMC035,10,5267,13715
AMMC036,6,5780,13277
AMMC037,2,2819,7253
AMMC038,2,5456,9530
AN00A002,1,4555,14640
AN00A006,5,14527,83102
AN00A009,1,2816,6413
AN01A006,2,7748,20024
AN01A014,2,6576,24601
AN01A021,2,11478,21488
AN01A033,2,3467,23604
AN01A049,2,1304,6996
AN01A055,2,11060,39386
AN01A086,2,4439,31437
AN01A089,2,17189,56534
AN01B002,6,75067,74877
AN01B004,6,11339,63277
AN01B005,6,11500,57402
AN01B011,6,4277,29057
AN01B014,2,803,10014
AN01B018,2,482,9640
AN02A001,2,15241,112407
AN02A002,2,12384,156027
AN02A005,2,964,24845
AN02A009,2,1677,24255
AN02A016,2,3071,14769
AN02A017,2,1405,25985
AN02A022,2,1041,4878
AN02A025,2,1224,9145
AN02A046,2,570,3566
AN03A002,2,7947,20507
AN03A008,2,3799,42014
AN03B009,2,9594,41671
AN03B011,4,14708,66227
AN03B039,2,5969,14611
AN03B050,2,2204,10637
AN03B094,2,1731,7057
AN03B095,2,1193,4672
AN04A001,6,30095,125268
AN04B001,4,32658,98743
AN04B003,6,11452,92377
AN04B004,4,8165,49207
AN04B023,6,6708,60203
AN04B051,2,1840,9462
AN05B004,2,29403,34620
AN05B005,2,27737,50541
AN05B006,3,28511,64742
AN05B007,1,5746,28054
AN05B009,4,59036,74137
AN05B010,1,6449,16049
AN05B015,2,4242,17852
AN05B017,1,4849,5882
AN05B021,2,7812,25417
AN05B023a,2,14061,19959
AN05B023b,2,17326,16081
AN05B023c,2,10924,27512
AN05B023d,2,17731,40319
AN05B024,1,2403,9332
AN05B025,2,5282,34113
AN05B026,1,824,9589
AN05B027,1,3323,5829
AN05B029,1,5648,7002
AN05B035,2,9265,21027
AN05B036,2,5887,9099
AN05B040,1,4522,6205
AN05B044,2,548,10412
AN05B045,2,1395,11712
AN05B046,1,3407,5222
AN05B048,2,1173,9851
AN05B049_a,2,1362,6894
AN05B049_b,2,1725,7302
AN05B049_c,2,785,6503
AN05B050_a,2,1180,10859
AN05B050_b,2,1080,11264
AN05B050_c,4,2621,23148
AN05B052,3,2258,18651
AN05B053,4,18315,16095
AN05B054_a,2,2805,8493
AN05B054_b,4,2478,10441
AN05B056,2,2304,7353
AN05B058,2,4045,8747
AN05B059,1,1119,3875
AN05B060,1,282,2477
AN05B062,4,4378,15130
AN05B063,4,1759,12752
AN05B067,1,488,5021
AN05B068,7,4307,13137
AN05B069,2,959,7881
AN05B071,2,1068,11327
AN05B076,2,4551,9923
AN05B078,3,1687,11242
AN05B081,2,1252,9848
AN05B083,1,812,2553
AN05B095,2,4766,29697
AN05B096,4,17276,47595
AN05B097,8,29336,100511
AN05B098,2,8193,22123
AN05B099,6,57714,78829
AN05B100,6,12458,93043
AN05B101,4,24729,70754
AN05B102a,2,39034,49414
AN05B102b,2,9119,15994
AN05B102c,2,19204,37193
AN05B102d,2,9840,28568
AN05B103,2,4493,21084
AN05B104,6,8194,50162
AN05B105,2,4324,15267
AN05B106,4,5242,33383
AN05B107,2,6659,28260
AN05B108,4,3422,13713
AN06A010,2,2911,6112
AN06A015,2,2716,13418
AN06A016,2,3555,7958
AN06A017,2,1792,11643
AN06A018,2,1620,10896
AN06A026,4,6317,18082
AN06A027,2,1765,8908
AN06A030,2,2864,6153
AN06A041,2,968,8432
AN06A060,2,480,3520
AN06A062,4,2009,8728
AN06A080,4,1914,8858
AN06A092,5,4022,8735
AN06A095,3,2160,4556
AN06A112,6,2348,7999
AN06B002,5,28220,85441
AN06B004,2,8602,31425
AN06B005,2,7168,13976
AN06B007,4,13813,44884
AN06B009,2,6846,119222
AN06B011,2,3426,42510
AN06B012,2,1743,9964
AN06B014,2,4882,20722
AN06B015,1,1233,4979
AN06B023,2,4559,17070
AN06B025,2,3530,34258
AN06B026,2,4672,15954
AN06B031,2,3935,16670
AN06B034,2,2088,20624
AN06B037,2,2138,26147
AN06B039,7,7714,51005
AN06B040,2,4054,34708
AN06B042,2,3259,16649
AN06B044,2,1979,15658
AN06B045,2,1900,11322
AN06B046,2,1426,3494
AN06B048,2,1569,6462
AN06B051,4,5478,37311
AN06B057,2,1018,10682
AN06B068,6,2772,18774
AN06B075,2,1173,5980
AN06B088,2,3354,19322
AN06B089,2,9202,26027
AN06B090,2,2423,17612
AN07B003,2,12425,37685
AN07B004,2,10067,155491
AN07B005,6,24672,105319
AN07B011,2,5331,21757
AN07B013,4,14067,57972
AN07B015,2,6599,26666
AN07B017,2,8155,18682
AN07B018,2,7831,29654
AN07B021,2,3582,24808
AN07B024,2,4796,17054
AN07B025,2,2332,12902
AN07B032,2,3120,13617
AN07B035,4,3602,29386
AN07B036,2,4968,16806
AN07B037_a,4,3198,46748
AN07B037_b,2,2355,34937
AN07B040,2,727,14908
AN07B041,4,1926,14310
AN07B042,4,2953,15974
AN07B043,2,688,13126
AN07B045,7,6303,27356
AN07B046_a,4,3206,15918
AN07B046_b,2,1611,7348
AN07B046_c,2,3998,21093
AN07B049,8,5747,30793
AN07B050,4,2293,11649
AN07B052,6,6011,26232
AN07B056,7,4078,13620
AN07B057,2,419,7360
AN07B060,6,3941,14675
AN07B062,9,7409,28381
AN07B063,2,1489,3682
AN07B069_a,4,1914,6148
AN07B069_b,10,4077,14379
AN07B070,6,3072,14789
AN07B071_a,2,1050,3599
AN07B071_b,2,689,4722
AN07B071_c,4,1084,8163
AN07B071_d,4,1606,8487
AN07B072_a,3,977,5579
AN07B072_b,3,1032,4885
AN07B072_c,2,726,3244
AN07B072_d,3,1032,5709
AN07B072_e,6,2255,21071
AN07B072_f,2,776,2857
AN07B076,5,4141,11409
AN07B078_a,2,482,4224
AN07B078_b,2,665,4596
AN07B082_a,2,591,5839
AN07B082_b,2,520,6526
AN07B082_c,2,674,6800
AN07B082_d,2,880,6539
AN07B085,9,3195,16393
AN07B089,12,3364,23563
AN07B091,5,1990,6756
AN07B097,1,281,1677
AN07B100,2,292,1580
AN07B101_a,2,465,3270
AN07B101_b,3,515,5384
AN07B101_c,2,337,3682
AN07B106,2,1413,19840
AN07B110,6,959,6276
AN07B116,1,758,2955
AN08B005,2,7924,31582
AN08B007,2,10352,22899
AN08B009,4,18792,55072
AN08B010,4,16026,47977
AN08B012,4,51047,54670
AN08B013,2,6303,32341
AN08B014,2,4555,24543
AN08B015,2,5417,16560
AN08B016,2,6345,18729
AN08B018,14,49098,155407
AN08B020,2,4862,33926
AN08B022,6,11257,69214
AN08B023,6,23581,51028
AN08B024,6,14921,58512
AN08B025,2,4442,16987
AN08B026,6,10390,64508
AN08B027,2,3227,24537
AN08B028,4,11119,30301
AN08B031,6,13907,27681
AN08B032,2,4663,21050
AN08B034,6,21575,52381
AN08B035,1,1460,984
AN08B041,2,4588,11268
AN08B043,2,4294,6442
AN08B047,5,6456,4587
AN08B048,2,2753,15138
AN08B049,4,9236,22116
AN08B050,2,2914,12733
AN08B053,2,3654,11449
AN08B057,2,1214,12905
AN08B059,5,9189,17337
AN08B061,7,11279,9730
AN08B066,2,2083,9504
AN08B069,2,2980,9859
AN08B074,6,5161,28353
AN08B079_a,7,5282,21318
AN08B079_b,8,8587,22967
AN08B081,4,5547,14313
AN08B084,4,4044,14269
AN08B086,2,2489,9105
AN08B089,2,1563,5203
AN08B094,3,2578,7153
AN08B095,2,1749,6285
AN08B096,3,930,4341
AN08B097,5,3164,10587
AN08B098,10,7166,11580
AN08B099_a,4,1877,9275
AN08B099_b,2,1774,3490
AN08B099_c,2,2058,3784
AN08B099_d,2,1724,3855
AN08B099_e,2,1428,2180
AN08B099_f,2,3761,5835
AN08B099_g,3,2056,7256
AN08B099_h,2,2202,4257
AN08B099_i,1,1818,2725
AN08B099_j,1,1060,3114
AN08B100,10,5636,22213
AN08B101,6,5079,11988
AN08B102,2,1163,2477
AN08B103,2,857,5868
AN08B106,4,1269,7485
AN08B107,2,629,4604
AN08B109,2,964,5974
AN08B110,2,577,6017
AN08B111,2,592,3515
AN08B112,4,1057,7816
AN08B113,11,1841,8617
AN09A005,11,7907,8839
AN09A007,2,4318,26712
AN09B002,2,8084,35895
AN09B003,2,16065,26084
AN09B004,10,69462,150342
AN09B006,2,1862,22630
AN09B007,2,5305,20665
AN09B009,6,55458,78961
AN09B011,2,4447,27121
AN09B012,4,18542,48558
AN09B013,2,11220,23585
AN09B014,2,14316,20429
AN09B015,2,7492,20087
AN09B016,2,4668,37621
AN09B017a,2,2644,21414
AN09B017b,2,4808,29622
AN09B017c,2,2889,24783
AN09B017d,2,5399,26065
AN09B017e,2,4423,37603
AN09B017f,2,3563,33492
AN09B017g,2,6102,49700
AN09B018,8,52666,60442
AN09B019,2,6010,26006
AN09B020,4,19805,24248
AN09B021,2,4365,18064
AN09B023,8,41086,78640
AN09B024,2,11994,31304
AN09B026,2,2042,24233
AN09B027,2,5426,25452
AN09B028,2,2553,15181
AN09B029,4,9994,32017
AN09B030,4,8384,27949
AN09B031,2,3941,25044
AN09B032,4,7130,25760
AN09B033,6,6456,29582
AN09B034,2,5358,19185
AN09B035,6,7659,38003
AN09B036,2,5860,16044
AN09B037,4,7704,13566
AN09B040,6,4265,28587
AN09B042,2,1405,6503
AN09B044,2,1605,8065
AN09B059,2,2091,19253
AN09B060,4,13874,63545
AN10B005,2,9284,53082
AN10B008,2,5440,22564
AN10B009,2,3750,22073
AN10B015,6,13915,62620
AN10B017,2,3622,30223
AN10B018,2,4116,32236
AN10B019,6,21250,24698
AN10B020,6,13829,32053
AN10B021,2,3353,23979
AN10B022,6,12183,27193
AN10B024,4,4626,36573
AN10B025,2,1564,13669
AN10B026,2,1119,19582
AN10B027,6,10262,40412
AN10B029,6,5068,23532
AN10B031,2,484,4043
AN10B033,7,4049,15633
AN10B034,8,5578,19978
AN10B035,11,3356,25960
AN10B037,15,4471,29963
AN10B039,12,7274,21824
AN10B045,31,11414,50751
AN10B046,13,1947,23221
AN10B047,16,5081,39555
AN10B048,6,2550,11209
AN10B053,11,3054,23936
AN10B061,7,847,8730
AN10B062,3,1539,8197
AN11B008,2,3375,8562
AN11B012,2,3200,7806
AN12A003,2,9663,31142
AN12A017,2,1742,16929
AN12B001,2,10508,38379
AN12B004,6,12787,77238
AN12B005,2,12880,32139
AN12B006,2,12552,22855
AN12B008,4,10498,35467
AN12B011,2,3563,15135
AN12B017,6,7787,45903
AN12B019,6,7735,48957
AN12B055,5,2013,12887
AN12B060,10,3005,21570
AN12B076,3,959,6512
AN12B080,3,691,5032
AN12B089,7,1690,9690
AN13B002,2,39312,55414
AN14A003,5,28350,43979
AN14B012,2,2203,5878
AN16B078_a,2,884,3260
AN16B078_b,2,626,2957
AN16B078_c,6,3443,9098
AN16B078_d,6,2632,9144
AN16B081,2,994,2044
AN16B112,4,2136,4891
AN16B116,2,842,2755
AN17A002,2,13375,51544
AN17A003,6,37055,105892
AN17A004,2,14894,40485
AN17A008,2,6159,28184
AN17A009,2,15694,26446
AN17A012,4,21842,58471
AN17A013,4,31471,43235
AN17A014,6,19524,86576
AN17A015,8,41146,126969
AN17A018,6,28677,70092
AN17A024,6,23890,69607
AN17A026,2,4659,32928
AN17A031,2,4846,14234
AN17A047,2,3773,11416
AN17A050,2,4640,23283
AN17A062,6,8947,62185
AN17A068,2,2842,9889
AN17A073,2,1600,7535
AN17A076,2,19253,18360
AN17B002,2,6039,25981
AN17B005,2,6244,28393
AN17B007,2,3666,23960
AN17B008,6,15372,43253
AN17B009,2,6263,18969
AN17B011,2,2593,13745
AN17B012,2,8961,32542
AN17B013,4,5299,11769
AN17B016,2,2274,17589
AN18B001,2,13597,62550
AN18B002,2,10436,25065
AN18B003,2,12754,29973
AN18B004,2,12892,27414
AN18B019,4,6495,41492
AN18B020,2,5227,12050
AN18B022,2,3383,20330
AN18B023,2,3417,19766
AN18B025,2,2969,17372
AN18B032,3,13874,20179
AN18B053,6,10654,39628
AN19A018,12,49044,152937
AN19A019,2,2896,15451
AN19A038,2,434,21936
AN19B001,4,43615,193220
AN19B004,2,13924,24906
AN19B009,4,14444,34459
AN19B010,4,17234,57788
AN19B014,2,4093,20418
AN19B015,2,3963,24572
AN19B017,2,8146,73429
AN19B018,2,4196,13407
AN19B019,2,7601,96810
AN19B022,2,2837,15515
AN19B024,2,2352,31395
AN19B025,2,5273,34303
AN19B028,2,3408,35661
AN19B032,2,7479,18632
AN19B036,4,11663,36093
AN19B039,2,3634,11037
AN19B042,2,1787,12847
AN19B044,4,2428,16657
AN19B046,3,2634,8177
AN19B049,2,1327,20928
AN19B051,4,2163,14038
AN19B059,7,6030,20887
AN19B060,4,2481,10110
AN19B061,4,2632,5929
AN19B063,4,4089,6711
AN19B065,6,3927,7001
AN19B076,3,2163,7004
AN19B079,6,5719,10742
AN19B093,5,3080,14425
AN19B098,4,3122,8567
AN19B099,4,2593,8076
AN19B100,2,1396,5207
AN19B101,10,6965,14428
AN19B102,2,905,4000
AN19B104,9,2853,14430
AN19B106,2,534,2719
AN23B001,2,14982,29218
AN23B002,2,22325,33412
AN23B003,2,16455,31643
AN23B004,2,4220,11287
AN23B010,2,2536,22401
AN23B026,2,2460,7904
AN26X004,2,681,1996
AN27X003,2,3889,11370
AN27X004,2,7206,10489
AN27X008,2,4160,16816
AN27X009,4,8645,46314
AN27X011,2,8742,31519
AN27X013,4,4538,5381
AN27X015,2,5841,32097
AN27X016,2,4008,18188
AN27X017,2,4869,19693
AN27X018,6,14314,39204
AN27X019,2,4592,9543
AN27X020,2,4263,14207
AN27X021,2,6795,12550
AN27X022,2,2637,14713
AN27X024,2,3811,16212
ANXXX002,2,21724,75064
ANXXX005,2,17312,16212
ANXXX006,2,11332,34848
ANXXX007,7,13830,57399
ANXXX008,2,3193,3015
ANXXX013,2,25031,44476
ANXXX023,2,6924,26235
ANXXX024,2,15316,21866
ANXXX026,2,4504,23334
ANXXX027,14,184531,174743
ANXXX030,2,7847,38884
ANXXX033,2,6838,17948
ANXXX037,2,9166,31480
ANXXX041,4,11197,33992
ANXXX049,4,14633,39352
ANXXX050,2,7111,27329
ANXXX055,2,13719,31409
ANXXX057,2,10201,34431
ANXXX068,2,5835,31020
ANXXX071,2,4424,21416
ANXXX072,2,3797,14507
ANXXX074,2,6864,22323
ANXXX075,2,10228,42949
ANXXX082,2,5104,27911
ANXXX084,8,26920,118726
ANXXX086,2,14885,24239
ANXXX092,2,10736,19791
ANXXX093,2,15301,29430
ANXXX094,2,4013,42075
ANXXX098,6,17906,49791
ANXXX099,2,8178,19478
ANXXX102,2,7878,38831
ANXXX106,2,2756,12665
ANXXX108,2,4551,16317
ANXXX109,2,3870,10115
ANXXX116,4,7254,38660
ANXXX120,4,7283,29109
ANXXX127,2,2966,17978
ANXXX130,2,3447,12819
ANXXX131,2,4168,14331
ANXXX132,2,4280,20892
ANXXX136,2,5703,21677
ANXXX139,2,3464,22322
ANXXX144,2,4629,19695
ANXXX145,5,11040,62825
ANXXX150,4,6236,19224
ANXXX151,2,9779,23342
ANXXX152,2,4170,20773
ANXXX154,2,5371,23791
ANXXX157,2,5621,6747
ANXXX165,2,2123,24693
ANXXX169,10,17546,43495
ANXXX170,4,11536,31868
ANXXX171,2,2236,11973
ANXXX174,2,6082,19202
ANXXX178,2,5920,23112
ANXXX191,2,1869,9624
ANXXX196,2,8413,12839
ANXXX200,4,1701,16950
ANXXX202,9,11414,28317
ANXXX214,4,5313,21092
ANXXX218,2,1510,28741
ANXXX250,2,2267,33161
ANXXX254,2,1905,10864
ANXXX255,2,2119,20939
ANXXX264,2,7078,10813
ANXXX296,2,1708,9918
ANXXX308,2,2273,5025
ANXXX318,2,2172,10689
ANXXX338,3,711,4945
ANXXX380,4,1727,8287
ANXXX404,2,5365,8757
ANXXX410,2,560,4981
ANXXX434,2,3151,16131
ANXXX462a,2,4769,13997
ANXXX462b,2,4784,13049
ANXXX470,2,3796,14319
AOTU001,7,13298,17111
AOTU002_a,5,9354,13850
AOTU002_b,6,13048,20074
AOTU002_c,4,9420,13247
AOTU003,6,10051,14223
AOTU004,6,5023,8064
AOTU005,2,11248,12306
AOTU006,2,9574,8187
AOTU007,2,3638,7545
AOTU007_a,4,6453,14201
AOTU007_b,6,10211,21935
AOTU008,25,54839,73203
AOTU009,2,11891,12023
AOTU011,4,6297,8285
AOTU012,2,24044,25852
AOTU013,2,4597,16336
AOTU014,2,19415,15354
AOTU015,8,24883,29215
AOTU016_a,2,6708,6973
AOTU016_b,8,21732,25620
AOTU016_c,4,11618,15239
AOTU017,4,8423,15087
AOTU018,4,3294,6019
AOTU019,2,62695,47019
AOTU020,4,4760,10295
AOTU021,2,1083,2825
AOTU022,2,2472,4380
AOTU023,2,19395,16697
AOTU024,2,4649,14682
AOTU025,2,22763,15743
AOTU026,2,9689,13896
AOTU027,2,10248,11232
AOTU028,2,4505,11633
AOTU029,2,11871,10311
AOTU030,2,4929,6745
AOTU032,4,4218,9392
AOTU033,2,14220,25657
AOTU034,4,4000,11072
AOTU035,2,15653,38414
AOTU036,2,2049,8731
AOTU037,5,4441,5657
AOTU038,11,5201,9945
AOTU039,6,2745,7758
AOTU040,6,1321,6696
AOTU041,4,81032,55065
AOTU042,4,42102,92471
AOTU043,3,3225,9747
AOTU045,2,3093,13144
AOTU046,4,11749,29153
AOTU047,2,1796,8313
AOTU048,2,2611,4219
AOTU049,4,5937,7157
AOTU050,12,14353,28804
AOTU051,6,6225,8467
AOTU052,7,13050,18298
AOTU053,3,2654,3026
AOTU054,3,2687,4231
AOTU055,5,4925,7260
AOTU056,8,4823,13494
AOTU058,8,4847,8594
AOTU059,11,10615,27452
AOTU060,7,5220,10307
AOTU061,7,6817,15547
AOTU062,6,6083,14532
AOTU063_a,2,18601,19239
AOTU063_b,2,20194,19050
AOTU064,2,15043,25996
AOTU065,2,3490,9415
AOTU100m,2,8958,34562
AOTU101m,2,10708,19463
AOTU102m,2,2321,3625
AOTU103m,4,9455,28687
APL,2,243004,257366
ATL001,2,2561,18056
ATL002,2,2695,18985
ATL003,2,3026,15998
ATL004,2,1054,9120
ATL005,2,2475,6186
ATL006,2,9170,17520
ATL007,2,2649,7632
ATL008,2,5232,11341
ATL009,5,1896,8184
ATL011,2,3212,14566
ATL012,4,5349,24242
ATL013,4,597,6161
ATL014,2,4005,16424
ATL015,2,2775,14164
ATL016,2,3766,15214
ATL017,2,3298,10374
ATL018,4,5658,17504
ATL019,3,1312,3936
ATL020,4,1869,5444
ATL021,2,3336,24947
ATL022,2,6221,16072
ATL023,2,5553,17059
ATL024,2,1163,5287
ATL025,2,3237,16898
ATL026,2,5941,11551
ATL027,2,6776,13480
ATL028,2,3902,15689
ATL029,2,2745,7699
ATL030,2,10266,17617
ATL031,2,5409,7634
ATL032,2,3569,3874
ATL033,2,2817,11368
ATL034,2,2966,12066
ATL035,2,1972,6728
ATL036,2,1600,4872
ATL037,2,5734,18012
ATL038,2,2065,7668
ATL039,2,2157,8140
ATL040,2,3705,9897
ATL041,2,3271,12025
ATL042,2,3399,7949
ATL043,2,3140,5710
ATL044,2,2236,9932
ATL045,2,1878,6498
AVL006_a,2,2238,5434
AVLP001,2,90117,115324
AVLP002,5,3230,13819
AVLP003,6,3648,12209
AVLP004_a,7,6008,19006
AVLP004_b,5,4154,12003
AVLP005,8,9143,26880
AVLP009,4,3818,10638
AVLP013,6,3058,12957
AVLP014,1,396,2971
AVLP015,2,17567,18666
AVLP016,2,90146,101192
AVLP017,2,11398,24017
AVLP018,2,14702,23456
AVLP019,2,9081,21420
AVLP020,2,5916,16112
AVLP021,2,5151,23984
AVLP022,3,3938,7715
AVLP023,2,14897,23762
AVLP024_a,2,5568,12493
AVLP024_b,2,4671,12327
AVLP024_c,2,3325,16413
AVLP025,2,6991,11456
AVLP026,14,12682,26575
AVLP027,4,3305,7818
AVLP028,8,2908,14147
AVLP029,2,14017,50424
AVLP030,1,10680,17421
AVLP031,2,10847,29569
AVLP032,2,9875,20255
AVLP033,2,8550,18429
AVLP034,2,4897,11277
AVLP035,2,6223,16806
AVLP036,4,7996,33243
AVLP037,5,11097,19782
AVLP038,8,16690,27264
AVLP039,6,13797,25685
AVLP040,9,14711,35678
AVLP041,2,3246,11548
AVLP042,4,6287,20886
AVLP043,4,4868,25165
AVLP044_a,5,3966,16311
AVLP044_b,3,2564,12550
AVLP045,10,11229,30656
AVLP046,4,4998,16204
AVLP047,6,7345,17680
AVLP048,2,3730,7236
AVLP049,7,6562,15691
AVLP050,7,2860,12144
AVLP051,6,4365,12694
AVLP053,2,10329,22110
AVLP055,9,5379,15698
AVLP059,4,6751,21618
AVLP060,7,12390,28360
AVLP062,4,6698,11877
AVLP063,4,4068,11071
AVLP064,5,9280,21970
AVLP065,2,2775,10518
AVLP067,4,6621,13006
AVLP069_a,4,3206,12210
AVLP069_b,6,5704,14544
AVLP069_c,6,4574,16116
AVLP075,2,4744,11983
AVLP076,2,76762,91273
AVLP077,2,21673,35923
AVLP078,2,16637,50698
AVLP079,2,85949,107276
AVLP080,2,76766,101694
AVLP081,2,8708,31714
AVLP082,2,82608,114995
AVLP083,1,26455,41156
AVLP084,2,23106,36472
AVLP085,2,13900,42250
AVLP086,2,41799,72574
AVLP087,2,13421,36670
AVLP088,2,5584,31993
AVLP089,4,4725,17113
AVLP090,2,10218,22920
AVLP091,2,3809,11868
AVLP093,2,2462,4769
AVLP094,2,2687,5026
AVLP095,2,2229,5480
AVLP096,4,6279,14927
AVLP097,2,6375,15496
AVLP098,2,8001,11478
AVLP099,4,17215,17738
AVLP101,2,5844,9212
AVLP102,2,8768,8412
AVLP103,8,27832,34891
AVLP104,14,34922,46022
AVLP105,5,17740,12421
AVLP107,4,7804,21201
AVLP108,2,3667,9439
AVLP109,6,14227,28841
AVLP110_a,4,11940,14094
AVLP110_b,4,14647,24939
AVLP111,5,24822,27574
AVLP112,4,15980,25260
AVLP113,4,6663,14502
AVLP115,12,17025,25789
AVLP116,4,6671,15803
AVLP117,5,10604,25259
AVLP120,5,6568,25482
AVLP121,6,4426,18775
AVLP124,4,9786,11453
AVLP126,11,21471,34916
AVLP129,2,3092,5035
AVLP132,2,2662,7428
AVLP136,4,5681,11329
AVLP137,4,4899,10626
AVLP138,5,4273,8188
AVLP139,4,8788,10323
AVLP140,3,3418,8463
AVLP143,4,3800,11413
AVLP145,11,8909,19228
AVLP147,5,4356,7911
AVLP149,12,6001,11148
AVLP152,2,10991,25549
AVLP153,2,9778,28087
AVLP154,2,12540,31845
AVLP155_a,2,6493,16973
AVLP155_b,2,7180,12869
AVLP156,2,7319,20303
AVLP157,2,9015,26283
AVLP158,2,5901,13286
AVLP159,2,6126,17655
AVLP160,2,14206,23559
AVLP161,2,7163,15777
AVLP162,2,6334,16181
AVLP163,4,22430,41720
AVLP164,4,19811,31657
AVLP165,4,8174,23972
AVLP166,4,15962,14114
AVLP168,6,8124,12934
AVLP169,2,7665,22737
AVLP170,2,6673,10603
AVLP173,2,5804,7238
AVLP175,2,7106,6896
AVLP176_b,5,12942,19399
AVLP176_c,5,16301,18861
AVLP176_d,5,16489,17416
AVLP177_a,4,9176,11364
AVLP178,3,6557,8215
AVLP179,4,10872,11573
AVLP180,2,5492,5628
AVLP182,3,4760,8964
AVLP183,5,9344,12748
AVLP184,2,3804,10732
AVLP186,4,7621,9880
AVLP187,9,9758,17880
AVLP188,2,2189,4671
AVLP189_a,4,6399,7637
AVLP189_b,5,8121,10304
AVLP190,4,5171,10708
AVLP191,11,10100,29314
AVLP192_a,2,3020,6188
AVLP192_b,2,3396,6784
AVLP193,2,3263,6887
AVLP194_a,4,4673,17849
AVLP194_b1,2,1763,3805
AVLP194_b2,2,1551,3417
AVLP194_c1,2,1742,3650
AVLP194_c2,2,2008,4497
AVLP194_c3,2,2129,3310
AVLP195,4,5920,7737
AVLP197,2,4790,5242
AVLP198,5,6304,8223
AVLP199,8,2915,7143
AVLP200,2,9764,35782
AVLP201,2,14251,22010
AVLP202,2,7017,2806
AVLP203_a,2,3463,8171
AVLP203_b,2,4094,7211
AVLP203_c,2,4252,9201
AVLP204,4,11586,22387
AVLP205,3,4642,13036
AVLP209,2,23320,49306
AVLP210,2,17412,25779
AVLP211,2,8380,24068
AVLP212,2,2380,7393
AVLP213,2,11418,33043
AVLP214,2,4114,14511
AVLP215,2,38008,62824
AVLP216,2,6694,18566
AVLP217,2,6061,15034
AVLP218_a,2,5486,10951
AVLP218_b,4,9901,13510
AVLP219_a,4,11157,9450
AVLP219_b,4,8541,11627
AVLP219_c,6,14208,20266
AVLP220,4,7780,22810
AVLP221,2,2087,8239
AVLP222,2,3632,7580
AVLP224_a,6,8437,16970
AVLP224_b,2,4127,6484
AVLP225_a,2,1397,4740
AVLP225_b1,4,3273,11977
AVLP225_b2,4,2755,11841
AVLP225_b3,3,1846,7037
AVLP227,4,2443,7710
AVLP229,6,4992,12789
AVLP230,6,8813,21298
AVLP231,5,2619,12709
AVLP232,12,7438,35769
AVLP234,4,5606,11881
AVLP235,6,10801,17139
AVLP243,4,15788,35324
AVLP244,6,10807,32104
AVLP250,4,1346,4689
AVLP251,2,19061,24096
AVLP252,2,7348,21532
AVLP253,2,2585,9995
AVLP254,2,2501,8466
AVLP255,2,980,4128
AVLP256,6,4012,15707
AVLP257,2,7015,20539
AVLP258,2,15173,39577
AVLP259,4,21634,21430
AVLP260,2,6254,12773
AVLP261_a,6,9046,20338
AVLP261_b,2,5319,13932
AVLP262,4,8713,22081
AVLP263,2,3876,7698
AVLP264,4,13351,16311
AVLP265,8,9149,23585
AVLP266,2,10078,12921
AVLP267,2,6571,8579
AVLP268,2,4268,10673
AVLP269_a,6,7494,15314
AVLP269_b,4,7045,9246
AVLP271,4,8109,7764
AVLP274_a,4,5981,11316
AVLP274_b,2,1744,4859
AVLP277,2,1419,5253
AVLP279,13,15330,17576
AVLP280,2,18978,51231
AVLP281,2,5947,25980
AVLP282,4,15522,39248
AVLP283,5,8477,31470
AVLP284,3,5879,12166
AVLP285,4,9543,28904
AVLP287,3,7029,14779
AVLP288,4,7337,14577
AVLP289,2,9452,49177
AVLP290_a,2,6926,24217
AVLP290_b,4,5974,44024
AVLP292,5,7283,13677
AVLP293,4,4559,10916
AVLP294,4,13801,25721
AVLP295,6,11103,18633
AVLP296_a,2,4261,10926
AVLP296_b,2,6168,10862
AVLP297,8,14687,46920
AVLP298,3,5135,13658
AVLP299_a,2,3848,12569
AVLP299_b,6,10539,32464
AVLP299_c,3,6266,21042
AVLP299_d,5,14011,35621
AVLP300_a,4,6529,19502
AVLP300_b,4,6177,14749
AVLP302,4,7660,17136
AVLP303,5,9944,22424
AVLP304,2,4294,8643
AVLP305,4,8078,12184
AVLP306,5,5535,23447
AVLP308,4,12690,17485
AVLP309,6,7028,21555
AVLP310,7,11010,21035
AVLP311_a1,4,5479,23941
AVLP311_a2,6,7803,24572
AVLP311_b1,4,4477,15861
AVLP311_b2,2,3505,9335
AVLP312,8,8855,23481
AVLP314,2,9251,25039
AVLP315,2,15086,29479
AVLP316,6,41972,34633
AVLP317,2,6728,15682
AVLP318,2,9098,14893
AVLP320_a,2,1991,7274
AVLP320_b,2,2011,7036
AVLP321,2,7487,21848
AVLP322,2,7100,15925
AVLP323,4,17243,31338
AVLP325_a,4,6710,13731
AVLP325_b,5,13203,18468
AVLP329,4,7996,18837
AVLP330,2,3295,5973
AVLP331a,2,3962,8851
AVLP332,2,3181,8242
AVLP333,4,5665,14810
AVLP334,5,8519,21385
AVLP337,5,6248,20780
AVLP338,4,5788,18739
AVLP339,2,8019,18756
AVLP340,2,11630,22039
AVLP341,2,5709,19559
AVLP342,2,5588,9478
AVLP343,2,5108,14462
AVLP344,4,4652,11774
AVLP345_a,4,5487,7494
AVLP345_b,1,1283,1959
AVLP346,6,18141,18583
AVLP347,4,10506,20469
AVLP348,4,10360,10899
AVLP349,8,12277,34964
AVLP352,4,14485,50017
AVLP353,5,11743,26913
AVLP354,4,10172,25194
AVLP357,3,4884,14880
AVLP363,3,3384,8894
AVLP365,4,4167,11991
AVLP369,2,7831,19549
AVLP370_a,2,8094,22050
AVLP370_b,2,14415,30949
AVLP371,2,5719,7901
AVLP372,4,8164,29730
AVLP373,2,3655,6787
AVLP374,4,28323,56690
AVLP377,18,23236,61694
AVLP378,4,3419,6297
AVLP379,4,5436,10269
AVLP380,4,3399,13729
AVLP381,2,2384,6188
AVLP385,10,11615,15033
AVLP387,10,6405,7977
AVLP390,4,12783,23240
AVLP393,2,2826,7849
AVLP394,6,8272,20566
AVLP395,2,3616,8280
AVLP396,2,18105,18064
AVLP397,2,10110,24098
AVLP398,2,5428,16040
AVLP399,2,7232,27148
AVLP400,4,16432,49599
AVLP401,8,17564,28194
AVLP402,2,6044,8898
AVLP403,3,4901,12234
AVLP404,2,3126,5690
AVLP405,4,8923,14440
AVLP407,4,8266,11688
AVLP409,4,8450,19941
AVLP410,6,5055,15396
AVLP411,3,9214,13253
AVLP412,4,7689,16064
AVLP413,2,3350,6792
AVLP415,2,2656,8556
AVLP417,4,8110,30167
AVLP418,2,5260,15848
AVLP419,1,2609,5580
AVLP419_a,2,7559,19524
AVLP419_b,2,4539,13023
AVLP420_a,4,9200,23820
AVLP420_b,4,10471,20660
AVLP421,5,4906,11715
AVLP422,4,4275,8802
AVLP423,7,8021,27936
AVLP424,2,1145,4132
AVLP427,1,1977,4722
AVLP428,2,6490,20192
AVLP429,2,7016,23721
AVLP430,2,8858,24236
AVLP431,2,6897,21598
AVLP432,2,17038,27532
AVLP433_a,2,16666,24306
AVLP433_b,2,14040,19300
AVLP434_a,2,16195,17920
AVLP434_b,2,12804,17576
AVLP435_a,2,12099,41391
AVLP435_b,2,6739,35990
AVLP436,4,7153,39577
AVLP437,2,9096,21220
AVLP439,2,8378,18905
AVLP440,1,5935,10996
AVLP442,2,22305,49770
AVLP443,2,8699,29668
AVLP444,4,9054,35026
AVLP445,2,1813,12699
AVLP446,2,3161,12187
AVLP447,2,3294,14226
AVLP448,2,6756,21132
AVLP449,2,18667,34796
AVLP451,8,22352,31771
AVLP452,4,13927,9068
AVLP454_a1,4,3153,7374
AVLP454_a2,2,2356,6430
AVLP454_a3,2,1263,2549
AVLP454_b1,2,2384,7857
AVLP454_b2,2,2385,8030
AVLP454_b3,2,2925,6872
AVLP454_b4,2,3187,7360
AVLP454_b5,2,2803,8338
AVLP454_b6,2,2927,8056
AVLP455,3,4153,9757
AVLP457,2,3299,8603
AVLP459,2,1741,4111
AVLP460,2,3864,12137
AVLP461,6,5902,31053
AVLP462,8,12893,20896
AVLP463,8,3917,13784
AVLP464,2,11766,49294
AVLP465,16,26417,81682
AVLP469,9,8655,20558
AVLP470_a,2,2362,9652
AVLP470_b,2,2293,10608
AVLP471,4,9946,26734
AVLP473,2,8161,20902
AVLP474,2,9900,20831
AVLP475_a,2,4912,13806
AVLP475_b,2,5533,18220
AVLP476,2,15319,27221
AVLP477,2,14496,28450
AVLP478,2,23304,28637
AVLP479,4,42589,44812
AVLP480,8,7244,11764
AVLP481,8,5335,10054
AVLP483,2,941,4448
AVLP484,2,942,3159
AVLP485,4,2268,6496
AVLP486,9,2816,13917
AVLP487,2,736,2044
AVLP488,4,17190,32354
AVLP489,4,11449,29627
AVLP490,4,13359,36777
AVLP491,2,4259,20813
AVLP492,4,5006,16771
AVLP494,6,12602,29235
AVLP496,7,9853,27496
AVLP497,2,845,3582
AVLP498,2,23012,33372
AVLP500,2,19338,21289
AVLP501,2,20555,39778
AVLP502,2,13248,34593
AVLP503,2,8483,21754
AVLP504,2,6795,14551
AVLP505,2,11163,16606
AVLP506,2,8087,18600
AVLP507,2,4940,13511
AVLP508,2,5263,16342
AVLP509,2,16729,25271
AVLP511,2,3980,9975
AVLP517,4,8286,20284
AVLP519,7,8379,7840
AVLP520,2,11620,35166
AVLP521,6,10068,20231
AVLP522,2,3552,6614
AVLP523,6,11399,16064
AVLP524_b,6,9422,23443
AVLP525,6,10714,21894
AVLP526,8,8644,32353
AVLP527,5,7667,20693
AVLP529,2,2507,7695
AVLP530,4,8131,11561
AVLP531,2,17801,43583
AVLP532,2,55909,44798
AVLP533,2,15551,45284
AVLP534,2,11498,21357
AVLP535,2,18568,41928
AVLP536,2,15630,48410
AVLP537,2,27521,47445
AVLP538,2,59173,48737
AVLP539,2,11580,46554
AVLP541,10,14203,34413
AVLP542,2,27892,36554
AVLP543,2,5882,16210
AVLP544,2,27922,55430
AVLP545,2,6531,29361
AVLP546,2,4594,26769
AVLP547,2,4544,22937
AVLP548_a,4,3746,8579
AVLP548_b,3,2341,6256
AVLP548_c,4,4770,10354
AVLP548_d,4,4254,23801
AVLP548_e,4,3950,17777
AVLP548_f1,2,4793,19976
AVLP548_f2,2,5086,11115
AVLP548_g1,2,6017,21518
AVLP548_g2,2,1692,4242
AVLP549,5,3939,19222
AVLP550_a,4,3159,12528
AVLP550_b,5,3884,12657
AVLP550b,6,5515,13851
AVLP551,6,11516,22425
AVLP552,2,3306,5710
AVLP555,3,3375,17925
AVLP557,4,5726,17035
AVLP558,6,5903,25867
AVLP559,8,4593,25983
AVLP560,5,1389,6336
AVLP562,2,17724,31409
AVLP563,2,11437,19315
AVLP565,2,8593,24277
AVLP566,4,11846,33549
AVLP567,4,6789,28841
AVLP571,2,14118,29133
AVLP572,2,19926,22302
AVLP573,2,11730,20700
AVLP574,4,13927,31789
AVLP575,2,8645,26441
AVLP576,2,9701,22137
AVLP577,4,18536,36577
AVLP578,2,5679,16464
AVLP579,2,2814,8922
AVLP580,4,2473,11395
AVLP584,8,4454,23434
AVLP586,2,731,3273
AVLP590,2,16265,21663
AVLP591,2,9348,21356
AVLP592,2,15801,31061
AVLP593,2,7646,19423
AVLP594,2,10075,32704
AVLP595,2,7794,18162
AVLP596,2,2944,8182
AVLP597,2,29140,56070
AVLP598,2,6797,21785
AVLP599,2,3268,12498
AVLP600,4,14473,23351
AVLP601,2,3724,13317
AVLP603,1,2734,3056
AVLP604,2,3268,4511
AVLP605,1,3559,2857
AVLP606,1,4177,3020
AVLP607,1,3226,3076
AVLP608,2,4199,21360
AVLP609,2,4296,20205
AVLP610,2,19425,21736
AVLP611,6,6456,18795
AVLP612,2,4329,13603
AVLP613,2,5013,20919
AVLP614,2,2811,13033
AVLP615,2,11415,26203
AVLP700m,5,5269,17196
AVLP702m,4,5966,14764
AVLP703m,2,2380,8827
AVLP704m,3,3441,10983
AVLP705m,9,16844,36269
AVLP706m,6,12635,32696
AVLP708m,2,6729,13233
AVLP709m,8,7245,27689
AVLP710m,2,18518,38226
AVLP711m,5,16406,28916
AVLP712m,2,14497,42044
AVLP713m,2,5059,6830
AVLP714m,6,18304,38748
AVLP715m,4,9595,15051
AVLP716m,2,6274,15807
AVLP717m,2,15403,28051
AVLP718m,5,7411,23081
AVLP719m,2,2888,12204
AVLP720m,2,5879,17272
AVLP721m,2,8948,23190
AVLP722m,5,8835,26526
AVLP723m,2,2572,8820
AVLP724m,2,5541,16488
AVLP725m,4,6644,19756
AVLP727m,5,8949,31736
AVLP728m,6,14085,43817
AVLP729m,6,11731,29660
AVLP730m,3,8356,26869
AVLP731m,4,4965,22942
AVLP732m,6,10048,42552
AVLP733m,6,11107,37225
AVLP734m,8,11320,41395
AVLP735m,2,3356,6761
AVLP736m,2,3119,8068
AVLP737m,2,2611,6165
AVLP738m,2,2358,6402
AVLP739m,5,4663,19102
AVLP742m,6,8378,34375
AVLP743m,11,11798,24580
AVLP744m,7,14850,27097
AVLP745m,4,6372,10804
AVLP746m,6,13734,33377
AVLP748m,5,12082,36936
AVLP749m,12,33351,75357
AVLP750m,3,6134,21279
AVLP751m,2,8483,28252
AVLP752m,6,8096,21084
AVLP753m,12,17743,36118
AVLP755m,2,1606,6960
AVLP757m,2,8910,23153
AVLP758m,2,9175,39404
AVLP760m,2,2416,10412
AVLP761m,4,5365,14136
AVLP762m,5,4439,15777
AVLP763m,2,2352,6795
AVLP764m,2,2885,7368
Acc. ti flexor MN,47,32826,2244
Acc. tr flexor MN,22,8299,1194
Am1,2,129195,165988
AstA1,2,32145,144811
BM,69,15283,127722
BM_Hau,7,2662,18898
BM_InOm,745,36086,141530
BM_MaPa,15,1849,10889
BM_Taste,40,16029,111335
BM_Vib,22,5483,38766
BM_Vt_PoOc,8,4907,22301
BM_vOcci_vPoOr,26,2953,17582
BiT,2,3722,9556
C2,1745,192455,370261
C3,1779,294911,973385
CAPA,2,3668,213
CAPA_a,4,510,650
CAPA_b,2,101,45
CB0024,2,1351,10860
CB0029,2,2642,6441
CB0046,2,1502,11724
CB0061,2,2295,4705
CB0079,2,6924,11855
CB0084,2,1860,2675
CB0086,1,1455,11822
CB0090,2,1213,7484
CB0103,1,447,2395
CB0115,6,9922,21611
CB0121,2,5968,24277
CB0122,2,7697,27156
CB0128,2,9129,9005
CB0140,2,2795,4083
CB0141,2,2854,16255
CB0142,2,742,3920
CB0154,1,3458,5978
CB0164,2,5085,7605
CB0194,2,5168,21729
CB0197,2,3040,7795
CB0204,2,8308,10274
CB0206,1,1478,2728
CB0214,2,13960,19989
CB0218,2,3195,7501
CB0221,2,779,3745
CB0224,2,2303,4441
CB0227,2,1902,10833
CB0228,2,4158,24889
CB0244,2,7747,20852
CB0259,2,4169,19796
CB0266,2,1069,6725
CB0280,2,3620,10068
CB0282,2,3483,7833
CB0285,2,4753,20938
CB0297,2,7489,19309
CB0307,2,9268,8772
CB0312,2,4206,10332
CB0316,2,6164,22074
CB0320,2,1243,4331
CB0324,2,1822,5317
CB0325,2,610,4533
CB0346,2,3848,3994
CB0356,2,4579,5448
CB0361,2,2295,3156
CB0367,2,1893,9819
CB0373,2,1228,5534
CB0374,2,813,4501
CB0380,2,2145,7383
CB0381,4,8462,21707
CB0382,2,1438,9231
CB0386,2,1553,6211
CB0390,2,1141,6410
CB0391,3,4857,11182
CB0396,2,3558,9418
CB0397,2,6949,7697
CB0405,2,6201,10093
CB0414,1,2317,940
CB0420,2,2471,17189
CB0429,2,9887,23019
CB0431,2,8546,15110
CB0432,2,3955,8566
CB0440,2,3895,11343
CB0466,2,13191,20803
CB0477,2,5908,25478
CB0492,2,4592,15517
CB0510,2,2359,13339
CB0517,2,9415,20686
CB0530,2,3928,28162
CB0533,2,7296,29275
CB0540,2,8267,34410
CB0582,2,4306,21187
CB0591,4,13140,44412
CB0598,2,5317,13557
CB0607,2,5284,11404
CB0609,2,5975,11060
CB0625,2,7495,14647
CB0629,2,8178,15311
CB0630,2,2165,12096
CB0633,2,4628,16130
CB0640,2,2042,6199
CB0645,2,1926,8550
CB0647,2,3150,15997
CB0648,1,797,3681
CB0650,4,2194,16834
CB0652,2,794,3138
CB0656,2,4681,20189
CB0657,2,2871,15806
CB0670,2,3616,22583
CB0671,2,9687,11120
CB0675,2,3212,25835
CB0677,2,15252,17633
CB0682,2,1420,14286
CB0683,1,3706,12877
CB0695,2,4355,16740
CB0734,4,9349,14981
CB0738,1,902,2540
CB0743,10,10343,19953
CB0744,5,6841,8544
CB0747,2,4881,7086
CB0751,4,10325,19984
CB0758,4,2762,9906
CB0763,4,7989,10667
CB0785,3,5434,10141
CB0800,3,5876,10489
CB0813,1,3670,4572
CB0829,4,9989,19775
CB0925,4,2178,6233
CB0926,4,4017,7264
CB0927,1,760,1840
CB0929,6,15982,25304
CB0930,4,7784,13136
CB0937,6,2756,10697
CB0943,15,6408,24598
CB0946,1,259,1211
CB0947,7,4078,13939
CB0951,6,5630,22558
CB0956,9,13503,36230
CB0972,5,1389,10684
CB0973,8,3298,11366
CB0975,8,3098,11935
CB0976,4,2503,5570
CB0982,4,3538,4864
CB0986,13,6580,9471
CB0992,2,7668,18902
CB0993,8,5621,14976
CB0994,4,4947,13174
CB0996,5,1752,6972
CB0998,4,2821,5516
CB1000,4,2613,8720
CB1005,2,2319,6644
CB1007,6,3865,22689
CB1008,20,8487,32781
CB1009,2,2215,5967
CB1011,9,3290,9555
CB1012,7,3871,17693
CB1017,4,6819,14112
CB1020,6,2758,8744
CB1023,9,3760,16370
CB1024,8,2466,9130
CB1026,10,4943,15923
CB1030,6,3613,13838
CB1033,7,1370,10318
CB1035,2,811,2385
CB1044,4,5578,15707
CB1047,4,2399,6260
CB1048,8,2717,11274
CB1050,4,3642,8199
CB1055,9,3201,16189
CB1056,6,5041,15906
CB1057,4,1525,5665
CB1059,4,935,10655
CB1060,4,993,3800
CB1062,8,6305,32397
CB1065,5,3067,5016
CB1072,14,17229,74130
CB1073,6,8977,16843
CB1074,4,10765,23266
CB1076,7,13541,52311
CB1077,2,1650,7443
CB1078,8,4371,25835
CB1079,1,328,1258
CB1081,4,2893,7002
CB1085,5,13320,21874
CB1087,6,3627,14669
CB1088,4,7253,7662
CB1089,5,5191,11465
CB1094,10,7369,25222
CB1099,5,12255,22521
CB1103,3,2889,6506
CB1104,2,1310,6819
CB1108,2,8515,8465
CB1109,10,12068,24334
CB1114,10,5377,19043
CB1116,1,1283,1923
CB1124,2,644,2949
CB1128,4,1599,7028
CB1131,5,3773,10617
CB1139,2,3231,11726
CB1140,2,1956,2452
CB1142,2,2596,9735
CB1145,7,3615,7059
CB1148,14,5426,19154
CB1149,7,5563,12743
CB1150,3,2690,6414
CB1151,2,1086,5672
CB1154,18,5534,18254
CB1156,3,1578,5948
CB1160,6,4833,11102
CB1165,6,3703,15477
CB1168,9,5238,16423
CB1171,7,3546,14134
CB1174,2,1577,2587
CB1178,21,6598,28288
CB1179,4,4109,7131
CB1181,6,2256,5590
CB1185,4,4930,10671
CB1187,3,2651,6709
CB1189,5,11573,13968
CB1190,4,5384,9692
CB1193,1,1639,4005
CB1194,2,2262,6947
CB1200,3,1145,6120
CB1201,9,2587,10862
CB1202,2,2078,3926
CB1205,6,12678,37437
CB1206,3,2953,8452
CB1207_a,7,5739,8011
CB1207_b,7,5513,8982
CB1208,3,2028,3804
CB1212,7,3487,9881
CB1213,7,4701,17437
CB1219,6,2306,10489
CB1220,9,2269,13454
CB1222,4,4390,11303
CB1227,11,4874,11957
CB1233,3,768,2140
CB1237,1,716,3075
CB1238,4,2470,9827
CB1241,4,4517,17088
CB1242,7,2496,12065
CB1246,7,2460,13037
CB1247,2,802,3952
CB1249,3,1281,3974
CB1252,5,2543,6314
CB1255,3,7141,13188
CB1260,5,3736,12649
CB1263,3,3017,5388
CB1265,7,4245,11946
CB1268,11,4545,25750
CB1269,5,1983,8437
CB1274,1,1000,2612
CB1275,3,3727,6971
CB1276,8,3895,13979
CB1280,2,3117,10040
CB1281,3,1283,3384
CB1282,5,3325,14964
CB1286,3,911,4290
CB1287,2,1219,5130
CB1287_b,4,3963,11004
CB1287_c,2,2802,6385
CB1289,7,3875,13964
CB1296_a,5,945,8775
CB1299,2,1066,4975
CB1300,4,3521,14462
CB1301,2,4782,10748
CB1302,4,3029,7691
CB1308,4,6180,11820
CB1309,2,2273,5890
CB1312,2,6033,21053
CB1314,5,5999,11382
CB1316,5,2642,7980
CB1322,10,10776,34079
CB1326,3,1787,5571
CB1330,9,3187,11310
CB1333,10,3347,13590
CB1337,6,2390,6796
CB1339,10,3653,19631
CB1340,3,9875,12079
CB1346,2,1754,5657
CB1348,1,340,1500
CB1352,8,4689,11136
CB1353,5,2089,6009
CB1356,3,1703,6335
CB1357,11,3643,21664
CB1359,10,4713,9653
CB1361,4,1640,6685
CB1365,4,2004,4745
CB1368,4,1253,8366
CB1374,3,1165,2782
CB1379,5,4332,9388
CB1384,4,5261,15345
CB1387,6,2373,11324
CB1389,6,2962,11655
CB1391,6,985,3277
CB1392,5,1148,3646
CB1394_a,4,1625,6318
CB1394_b,4,2245,6828
CB1396,2,1552,2220
CB1403,2,2238,3858
CB1405,2,4113,14222
CB1406,6,1422,2986
CB1407,2,463,3193
CB1412,2,2395,7042
CB1413,2,966,3642
CB1417,6,2838,13308
CB1418,4,2996,6995
CB1419,4,1874,7468
CB1421,2,2673,680
CB1428,3,2078,6165
CB1432,5,3984,10400
CB1434,6,2612,12016
CB1442,2,739,1899
CB1447,6,3488,8776
CB1448,4,914,8603
CB1454,2,2021,2941
CB1456,5,2440,9356
CB1457,9,3216,8912
CB1458,6,2766,10539
CB1460,5,6134,9084
CB1463,4,6254,8248
CB1464,8,4221,17215
CB1467,4,2752,7439
CB1477,3,2889,4586
CB1478,2,1006,4093
CB1483,3,1913,4770
CB1487,5,2540,10326
CB1493,3,1256,2680
CB1498,3,7548,7268
CB1500,4,2038,7691
CB1502,4,3260,7255
CB1503,5,3432,10121
CB1504,5,2327,6195
CB1509,2,1134,3894
CB1510,4,2503,10200
CB1513,2,893,4364
CB1523,5,1990,12331
CB1527,5,2016,8799
CB1529,6,2586,9087
CB1532,4,1023,4965
CB1533,2,1686,11130
CB1534,3,4786,7971
CB1537,5,1838,5974
CB1538,4,6062,7825
CB1541,4,2757,11873
CB1542,2,3038,17150
CB1545,3,575,4787
CB1547,3,3419,7651
CB1548,8,1387,4381
CB1549,4,3957,15236
CB1550,2,1263,5780
CB1551,2,1450,10965
CB1554,5,2565,11232
CB1556,15,5767,17272
CB1557,3,7688,17700
CB1560,2,853,3380
CB1562,2,1942,3897
CB1564,4,1762,4405
CB1565,4,4730,11314
CB1570,10,8459,22212
CB1573,1,700,1707
CB1574,5,1248,7978
CB1575,7,6150,16523
CB1576,5,3494,8018
CB1577,3,1163,4425
CB1585,3,1243,3098
CB1590,5,2878,4969
CB1593,6,5565,8945
CB1595,9,1752,8558
CB1599,3,2371,5747
CB1601,7,3281,2970
CB1603,2,1157,2509
CB1604,9,3852,13673
CB1607,1,1265,1875
CB1608,4,2784,2431
CB1610,4,5594,9192
CB1613,4,1898,7847
CB1617,22,3824,20987
CB1619,4,2602,8397
CB1625,2,3909,7244
CB1626,4,1783,9215
CB1627,3,1028,3713
CB1628,6,6206,11059
CB1629,6,3387,14796
CB1632,2,2789,10439
CB1636,2,2317,3640
CB1638,11,5172,11217
CB1641,5,1825,8833
CB1642,2,1913,4343
CB1648,1,199,1257
CB1649,2,2064,2909
CB1650,1,472,1969
CB1652,1,974,3042
CB1653,4,4465,5881
CB1654,7,3836,12415
CB1655,2,2337,7748
CB1663,4,1725,9727
CB1670,2,1057,3083
CB1672,2,6152,6152
CB1678,2,3478,11373
CB1679,6,1240,8869
CB1682,2,1143,3903
CB1684,6,2207,14578
CB1685,9,4747,9530
CB1687,5,2804,8882
CB1688,2,6268,15886
CB1691,2,2638,4858
CB1695,4,4484,14146
CB1697,4,3936,10125
CB1698,1,1195,2694
CB1699,6,3259,9574
CB1701,7,5035,8722
CB1702,2,2807,8145
CB1705,8,3931,9188
CB1706,3,4801,10786
CB1714,2,2435,8847
CB1717,3,4665,10260
CB1726,2,1014,4627
CB1729,2,520,2429
CB1731,2,889,5541
CB1733,4,1721,4201
CB1735,6,4219,12868
CB1744,3,2214,8436
CB1748,2,7638,6761
CB1752,6,1449,8793
CB1759b,8,3863,9176
CB1771,4,3699,11507
CB1774,3,1914,3832
CB1782,7,2755,11963
CB1786_a,15,6358,20332
CB1787,3,2227,7912
CB1789,9,1672,5502
CB1792,3,2969,3562
CB1794,8,2309,7294
CB1795,4,4560,17367
CB1803,4,2997,8868
CB1804,4,2301,9666
CB1805,10,2443,14606
CB1808,2,1196,2783
CB1809,6,8005,15684
CB1811,4,3506,12476
CB1812,4,2514,16217
CB1815,5,2519,8861
CB1818,4,1301,10402
CB1821,3,2231,4358
CB1823,5,1642,7977
CB1824,12,3193,6800
CB1833,9,2113,13744
CB1834,4,2548,9846
CB1836,9,2959,13152
CB1838,8,5617,19344
CB1841,4,2950,14403
CB1842,2,2314,6081
CB1844,5,1394,5369
CB1846,4,1487,4487
CB1849,4,1458,6611
CB1850,5,1919,6215
CB1852,9,26643,55772
CB1853,4,1274,3584
CB1856,3,1683,6919
CB1858,2,1586,4490
CB1866,2,1943,6597
CB1871,2,1456,6780
CB1874,2,767,6178
CB1876,25,10951,29766
CB1879,2,541,3223
CB1883,3,6830,20281
CB1884,7,958,5420
CB1885,7,7687,12911
CB1891b,2,1575,4153
CB1895,4,2516,8378
CB1896,6,4971,6909
CB1897,8,6022,20517
CB1899,6,2196,12345
CB1901,9,3251,17323
CB1902,2,1597,3293
CB1903,3,4745,8494
CB1908,3,2154,13290
CB1909,8,2061,7532
CB1910,2,1525,6418
CB1911,3,3638,7903
CB1914,4,1569,9075
CB1918,11,6405,10267
CB1920,1,1662,4097
CB1923,11,4495,13608
CB1924,4,2275,10025
CB1926,1,705,2005
CB1927,2,1834,7019
CB1931,2,1600,2859
CB1932,10,18446,35733
CB1934,2,2443,5399
CB1935,3,646,4140
CB1938,3,9763,9026
CB1942,4,2566,6576
CB1945,4,3402,16549
CB1946,2,817,2268
CB1948,7,12801,13714
CB1949,3,2209,4213
CB1950,2,2756,7824
CB1955,6,6090,14425
CB1956,6,5787,8417
CB1958,4,5068,7460
CB1959,2,2340,6706
CB1960,2,1832,5467
CB1964,18,16119,45966
CB1973,2,3360,9260
CB1975,8,2255,7799
CB1976,2,1201,3594
CB1976b,2,716,2957
CB1977,2,1560,4662
CB1980,4,2839,14490
CB1981,4,2372,9563
CB1983,6,5481,23408
CB1984,2,807,3731
CB1985,4,2829,7388
CB1987,4,1751,6582
CB1995,2,3054,6403
CB1997,11,4501,16366
CB1997_b,2,831,2577
CB2000,5,3852,15191
CB2003,4,3069,9360
CB2004,6,2548,16457
CB2006,4,5006,13255
CB2018,1,1138,1786
CB2026,2,1462,5594
CB2027,5,2038,5099
CB2029,2,584,2404
CB2032,2,1258,3333
CB2033,4,3327,7110
CB2035,6,4483,25614
CB2036,1,320,1463
CB2037,6,2716,11083
CB2038,6,3516,9774
CB2040,4,3424,9311
CB2041,2,1056,3112
CB2043,2,1906,4403
CB2045,4,3541,11882
CB2047,7,1661,6805
CB2048,4,2128,9202
CB2049,5,10792,22164
CB2050,9,5812,19350
CB2051,6,1108,10410
CB2053,3,1676,3681
CB2059,4,2407,5728
CB2064,8,1467,11733
CB2066,10,5025,10929
CB2074,10,4343,13767
CB2079,2,489,5220
CB2081_a,14,3020,17836
CB2081_b,4,1132,4594
CB2084,4,2597,5007
CB2086,1,938,6527
CB2087,4,3441,5720
CB2088,3,1015,5746
CB2089,6,1294,10759
CB2090,3,4393,9845
CB2092,2,1458,4718
CB2093,2,2405,6438
CB2094,4,3008,8774
CB2105,4,7512,9412
CB2107,4,5985,16386
CB2108,3,2652,8763
CB2111,2,1047,5960
CB2113,2,957,5028
CB2116,7,3186,12805
CB2117,5,5318,7607
CB2123,5,1303,6704
CB2127,2,3239,7820
CB2132,2,4443,9062
CB2133,6,5198,17469
CB2136,5,1000,5536
CB2143,8,4267,30286
CB2144,4,7264,18494
CB2148,10,2513,9621
CB2151,4,1906,4865
CB2152,4,1260,4430
CB2153,4,5498,26893
CB2154,3,1844,3945
CB2171,2,2615,8905
CB2172,2,1675,5915
CB2174,4,1063,5293
CB2175,4,2344,8392
CB2178,4,5402,7544
CB2182,2,641,3989
CB2184,4,2406,9483
CB2185,4,1562,5684
CB2189,2,1693,5167
CB2194,3,1755,5591
CB2196,6,6139,20499
CB2200,3,1130,4141
CB2202,1,2307,3878
CB2205,4,2913,6167
CB2206,2,533,4045
CB2207,7,9080,22678
CB2208,8,2316,7088
CB2224,5,2205,13798
CB2226,4,3299,10580
CB2227,3,2127,5681
CB2228,5,5943,10314
CB2229,4,885,6663
CB2230,3,1081,3846
CB2232,2,2835,5548
CB2235,4,2262,4393
CB2244,1,211,728
CB2245,4,2101,6598
CB2246,7,4206,13783
CB2251,5,7377,26626
CB2252,9,2416,12805
CB2254,1,2260,2469
CB2257,4,4643,5744
CB2259,1,308,1260
CB2262,5,1611,5690
CB2269,5,2095,7752
CB2270,4,4589,17145
CB2280,2,905,2990
CB2281,2,8136,9640
CB2285,8,6008,20668
CB2286,3,9974,14472
CB2290,10,3904,22913
CB2292,10,3321,15605
CB2294,4,2839,6858
CB2295,3,752,2513
CB2298,5,5655,12807
CB2300,4,3530,8972
CB2302,5,3184,11168
CB2309,4,1153,6496
CB2310,4,1738,8521
CB2311,2,1543,3750
CB2315,4,2903,6010
CB2316,2,4800,6954
CB2319,1,491,1715
CB2321,4,7089,15787
CB2323,2,1383,3637
CB2330,2,5107,10526
CB2337,4,1183,3499
CB2339,4,5678,16702
CB2342,10,12568,24685
CB2343,8,3624,15604
CB2346,7,1530,5436
CB2347,2,1512,6265
CB2348,3,2088,9591
CB2351,2,1388,2445
CB2357,2,1353,4183
CB2361,3,1553,6439
CB2363,2,498,3060
CB2365,4,3938,9011
CB2366,2,2282,4974
CB2371,2,4626,8543
CB2373,2,2053,6981
CB2374,2,2427,7056
CB2377,4,3870,11758
CB2379,3,2745,5205
CB2380,4,3060,8190
CB2389,3,733,4698
CB2390,2,2944,6663
CB2396,5,6176,20141
CB2398,5,1906,10636
CB2401,4,2480,5034
CB2404,7,6564,12250
CB2408,2,2503,2621
CB2411,1,1366,4429
CB2412,4,4263,12344
CB2416,1,286,771
CB2420,2,1986,3587
CB2425,3,1680,4223
CB2430,2,1034,2461
CB2431,6,4038,6277
CB2433,8,3353,13263
CB2437,2,588,2245
CB2440,9,5273,15272
CB2442,2,596,3111
CB2447,2,977,8476
CB2448,9,2758,11540
CB2453,4,12638,11721
CB2458,3,11680,14212
CB2459,4,2252,4373
CB2462,2,686,3337
CB2463,4,2953,7415
CB2465,2,4482,15254
CB2467,7,2157,10568
CB2469,6,3007,8881
CB2471,5,1621,5624
CB2472,5,3564,9283
CB2475,2,1380,8383
CB2478,2,2249,7412
CB2479,8,9650,26234
CB2480,6,4649,15298
CB2481,4,5153,7531
CB2489,2,4227,10844
CB2491,3,2589,9290
CB2494,6,4305,10131
CB2495,2,1413,4142
CB2497,4,3259,9744
CB2498,5,6686,13626
CB2500,2,2223,3133
CB2501,6,5205,21285
CB2503,6,5946,9456
CB2507,7,3945,6240
CB2512,2,3437,6847
CB2514,5,2053,8461
CB2517,3,997,2778
CB2518,3,1891,5305
CB2521,2,3061,13506
CB2522,5,1484,8084
CB2523,3,1931,3351
CB2530,2,1160,2560
CB2535,2,1716,4760
CB2537,2,1104,4237
CB2538,4,10822,16637
CB2539,9,8146,29768
CB2545,1,2423,4366
CB2549,1,2837,4749
CB2550,5,1415,6557
CB2551b,4,3082,6492
CB2555,2,873,2218
CB2558,13,5941,25548
CB2559,4,1405,3555
CB2561,2,940,2708
CB2563,2,1300,5765
CB2572,9,3792,14714
CB2577,1,332,2070
CB2584,4,1226,6598
CB2585,6,3423,15397
CB2589,6,1591,9912
CB2592,7,11838,17073
CB2595,2,2159,5221
CB2596,4,2577,12350
CB2599,2,3835,5062
CB2600,6,3174,10322
CB2620,2,1785,5297
CB2623,2,1915,4958
CB2624,4,3923,12053
CB2625,8,4627,14972
CB2627,2,3961,7171
CB2630,2,2170,3920
CB2633,4,3705,12962
CB2636,6,5350,14924
CB2638,6,2542,8793
CB2642,7,6880,13145
CB2646,2,1843,5283
CB2648,2,850,3784
CB2653,2,903,5125
CB2655,4,5129,13608
CB2659,5,18857,21495
CB2660,1,2967,2308
CB2664,4,6003,17043
CB2667,5,5427,13606
CB2671,4,2467,5918
CB2672,1,2243,2253
CB2674,5,5294,12640
CB2676,2,5014,11518
CB2678,8,6142,14492
CB2679,5,1905,7861
CB2681,2,1809,4343
CB2682,2,5871,10426
CB2684,1,1629,3636
CB2685,13,2410,15372
CB2687,5,4908,12903
CB2688,4,1925,4677
CB2689,2,2665,8850
CB2691,2,3629,10105
CB2693,7,2977,10910
CB2694,6,2982,8881
CB2701,5,2081,8318
CB2702,4,1314,4949
CB2703,6,889,6077
CB2706,2,1854,9357
CB2710,1,707,1729
CB2711,4,1023,4082
CB2713,4,2597,6162
CB2714,2,1371,2910
CB2719,4,1587,7969
CB2720,8,2555,8840
CB2721,3,978,3038
CB2725,2,1015,5271
CB2733,3,2473,8113
CB2736,3,1299,7183
CB2737,3,799,3803
CB2743,1,271,1546
CB2744,5,1623,6477
CB2751,2,1135,2047
CB2754,4,2329,9167
CB2755,2,2376,8075
CB2763,5,2600,10751
CB2764,3,2125,5152
CB2766,2,706,2162
CB2769,5,7589,14369
CB2770,5,2650,6043
CB2772,2,421,2177
CB2782,3,1315,5181
CB2783,2,1130,4392
CB2784,8,4652,12475
CB2786,4,2209,11118
CB2787,5,1238,6981
CB2789,4,3696,13579
CB2790,2,850,2826
CB2792,8,4068,9113
CB2797,4,1467,5378
CB2800,2,2846,4425
CB2802,1,795,1852
CB2805,6,3721,11758
CB2812,3,1680,4796
CB2814,10,4948,12055
CB2816,4,2353,4371
CB2823,8,6153,20012
CB2824,2,3904,4330
CB2831,7,4409,26369
CB2845,4,1064,2834
CB2846,4,3250,7013
CB2851,5,2803,9447
CB2855,2,2245,7397
CB2859,4,2007,5786
CB2861,2,2001,3666
CB2862,2,922,2721
CB2863,5,6101,12548
CB2869,5,2164,5893
CB2870,2,396,3930
CB2873,6,2346,4204
CB2876,6,2050,7771
CB2877,2,704,2757
CB2880,2,1371,5472
CB2881,12,3644,12441
CB2884,4,1703,8721
CB2889,1,611,1694
CB2892,8,2285,11860
CB2895,3,720,4186
CB2896,8,6116,16674
CB2902,2,757,3007
CB2904,4,2672,10127
CB2906,4,2390,8285
CB2907,4,1269,4999
CB2908,4,1246,4012
CB2910,6,1381,4442
CB2912,5,2844,6603
CB2913,2,1271,3239
CB2919,6,4616,7141
CB2920,5,2783,8571
CB2922,2,788,2252
CB2927,3,891,4997
CB2931,5,1140,4992
CB2934,6,2224,12224
CB2935,2,1896,4549
CB2936,2,1080,2448
CB2937,5,1237,8230
CB2938,2,807,4942
CB2940,2,5503,10055
CB2944,5,1367,4358
CB2947,2,894,2842
CB2948,2,785,2429
CB2950,8,2958,11865
CB2952,4,4359,11998
CB2953,2,1122,3356
CB2954,2,1166,2570
CB2955,6,3836,9643
CB2956,2,473,1985
CB2958,2,683,2486
CB2963,2,2034,7176
CB2966,4,3231,14177
CB2967,5,3111,6760
CB2970,2,736,4780
CB2972,4,2274,8797
CB2975,2,1029,3420
CB2976,6,1888,7593
CB2979,3,1554,4870
CB2981,3,1962,4708
CB2982,2,876,2625
CB2983,2,1523,2849
CB2985,2,1228,3394
CB2988,4,2209,5004
CB2992,3,1830,2468
CB2993,2,537,2236
CB2995,5,2284,11013
CB2996,2,840,2794
CB3001,6,7933,12978
CB3005,7,3368,9306
CB3007,4,1216,4149
CB3008,1,151,1630
CB3010,6,4571,9842
CB3012,4,1916,7286
CB3013,5,2583,7071
CB3014,3,1402,9754
CB3015,3,2572,5417
CB3016,7,3255,14171
CB3019,5,19087,18945
CB3021,3,2073,5017
CB3023,5,5602,15432
CB3024,8,11388,13610
CB3030,2,2383,2650
CB3036,4,1250,7343
CB3042,4,6519,9420
CB3043,7,4236,11081
CB3044,4,5505,17138
CB3045,3,1385,6108
CB3049,6,2397,9702
CB3050,7,2369,10459
CB3051,3,3054,8080
CB3052,2,2032,8849
CB3055,7,1809,5826
CB3056,6,3801,21781
CB3060,2,1078,4818
CB3065,3,2214,4429
CB3067,2,2388,5918
CB3069,2,507,2185
CB3071,1,409,1222
CB3074,3,3046,8816
CB3075,5,1315,5522
CB3076,2,1747,2956
CB3080,4,1759,8246
CB3081,4,689,6307
CB3084,1,458,923
CB3089,2,1578,2237
CB3093,2,1297,5117
CB3098,2,1032,3882
CB3103,5,891,6438
CB3104,6,7946,15015
CB3109,3,1593,5647
CB3113,2,682,4210
CB3118,6,2242,5874
CB3120,2,822,4176
CB3121,4,4076,10027
CB3124,2,745,2220
CB3127,1,1402,1810
CB3132,2,1141,4014
CB3133,2,556,4146
CB3135,3,1443,5076
CB3140,6,4661,12217
CB3141,4,1730,4602
CB3142,2,1028,2703
CB3143,4,1758,8990
CB3147,2,1241,4042
CB3162,1,1630,4265
CB3168,3,2884,6956
CB3172,3,502,3257
CB3173,4,1079,4768
CB3175,2,1951,4085
CB3184,4,6007,14623
CB3185,3,2026,4548
CB3187,2,741,2831
CB3197,2,944,4422
CB3201,4,4343,9328
CB3202,5,1584,6344
CB3204,2,1108,4153
CB3207,6,3905,8476
CB3208,4,1199,3595
CB3209,2,1337,3874
CB3212,1,2045,2299
CB3218,4,3126,12138
CB3220,2,1603,4722
CB3221,2,2556,6554
CB3228,3,1011,3675
CB3233,4,3103,6429
CB3236,4,4508,9727
CB3240,2,1568,4081
CB3245,4,6339,14500
CB3249,2,830,2984
CB3250,2,1294,6145
CB3252,7,2805,9580
CB3255,4,3791,13509
CB3261,8,6886,16454
CB3264,3,4205,5994
CB3268,4,1689,7990
CB3269,4,5116,14071
CB3274,2,657,2842
CB3276,2,897,2474
CB3277,2,5203,5853
CB3278,2,2105,12397
CB3281,2,2448,10284
CB3287b,4,2194,8270
CB3288,4,3189,12044
CB3293,5,1952,6049
CB3297,2,1902,3880
CB3302,4,8150,14024
CB3305,3,3617,11907
CB3308,8,2612,11246
CB3316,2,1071,4251
CB3318,4,1437,6145
CB3319,2,4118,3924
CB3320,6,7003,23692
CB3322,4,8130,9746
CB3323,2,3826,6714
CB3326,2,1358,2186
CB3329,7,6928,24551
CB3332,1,603,2613
CB3339,4,3331,9195
CB3340,4,1418,7860
CB3343,2,2164,5039
CB3347,2,3037,2906
CB3357,4,5542,10004
CB3358,2,1433,3517
CB3360,5,1870,6938
CB3361,2,1876,5130
CB3362,2,2226,7264
CB3364,5,8964,28876
CB3373,2,2746,5791
CB3374,4,2401,8992
CB3376,4,5000,12781
CB3381,2,1940,2753
CB3383,1,191,1676
CB3384,2,1934,11680
CB3391,5,3610,10308
CB3393,3,859,4394
CB3394,2,1717,5100
CB3396,2,1185,5062
CB3399,4,1657,7510
CB3400,2,4867,8192
CB3402,2,2941,4747
CB3404,3,4733,10047
CB3407,1,1851,1793
CB3409,3,4790,13449
CB3411,2,3074,8243
CB3414,3,1622,6228
CB3417,10,12712,19974
CB3419,4,5940,10218
CB3427,2,7369,7207
CB3433,2,5249,5320
CB3435,4,8339,8663
CB3437,2,1336,7274
CB3439,6,8322,25704
CB3441,2,2115,6940
CB3445,4,7120,8528
CB3446,5,2746,12209
CB3447,5,1878,7907
CB3450,4,8442,14105
CB3453,2,1684,2885
CB3459,2,1949,6591
CB3464,8,12181,23694
CB3466,4,12795,13120
CB3469,3,2629,7483
CB3476,5,3383,10478
CB3477,2,1272,4535
CB3479,4,4748,20963
CB3488,2,3824,6903
CB3496,3,1706,6689
CB3498,2,1906,6354
CB3499,3,3020,10952
CB3503,6,8837,13850
CB3506,4,2055,5234
CB3507,2,2935,5870
CB3508,2,582,1935
CB3512,2,3183,11787
CB3513,4,15841,17643
CB3519,3,3349,8734
CB3523,2,2230,5561
CB3528,3,3939,14609
CB3530,4,7454,10722
CB3539,3,3107,5955
CB3541,4,2395,8170
CB3544,2,5636,2506
CB3545,4,8965,13844
CB3548,3,1159,3728
CB3552,4,3858,8551
CB3553,2,1958,4096
CB3556,7,2352,14783
CB3561,2,5611,6891
CB3566,2,1434,3458
CB3569,4,4869,8873
CB3570,2,1190,5579
CB3574,4,2401,6768
CB3576,2,3364,9094
CB3578,4,5720,13685
CB3581,2,2255,11735
CB3588,2,3697,12692
CB3594,2,3683,7935
CB3595,2,2060,5116
CB3598,3,4515,11436
CB3603,2,1150,4379
CB3606,2,2892,8490
CB3607,3,5321,9019
CB3608,2,982,3058
CB3614,4,3378,9421
CB3619,2,2584,7944
CB3629,2,2653,5696
CB3630,2,3880,11511
CB3631,2,1705,7902
CB3635,4,4682,15372
CB3638,1,1280,2396
CB3646,4,5648,17711
CB3649,3,3588,8372
CB3657,3,2938,11687
CB3660,5,9882,30011
CB3661,2,4114,12351
CB3664,2,3120,5856
CB3666,4,6325,15011
CB3667,3,12601,12812
CB3671,2,2830,6248
CB3673a,2,3631,7800
CB3673b,4,5171,11994
CB3676,2,3174,9058
CB3679,1,1084,1570
CB3682,2,4183,9697
CB3683,2,5219,6831
CB3684,4,9622,21230
CB3690,2,6794,25299
CB3691,2,1624,6654
CB3692,2,3416,7873
CB3697,4,4630,8756
CB3710,3,5626,15761
CB3724,2,1028,8046
CB3727,2,499,2537
CB3728,2,899,5433
CB3729,5,2037,6585
CB3732,2,1858,4995
CB3733,4,1287,7985
CB3734,3,1851,8702
CB3738,2,1042,3335
CB3739,7,7485,8713
CB3740,4,3125,5006
CB3741,2,1342,1863
CB3742,3,3036,3744
CB3743,6,1639,6396
CB3744,2,465,1879
CB3745,4,2494,5955
CB3746,4,9257,24767
CB3747,2,952,2837
CB3748,4,2143,4685
CB3754,3,636,2698
CB3758,2,1582,2905
CB3759,7,4468,9074
CB3760,3,1575,2598
CB3762,4,1727,9020
CB3768,7,3908,9391
CB3782,2,2324,4508
CB3784,4,1238,5061
CB3788,4,4267,8145
CB3789,1,437,1628
CB3791,3,4031,8347
CB3798,3,1448,4764
CB3863,2,4678,5362
CB3865,10,3213,14261
CB3866,2,642,2696
CB3869,2,1735,6476
CB3870,4,4931,10023
CB3873,4,1883,8810
CB3874,4,2879,7505
CB3879,2,2300,5342
CB3895,3,2130,11218
CB3900,4,1026,6202
CB3906,2,3432,7572
CB3907,2,3163,6851
CB3908,6,8367,16439
CB3909,2,1561,4907
CB3910,3,2288,7581
CB3930,2,2991,7356
CB3931,2,3249,7544
CB3932,4,4085,10113
CB3933,1,752,1549
CB3950b,1,379,1390
CB3951,1,1758,4186
CB3951b,1,1202,4201
CB3953,8,3999,13707
CB3959,4,4757,13957
CB3961,2,2167,3166
CB3977,4,9815,18309
CB3984,1,533,728
CB3992,6,2573,6738
CB3998,5,1428,6096
CB3999,1,304,1328
CB4000,2,1281,3330
CB4019,1,162,1913
CB4022,4,1850,7591
CB4023,9,2631,11950
CB4033,2,1179,4421
CB4037,4,5447,9730
CB4038,2,2127,5543
CB4052,2,2077,4699
CB4054,2,1136,7829
CB4064,3,1975,2093
CB4066,14,4866,8275
CB4069,7,3787,8548
CB4070,17,10631,34215
CB4071,14,14973,23880
CB4072,19,17176,55544
CB4073,15,17484,41272
CB4077,10,5772,21049
CB4081,14,4161,21247
CB4082,11,4055,11667
CB4083,15,13327,14732
CB4084,14,6696,19294
CB4085,6,1440,7091
CB4086,10,3163,14075
CB4087,11,3003,11773
CB4088,9,2352,7083
CB4091,20,5950,29444
CB4094,11,14170,29264
CB4095,6,2427,9415
CB4096,13,4388,26689
CB4097,7,3571,17799
CB4100,10,4678,19346
CB4101,7,8387,9807
CB4102,7,11349,13735
CB4103,10,14627,18895
CB4104,5,1731,6434
CB4105,8,11078,22042
CB4106,6,4259,36365
CB4107,9,2945,8097
CB4110,14,8975,26549
CB4111,3,916,3928
CB4112,11,2938,10353
CB4114,7,3903,14917
CB4115,6,2250,12607
CB4116,19,17264,46612
CB4117,5,2101,8183
CB4118,14,28817,36868
CB4119,12,5123,19307
CB4120,13,10485,17259
CB4121,9,6150,12529
CB4122,10,6566,7739
CB4123,7,4766,8781
CB4124,8,7137,16597
CB4125,7,5513,13123
CB4126,3,1434,3936
CB4127,12,9904,26271
CB4128,12,7792,22717
CB4129,10,2144,7108
CB4130,11,2273,9311
CB4131,2,353,1356
CB4132,7,5641,20715
CB4133,7,2786,5023
CB4134,9,1096,6524
CB4137,6,2308,10931
CB4138,15,2248,14757
CB4139,5,2461,10588
CB4141,8,3286,9961
CB4143,6,3173,9503
CB4150,3,2969,11861
CB4151,7,4152,8990
CB4152,5,2611,10130
CB4155,7,2039,10230
CB4156,2,629,2729
CB4157,6,1745,4168
CB4158,4,2186,5148
CB4159,2,3091,15171
CB4162,4,3432,7180
CB4163,6,7728,15706
CB4165,4,5072,10255
CB4166,2,6072,15476
CB4167,6,6761,22187
CB4168,8,8125,33431
CB4169,6,6364,24752
CB4170,9,10118,39574
CB4172,3,2574,7712
CB4173,6,6667,19222
CB4174,3,1669,4724
CB4176,7,9333,32701
CB4179,5,6475,20949
CB4180,1,2419,835
CB4181,1,594,1277
CB4182,1,1121,2824
CB4183,4,5135,15623
CB4190,4,2095,13828
CB4193,4,1452,5257
CB4194,7,1789,10652
CB4195,4,1236,6352
CB4196,4,1613,8941
CB4197,6,1993,10036
CB4198,4,1748,6257
CB4200,2,894,4004
CB4201,4,1814,8421
CB4205,7,3109,18890
CB4206,6,3540,9227
CB4208,9,7213,11227
CB4209,8,9008,14623
CB4214,5,2487,6360
CB4215,4,3250,9615
CB4216,6,7417,17052
CB4217,3,2405,8626
CB4220,3,2675,9773
CB4225,5,2056,8691
CB4228,8,6292,13462
CB4231,6,3105,14523
CB4241,2,3402,3244
CB4242,14,4792,23391
CB4243,10,3907,20409
CB4245,3,4396,7313
CB4246,2,350,14835
CB4247,1,2181,6232
CB4248,5,6529,22760
CEM,6,1435,207
CL001,2,32936,40815
CL002,2,15150,36623
CL003,2,5855,28109
CL004,4,5887,20094
CL005,5,2002,10413
CL006,4,1781,8650
CL007,2,6711,20232
CL008,4,2538,43607
CL010,2,1110,19033
CL011,2,902,12210
CL012,2,1772,16280
CL013,4,3502,17966
CL014,8,9788,24668
CL015_a,2,1644,9023
CL015_b,2,1979,7105
CL016,8,3855,16097
CL018,8,3171,10901
CL021,2,4758,18648
CL022_a,2,5415,8907
CL022_b,2,5291,10869
CL022_c,2,5890,10223
CL023,6,5752,17334
CL024_a,6,4703,12008
CL024_b,2,1233,4681
CL024_c,2,1086,4028
CL024_d,2,1221,4578
CL025,2,4010,13252
CL026,2,3678,11285
CL027,2,3942,22249
CL028,2,3972,20690
CL029_a,2,20326,27344
CL029_b,2,11135,29706
CL030,4,11615,29390
CL031,2,7867,18656
CL032,2,6036,11662
CL036,2,21077,25910
CL038,4,12045,11232
CL040,4,3444,8522
CL042,4,3647,9801
CL046,4,2218,9216
CL048,7,3193,12743
CL049,9,3949,11566
CL053,2,15870,47504
CL054,2,1688,3251
CL055,2,2552,3683
CL056,2,2009,3292
CL057,2,2444,14290
CL058,2,4396,17147
CL062_a1,2,2406,10448
CL062_a2,2,2926,10594
CL062_b1,2,2928,8893
CL062_b2,2,3040,8988
CL062_b3,2,3129,8971
CL063,2,19466,68359
CL064,2,8663,42330
CL065,2,22686,48585
CL066,2,9674,18566
CL067,2,6580,18672
CL068,2,4360,15454
CL069,2,7263,21654
CL070_a,2,8137,20281
CL070_b,2,9187,19893
CL071_a,2,5479,16672
CL071_b,6,16973,44557
CL072,2,4212,14135
CL073,2,5765,10842
CL074,4,6493,25884
CL075_a,2,6287,12521
CL075_b,2,3872,9974
CL077,4,4981,14399
CL078_a,2,2216,6813
CL078_b,2,1290,5433
CL078_c,2,1424,6150
CL080,4,9845,22081
CL081,3,3993,7798
CL083,4,4175,19129
CL085_a,2,2605,4593
CL085_b,2,2924,7886
CL085_c,2,3919,7902
CL086_a,8,11628,30030
CL086_b,6,6503,21873
CL086_c,8,7157,26305
CL086_d,2,3566,6894
CL086_e,8,6649,20917
CL087,7,4871,13526
CL088_a,2,2636,4949
CL088_b,2,4302,8418
CL089_a1,2,1880,6351
CL089_a2,2,1464,4252
CL089_b,7,6978,25245
CL089_c,6,4736,14605
CL090_a,2,2747,6287
CL090_b,4,2234,8333
CL090_c,12,7963,25635
CL090_d,11,12972,31938
CL090_e,6,7594,19009
CL091,11,8748,19848
CL092,2,14103,24447
CL093,2,8281,18355
CL094,2,8493,14760
CL095,2,7844,16306
CL096,2,2438,15831
CL097,2,3204,8870
CL098,2,2011,13436
CL099,10,15022,28281
CL100,4,6168,10889
CL101,4,2347,6916
CL102,2,1867,9235
CL104,4,4315,8989
CL107,2,3199,13958
CL108,2,3450,11849
CL109,2,13816,40904
CL110,2,10533,37706
CL111,2,13027,29188
CL112,2,7906,19493
CL113,4,3658,16004
CL114,2,4181,22035
CL115,2,3660,13772
CL116,2,2255,6229
CL117,6,3676,19207
CL118,5,3565,7038
CL120,6,2893,16299
CL121_a,6,2847,7413
CL121_b,4,5483,14805
CL122_a,6,5833,14313
CL122_b,6,9581,17339
CL123_a,2,1957,6605
CL123_b,2,3548,6791
CL123_c,2,3482,6964
CL123_d,2,3353,7182
CL123_e,2,2601,8027
CL125,4,2389,10622
CL126,2,4671,29242
CL127,4,7909,29268
CL128_a,2,2341,5481
CL128_b,2,2155,4728
CL128_c,2,1705,4431
CL128_d,2,2446,5297
CL128_e,2,2178,5125
CL128_f,2,2060,5335
CL128a,4,9935,15620
CL129,2,6227,22344
CL12X,1,915,1433
CL130,2,6010,18761
CL131,4,4138,31677
CL132,4,1398,15875
CL133,2,3910,23417
CL134,6,6075,21707
CL135,2,9086,34208
CL136,2,3734,17738
CL140,2,11664,17416
CL141,2,2434,13408
CL142,2,2565,13444
CL143,2,1326,8712
CL144,2,6081,30181
CL146,2,472,1101
CL147,8,2756,11906
CL149,2,1365,7839
CL150,2,7196,14736
CL151,2,6539,14251
CL152,4,8059,19482
CL153,2,1885,6233
CL154,2,1519,7096
CL155,2,1621,10442
CL157,2,6309,16650
CL158,2,4583,13997
CL159,2,4121,11463
CL160,5,5225,14409
CL161_a,2,2607,7333
CL161_b,4,3120,12516
CL162,2,1399,5505
CL165,4,3756,10069
CL166,5,4177,14245
CL167,6,2435,16660
CL168,5,2144,10889
CL169,7,4794,17240
CL170,6,5663,12308
CL171,7,2958,8411
CL172,5,3211,8703
CL173,2,1062,3240
CL175,2,5376,14629
CL176,2,2032,10030
CL177,2,1602,8668
CL178,2,2111,8852
CL179,2,5712,14729
CL180,2,2771,13326
CL182,10,8194,16798
CL183,2,1304,6561
CL184,4,6570,11057
CL185,6,5757,10220
CL186,3,2374,5391
CL187,2,2237,10412
CL189,7,4880,8541
CL190,5,2160,5135
CL191_a,4,4304,6476
CL191_b,4,4595,6600
CL195,1,214,1533
CL196,6,3643,9614
CL199,2,8192,26580
CL200,2,4848,24552
CL201,2,4242,11484
CL203,2,5640,21231
CL204,2,2981,11843
CL205,2,2432,4427
CL208,4,6818,16080
CL209,2,1016,5619
CL210_a,10,7815,23477
CL211,2,8901,22442
CL212,2,10361,18816
CL213,2,11731,27792
CL214,2,4555,12328
CL215,4,5580,11405
CL216,2,2540,16481
CL224,2,1666,2368
CL225,8,6628,15238
CL228,2,1242,4867
CL231,4,2609,5302
CL234,4,4699,47569
CL235,6,9165,28755
CL236,2,7097,17365
CL238,2,723,1437
CL239,5,3917,9296
CL244,2,1831,7570
CL245,2,2967,8899
CL246,2,8538,15940
CL248,2,12708,33619
CL249,2,5518,16163
CL250,2,1931,15961
CL251,2,4091,19546
CL252,6,2294,9536
CL253,6,2263,8834
CL254,6,3722,18583
CL255,5,3221,13809
CL256,2,11783,22068
CL257,2,15457,26863
CL258,4,3007,29460
CL259,2,5456,21713
CL260,2,5171,11590
CL261,4,3732,10013
CL263,2,12258,17794
CL264,2,6411,21049
CL266_a1,2,3671,7897
CL266_a2,2,3675,7844
CL266_a3,2,3573,7827
CL266_b1,2,3496,8317
CL266_b2,2,2701,6333
CL267,4,7310,18019
CL268,6,10461,19189
CL269,7,11611,25042
CL270,4,6251,16151
CL271,4,3609,11520
CL272_a1,2,1986,5747
CL272_a2,2,1405,4512
CL272_b1,2,1160,4215
CL272_b2,2,1161,3131
CL272_b3,2,819,2834
CL273,4,1871,9645
CL274,7,9559,22570
CL275,8,6498,16093
CL280,2,1331,6844
CL282,4,2463,21982
CL283_a,6,2539,12265
CL283_b,3,1133,8579
CL283_c,4,1802,13318
CL286,2,13883,31671
CL287,2,8915,28324
CL288,2,3509,21017
CL290,3,3167,10796
CL291,3,1299,6945
CL292,6,2327,7075
CL293,2,631,3316
CL294,2,4216,26513
CL301,4,1234,4157
CL302,3,979,3172
CL303,2,12400,27316
CL308,2,9685,14577
CL309,2,6363,14253
CL310,2,8632,20391
CL311,2,15906,26232
CL314,2,4255,11425
CL315,2,1348,13746
CL316,2,6687,14871
CL317,2,4861,29372
CL318,2,4233,9193
CL319,2,14156,29564
CL321,2,4817,10146
CL322,2,9918,16254
CL323,4,9304,9913
CL326,2,3471,11399
CL327,2,4348,12160
CL328,4,3109,7736
CL333,2,10671,19568
CL335,2,7363,12159
CL336,2,8780,44574
CL339,2,6891,55140
CL340,4,6365,37021
CL344_a,2,4567,6593
CL344_b,2,5195,7208
CL345,2,6882,9459
CL348,4,2207,4001
CL351,3,644,3627
CL352,2,3326,12665
CL353,8,9471,33473
CL354,4,5554,15004
CL355,6,872,5446
CL356,4,5654,16943
CL357,2,5512,10989
CL359,4,5761,23902
CL360,2,5776,8788
CL361,2,12452,22396
CL362,2,6566,25025
CL364,2,2496,11887
CL365,4,8735,16092
CL366,2,26436,89821
CL367,2,9804,26041
CL368,2,4525,15166
CRE001,5,3587,9536
CRE003_a,7,4341,23777
CRE003_b,12,5356,28174
CRE004,2,12584,22932
CRE005,4,6139,32354
CRE006,2,2449,12896
CRE007,2,2212,11817
CRE008,2,2427,9663
CRE009,2,3032,11396
CRE010,2,2369,9874
CRE011,2,42275,46983
CRE012,2,9421,26437
CRE013,2,13700,26763
CRE014,4,3393,11517
CRE015,2,1821,4976
CRE016,6,3170,6794
CRE017,4,5258,13313
CRE018,8,7659,19764
CRE019,4,2353,5724
CRE020,4,2513,9497
CRE021,2,18734,43524
CRE022,2,11855,26767
CRE023,2,7606,28149
CRE024,2,6733,24498
CRE025,2,7207,16940
CRE026,2,1718,8152
CRE027,4,10386,24001
CRE028,6,6986,26012
CRE030_b,2,1550,7817
CRE034,4,5049,13485
CRE035,2,1265,4362
CRE037,6,3149,11117
CRE038,2,1035,3772
CRE039,8,12045,30563
CRE040,2,23213,38553
CRE041,2,18851,19483
CRE042,2,10256,28073
CRE043_a1,2,3169,4378
CRE043_a2,2,2150,4681
CRE043_a3,2,1711,3725
CRE043_b,2,2465,4655
CRE043_c1,2,2200,5145
CRE043_c2,2,3134,5264
CRE043_d,2,2077,4236
CRE044,8,12074,13334
CRE045,4,4228,8104
CRE046,2,2270,4870
CRE048,2,8303,21732
CRE049,2,2774,15543
CRE050,2,7419,20983
CRE051,6,6243,8210
CRE052,8,6602,12947
CRE054,9,4337,13758
CRE055,17,6540,19976
CRE056,8,3082,14707
CRE057,2,1133,3210
CRE059,4,4050,18891
CRE060,2,883,7538
CRE062,2,1140,6396
CRE065,4,2092,11745
CRE066,4,3206,17931
CRE067,6,3363,22161
CRE068,4,1938,12425
CRE069,2,2354,13020
CRE070,2,2434,12799
CRE071,2,2665,16691
CRE072,4,4567,13872
CRE074,2,13554,38643
CRE075,2,10909,17785
CRE076,2,4608,30221
CRE077,2,6417,14023
CRE078,4,7510,23514
CRE079,2,1876,9806
CRE080_a,2,2667,10653
CRE080_b,2,2863,12766
CRE080_c,2,3041,8821
CRE080_d,2,2263,8139
CRE081,6,8956,27515
CRE082,2,2512,16873
CRE083,6,8144,45235
CRE085,4,2751,13569
CRE086,6,2980,16444
CRE088,4,4250,29427
CRE089,2,1524,8708
CRE090,4,3470,10646
CRE092,6,5268,26372
CRE093,4,5209,10876
CRE094,5,4756,12983
CRE095,7,7529,22832
CRE096,2,1946,5069
CRE099,4,1471,3495
CRE100,2,11130,31607
CRE102,2,5459,14242
CRE103,10,7387,33847
CRE104,3,1439,5137
CRE105,2,3359,8867
CRE106,4,3631,17935
CRE107,2,8090,26449
CRE108,2,4765,17499
CRZ01,2,2025,6394
CRZ02,2,1985,6066
CSD,2,17148,25121
CT1,2,158542,366180
Cm-DRA,7,5896,13260
Cm1,472,74396,215649
Cm10,89,21408,85048
Cm11a,75,43568,101682
Cm11b,56,42799,112444
Cm11c,44,29007,54740
Cm11d,18,14226,46386
Cm12,70,28358,69506
Cm13,52,59470,54049
Cm14,48,20724,47534
Cm15,47,23136,44420
Cm16,38,14889,31514
Cm17,31,43482,80223
Cm18,28,4589,8749
Cm19,30,51996,87670
Cm2,383,48578,155559
Cm20,26,16336,34752
Cm21,25,40688,62555
Cm22,19,9983,12844
Cm23,17,3072,34838
Cm24,11,6408,24753
Cm25,7,3036,19762
Cm26,13,30941,57664
Cm27,9,4574,10435
Cm28,12,11350,24085
Cm29,6,38163,77341
Cm3,323,139679,273324
Cm30,4,10963,31945
Cm31a,4,68053,98323
Cm31b,2,64401,76653
Cm32,2,4509,14931
Cm33,2,4814,12728
Cm34,2,34066,136143
Cm35,2,17470,33385
Cm4,251,37659,90396
Cm5,214,107107,198903
Cm6,211,117994,134660
Cm7,184,112739,239594
Cm8,182,99899,179468
Cm9,143,81473,157786
Cm_unclear,1,598,1511
CvN4,2,13944,839
CvN5,2,26764,670
CvN6,2,17724,472
CvN7,2,17377,469
DA1_lPN,13,59597,126464
DA1_vPN,2,5451,13422
DA2_lPN,10,10204,45367
DA3_adPN,4,4087,24648
DA4l_adPN,2,7093,36249
DA4m_adPN,2,13539,38304
DC1_adPN,2,18285,84980
DC2_adPN,4,16336,60337
DC3_adPN,6,19392,55081
DC4_adPN,2,9521,34020
DC4_vPN,2,754,3032
DCH,2,61461,64443
DGI,2,3429,8055
DH44,6,17673,1548
DL1_adPN,4,23903,57801
DL2d_adPN,9,20453,48845
DL2d_vPN,4,1228,7384
DL2v_adPN,8,26817,62135
DL3_lPN,11,21217,51384
DL4_adPN,2,7390,34679
DL5_adPN,2,14238,55331
"DLMn a, b",2,21789,577
DLMn c-f,8,72598,1038
DM1_lPN,2,28445,107574
DM2_lPN,4,23433,98524
DM3_adPN,2,11043,50085
DM3_vPN,2,487,2955
DM4_adPN,2,15011,73641
DM4_vPN,2,694,4867
DM5_lPN,7,10038,48147
DM6_adPN,7,18034,56564
DMS,6,7570,427
DN1a,4,3800,15897
DN1pA,8,3839,12382
DN1pB,4,4764,18710
DNES1,10,1802,28
DNES2,2,1587,114
DNES3,4,489,343
DNa01,2,26891,40323
DNa02,2,49357,47622
DNa03,2,34849,33588
DNa04,2,18196,26891
DNa05,2,9523,24965
DNa06,2,20495,44625
DNa07,2,3039,8841
DNa08,2,3001,16270
DNa09,2,15703,26015
DNa10,2,31985,29248
DNa11,2,25930,36465
DNa13,4,49289,67413
DNa14,2,4572,20471
DNa15,2,24470,27013
DNa16,2,21618,31970
DNae001,2,11871,27921
DNae002,2,24262,25146
DNae003,2,16697,22410
DNae004,2,7091,14733
DNae005,2,15892,31971
DNae006,2,4558,10813
DNae007,2,20315,28575
DNae008,2,4268,19375
DNae009,2,15082,54761
DNae010,2,12623,16456
DNb01,2,16059,37839
DNb02,4,10640,33562
DNb03,4,6578,26852
DNb04,2,11685,25409
DNb05,2,36551,45309
DNb06,2,8243,23803
DNb07,2,6013,27507
DNb08,4,36985,41741
DNb09,2,19285,39097
DNbe001,2,35089,29312
DNbe002,4,9493,35522
DNbe003,2,14087,28471
DNbe004,2,19566,30494
DNbe005,2,12243,24823
DNbe006,2,6260,22798
DNbe007,2,16572,30255
DNc01,2,4014,11209
DNc02,2,3762,13363
DNd01,4,9293,24618
DNd02,2,9343,44372
DNd03,2,9561,65542
DNd04,2,10653,37391
DNd05,2,9689,30487
DNde001,2,5437,32242
DNde002,2,20227,31341
DNde003,4,14814,25380
DNde005,2,8914,26760
DNde006,2,7919,29995
DNde007,2,2737,14670
DNg01_a,2,2083,5208
DNg01_b,2,4222,7091
DNg01_c,2,1612,3609
DNg01_d,2,1565,3621
DNg01_unclear,1,596,1228
DNg02_a,10,10757,24473
DNg02_b,5,3167,14271
DNg02_c,4,4435,8258
DNg02_d,2,4757,6425
DNg02_e,2,3263,5114
DNg02_f,2,3886,5307
DNg02_g,4,6212,14310
DNg03,12,4163,24450
DNg04,4,15839,18816
DNg05_a,2,5824,16869
DNg05_b,4,3524,5010
DNg05_c,2,1012,3644
DNg06,12,7425,22770
DNg07,16,9514,36671
DNg08,23,11808,55384
DNg09_a,6,4365,20333
DNg09_b,2,1819,5451
DNg10,12,4704,11565
DNg100,2,43069,106295
DNg101,2,9935,34622
DNg102,4,20032,84373
DNg103,2,8120,14856
DNg104,2,7892,27382
DNg105,2,30711,48002
DNg106,16,12824,49164
DNg107,2,2250,14681
DNg108,2,34138,72003
DNg109,2,7615,30294
DNg11,6,7312,13587
DNg110,6,6324,11251
DNg111,2,14463,27723
DNg12_a,8,8351,21970
DNg12_b,10,4609,14820
DNg12_c,8,8018,28727
DNg12_d,2,3473,6360
DNg12_e,6,7375,15959
DNg12_f,4,2682,6361
DNg12_g,2,2314,4478
DNg12_h,2,3215,5511
DNg13,2,12958,31606
DNg14,2,5777,9930
DNg15,2,30654,37546
DNg16,2,43035,41056
DNg17,2,1939,20523
DNg18_a,3,1603,4207
DNg18_b,6,2873,9191
DNg19,2,4532,19819
DNg20,2,3709,9337
DNg21,2,4021,21017
DNg22,2,9630,15786
DNg23,2,3130,8578
DNg24,2,7531,31467
DNg26,4,3823,10206
DNg27,2,6969,43447
DNg28,4,1442,1258
DNg29,2,18152,39299
DNg30,2,7020,28553
DNg31,2,12656,24658
DNg32,2,3396,36648
DNg33,2,8110,21431
DNg34,2,7705,46670
DNg35,2,36237,40401
DNg36_a,4,3249,11801
DNg36_b,7,2216,10421
DNg37,2,21620,40552
DNg38,2,11012,21981
DNg39,2,5781,19424
DNg40,2,19812,15597
DNg41,2,5418,18003
DNg42,2,3317,15208
DNg43,2,7796,27671
DNg44,2,5963,26688
DNg45,2,3408,15611
DNg46,2,3388,11176
DNg47,2,4073,13428
DNg48,2,11825,13787
DNg49,2,16019,18445
DNg50,2,2706,14531
DNg51,4,12757,26009
DNg52,4,16183,26604
DNg53,2,709,9841
DNg54,2,6963,13674
DNg55,1,3542,12061
DNg56,2,8788,19431
DNg57,2,4511,7333
DNg58,2,4429,17607
DNg59,2,3200,19351
DNg60,2,8070,17010
DNg61,2,5212,16575
DNg62,2,7757,17870
DNg63,2,6392,14855
DNg64,2,4625,15721
DNg65,2,4884,15193
DNg66,1,3686,13433
DNg67,2,2486,11724
DNg68,2,7747,41961
DNg69,2,9071,5847
DNg70,2,10518,59713
DNg71,2,6703,24449
DNg72,4,4603,25200
DNg73,2,6525,10038
DNg74_a,2,36833,84239
DNg74_b,2,22456,60926
DNg75,2,37581,50175
DNg76,2,6742,16129
DNg77,2,3211,5822
DNg78,2,7802,9654
DNg79,4,7115,32666
DNg80,2,4780,19851
DNg81,2,7491,16123
DNg82,4,7990,13522
DNg83,2,2586,7118
DNg84,2,21845,16632
DNg85,2,16501,16322
DNg86,2,8881,9569
DNg87,2,15462,25098
DNg88,2,24833,49729
DNg89,2,6327,10070
DNg90,2,11199,26604
DNg91,2,8792,25314
DNg92_a,2,3558,5871
DNg92_b,4,3255,6480
DNg93,2,13687,48441
DNg94,2,2604,7743
DNg95,2,3863,11868
DNg96,2,20169,26660
DNg97,2,36289,49648
DNg98,2,16006,119273
DNg99,2,15340,19084
DNge001,3,4411,16401
DNge002,2,5477,11869
DNge003,2,10140,28705
DNge004,2,4596,15531
DNge006,2,6143,23063
DNge007,2,12167,18970
DNge008,2,3139,13492
DNge009,7,2981,11161
DNge010,2,6162,26754
DNge011,2,6681,21290
DNge012,2,8348,15376
DNge013,2,4895,17707
DNge014,2,2268,6117
DNge015,3,2365,6760
DNge016,2,4820,8136
DNge017,2,1793,5632
DNge018,2,6290,17977
DNge019,11,13989,50950
DNge020,6,3154,7799
DNge021,2,2440,8826
DNge022,2,6560,22949
DNge023,2,14233,28616
DNge024,4,2139,5615
DNge025,3,2465,9362
DNge026,2,14118,23727
DNge027,2,9702,37111
DNge028,2,5863,27408
DNge029,2,2303,5905
DNge030,2,3699,11227
DNge031,2,21019,29817
DNge032,2,5381,32240
DNge033,2,9386,17411
DNge034,2,3602,11631
DNge035,2,11997,54053
DNge036,2,22079,32538
DNge037,2,39187,35753
DNge038,2,5984,29035
DNge039,2,6276,14972
DNge040,2,9288,24671
DNge041,2,12403,25962
DNge042,2,11383,21531
DNge043,2,10672,16025
DNge044,2,7905,16646
DNge045,2,1721,7800
DNge046,4,22220,28635
DNge047,2,9108,19485
DNge048,2,10294,45973
DNge049,2,17047,46272
DNge050,2,35101,51791
DNge051,2,8509,15504
DNge052,2,4281,16664
DNge053,2,23971,45608
DNge054,2,19149,27655
DNge055,2,10109,17060
DNge056,2,11496,21667
DNge057,2,4126,14013
DNge058,2,2521,13878
DNge059,2,18180,35464
DNge060,2,6163,14711
DNge061,4,1681,7118
DNge062,2,5663,26325
DNge063,2,7556,27611
DNge064,2,2457,23184
DNge065,2,12634,19316
DNge067,2,6042,18604
DNge068,2,4374,12647
DNge069,2,4528,21095
DNge070,2,6151,6577
DNge071,10,2089,11674
DNge072,2,4393,8445
DNge073,2,15302,46152
DNge074,2,5759,21190
DNge075,2,7592,27072
DNge076,2,6199,14562
DNge077,2,3324,14370
DNge078,2,5333,29518
DNge079,2,26611,49740
DNge080,2,8445,28234
DNge081,2,4887,11473
DNge082,2,6478,20693
DNge083,2,5183,37943
DNge084,2,5617,26627
DNge085,8,4868,13262
DNge086,2,6907,8073
DNge087,4,3318,9064
DNge088,2,2169,18299
DNge089,6,2388,12615
DNge090,2,1458,4514
DNge091,14,12407,45349
DNge092,4,1887,14083
DNge093,4,3018,7695
DNge094,13,7535,22288
DNge095,3,2179,7398
DNge096,2,4012,8431
DNge097,2,3304,12012
DNge098,2,3219,10585
DNge099,2,10536,31268
DNge100,2,6081,14825
DNge101,2,8292,17955
DNge102,2,10567,16608
DNge103,2,9135,24676
DNge104,2,27582,39926
DNge105,2,4528,12318
DNge106,2,6676,14561
DNge107,2,17738,17810
DNge108,5,3000,11751
DNge110,2,1241,6018
DNge111,6,3590,17660
DNge113,4,5139,9530
DNge114,6,2362,7824
DNge115,8,3409,20998
DNge116,4,1325,11742
DNge117,4,1568,6752
DNge119,2,6907,33927
DNge120,2,1585,17844
DNge121,2,5625,15555
DNge122,2,28404,27999
DNge123,2,8240,16155
DNge124,2,7630,22259
DNge125,2,12455,11077
DNge126,2,803,3378
DNge127,2,3377,16980
DNge128,2,3080,12568
DNge129,2,16466,48103
DNge130,2,2058,16124
DNge131,2,4103,25389
DNge132,2,16016,35142
DNge133,2,6762,18220
DNge134,2,1334,9864
DNge135,2,10019,34963
DNge136,4,13664,52367
DNge137,3,5979,34057
DNge138,2,12876,33108
DNge139,2,8720,22326
DNge140,2,9071,32127
DNge141,2,6501,30690
DNge142,2,9082,47790
DNge143,2,11696,26530
DNge144,2,3191,11810
DNge145,4,4560,10196
DNge146,2,10482,16498
DNge147,2,3537,12915
DNge148,2,7342,34482
DNge149,1,7007,23437
DNge150,1,4668,13924
DNge151,1,2422,7079
DNge152,1,4156,8946
DNge153,2,10268,13712
DNge154,2,1209,3455
DNge172,4,5235,41995
DNge173,2,11430,22771
DNge174,2,5466,10180
DNge175,2,4203,8436
DNge176,2,941,1919
DNge178,2,2520,6582
DNge179,6,2589,7821
DNge180,2,1174,5911
DNge181,4,3510,9388
DNge182,2,10992,17443
DNge183,2,1341,5271
DNge184,2,2929,6002
DNp01,2,43478,8873
DNp02,2,18296,30252
DNp03,2,20323,19751
DNp04,2,21930,34532
DNp05,2,12059,19610
DNp06,2,43607,40132
DNp07,2,12402,34249
DNp08,2,9249,39715
DNp09,2,15940,39234
DNp10,2,22728,41446
DNp101,2,10855,25538
DNp102,2,18558,25190
DNp103,2,56218,35692
DNp104,2,14417,27716
DNp11,2,24198,42886
DNp12,2,15381,41339
DNp13,2,20780,69270
DNp14,2,8741,27020
DNp15,2,8250,12511
DNp16_a,2,2454,8339
DNp16_b,2,2028,7931
DNp17,12,6352,23682
DNp18,2,24810,38365
DNp19,2,15357,23106
DNp20,2,10654,2034
DNp21,2,6593,20694
DNp22,2,8390,13368
DNp23,2,11129,30663
DNp24,2,1707,12864
DNp25,2,2313,9537
DNp26,2,20500,20501
DNp27,2,17306,39830
DNp28,2,654,10147
DNp29,2,6739,16889
DNp30,2,13473,8527
DNp31,2,36126,33371
DNp32,2,17948,32363
DNp33,2,6014,12615
DNp34,2,9081,33749
DNp35,2,36105,28138
DNp36,2,15324,44867
DNp38,2,4458,40093
DNp39,2,5531,11941
DNp41,4,5700,23338
DNp42,2,17813,50371
DNp43,2,17746,40398
DNp44,2,2602,26445
DNp45,2,12770,33298
DNp46,2,4728,24827
DNp47,2,7498,34674
DNp48,2,8333,49641
DNp49,2,8435,33063
"DNp51,DNpe019",4,12156,17776
DNp52,2,3408,9613
DNp53,2,6986,15220
DNp54,2,9568,34644
DNp55,2,17222,38445
DNp56,2,7752,25419
DNp57,2,16112,28427
DNp58,2,4987,16279
DNp59,2,13924,38839
DNp60,2,3059,20170
DNp62,2,8589,7712
DNp63,2,12824,25634
DNp64,2,10586,37640
DNp65,2,3296,11396
DNp66,2,11911,29794
DNp67,2,5186,19484
DNp68,2,12936,35717
DNp69,2,24313,42140
DNp70,2,22680,25719
DNp71,2,11813,40590
DNp72,2,1831,6733
DNp73,2,15496,29386
DNpe001,2,9824,20925
DNpe002,2,14830,36827
DNpe003,4,10619,29246
DNpe004,4,6010,21441
DNpe005,2,6695,58504
DNpe006,2,2607,24565
DNpe007,2,6230,23372
DNpe008,19,6149,25620
DNpe009,6,4897,12369
DNpe010,2,2296,5515
DNpe011,4,1111,5786
DNpe012_a,4,2743,10168
DNpe012_b,4,2316,12341
DNpe013,2,15369,23331
DNpe014,4,7840,18384
DNpe015,11,5004,13427
DNpe016,2,6747,24566
DNpe017,2,21021,29021
DNpe018,3,531,3354
DNpe020,2,11265,38648
DNpe021,2,11636,39230
DNpe022,2,10820,33447
DNpe023,2,13801,28005
DNpe024,2,8485,22160
DNpe025,2,16812,37371
DNpe026,2,7442,27233
DNpe027,2,8924,23729
DNpe028,2,3983,13078
DNpe029,4,6772,18701
DNpe030,2,5382,32652
DNpe031,4,24096,68531
DNpe032,2,5158,24239
DNpe033,2,3081,7906
DNpe034,2,6417,21036
DNpe035,2,3571,13643
DNpe036,2,1456,15608
DNpe037,2,6439,21460
DNpe039,2,5707,15656
DNpe040,2,6984,24059
DNpe041,2,4422,13475
DNpe042,2,33048,29551
DNpe043,2,5081,27065
DNpe045,2,15374,48367
DNpe048,2,4858,15014
DNpe049,2,10298,36552
DNpe050,2,9320,31036
DNpe052,2,8577,34528
DNpe053,2,37475,131160
DNpe054,7,3362,8785
DNpe055,2,8098,28040
DNpe056,2,15441,48517
DNpe057,4,1450,5277
DNx01,2,4143,21723
DNx02,4,595,34972
DNxl114,2,6634,20252
DP1l_adPN,2,21153,71632
DP1l_vPN,3,1268,5757
DP1m_adPN,2,35851,127651
DP1m_vPN,4,1296,7886
DPM,2,104155,56992
DSKMP3,4,8182,17712
DVMn 1a-c,6,27487,242
"DVMn 2a, b",4,11270,157
"DVMn 3a, b",4,15277,392
D_adPN,6,18474,50742
Delta7,42,51707,216445
Dm-DRA1,50,18591,49658
Dm-DRA2,33,7411,15426
Dm1,80,126688,244560
Dm10,626,266419,281697
Dm11,158,33215,104903
Dm12,276,182272,399149
Dm13,53,133360,187728
Dm14,34,44330,108684
Dm15,485,102493,287707
Dm16,151,56481,109815
Dm17,8,73897,145912
Dm18,58,164037,134746
Dm19,30,120173,155508
Dm2,1452,277286,913964
Dm20,98,159988,275628
Dm3a,1204,193127,350088
Dm3b,1137,188459,323793
Dm3c,787,174450,267366
Dm4,99,58517,252321
Dm6,62,216425,202043
Dm8a,572,180236,377900
Dm8b,532,165295,296010
Dm9,273,156951,461223
EA00B006,1,1992,606
EA00B007,1,1268,89
EA00B022,1,1174,30
EA06B010,2,8014,26469
EA27X006,2,1118,1190
EAXXX079,2,2920,1446
EL,18,74777,35599
EN00B001,1,5068,220
EN00B002,1,2614,18
EN00B003,2,17578,104
EN00B004,2,5450,101
EN00B008,3,3573,756
EN00B010,4,9008,301
EN00B011,2,4620,125
EN00B012,1,1999,31
EN00B013,4,9593,191
EN00B015,3,5459,232
EN00B016,3,5652,72
EN00B017,1,1394,62
EN00B018,1,7435,97
EN00B019,1,1688,24
EN00B020,1,2035,6
EN00B023,4,2791,75
EN00B024,1,466,121
EN00B025,2,898,85
EN00B026,8,4266,244
EN00B027,2,3150,13
EN21X001,4,5097,41
ENS1,6,777,11673
ENS2,4,1473,17283
ENS3,5,905,5691
ENS4,5,354,12194
ENS5,6,519,10848
ENXXX128,2,6617,124
ENXXX226,19,15217,477
ENXXX286,2,3656,25
EPG,46,205511,181573
EPGt,4,2971,5099
ER1_a,11,9569,14509
ER1_b,13,11382,17054
ER1_c,4,3049,4992
ER2_a,12,19937,28839
ER2_b,4,5422,7898
ER2_c,20,36191,52491
ER2_d,5,7676,11053
ER3a_a,15,14992,17658
ER3a_b,6,5674,7258
ER3a_c,4,4309,5314
ER3a_d,5,4622,5767
ER3d_a,7,10731,12145
ER3d_b,20,25061,30869
ER3d_c,9,13079,14998
ER3d_d,11,15045,17356
ER3d_e,7,10362,12520
ER3m,18,22582,27851
ER3p_a,14,14612,26741
ER3p_b,4,4452,6951
ER3w_a,7,9592,13259
ER3w_b,18,19964,29771
ER3w_c,6,7509,10739
ER4d,26,56995,72135
ER4m,11,28007,59899
ER5,21,25712,51585
ER6,4,12516,15497
ExR1,4,54794,38912
ExR2,4,11066,11219
ExR3,2,15011,26202
ExR4,2,20525,21990
ExR5,4,12375,51892
ExR6,2,20824,31807
ExR7,4,6866,40820
ExR8,4,5707,17504
FB,1,10,9
FB1A,4,2636,9990
FB1B,4,2978,7559
FB1C,4,13300,12387
FB1D,5,3847,13288
FB1E_a,5,3200,17415
FB1E_b,2,1799,6738
FB1F,2,1592,4415
FB1G,2,7175,44247
FB1H,2,12895,17482
FB1I,2,3377,4206
FB1J,2,2912,3574
FB2A,4,10013,9340
FB2B_a,4,9567,16768
FB2B_b,4,6407,14471
FB2C,5,4966,8832
FB2D,6,18713,34572
FB2E,4,3709,14709
FB2F_a,6,6745,30070
FB2F_b,3,2989,11581
FB2F_c,4,1393,10143
FB2F_d,4,3307,14597
FB2G_a,2,1919,8059
FB2G_b,6,6400,27622
FB2H_a,2,1811,8063
FB2H_b,2,2082,9014
FB2I_a,10,11352,25528
FB2I_b,2,1780,7793
FB2J_a,2,1539,6729
FB2J_b,2,1602,8287
FB2J_c,2,1707,8063
FB2K,9,7543,10937
FB2L,4,3457,10001
FB2M_a,4,4480,19335
FB2M_b,2,2352,8640
FB3A,4,11658,12305
FB3C,13,9120,23461
FB3D,1,771,1957
FB3E,2,1906,4734
FB4A_a,6,4124,6815
FB4A_b,2,2642,3330
FB4B,2,10225,18688
FB4C,2,11871,16005
FB4D_a,2,2605,5601
FB4D_b,2,2297,5664
FB4D_c,2,2600,6294
FB4E_a,5,4386,8031
FB4E_b,4,3212,4832
FB4E_c,2,1602,4194
FB4F_a,4,5378,12503
FB4F_b,2,2468,5346
FB4F_c,6,7372,18327
FB4G,2,5998,11989
FB4H,2,6042,14979
FB4I,2,2456,5299
FB4J,2,2691,6644
FB4K,4,7976,18703
FB4L,4,9600,5935
FB4M,4,20033,21242
FB4N,2,12276,18492
FB4O,6,8188,27760
FB4P_a,4,8408,13996
FB4P_b,3,4580,16720
FB4P_c,2,3728,11734
FB4Q_a,2,2604,9075
FB4Q_b,2,2510,5767
FB4Q_c,3,3533,10561
FB4R,6,6757,22318
FB4X,2,8832,16212
FB4Y,4,23543,18873
FB4Z_a,8,7727,5623
FB4Z_b,3,1893,1546
FB4Z_c,4,4194,2613
FB5A,4,24304,45602
FB5AA,2,4876,8890
FB5AB,2,12260,19415
FB5B,6,5034,7982
FB5C,3,6324,11825
FB5D,3,6978,13552
FB5E,2,4062,8047
FB5F,2,3519,8899
FB5G_a,4,4817,14238
FB5G_b,2,1263,4674
FB5G_c,2,2951,8262
FB5H,2,8324,9058
FB5I,2,7495,16188
FB5J,2,2778,4056
FB5K,2,4694,8467
FB5L,2,3390,7883
FB5M,2,2232,5207
FB5N,4,5551,12130
FB5O,2,3267,7131
FB5P,4,3512,6765
FB5Q,4,6795,18656
FB5R,4,3087,2975
FB5S,9,8553,7398
FB5T,2,2046,2859
FB5U,4,4722,4503
FB5V_a,6,7120,12570
FB5V_b,6,6574,14427
FB5V_c,5,4878,6801
FB5W_a,6,4130,11368
FB5W_b,3,1174,2670
FB5X,6,9359,20272
FB5Y_a,2,3367,8846
FB5Y_b,2,3276,7825
FB5Z,4,3724,8665
FB6A_a,2,8489,23577
FB6A_b,2,6689,20451
FB6A_c,2,9625,24407
FB6B,2,2868,6891
FB6C_a,2,2411,10505
FB6C_b,6,8290,30965
FB6D,2,6194,16581
FB6E,2,3904,13939
FB6F,2,3674,12466
FB6G,2,3386,11612
FB6H,2,7195,6547
FB6I,2,3647,12780
FB6J,5,4965,4633
FB6K,4,5448,7224
FB6L,3,2270,954
FB6M,4,6576,13973
FB6N,2,2982,6041
FB6O,2,3347,5436
FB6P,2,2698,4232
FB6Q,2,1730,3496
FB6R,4,2999,6316
FB6S,8,4281,7423
FB6T,4,3532,5309
FB6U,4,7168,14320
FB6V,2,4860,8712
FB6W,2,2935,6943
FB6X,2,2492,5548
FB6Y,2,1505,3376
FB6Z,2,3042,7148
FB7A,6,7487,21364
FB7B,2,5168,5967
FB7C,5,2904,6339
FB7D_a,4,4044,3578
FB7D_b,4,3294,2926
FB7E,6,6610,12964
FB7F,4,2578,4425
FB7G,4,4862,10842
FB7H,2,3075,4211
FB7I,5,7682,16045
FB7J,4,5941,5651
FB7K,4,3293,9911
FB7L,6,8020,20820
FB7M,2,1182,2400
FB8A,2,1410,3777
FB8B,4,4422,7481
FB8C,4,4829,5815
FB8D,2,971,1654
FB8E,5,2679,7377
FB8F_a,7,4821,8373
FB8F_b,9,6040,8674
FB8G,6,5925,15114
FB8H,6,4482,15929
FB8I,6,5323,8654
FB9A,6,2717,4095
FB9B_a,4,746,2262
FB9B_b,4,1590,2024
FB9B_c,4,814,1196
FB9B_d,4,1145,2460
FB9B_e,4,425,908
FB9C,8,2520,5098
FC,3,1752,2605
FC1A,17,10899,20000
FC1B,22,14246,20981
FC1C_a,12,5954,9243
FC1C_b,17,8512,13454
FC1D,25,11476,22718
FC1E,22,9463,17846
FC1F,15,9625,13792
FC2A,18,32155,32113
FC2B,27,42364,45704
FC2C,47,47523,56385
FC3_a,17,10351,22447
FC3_b,20,10346,24021
FC3_c,15,9745,18562
FLA001m,12,9296,45332
FLA002m,12,4078,21176
FLA003m,4,4561,14777
FLA004m,11,2732,13908
FLA005m,3,1453,5975
FLA006m,6,6902,12422
FLA009m,1,367,1872
FLA016,2,4626,31484
FLA017,2,5204,10582
FLA018,2,609,2729
FLA019,2,2357,10506
FLA020,2,4557,40206
FMRFa_Tv,4,8168,394
FNM2,2,7963,48
FR1,18,28741,22672
FR2,18,5362,14516
FS1A_a,16,8138,16110
FS1A_b,13,7593,10148
FS1A_c,18,9753,14322
FS1B_a,13,5953,15158
FS1B_b,16,5295,18379
FS2,42,28869,27682
FS3,2,703,906
FS3_a,15,6501,9909
FS3_b,14,4792,6533
FS3_c,14,6109,7646
FS3_d,31,6629,9647
FS4A,57,14093,33540
FS4B,29,5122,16634
FS4C,28,6647,26116
Fe reductor MN,20,76432,932
GFC1,3,2729,9515
GFC2,10,30911,48879
GFC3,13,6999,17754
GFC4,8,2434,9354
GLNO,4,9532,20072
GNG001,1,16614,16717
GNG002,1,3484,13346
GNG003,1,12704,21506
GNG004,1,10826,8543
GNG005,1,9467,11774
GNG006,1,8149,8675
GNG007,1,4027,12014
GNG008,1,2686,14536
GNG009,2,1981,5320
GNG011,2,22863,25153
GNG013,2,22701,8747
GNG014,2,18936,64340
GNG015,2,18875,18479
GNG016,2,17433,20023
GNG017,2,13899,15580
GNG018,2,13298,12269
GNG019,2,13278,19080
GNG021,2,12024,22322
GNG022,2,10570,21300
GNG023,2,9465,15280
GNG024,2,11905,18956
GNG025,2,9758,16903
GNG026,2,8290,17335
GNG027,2,8297,9620
GNG028,2,7861,15399
GNG029,2,7659,10701
GNG030,2,7553,12265
GNG031,2,7561,18193
GNG032,2,7464,23154
GNG033,2,7015,25214
GNG034,2,7313,12807
GNG035,2,7365,29543
GNG036,2,7400,15930
GNG037,2,6861,22905
GNG038,2,6752,10103
GNG039,2,7747,13045
GNG040,2,6926,31700
GNG041,2,7335,9611
GNG042,2,7542,9117
GNG043,2,6330,14449
GNG044,2,6561,20700
GNG045,2,6753,18536
GNG046,2,6769,20027
GNG047,2,6674,23416
GNG048,2,6478,10387
GNG049,2,6134,21405
GNG050,2,6207,11239
GNG051,2,6444,13687
GNG052,2,6114,22279
GNG053,2,6157,7242
GNG054,2,6056,17756
GNG055,2,5904,8462
GNG056,2,5709,7792
GNG057,2,5949,12868
GNG058,2,5269,20102
GNG059,2,5783,15949
GNG060,2,5592,17079
GNG061,2,5438,18886
GNG062,2,5281,14126
GNG063,2,5054,9087
GNG064,2,5884,16277
GNG065,2,4754,14309
GNG066,2,5052,14665
GNG067,2,4402,4859
GNG068,2,5338,23595
GNG069,2,5113,11999
GNG070,2,3899,16540
GNG071,2,4968,7528
GNG072,2,4756,17047
GNG073,2,2626,5699
GNG074,2,4600,6260
GNG075,2,4546,13347
GNG076,2,3998,19539
GNG077,2,3810,19387
GNG078,2,4030,14008
GNG079,2,4035,13481
GNG080,2,4200,15407
GNG081,2,4182,18087
GNG083,2,3512,10150
GNG084,2,4154,13997
GNG085,2,3408,12431
GNG086,2,3249,15620
GNG087,3,24018,45117
GNG088,2,15335,20516
GNG089,2,11185,11495
GNG090,2,12069,18455
GNG091,2,11965,12159
GNG092,2,10177,17796
GNG093,2,9835,19478
GNG094,2,9789,26601
GNG095,2,9695,13164
GNG096,2,9038,15226
GNG097,2,9067,22179
GNG099,2,8508,17429
GNG100,2,11120,22355
GNG101,2,3211,16433
GNG102,2,18870,18565
GNG103,2,21453,77325
GNG104,2,20487,43177
GNG105,2,16569,53088
GNG106,2,14191,29679
GNG107,2,13600,18277
GNG108,2,13041,22218
GNG109,2,11871,17946
GNG111,2,10247,18621
GNG112,2,10221,18718
GNG113,2,10263,15177
GNG114,2,9410,16152
GNG115,2,9570,13064
GNG116,2,9647,9976
GNG117,2,8396,42882
GNG118,2,2680,13426
GNG119,2,9052,31882
GNG120,2,10431,17668
GNG121,2,7531,38058
GNG122,2,10824,13929
GNG123,2,8881,9329
GNG124,2,8568,17900
GNG125,2,8374,12246
GNG126,2,10467,13164
GNG127,2,8008,13491
GNG128,2,7634,14924
GNG129,2,7923,17283
GNG130,2,8002,10164
GNG131,2,7963,13140
GNG132,2,7111,17313
GNG133,2,7837,678
GNG134,2,7629,24970
GNG135,2,7075,13934
GNG136,2,7334,14429
GNG137,2,6346,11610
GNG139,2,7278,24858
GNG140,2,7001,22194
GNG141,2,6480,8750
GNG142,2,7771,15796
GNG143,2,6874,25099
GNG144,2,8459,15516
GNG145,2,6416,19606
GNG146,2,5008,17028
GNG147,3,8906,48527
GNG148,2,6486,13703
GNG149,2,6828,10227
GNG150,2,5912,21313
GNG152,2,5628,15619
GNG153,2,6088,21338
GNG154,2,6332,12386
GNG155,2,6126,27202
GNG156,2,5542,15204
GNG157,2,5640,14271
GNG158,2,6289,11143
GNG159,2,5665,16907
GNG160,2,3833,22606
GNG161,2,6038,7893
GNG162,2,5766,15055
GNG163,4,10070,13398
GNG164,2,5806,16472
GNG165,4,10018,27469
GNG166,2,5447,13534
GNG167,2,5678,12754
GNG168,2,5155,17287
GNG169,2,5156,19252
GNG170,2,4832,6639
GNG171,2,5211,16778
GNG172,2,5210,8837
GNG173,2,5081,10946
GNG174,2,5265,15706
GNG175,2,4348,8859
GNG176,2,4932,14410
GNG177,2,5090,5422
GNG178,2,4489,7277
GNG179,2,4818,11403
GNG180,2,4798,11087
GNG181,2,4619,21147
GNG182,2,4825,14829
GNG183,2,3899,13815
GNG184,2,4853,10824
GNG185,2,4512,13528
GNG186,2,4119,9183
GNG187,2,4292,12335
GNG188,2,3841,21819
GNG189,2,3648,9458
GNG190,2,3902,6395
GNG191,2,4053,25973
GNG192,2,4396,6816
GNG194,2,3827,10026
GNG195,2,4349,13621
GNG196,2,4238,18625
GNG197,2,4063,11159
GNG198,3,6714,40466
GNG199,2,3783,9601
GNG200,2,3891,18841
GNG201,2,3782,12411
GNG202,2,3741,14198
GNG203,2,3702,8510
GNG204,2,3765,6859
GNG205,2,3586,11300
GNG206,2,3435,9953
GNG207,2,2911,7056
GNG208,2,2718,16985
GNG209,2,3813,8468
GNG210,2,3658,12272
GNG211,2,3042,20080
GNG212,2,2908,12579
GNG213,2,3452,18106
GNG214,2,3583,7522
GNG215,2,3352,8496
GNG216,2,2791,7937
GNG217,2,3250,14006
GNG218,2,3188,12797
GNG219,2,2997,8582
GNG220,2,3404,5790
GNG221,2,2211,8790
GNG222,2,2722,5306
GNG223,2,3200,10276
GNG224,2,3308,17512
GNG225,2,3186,10355
GNG226,2,2787,13699
GNG227,2,3042,12223
GNG228,2,2758,8694
GNG229,2,3019,7297
GNG230,2,2487,13017
GNG231,2,2809,15484
GNG232,2,3186,7490
GNG233,2,3074,16774
GNG234,2,2685,13599
GNG235,2,2766,12839
GNG236,2,2343,13823
GNG237,2,2496,7344
GNG238,2,2596,9354
GNG239,6,7008,15061
GNG240,2,2500,5276
GNG241,2,2238,23224
GNG243,2,2435,9472
GNG244,2,2307,9060
GNG245,2,2193,9452
GNG246,2,2261,6210
GNG247,2,2299,8976
GNG248,2,2169,15206
GNG249,2,2032,5183
GNG250,2,1755,6226
GNG251,2,2133,14930
GNG252,2,1915,14263
GNG253,2,1898,8296
GNG254,2,1831,7997
GNG255,6,5412,5904
GNG256,2,1931,2835
GNG257,2,1658,6315
GNG258,2,1906,6850
GNG259,2,1770,11058
GNG260,2,1627,8394
GNG261,2,1730,3161
GNG262,2,1456,14067
GNG264,2,1407,8490
GNG266,4,2095,10705
GNG267,2,1258,5437
GNG268,2,1204,3255
GNG269,8,3215,16348
GNG270,2,1073,2614
GNG271,3,2175,9318
GNG272,2,928,3416
GNG273,4,2369,10861
GNG274,2,752,6096
GNG275,4,1159,3433
GNG276,2,12527,303
GNG277,2,514,10431
GNG278,2,420,6162
GNG279_a,2,786,2044
GNG279_b,2,505,1686
GNG280,2,3996,12156
GNG281,2,5634,12913
GNG282,2,10635,43965
GNG283,2,14979,319
GNG284,2,5123,22974
GNG285,2,5364,17552
GNG286,2,3620,31862
GNG287,2,10265,17974
GNG288,2,4754,10837
GNG289,2,7450,19536
GNG290,2,2800,14781
GNG291,2,2085,16274
GNG292,2,3980,10901
GNG293,2,2069,8382
GNG294,2,5340,11364
GNG295,1,2377,3504
GNG296,1,1512,3452
GNG297,1,5254,19511
GNG298,1,8246,21712
GNG299,1,6826,7631
GNG300,2,16549,16015
GNG301,2,10742,27536
GNG302,2,7739,58374
GNG303,2,6484,22785
GNG304,2,6442,16694
GNG305,2,4984,15932
GNG306,2,4169,23287
GNG307,2,6816,15348
GNG308,2,1810,20683
GNG309,4,1074,6149
GNG310,4,620,6560
GNG311,2,4122,64414
GNG312,2,3831,21385
GNG313,2,9671,24149
GNG314,2,12736,225
GNG315,2,7069,10581
GNG316,2,7629,31842
GNG317,2,5150,16085
GNG318,4,3315,6137
GNG319,9,7401,22657
GNG320,8,6422,8263
GNG321,2,6334,15429
GNG322,2,4199,22291
GNG323,1,5721,21779
GNG324,2,3911,25706
GNG325,2,460,3088
GNG326,6,1174,9450
GNG327,2,7685,6878
GNG328,2,1965,15186
GNG329,9,2347,3974
GNG330,4,1780,7337
GNG331,4,3868,13516
GNG332,10,2865,3923
GNG333,2,1018,5713
GNG334,3,8650,29471
GNG335,2,324,2685
GNG336,3,693,4784
GNG337,1,2792,4825
GNG338,4,1529,9541
GNG339,2,617,2983
GNG340,1,2279,3256
GNG341,2,3083,8789
GNG342,2,4439,6942
GNG343,2,4874,6058
GNG344,1,1831,2818
GNG345,4,5245,12333
GNG346,1,467,1958
GNG347,1,1745,6163
GNG348,1,872,2010
GNG349,1,1111,2841
GNG350,3,5790,17858
GNG351,3,10791,61362
GNG352,2,1315,3645
GNG353,2,1859,8091
GNG354,3,1783,7094
GNG355,2,1555,6127
GNG356,2,1145,4417
GNG357,4,9964,19675
GNG358,4,3334,19033
GNG359,2,845,2563
GNG360,2,1274,3625
GNG361,4,2428,14407
GNG362,2,1687,6234
GNG363,3,1208,5863
GNG364,3,1911,7374
GNG365,2,4401,10004
GNG366,3,1712,3845
GNG367_a,2,854,2613
GNG367_b,2,810,2089
GNG368,2,1190,3708
GNG369,3,847,4487
GNG370,2,1281,3205
GNG371,3,1487,4067
GNG372,3,960,2298
GNG373,3,2006,4657
GNG375,4,1738,8708
GNG376,5,1300,5128
GNG377,4,3447,12385
GNG379,7,3446,12318
GNG380,6,4165,9730
GNG381,4,1209,5259
GNG382,5,2074,6783
GNG383,2,605,2342
GNG384,1,1110,2279
GNG385,4,9290,55298
GNG386,8,2618,2173
GNG387,4,2276,6143
GNG388,7,3847,7400
GNG390,2,1766,3109
GNG391,4,9605,14207
GNG392,4,4666,10397
GNG393,3,3835,7144
GNG394,2,9893,10104
GNG395,6,2004,5032
GNG396,2,775,3693
GNG397,3,4231,6607
GNG398,4,2535,8059
GNG399,2,458,7533
GNG400,4,4713,9499
GNG401,5,6430,13927
GNG402,4,1917,6154
GNG403,2,3360,6711
GNG404,2,4521,23084
GNG406,12,10176,26257
GNG407,6,4758,13275
GNG408,4,1340,2687
GNG409,4,5247,7647
GNG410,10,3711,6080
GNG411,5,2638,17584
GNG412,6,5171,12310
GNG413,5,1284,6064
GNG414,3,2016,3722
GNG415,3,660,2951
GNG416,6,995,6446
GNG417,2,228,3361
GNG418,2,310,3497
GNG419,2,366,3050
GNG420_a,2,371,3901
GNG420_b,2,273,3526
GNG421,3,3031,5418
GNG422,6,5850,8863
GNG423,4,9933,47991
GNG424,3,764,2508
GNG425,3,909,2014
GNG427,6,1622,5599
GNG428,12,3848,13091
GNG429,4,3823,5268
GNG430_a,2,1115,4995
GNG430_b,2,936,3996
GNG431,21,6663,13266
GNG434,4,2917,15372
GNG435,5,1733,7151
GNG438,8,3831,9940
GNG439,4,1365,7610
GNG440,7,4488,6939
GNG441,2,954,2761
GNG442,6,2211,24241
GNG443,6,1872,7257
GNG444,5,1712,7480
GNG445,2,792,2461
GNG446,3,1694,5537
GNG447,2,1606,3795
GNG448,2,1636,4306
GNG449,2,2060,3967
GNG450,2,2195,2896
GNG451,2,1869,3265
GNG452,4,4157,9338
GNG453,5,5948,10954
GNG454,11,3522,18478
GNG455,2,2337,6749
GNG456,3,4143,19167
GNG457,2,7505,25308
GNG458,2,8466,25403
GNG459,2,4530,14452
GNG460,2,4875,15134
GNG461,4,3066,21540
GNG462,2,4975,6074
GNG463,2,3781,8935
GNG464,4,4091,10462
GNG465,5,4566,11297
GNG466,3,3135,20112
GNG467,4,10364,22243
GNG468,2,9806,21942
GNG469,2,6204,10275
GNG470,1,2428,7883
GNG471,4,2359,7420
GNG472,2,3631,7621
GNG473,2,3488,13923
GNG474,4,7493,14046
GNG479,2,9921,10630
GNG481,4,6929,9912
GNG482,4,7502,17728
GNG483,2,2709,7081
GNG484,2,6276,20931
GNG485,2,3424,18044
GNG486,2,3410,17336
GNG487,2,2461,15702
GNG488,4,3414,23101
GNG489,2,2864,21256
GNG490,2,3966,17378
GNG491,2,4799,12630
GNG492,2,3832,8326
GNG493,2,2020,7638
GNG494,2,8668,34328
GNG495,2,6073,16721
GNG496,3,431,5232
GNG497,2,3319,14673
GNG498,2,3016,13280
GNG499,2,6661,17691
GNG500,2,7563,27788
GNG501,2,5419,17198
GNG502,2,7902,20483
GNG503,2,9503,13056
GNG504,2,6417,22231
GNG505,2,5144,17043
GNG506,2,9504,33618
GNG507,2,6164,7211
GNG508,2,3993,12017
GNG509,2,5102,30359
GNG510,2,8384,27825
GNG511,2,12982,16519
GNG512,2,7583,17686
GNG513,2,8671,15156
GNG514,2,6795,33098
GNG515,2,6035,14680
GNG516,2,15895,19122
GNG517,2,3948,23127
GNG518,2,8151,16506
GNG519,2,4493,12334
GNG520,2,3998,12258
GNG521,2,6261,12366
GNG522,1,1672,4537
GNG523,3,6285,21957
GNG524,2,5798,8913
GNG525,2,6396,18053
GNG526,2,2092,16730
GNG527,2,2715,9249
GNG528,1,1321,5205
GNG529,2,9564,8061
GNG530,2,6358,8930
GNG531,2,4396,6325
GNG532,2,5386,18402
GNG533,2,2002,6339
GNG534,2,8910,18930
GNG535,2,4498,21872
GNG536,2,1101,4880
GNG537,2,3228,12390
GNG538,2,4314,10582
GNG539,1,2078,7323
GNG540,2,4599,4439
GNG541,2,4726,10304
GNG542,2,3693,29584
GNG543,2,4387,11893
GNG544,2,2449,21439
GNG545,1,2906,20233
GNG546,2,9589,17519
GNG547,2,5687,13882
GNG548,2,8630,15755
GNG549,2,6636,11421
GNG550,2,4502,5049
GNG551,2,9404,20985
GNG552,2,5114,12697
GNG553,2,9290,26926
GNG554,3,9739,20509
GNG555,2,4068,16161
GNG556,3,9024,31542
GNG557,2,4929,26492
GNG558,2,1926,6563
GNG559,2,5760,9013
GNG560,2,1890,13487
GNG561,2,11074,15942
GNG562,2,11512,16354
GNG563,2,8880,13659
GNG564,2,2841,15978
GNG565,2,5705,14497
GNG566,2,2724,10862
GNG567,2,2491,6477
GNG568,2,3955,13295
GNG569,2,5109,11151
GNG572,3,9713,21260
GNG573,2,3242,14858
GNG574,2,6970,24207
GNG575,3,9938,19283
GNG576,2,5940,17084
GNG577,2,2916,9267
GNG578,2,6271,14118
GNG579,2,4513,23785
GNG580,2,4946,17235
GNG581,2,10516,20670
GNG582,2,4895,13523
GNG583,2,4422,26681
GNG584,2,10213,16338
GNG585,3,6179,24295
GNG586,2,3284,15271
GNG587,2,4184,18791
GNG588,2,6981,22397
GNG589,2,11245,34286
GNG590,2,13753,19447
GNG591,2,2427,24672
GNG592,3,12002,46526
GNG593,2,6580,13902
GNG594,2,7515,14952
GNG595,6,2996,14102
GNG596,2,796,4255
GNG597,6,1824,10133
GNG598,4,3285,4912
GNG599,2,1252,2127
GNG600,3,952,7493
GNG601,2,2718,5196
GNG602,2,3659,7149
GNG603,2,1006,3694
GNG604,2,1402,4359
GNG605,2,1602,4981
GNG606,2,1644,5756
GNG607,2,2200,5803
GNG608,2,1929,4890
GNG609,4,1262,4524
GNG610,8,2713,13418
GNG611,2,2510,5326
GNG612,2,2118,3308
GNG613,2,610,3040
GNG614,2,466,3083
GNG615,2,334,2435
GNG616,2,380,4974
GNG617,2,542,4463
GNG618,2,930,3465
GNG619,6,2001,12171
GNG620,2,2677,8221
GNG621,5,3600,15555
GNG622,4,3189,13123
GNG623,2,1460,5829
GNG624,4,1107,7431
GNG625,2,477,2678
GNG626,2,210,1510
GNG627,2,2916,8077
GNG628,2,2975,9014
GNG629,2,368,1590
GNG630,2,2193,5951
GNG631,2,2371,3446
GNG633,4,13878,21859
GNG634,5,3126,5727
GNG635,8,3684,4266
GNG636,4,13123,21905
GNG637,2,4718,4987
GNG638,2,4846,15084
GNG639,2,2971,12112
GNG640,2,5674,25434
GNG641,2,16176,332
GNG642,2,816,12636
GNG643,18,6573,40408
GNG644,2,1505,15361
GNG646,5,2065,8652
GNG647,3,17549,550
GNG648,2,18373,1068
GNG649,2,6720,473
GNG650,2,18419,117
GNG651,2,14333,463
GNG652,2,6597,314
GNG653,2,18865,441
GNG654,2,277,8311
GNG655,2,137,2579
GNG656,4,390,171
GNG657,5,5241,14398
GNG658,2,1960,5606
GNG659,2,1013,6875
GNG660,2,5074,12456
GNG661,2,4567,39671
GNG662,6,2836,12900
GNG663,4,6139,13555
GNG664,2,3679,18224
GNG665,2,3177,5860
GNG666,2,3321,8347
GNG667,2,19560,79284
GNG668,2,4707,174
GNG669,2,2125,3142
GNG670,2,5821,21289
GNG671,1,6867,15046
GNG700m,2,8106,23279
GNG701m,2,4639,13980
GNG702m,2,5199,13483
H1,2,19666,37069
H2,2,65226,30529
HBeyelet,7,714,6489
HRN_VP1d,18,10164,40578
HRN_VP1l,8,2390,11031
HRN_VP4,28,4731,43849
HRN_VP5,12,2343,21810
HSE,2,37601,4509
HSN,2,33989,5038
HSS,2,35498,8058
HST,2,8240,21862
Hugin-RG,4,290,155
IB002,10,1780,10494
IB004_a,14,3878,14367
IB004_b,6,2065,5393
IB005,2,4094,15402
IB007,2,6342,19830
IB008,2,28712,22971
IB009,2,12106,22986
IB010,2,13190,19678
IB012,2,5513,18068
IB014,2,7476,25049
IB015,2,1613,11952
IB016,2,1813,9983
IB017,2,4993,21955
IB018,2,35291,34805
IB020,2,2659,10373
IB021,2,2997,11927
IB022,4,4418,12694
IB023,2,5333,11176
IB024,2,4346,8154
IB025,2,4762,17690
IB026,2,3488,11238
IB031,4,6986,14285
IB032,8,7027,15712
IB033,4,7612,21537
IB035,2,683,1847
IB038,4,21397,23871
IB042,2,1044,5339
IB044,2,1881,15652
IB045,4,2953,20314
IB047,2,3276,14425
IB048,2,3216,12148
IB049,4,4909,20287
IB050,2,3329,12149
IB051,4,7991,14889
IB053,2,1384,7519
IB054,10,4125,21204
IB058,2,4703,17691
IB059_a,2,2712,12695
IB059_b,2,2684,8835
IB060,2,3985,11110
IB061,2,9072,16482
IB062,2,2945,14907
IB064,2,5147,16845
IB065,2,5353,18781
IB066,4,1951,11434
IB068,2,3528,11964
IB069,2,2117,7198
IB070,3,3096,5412
IB071,3,3072,5027
IB076,4,3504,6829
IB083,2,1787,3838
IB084,7,3954,10980
IB087,8,3255,11490
IB092,2,6362,28300
IB093,2,4880,18917
IB094,2,6294,13218
IB095,2,4303,14351
IB096,2,1558,8280
IB097,2,7252,29867
IB101,2,2522,10923
IB109,2,9169,21267
IB110,2,5518,10962
IB114,2,15760,21142
IB115,4,6270,37721
IB116,2,4712,15789
IB117,2,7431,11390
IB118,2,6041,7839
IB120,2,6278,12279
IB121,2,3578,9274
ICL002m,2,4332,14643
ICL003m,4,4859,11418
ICL004m_a,2,2238,4319
ICL004m_b,2,1799,4482
ICL005m,2,2478,5540
ICL006m,5,5583,11523
ICL008m,6,4121,22338
ICL010m,2,1861,8967
ICL011m,2,1782,8646
ICL012m,4,6483,18969
ICL013m_a,2,3218,7164
ICL013m_b,2,3559,7438
IN00A001,2,16152,12589
IN00A002,3,15287,44954
IN00A003,1,7093,8057
IN00A004,2,11641,16901
IN00A005,1,6108,5144
IN00A007,2,8006,11943
IN00A008,1,1851,9932
IN00A009,4,14047,32435
IN00A010,2,7385,11640
IN00A011,6,15988,28992
IN00A012,2,7143,6572
IN00A013,1,2256,7203
IN00A014,3,12105,12980
IN00A016,2,3194,4666
IN00A017,5,11318,12985
IN00A018,2,5489,5308
IN00A019,3,11101,16987
IN00A020,3,10999,13371
IN00A021,3,3856,12989
IN00A022,4,5328,11354
IN00A024,6,7043,25164
IN00A025,4,8759,14801
IN00A026,6,13619,22865
IN00A027,4,7991,18384
IN00A028,3,7250,9711
IN00A029,4,10206,2198
IN00A030,5,11099,6471
IN00A031,9,22752,46490
IN00A032,2,2237,5894
IN00A033,5,7534,22369
IN00A034,2,3497,5236
IN00A035,3,3873,7553
IN00A036,4,10890,4572
IN00A037,1,2296,1053
IN00A038,4,6059,10282
IN00A039,2,2074,2975
IN00A040,5,6036,6885
IN00A041,3,4869,5222
IN00A042,2,5003,5912
IN00A043,4,4236,10121
IN00A044,1,1123,2074
IN00A045,6,9006,24780
IN00A047,5,5443,6476
IN00A048,5,8645,8484
IN00A049,3,3740,7409
IN00A050,3,4681,5447
IN00A051,4,7860,6729
IN00A052,2,2091,3651
IN00A053,4,2507,7536
IN00A054,6,7296,7105
IN00A055,1,1552,2421
IN00A056,7,9888,7965
IN00A057,11,9285,14671
IN00A058,2,2673,1915
IN00A059,2,2044,4800
IN00A060,2,2562,2916
IN00A061,2,2760,3784
IN00A062,3,4487,3452
IN00A063,7,9290,13505
IN00A064,1,1126,1343
IN00A065,4,4011,5485
IN00A066,2,1799,3203
IN00A067,3,3204,5133
IN00A068,1,846,1550
IN00A069,1,1149,1885
IN00A070,1,767,1124
IN01A002,2,4933,29758
IN01A005,4,8336,40466
IN01A007,4,10477,32980
IN01A008,2,3925,24285
IN01A009,4,14027,36167
IN01A010,4,9597,43072
IN01A011,6,17971,58021
IN01A012,6,26573,66137
IN01A015,6,17182,41961
IN01A016,2,6947,15296
IN01A017,2,7927,13544
IN01A018,2,2805,12368
IN01A020,2,9229,17241
IN01A022,2,5456,12490
IN01A023,4,8759,35689
IN01A024,2,1480,7916
IN01A025,6,12164,27439
IN01A026,2,5357,13488
IN01A027,2,5492,13012
IN01A028,2,4140,11004
IN01A029,2,4487,9275
IN01A030,4,6143,12352
IN01A031,6,20322,32603
IN01A032,6,6422,41320
IN01A034,4,5463,12659
IN01A035,6,12317,26578
IN01A036,6,8744,27889
IN01A037,2,2638,7540
IN01A038,12,17075,34080
IN01A039,6,5953,32719
IN01A040,8,4420,27649
IN01A041,6,3900,18429
IN01A042,4,2997,16586
IN01A043,4,6670,20854
IN01A044,2,4284,7777
IN01A045,12,25963,73924
IN01A046,2,5060,8891
IN01A047,4,2081,11318
IN01A048,6,18656,34081
IN01A050,10,12057,43539
IN01A051,4,8612,16542
IN01A052_a,2,1261,5889
IN01A052_b,2,799,4282
IN01A053,4,3521,7615
IN01A054,7,3584,16234
IN01A056,4,3073,8692
IN01A057,2,721,5063
IN01A058,6,5506,14773
IN01A059,8,19106,18331
IN01A060,2,1311,5835
IN01A061,8,19306,19259
IN01A062_a,4,2031,7630
IN01A062_b,2,637,2624
IN01A062_c,6,2378,8737
IN01A063_a,2,847,2763
IN01A063_b,3,1907,5500
IN01A063_c,2,640,1617
IN01A064,4,1916,6158
IN01A065,4,6812,8090
IN01A066,6,3021,9496
IN01A067,4,1745,5285
IN01A068,4,1971,7924
IN01A069,6,2759,6833
IN01A070,9,4318,16003
IN01A071,6,6263,9378
IN01A072,2,615,3524
IN01A073,9,5988,14966
IN01A074,4,1606,3761
IN01A075,4,1844,4955
IN01A076,8,3577,12315
IN01A077,6,3272,6240
IN01A078,6,2183,6683
IN01A079,10,4983,13378
IN01A080_a,2,1216,2851
IN01A080_b,2,1660,3042
IN01A080_c,2,1011,2300
IN01A081,6,1724,6842
IN01A082,11,4842,8969
IN01A083_a,2,413,2820
IN01A083_b,4,1516,6577
IN01A084,2,874,2438
IN01A085,2,756,2183
IN01A087_a,2,585,1509
IN01A087_b,2,671,1907
IN01A088,7,1773,9584
IN01A089,1,300,1725
IN01B001,2,43112,33975
IN01B002,6,35634,33426
IN01B003,6,49642,75455
IN01B006,6,11429,22840
IN01B007,6,8302,23574
IN01B008,6,12788,34681
IN01B010,6,9086,20164
IN01B012,6,8526,27917
IN01B014,4,7119,23091
IN01B015,2,1426,7292
IN01B016,4,1623,9733
IN01B017,4,2582,13901
IN01B019_a,3,607,9000
IN01B019_b,2,472,6749
IN01B020,9,14478,23502
IN01B021,5,7412,13507
IN01B022,6,3484,17552
IN01B023_a,2,3571,6559
IN01B023_b,2,2479,6164
IN01B023_c,2,4197,6348
IN01B023_d,2,909,3858
IN01B024,4,1550,9039
IN01B025,6,3573,13148
IN01B026,8,4485,19404
IN01B027_a,4,2741,16926
IN01B027_b,4,1235,13509
IN01B027_c,2,765,4355
IN01B027_d,2,840,4820
IN01B027_e,2,232,3779
IN01B027_f,2,220,4029
IN01B029,2,2760,5191
IN01B030,2,953,3220
IN01B031_a,2,1158,3062
IN01B031_b,2,2525,4950
IN01B032,2,1355,4286
IN01B033,8,4889,17196
IN01B034,3,1231,8974
IN01B035,2,367,2334
IN01B036,2,1157,3315
IN01B037_a,2,1309,2821
IN01B037_b,3,3527,5711
"IN01B038,IN01B056",4,307,4512
IN01B039,4,1812,6220
IN01B040,3,1715,4298
IN01B041,4,1019,4436
IN01B042,8,3175,14406
IN01B043,3,1848,4166
IN01B044_a,2,133,2532
IN01B044_b,2,162,2512
IN01B045,2,141,2162
IN01B046_a,4,2155,10147
IN01B046_b,4,2239,8715
IN01B047,2,235,3980
IN01B048_a,2,604,3151
IN01B048_b,2,922,3139
IN01B049,6,1787,9684
IN01B050_a,2,795,2960
IN01B050_b,2,752,2880
IN01B051_a,2,315,2011
IN01B051_b,2,455,2268
IN01B052,6,2646,8893
IN01B053,5,2866,9291
IN01B054,5,2027,6114
IN01B055,2,674,2395
IN01B056,4,2260,6841
IN01B057,2,430,2826
IN01B059_a,2,864,3697
IN01B059_b,4,2337,9575
IN01B060,4,2229,5957
IN01B061,7,2996,16128
IN01B062,4,1921,12113
IN01B063,2,167,1755
IN01B064,4,805,6639
IN01B065,20,18579,21513
IN01B066,2,350,2421
IN01B067,6,2707,7697
IN01B068,2,726,2588
IN01B069_a,2,399,2102
IN01B069_b,3,816,4912
IN01B070,2,353,1504
IN01B072,2,747,3016
IN01B073,7,440,6848
IN01B074,7,1584,6954
IN01B075,3,1738,1909
IN01B077_a,2,408,3186
IN01B077_b,2,275,2972
IN01B078,5,1978,5972
IN01B079,5,753,6051
IN01B080,16,3352,7030
IN01B081,5,1007,6429
IN01B082,8,993,7672
IN01B083_a,2,797,2445
IN01B083_b,2,495,2298
IN01B083_c,4,1460,4935
IN01B084,8,2594,11029
IN01B085,2,95,2108
IN01B086,2,192,1000
IN01B087,2,117,1498
IN01B088,1,12,138
IN01B090,17,3376,15413
IN01B091,3,205,987
IN01B092,3,659,1531
IN01B093,2,351,2411
IN01B094,2,208,2544
IN01B095,31,5970,24769
IN01B097,5,268,4340
IN01B098,4,930,3728
IN01B099,4,251,1541
IN01B100,4,857,2736
IN01B101,1,414,1340
IN01B102,1,62,463
IN02A003,4,18536,51806
IN02A004,2,9335,34217
IN02A007,4,10521,28617
IN02A008,2,4596,19193
IN02A010,6,19159,30623
IN02A011,2,3429,7885
IN02A012,4,7837,32128
IN02A013,2,4437,16204
IN02A014,2,3991,14515
IN02A015,6,9288,18784
IN02A018,2,4475,12485
IN02A019,4,6847,20231
IN02A020,6,6001,24701
IN02A021,2,1452,5235
IN02A023,8,5626,26016
IN02A024,2,3463,7994
IN02A026,2,4842,15504
IN02A028,2,666,8642
IN02A029,16,15184,27662
IN02A030,14,12365,65216
IN02A031,2,663,3103
IN02A032,2,1767,4366
IN02A033,12,10226,16533
IN02A034,4,2009,5242
IN02A035,4,2020,5046
IN02A036,4,1493,8040
IN02A037,2,1109,2367
IN02A038,4,1194,6367
IN02A040,4,1813,4518
IN02A041,2,802,3657
IN02A042,4,2104,4716
IN02A043,6,3769,5674
IN02A044,10,7332,18015
IN02A045,6,2597,5665
IN02A047,8,2265,7658
IN02A048,6,1994,7132
IN02A049,9,3181,9470
IN02A050,4,1420,5450
IN02A051,2,467,2027
IN02A052,6,1901,5124
IN02A053,2,460,2429
IN02A054,14,3969,23620
IN02A055,5,1168,3426
IN02A056_a,4,688,5026
IN02A056_b,2,351,2356
IN02A056_c,2,393,2414
IN02A057,6,1160,7200
IN02A058,8,1371,5150
IN02A059,12,4591,16125
IN02A060,4,838,2831
IN02A061,2,415,1681
IN02A062,8,1117,5371
IN02A063,4,693,3254
IN02A064,6,1784,11851
IN02A065,2,414,1923
IN02A066,11,1382,5500
IN02A067,3,423,2224
IN03A001,4,27487,46027
IN03A003,2,8131,30743
IN03A004,6,48926,58115
IN03A005,2,7997,16821
IN03A006,6,29643,60149
IN03A007,6,29509,60991
IN03A009,4,12414,38377
IN03A010,6,26503,50361
IN03A011,2,3901,9398
IN03A012,2,3315,15766
IN03A013,4,7434,22587
IN03A014,6,21591,36494
IN03A015,2,6853,12726
IN03A017,4,7928,19111
IN03A018,3,4141,13613
IN03A019,6,17146,42023
IN03A020,6,12013,30577
IN03A021,1,3209,9015
IN03A022,4,6434,16530
IN03A023,2,3284,7394
IN03A024,4,4974,13413
IN03A025,2,4910,8602
IN03A026_a,2,6519,5133
IN03A026_b,2,5296,5180
IN03A026_c,4,7700,8852
IN03A026_d,2,6545,5476
IN03A027,6,8343,27934
IN03A028,3,2990,11918
IN03A029,6,7280,17746
IN03A030,11,11998,39836
IN03A031,10,21517,24146
IN03A032,4,5944,10768
IN03A033,8,17046,19518
IN03A034,4,4303,11292
IN03A035,4,4534,11425
IN03A036,7,9533,22113
IN03A037,10,21241,42161
IN03A038,4,5972,10225
IN03A039,11,20566,23385
IN03A040,6,5399,24270
IN03A041,4,6576,9522
IN03A042,2,3368,7911
IN03A043,2,2436,7430
IN03A044,5,5484,17474
IN03A045,15,18392,49052
IN03A046,14,9665,26218
IN03A047,6,12493,9784
IN03A048,3,5734,7916
IN03A049,2,1095,3647
IN03A050,2,2290,6466
IN03A051,10,4834,19153
IN03A052,10,12202,30332
IN03A053,6,11423,11614
IN03A054,6,6589,16442
IN03A055,11,15836,34971
IN03A056,1,1929,2494
IN03A057,6,7310,21501
IN03A058,5,7270,8913
IN03A059,10,13123,26688
IN03A060,9,8578,22904
IN03A061,1,628,1624
IN03A062_a,2,1488,2927
IN03A062_b,4,3920,6040
IN03A062_c,4,5470,8167
IN03A062_d,2,4142,4337
IN03A062_e,7,4364,12609
IN03A062_f,2,3223,3920
IN03A062_g,1,1749,1924
IN03A062_h,2,4185,4364
IN03A063,2,2135,4834
IN03A064,10,10256,17323
IN03A065,7,3765,11212
IN03A066,9,7746,10698
IN03A067,13,14809,25636
IN03A068,11,9268,26744
IN03A069,9,5446,19200
IN03A070,4,4169,9769
IN03A071,19,17282,43335
IN03A072,2,911,3953
IN03A073,11,8282,22400
IN03A074,2,2402,5374
IN03A075,11,14186,21023
IN03A076,2,2263,5613
IN03A077,8,9711,18045
IN03A078,5,4720,8812
IN03A079,2,1732,3899
IN03A080,4,1406,6659
IN03A081,8,7362,14135
IN03A082,4,4916,8985
IN03A083,3,2752,4409
IN03A084,6,2249,9453
IN03A085,6,2838,9018
IN03A087,5,1800,7993
"IN03A087,IN03A092",4,2918,8438
IN03A088,4,2810,7980
IN03A089,10,5692,20264
IN03A090,2,1355,3649
IN03A091,8,7552,11889
IN03A092,6,4372,13090
IN03A093,7,4596,12362
IN03A094,14,3605,15426
IN03A095,2,1084,2770
IN03A096,4,1529,3465
IN03A097,5,1525,4695
IN03B001,2,6587,1364
IN03B005,2,15307,203
IN03B008,2,15875,387
IN03B011,2,2794,33146
IN03B012,4,13871,301
IN03B015,4,10322,27822
IN03B016,2,4495,18631
IN03B019,4,18752,25873
IN03B020,4,6682,42005
IN03B021,6,18039,57611
IN03B022,2,7848,16824
IN03B024,2,8985,10979
IN03B025,2,5231,19629
IN03B028,2,5012,10558
IN03B029,2,6082,12272
IN03B031,2,7751,13144
IN03B032,4,12858,21470
IN03B034,2,9332,12021
IN03B035,8,28803,34623
IN03B036,2,5240,5366
IN03B037,2,3190,2952
IN03B038,2,1850,11783
IN03B042,6,15947,23634
IN03B043,4,2793,15848
IN03B045,2,786,108
IN03B046,4,5529,9746
IN03B049,4,5271,9568
IN03B051,2,1023,5755
IN03B052,6,4175,7246
IN03B053,4,6032,8660
IN03B054,6,2453,7918
IN03B055,12,3415,15255
IN03B056,6,5307,10005
IN03B057,4,2289,4835
IN03B058,21,19311,23752
IN03B059,4,2603,1991
IN03B060,30,26384,15359
IN03B061,12,13803,5270
IN03B062,4,2490,4842
IN03B063,6,3628,5276
IN03B064,9,2184,1838
IN03B065,4,2280,4219
IN03B066,17,16429,7990
IN03B067,4,2194,2582
IN03B068,1,505,280
IN03B069,14,11296,14051
IN03B070,9,7470,4359
IN03B071,12,3465,16343
IN03B072,14,11828,5686
IN03B073,2,1132,1171
IN03B074,8,4721,4063
IN03B075,4,2143,4476
IN03B076,2,1931,1628
IN03B077,8,3436,2050
IN03B078,4,1757,3753
IN03B079,8,6161,9571
IN03B080,7,4925,4876
IN03B081,6,3483,4486
"IN03B082,IN03B093",4,949,4226
IN03B083,8,2666,2686
IN03B084,6,2570,3734
IN03B085,3,1584,2349
IN03B086_a,3,266,1477
IN03B086_b,3,626,1571
IN03B086_c,2,436,1267
IN03B086_d,9,624,4861
IN03B086_e,3,1252,2218
IN03B088,9,2519,2647
IN03B089,18,6519,15351
IN03B090,6,2521,5857
IN03B091,13,3502,6344
IN03B092,5,1029,4036
IN03B094,1,385,1127
IN04A002,6,6900,19249
IN04B001,2,20124,38426
IN04B002,2,5226,24866
IN04B004,2,7244,35710
IN04B005,2,6710,16527
IN04B006,2,5060,26913
IN04B007,2,5686,21232
IN04B008,6,12944,34091
IN04B009,5,5891,15334
IN04B010,7,5057,27314
IN04B011,5,8456,21878
IN04B012,3,2560,11408
IN04B013,9,8021,24559
IN04B014,2,2438,9214
IN04B015,9,7072,12251
IN04B016,2,1162,4606
IN04B017,10,10348,37351
IN04B018,11,5986,27711
IN04B019,2,2163,5489
IN04B020,2,2403,8375
IN04B021,1,1007,2788
IN04B022,4,3806,14148
IN04B024,5,3169,12949
IN04B025,5,4049,16270
IN04B026,4,3318,12145
IN04B027,6,12397,12473
IN04B028,4,3923,11551
IN04B029,5,7704,20399
IN04B030,3,1444,5310
IN04B031,9,11338,14586
IN04B032,10,6444,33791
IN04B033,4,5549,13558
IN04B034,4,4527,11910
IN04B035,2,1962,5655
IN04B036,10,11247,27941
IN04B037,6,9027,9889
IN04B038,2,1676,4588
IN04B039,2,1447,5883
IN04B041,5,3354,12216
IN04B042,2,5043,3680
IN04B043_a,2,1521,3489
IN04B043_b,2,1619,4927
IN04B044,6,10867,16359
IN04B046,4,4986,10075
IN04B047,2,1845,6095
IN04B048,8,3165,15137
IN04B049_a,2,2610,5514
IN04B049_b,2,2462,5829
IN04B049_c,2,1909,4630
IN04B050,4,2369,8275
IN04B052,2,2041,3455
IN04B053,4,3290,8872
IN04B054_a,2,3772,7570
IN04B054_b,4,5163,13097
IN04B054_c,3,4086,9437
IN04B055,2,1993,8592
IN04B056,2,3412,5872
IN04B057,3,3410,11734
IN04B058,2,2516,8645
IN04B059,4,2349,4981
IN04B060,5,4113,14721
IN04B061,2,2769,5654
IN04B062,6,6743,10928
IN04B063,6,6824,12275
IN04B064,4,5884,14871
IN04B066,4,1936,7833
IN04B067,5,2121,9869
IN04B068,14,15049,41211
IN04B069,2,911,5154
IN04B070,5,2469,7224
IN04B071,7,5930,13055
IN04B072,2,1075,3676
IN04B073,2,1397,3604
IN04B074,23,29576,33298
IN04B075,2,2456,9509
IN04B076,5,4582,12577
IN04B077,8,5680,18066
IN04B078,14,8449,55105
IN04B079,7,3483,10129
IN04B080,4,6407,18228
IN04B081,16,14086,19639
IN04B082,1,1203,3047
IN04B083,2,2708,6707
IN04B084,6,6363,12619
IN04B085,3,1522,7924
IN04B086,3,1720,4753
IN04B087,4,3681,15435
IN04B088,4,3527,6482
IN04B089,3,5218,8244
IN04B090,4,2845,6283
IN04B091,6,2269,8484
IN04B092,7,5502,9413
IN04B093,1,839,2298
IN04B094,4,1817,7173
IN04B095,4,5408,9517
IN04B096,4,4083,8442
IN04B097,3,1790,4913
IN04B098,4,2131,4034
IN04B099,2,1364,3502
IN04B100,16,12385,32622
IN04B101,7,2058,7555
IN04B102,13,11540,24048
IN04B103,7,4783,8315
IN04B104,7,4657,8092
IN04B105,8,5027,13531
IN04B106,3,2000,3906
IN04B107,5,6492,10440
IN04B108,8,4462,11365
IN04B109,1,734,1606
IN04B110,4,3121,5153
IN04B111,4,785,3821
IN04B112,8,4800,14407
"IN04B113,IN04B114",5,4122,5866
IN04B115,2,472,2307
IN05B001,2,8724,35875
IN05B002,2,33838,45452
IN05B003,2,10306,32426
IN05B005,2,18972,37562
IN05B008,2,5718,20940
IN05B010,4,40952,71000
IN05B011a,2,37575,24041
IN05B011b,2,15556,16426
IN05B012,2,9642,34754
IN05B013,2,8820,11788
IN05B016,4,20394,26054
IN05B017,6,19782,30669
IN05B018,2,5419,8628
IN05B019,2,7710,9056
IN05B020,2,7855,11580
IN05B021,2,2651,9933
IN05B022,4,11654,27695
IN05B024,2,3265,14851
IN05B028,6,27597,28830
IN05B030,2,3096,21850
IN05B031,2,6057,18491
IN05B032,4,12790,11803
IN05B033,4,15041,16191
IN05B034,2,7538,14303
IN05B036,2,6288,8807
IN05B037,2,2756,8834
IN05B038,2,2666,9528
IN05B039,2,5596,14263
IN05B041,2,4019,11907
IN05B042,4,8215,20005
IN05B043,2,4668,9195
IN05B051,2,3565,6693
IN05B055,1,1649,1618
IN05B057,3,5114,10490
IN05B061,3,5091,7415
IN05B064_a,2,777,4697
IN05B064_b,4,1375,5689
IN05B065,5,4798,11481
IN05B066,4,2987,10919
IN05B070,6,2100,13594
IN05B072_a,3,3249,3833
IN05B072_b,2,2231,3312
IN05B072_c,1,1329,2964
IN05B073,2,664,2967
IN05B074,2,925,3969
IN05B075,3,2054,6418
IN05B077,1,774,1851
IN05B080,2,1538,4291
IN05B082,1,1195,1905
IN05B084,2,1217,5346
IN05B085,4,4224,8154
IN05B086,2,979,3710
IN05B087,2,876,4447
IN05B088,6,3987,5672
IN05B089,4,1947,2509
IN05B090,14,8793,20334
IN05B091,9,3264,14571
IN05B092,2,960,731
IN05B093,2,869,3849
IN05B094,2,8606,35012
IN06A002,2,16593,6901
IN06A003,4,11229,8835
IN06A004,2,3377,15560
IN06A005,2,7563,21709
IN06A006,2,1580,11121
IN06A008,2,3636,9797
IN06A009,2,7277,7563
IN06A011,6,3458,9490
IN06A012,2,2083,7953
IN06A013,2,3467,8729
IN06A014,2,2549,10191
IN06A016,2,1868,5771
IN06A018,2,1240,8634
IN06A019,8,13597,7664
IN06A020,4,10212,18708
IN06A021,2,1706,9916
IN06A022,13,5939,18351
IN06A023,2,1652,9073
IN06A024,2,2469,8108
IN06A025,2,4979,7849
IN06A028,3,4439,19365
IN06A031,2,3243,8015
IN06A032,2,1825,2245
IN06A033,4,2019,5368
IN06A034,2,996,5909
IN06A035,2,4298,8527
IN06A036,2,1912,4583
IN06A037,2,1029,5692
IN06A038,2,999,8704
IN06A039,2,3549,3875
IN06A040,2,763,3628
IN06A042,6,5712,8896
IN06A043,2,2441,6544
IN06A044,7,7375,5585
IN06A045,2,2161,4135
IN06A046,2,2643,7253
IN06A047,2,752,3567
IN06A048,2,1004,5409
IN06A049,2,3207,4908
IN06A050,4,6104,9420
IN06A051,2,2377,3961
IN06A052,4,3025,7225
IN06A054,4,1489,8423
IN06A055,2,1766,5362
IN06A056,2,2056,4572
IN06A057,3,2555,3809
IN06A058,2,1117,5392
IN06A059,22,11890,22108
IN06A061,5,4177,6653
IN06A063,8,6007,25100
IN06A064,6,7076,11426
IN06A065,4,6395,8010
IN06A066,6,11361,14016
IN06A067_a,2,549,3774
IN06A067_b,2,566,4009
IN06A067_c,2,684,4599
IN06A067_d,2,453,2723
IN06A067_e,2,589,3701
IN06A069,2,1385,3109
IN06A070,6,3477,2706
IN06A071,4,2471,5666
IN06A072,6,2732,7017
IN06A073,2,1595,5467
IN06A074,2,1801,2945
IN06A075,14,4877,6153
IN06A076_a,2,962,4709
IN06A076_b,2,684,2233
IN06A076_c,2,738,2371
IN06A077,5,2975,5780
IN06A078,2,1425,2624
IN06A079,5,2376,4741
IN06A081,2,777,4585
IN06A082,18,6297,17804
IN06A083,8,3370,8935
IN06A084,2,640,2505
IN06A085,2,2500,3566
IN06A086,5,3851,7129
IN06A087,4,2530,5547
IN06A088,4,1896,6318
IN06A089,2,522,2055
IN06A090,4,1376,3712
IN06A091,4,2340,3874
IN06A093,4,1560,3314
IN06A094,8,7683,12933
IN06A096,6,6196,8103
IN06A097,4,2924,5384
IN06A098,4,3751,7726
IN06A099,7,3578,5977
IN06A100,4,738,3232
IN06A101,2,663,1500
IN06A102,10,1854,11869
IN06A103,6,1922,7880
IN06A104,10,4089,8055
IN06A105,2,650,1997
IN06A106,10,9134,18727
IN06A107,2,728,2135
IN06A108,6,2648,5540
IN06A109,6,8597,11898
IN06A110,7,3823,8189
IN06A111,4,2040,6478
IN06A113,15,3210,13388
IN06A114,2,941,2758
IN06A115,4,1705,4620
IN06A116,11,5269,17386
IN06A117,10,9474,11459
IN06A119,4,2272,5122
IN06A120_a,2,603,1124
IN06A120_b,2,663,1660
IN06A120_c,2,562,729
IN06A121,2,218,1430
IN06A122,3,1030,1576
IN06A123,2,820,1376
IN06A124,8,3791,8199
IN06A125,6,2867,3407
"IN06A126,IN06A137",8,2879,4012
IN06A127,2,997,1969
IN06A128,2,1033,931
IN06A129,4,1228,1816
IN06A132,13,2172,13034
IN06A133,1,210,614
IN06A134,1,255,334
IN06A135,5,782,4708
IN06A136,8,1823,6632
IN06A137,2,892,1015
IN06A138,7,1194,4448
IN06A139,3,688,2366
IN06A140,6,1887,3381
IN06B001,1,9318,29946
IN06B003,2,13382,31063
IN06B006,2,7245,23140
IN06B008,6,24255,67194
IN06B012,2,11617,31403
IN06B013,4,24516,26351
IN06B014,2,6762,19259
IN06B015,2,5657,19555
IN06B016,4,24296,51045
IN06B017,10,19355,45321
IN06B018,2,7291,30648
IN06B019,2,10036,14995
IN06B020,2,5867,18421
IN06B021,1,5179,4403
IN06B022,2,3188,10884
IN06B024,4,18363,29538
IN06B025,2,1586,6524
IN06B027,2,4937,15685
IN06B028,4,22761,39376
IN06B029,12,41489,49754
IN06B030,4,7470,30958
IN06B032,2,8302,13178
IN06B033,4,7393,14983
IN06B035,4,11658,29894
IN06B036,5,9048,8970
IN06B038,4,6948,5133
IN06B040,6,6456,9912
IN06B042,4,11808,19126
IN06B043,7,14125,8227
IN06B047,17,30163,32900
IN06B049,2,5809,8267
IN06B050,3,4791,4827
IN06B052,5,6126,9950
IN06B053,4,5213,7446
IN06B054,2,2382,10990
IN06B055,4,4886,9402
IN06B056,9,11075,17395
IN06B058,6,6379,12034
IN06B059,14,19771,39329
IN06B061,6,9752,9209
IN06B062,2,672,2167
IN06B063,10,14109,23845
IN06B064,9,7614,18809
IN06B065,6,1241,1744
IN06B066,25,18547,39873
IN06B067,4,4705,7580
IN06B069,9,8422,8611
IN06B070,8,5440,16790
IN06B071,6,5187,13617
IN06B072,5,4267,8138
IN06B073,12,16957,22410
IN06B074,10,2550,14275
IN06B076,6,3922,8692
IN06B077,7,10042,18790
IN06B078,9,6936,10450
IN06B079,12,5050,16408
IN06B080,9,6398,13802
IN06B081,8,2648,6153
IN06B082,6,1967,4353
IN06B083,4,2993,7801
IN06B085,8,4072,8866
IN06B086,7,1877,11267
IN06B087,6,4458,5423
IN06B088,2,5318,17892
IN07B001,4,36893,93198
IN07B002,6,36543,125035
IN07B006,6,28954,82224
IN07B007,6,27968,85058
IN07B008,2,8383,19995
IN07B009,4,17367,40405
IN07B010,2,13626,29534
IN07B012,4,16466,39691
IN07B013,2,10069,20261
IN07B014,2,3166,15814
IN07B016,2,6746,22358
IN07B019,2,5371,8187
IN07B020,2,9121,17469
IN07B022,2,3807,17071
IN07B023,4,6960,29096
IN07B026,2,3992,12530
IN07B027,4,3530,2241
IN07B028,2,1975,13286
IN07B029,6,10644,32050
IN07B030,4,4573,21095
IN07B031,4,3410,18062
IN07B032,2,2295,10144
IN07B033,4,7701,28207
IN07B034,2,4687,18126
IN07B038,4,6166,12603
IN07B039,4,4521,14352
IN07B044,6,5557,11115
IN07B045,2,1064,4536
IN07B047,2,2357,4827
IN07B048,6,3847,19050
IN07B051,2,1714,3970
IN07B053,2,2080,6463
IN07B054,9,11449,17604
IN07B055,9,8635,14791
IN07B058,4,5888,4541
IN07B059,2,2210,5543
IN07B061,10,14896,30043
IN07B063,4,2671,6617
IN07B064,4,2239,7396
IN07B065,11,5546,22954
IN07B066,9,5834,13332
IN07B067,4,4466,8206
IN07B068,6,6221,9830
IN07B073_a,5,2646,17804
IN07B073_b,5,2488,16912
IN07B073_c,4,1489,12582
IN07B073_d,3,628,6185
IN07B073_e,5,1251,11664
IN07B073_f,1,175,1701
IN07B074,4,960,9386
IN07B075,10,6538,14118
IN07B076_a,2,485,1935
IN07B076_b,3,1593,3010
IN07B076_c,3,1614,3548
IN07B076_d,2,1630,3143
IN07B077,6,3270,6508
IN07B079,10,3981,13246
IN07B080,7,8146,8148
IN07B081,10,8893,9433
IN07B083_a,2,775,1645
IN07B083_b,6,2155,4124
IN07B083_c,2,860,3682
IN07B083_d,2,856,3141
IN07B084,4,3203,5082
IN07B086,10,7567,19115
IN07B087,12,3974,12446
IN07B090,6,3746,8496
IN07B092_a,4,2642,6780
IN07B092_b,2,752,3650
IN07B092_c,3,1207,5069
IN07B092_d,4,815,4389
IN07B092_e,2,408,1719
IN07B093,1,304,1159
IN07B094_a,3,743,3368
IN07B094_b,6,2381,6185
IN07B094_c,1,446,722
IN07B096_a,5,1518,5600
IN07B096_b,8,1634,8903
IN07B096_c,4,1082,3549
IN07B096_d,3,639,2522
IN07B098,18,6565,17104
IN07B099,9,3757,9094
IN07B100,9,1837,8673
IN07B102,12,2145,10355
IN07B103,4,733,3296
IN07B104,2,5771,25139
IN08A002,6,67853,82701
IN08A003,2,10058,26884
IN08A005,6,50226,45576
IN08A006,6,51982,40405
IN08A007,6,40019,32744
IN08A008,6,15845,50842
IN08A010,2,1299,7981
IN08A011,14,11356,34945
IN08A012,2,2825,9006
IN08A016,4,5402,21601
IN08A017,4,3109,13778
IN08A019,12,17984,30383
IN08A021,4,1366,8102
IN08A022,6,4017,10319
IN08A023,7,7191,7264
IN08A024,6,4548,10278
IN08A025,2,804,2755
IN08A026,24,18367,27532
"IN08A026,IN08A033",3,1822,3502
IN08A027,5,4623,5655
IN08A028,12,8646,26614
IN08A029,5,4577,9190
IN08A030,11,5544,9433
IN08A031,10,8927,10540
IN08A032,7,7851,10379
IN08A034,10,6397,10975
IN08A035,7,3595,13093
IN08A036,28,7234,27976
IN08A037,8,10093,13521
IN08A038,4,4175,7368
IN08A039,4,2189,4562
IN08A040,5,2154,10240
IN08A041,14,3620,13350
IN08A042,2,758,2838
IN08A043,20,11065,21575
IN08A044,2,1606,2026
IN08A045,6,4116,6509
IN08A046,7,4239,7445
IN08A047,10,6304,11803
IN08A048,9,5848,12391
IN08A049,4,1777,3694
IN08A050,9,3684,6269
IN08B001,2,13089,36831
IN08B003,2,15916,20817
IN08B004,4,8210,59923
IN08B006,2,10428,28247
IN08B008,7,6974,3935
IN08B017,2,6723,18373
IN08B019,2,5225,17602
IN08B021,2,3680,13476
IN08B029,2,2437,7220
IN08B030,4,5636,20211
IN08B033,2,960,6942
IN08B035,2,2064,6217
IN08B036,8,3417,3481
IN08B037,6,5835,5886
IN08B038,2,853,6904
IN08B039,1,1627,3935
IN08B040,6,2201,18567
IN08B042,6,3024,21142
IN08B045,2,1796,6160
IN08B046,4,1651,12352
IN08B051_a,3,7474,10686
IN08B051_b,2,3041,7783
IN08B051_c,3,3527,4673
IN08B051_d,4,8747,5711
IN08B051_e,2,3019,2418
IN08B052,2,1373,2812
IN08B054,12,14199,30114
IN08B055,4,3398,12507
IN08B056,8,9254,17220
IN08B058,4,4752,9639
IN08B060,4,1941,12082
IN08B062,7,3124,28010
IN08B063,5,2907,11970
IN08B064,4,3705,10134
IN08B065,6,7430,9815
IN08B067,4,2666,12101
IN08B068,6,7909,20489
IN08B070_a,4,1113,2908
IN08B070_b,7,1693,4431
IN08B072,3,3280,6538
IN08B073,2,3343,5593
IN08B075,2,2656,5645
IN08B076,2,1539,1640
IN08B077,4,1619,11096
IN08B078,4,5512,10745
IN08B080,2,2686,5077
IN08B082,8,5504,8291
IN08B083_a,4,4289,8803
IN08B083_b,2,2081,5432
IN08B083_c,2,2327,5014
IN08B083_d,3,3676,7032
IN08B085_a,9,7896,14794
IN08B087,4,4191,9526
IN08B088,4,2969,3742
IN08B090,2,1599,4076
IN08B091,7,6482,13406
IN08B092,4,3717,6290
IN08B093,12,5885,7869
IN08B104,6,3072,6122
IN08B105,1,416,990
IN08B108,5,2431,7087
IN09A001,6,23453,120766
IN09A002,6,49108,54750
IN09A003,6,38009,70302
IN09A004,4,13670,33675
IN09A005,7,4175,7605
IN09A006,8,33752,99827
IN09A007,4,14109,38956
IN09A009,4,12125,27055
IN09A010,6,16630,52433
IN09A011,2,8840,19603
IN09A012,6,6391,17616
IN09A013,6,15956,36067
IN09A014,6,5398,51440
IN09A015,2,3946,12557
IN09A016,6,19210,37013
IN09A017,6,5903,9027
IN09A018,6,7172,9230
IN09A019,6,7081,10984
IN09A020,6,9289,13871
IN09A021,6,6975,10345
IN09A022,12,13918,18607
IN09A023,4,5720,8559
IN09A024,7,8289,12558
"IN09A025,IN09A026",4,4081,4860
IN09A026,5,3793,5364
IN09A027,6,6632,12774
IN09A028,2,2260,3929
IN09A029,4,5177,6981
IN09A030,4,2940,3896
IN09A031,6,3794,24597
IN09A032,3,3623,6130
IN09A033,7,4433,6604
IN09A034,4,2021,7602
IN09A035,2,1010,4162
IN09A037,4,2107,7867
IN09A038,3,1753,3458
IN09A039,18,14604,22602
IN09A041,2,943,1578
IN09A042,6,2234,8577
IN09A043,18,9590,20539
IN09A044,6,3421,4662
IN09A045,6,2051,6188
IN09A046,12,7009,8406
IN09A047,9,5798,7527
IN09A048,4,1647,2597
IN09A049,6,1534,9346
IN09A050,5,4045,7656
IN09A051,2,890,3285
IN09A052,4,2296,4395
IN09A053,4,3703,4673
IN09A054,6,2590,6064
IN09A055,10,6412,12135
IN09A056,2,1115,2958
"IN09A056,IN09A072",9,5310,8332
IN09A057,6,3316,4820
IN09A058,4,1826,3543
IN09A059,2,551,2801
IN09A060,12,7205,19045
IN09A061,2,614,1319
IN09A062,2,297,1617
IN09A063,6,1321,8201
IN09A064,13,3978,13802
IN09A065,2,594,2267
IN09A066,6,2182,7132
IN09A067,2,854,2256
IN09A068,2,441,2165
IN09A069,7,2110,4552
IN09A070,6,3031,5405
IN09A071,9,2166,4349
IN09A073,6,1385,6427
IN09A074,9,3095,11491
IN09A075,2,1257,1705
IN09A076,4,948,5114
IN09A077,4,799,3767
IN09A078,6,1798,8725
IN09A079,11,5420,6684
"IN09A080,IN09A085",7,1119,6365
IN09A081,5,1943,4468
IN09A082,3,1330,4741
IN09A083,7,991,3735
IN09A084,2,1134,1266
IN09A086,5,4260,4479
IN09A087,3,2322,2520
IN09A088,5,1879,3713
IN09A089,2,1183,1228
IN09A090,7,1392,4849
IN09A091,6,3241,5323
IN09A092,12,3864,6592
IN09A093,11,6623,9836
IN09A094,5,3381,5072
IN09A095,8,4540,6171
IN09A096,9,612,4024
IN09B005,6,22567,66668
IN09B006,4,7128,39412
IN09B008,6,21473,65575
IN09B014,2,19260,19287
IN09B018,2,3330,8035
IN09B022,4,18025,36419
IN09B038,12,14970,27828
IN09B043,6,7118,15258
IN09B044,4,3690,10542
IN09B045,6,7102,10633
IN09B046,6,6988,12059
IN09B047,6,7078,9954
IN09B048,2,1258,2699
IN09B049,6,3156,7766
IN09B050,4,1567,4235
IN09B052_a,2,700,1206
IN09B052_b,2,645,1523
IN09B053,4,924,2339
IN09B054,5,1614,3358
IN09B055,2,501,1083
IN09B058,2,607,1068
IN10B001,2,7559,46284
IN10B002,2,4235,13659
IN10B003,2,12830,34212
IN10B004,2,8619,40735
IN10B006,2,6558,23900
IN10B007,4,8573,42831
IN10B010,2,4045,27358
IN10B011,4,15556,55575
IN10B012,4,13336,26690
IN10B013,2,4711,12391
IN10B014,6,15299,55411
IN10B016,2,5846,24908
IN10B023,4,9448,23544
IN10B028,9,9295,20800
IN10B030,7,4127,12693
IN10B031,4,2240,8771
IN10B032,19,8217,29260
IN10B033,6,6200,9728
IN10B034,1,235,1136
IN10B036,4,2165,5403
IN10B038,7,2506,13006
IN10B040,5,2672,8668
IN10B041,13,8548,22752
IN10B042,19,10396,29462
IN10B043,4,2159,4463
IN10B044,11,7727,11008
IN10B050,10,5778,7461
IN10B052,6,2805,5418
IN10B054,6,4004,4643
IN10B055,18,6476,18415
IN10B057,27,14949,23934
IN10B058,27,12877,27759
IN10B059,13,6501,12005
IN11A001,2,24691,35891
IN11A002,4,7089,14952
IN11A003,8,11952,33204
IN11A004,3,2632,12568
IN11A005,5,5232,18422
IN11A006,4,4857,14818
IN11A007,5,6062,18354
IN11A008,7,6996,29023
IN11A009,1,1790,3628
IN11A010,4,3039,7116
IN11A011,4,6424,11384
IN11A012,3,5440,5097
IN11A013,2,3094,3839
IN11A014,6,5191,18338
"IN11A015,IN11A027",4,3409,7550
IN11A016,4,6659,6617
IN11A017,3,2534,6331
IN11A018,4,3496,7947
IN11A019,4,5190,5745
IN11A020,6,15846,15732
IN11A021,12,14385,24706
IN11A022,6,9989,17021
IN11A025,6,7451,17343
IN11A026,2,1498,2863
IN11A027_a,2,1361,2611
IN11A027_b,2,1284,2223
IN11A027_c,2,1609,2646
IN11A028,6,13255,10811
IN11A030,4,4790,5855
IN11A031,4,4874,7952
IN11A032_a,3,4736,2287
IN11A032_b,2,2250,1617
IN11A032_c,2,3707,2734
IN11A032_d,4,6171,4789
IN11A032_e,3,4740,2799
IN11A034,4,2034,7333
IN11A035,2,3694,3690
IN11A036,4,1628,5227
IN11A037_a,2,3145,3101
IN11A037_b,2,2874,3203
IN11A039,2,921,1785
IN11A040,3,1075,4928
IN11A041,2,1749,2193
IN11A042,2,1838,1576
IN11A043,5,1173,6324
IN11A044,4,746,2487
IN11A046,2,4915,4846
IN11A047,2,3895,4138
IN11A048,2,2549,4508
IN11A049,2,2971,5147
IN11B001,6,12433,5320
IN11B002,2,6466,15178
IN11B003,4,3458,1651
IN11B004,2,7223,11509
IN11B005,2,6866,6673
IN11B009,4,5100,514
IN11B011,2,3490,6290
IN11B012,2,6596,9620
IN11B013,10,11871,27816
IN11B014,9,8926,8591
IN11B015,8,5178,10444
IN11B016_a,2,1582,1485
IN11B016_b,4,2152,2787
IN11B016_c,3,1125,1654
IN11B017_a,4,4270,2427
IN11B017_b,12,11165,7587
IN11B018,11,6438,21477
IN11B019,8,3433,8017
IN11B020,10,2715,13510
IN11B021_a,3,1118,2227
IN11B021_b,5,1573,3475
IN11B021_c,4,1410,3722
IN11B021_d,2,946,1807
IN11B021_e,4,1976,3095
IN11B022_a,4,1992,1845
IN11B022_b,2,1136,1512
IN11B022_c,8,4905,2882
IN11B022_d,2,798,799
IN11B022_e,2,1628,1051
IN11B023,10,3723,5497
IN11B024_a,2,2367,1865
IN11B024_b,4,5360,6133
IN11B024_c,4,5038,7200
IN11B025,8,4946,11398
IN12A001,4,13574,81103
IN12A002,4,14594,47302
IN12A003,4,13365,40396
IN12A004,2,9670,30406
IN12A005,2,6919,34188
IN12A006,2,6300,20683
IN12A007,2,4764,21013
IN12A008,2,6670,12605
IN12A009,2,7392,23619
IN12A010,2,4149,21708
IN12A011,4,8286,31541
IN12A012,2,14040,9272
IN12A013,2,1695,11822
IN12A015,4,6945,27391
IN12A016,2,2070,13317
IN12A018,4,7024,9937
IN12A019_a,2,1623,11664
IN12A019_b,2,2054,13585
IN12A019_c,2,2035,13746
IN12A021_a,2,2173,12384
IN12A021_b,2,2499,10094
IN12A021_c,2,2206,12934
IN12A024,2,4300,11002
IN12A025,4,5859,19855
IN12A026,2,2986,12372
IN12A027,6,5069,24410
IN12A029_a,2,2137,9647
IN12A029_b,2,1900,9584
IN12A030,5,8833,20776
IN12A031,2,1972,7368
IN12A034,2,2429,9727
IN12A035,6,6816,4807
IN12A036,8,10771,31455
IN12A037,4,3644,11440
IN12A039,4,6779,16516
IN12A041,4,4769,11190
IN12A042,8,5546,9897
IN12A043_a,2,3542,3422
IN12A043_b,2,710,1375
IN12A043_c,2,1482,3190
IN12A043_d,4,1872,4393
IN12A044,10,12272,11460
IN12A046_a,2,1033,1559
IN12A046_b,2,1467,1379
IN12A048,2,3431,8154
IN12A050_a,2,2075,1809
IN12A050_b,4,4259,4041
IN12A052_a,2,2165,1977
IN12A052_b,6,6022,6498
IN12A053_a,3,1802,7515
IN12A053_b,2,1504,6481
IN12A053_c,4,3040,13399
IN12A054,11,14875,9966
IN12A055,2,1583,2155
IN12A056,3,1983,4964
IN12A057_a,4,5564,4960
IN12A057_b,2,2316,2561
IN12A058,4,2849,5680
IN12A059_a,2,1647,2113
IN12A059_b,2,1437,1745
IN12A059_c,2,1468,1674
IN12A059_d,2,1688,2970
IN12A059_e,4,3709,6082
IN12A059_f,2,1562,2529
IN12A059_g,2,2016,2580
IN12A060_a,2,1895,1918
IN12A060_b,2,1994,2027
IN12A061_a,3,3521,1987
IN12A061_c,4,3400,3688
IN12A061_d,3,2715,2171
IN12A062,6,2587,9453
IN12A063_a,4,1229,1635
IN12A063_b,6,3748,3601
IN12A063_c,4,2790,2174
IN12A063_d,2,1213,1081
IN12A063_e,2,1365,1178
IN12A064,7,1328,5954
IN12B002,6,21155,194102
IN12B003,6,37830,56349
IN12B004,2,3483,14369
IN12B005,4,9254,34850
IN12B007,6,27051,65081
IN12B009,2,5931,18813
IN12B010,2,3851,21082
IN12B011,4,12311,40888
IN12B012,6,26479,34184
IN12B013,4,5308,33247
IN12B014,4,6847,24832
IN12B015,2,7747,14105
IN12B016,2,2605,12768
IN12B018,6,17662,27857
IN12B020,8,10589,21705
IN12B021,1,1016,1971
IN12B022,6,5966,11480
IN12B023,8,6883,9665
IN12B024_a,6,9972,12344
IN12B024_b,6,8585,13628
IN12B024_c,6,10004,11290
IN12B025,12,13069,25266
IN12B026,6,6688,6381
IN12B027,11,14907,24215
IN12B028,4,3838,13246
IN12B029,5,2233,12453
IN12B030,12,12667,19069
IN12B031,7,9837,18060
IN12B032,4,2483,11592
IN12B033,5,5388,11489
IN12B034,10,11032,18101
IN12B035,8,2120,16317
IN12B036,14,13778,28413
IN12B037_a,2,2221,2414
IN12B037_b,2,2592,2533
IN12B037_c,2,3317,2848
IN12B037_d,2,1467,3159
IN12B037_e,2,2013,2719
IN12B037_f,2,2813,2978
IN12B038,8,2439,17161
IN12B039,7,7617,12030
IN12B040,5,3726,8727
IN12B041,4,3593,8693
IN12B042,4,1880,9946
IN12B043,6,5961,8120
IN12B044_a,2,739,4939
IN12B044_b,2,730,4661
IN12B044_c,2,715,4779
IN12B044_d,2,565,2977
IN12B044_e,6,1600,9718
IN12B045,4,2599,2591
IN12B046,2,1359,1751
IN12B047,4,2554,4923
IN12B048,11,3683,20510
IN12B049,5,3527,7841
IN12B050,2,1119,1933
IN12B051,4,3296,3606
IN12B052,8,6081,15804
IN12B053,8,4076,8804
IN12B054,6,4932,6372
IN12B056,10,5783,11720
IN12B057,4,1231,5468
IN12B058,8,2535,8557
IN12B059,10,5380,10435
IN12B060,2,438,3089
IN12B061,3,1184,2729
IN12B062,4,2002,4714
IN12B063_a,2,756,4683
IN12B063_b,2,1142,5236
IN12B063_c,6,3439,16215
IN12B064,2,344,2407
IN12B065,7,4037,7640
IN12B066_a,2,818,1717
IN12B066_b,2,585,1960
IN12B066_c,3,1893,3744
IN12B066_d,2,1829,3291
IN12B066_e,2,1651,2484
IN12B066_f,2,1255,2232
IN12B066_g,1,336,1123
IN12B068_a,6,4142,18522
IN12B068_b,3,2041,8499
IN12B068_c,1,674,3327
IN12B069,6,3420,14535
IN12B070,2,773,3580
IN12B071,8,3284,13259
IN12B072,14,10547,20221
IN12B073,4,2950,4914
IN12B074,7,4557,8489
IN12B075,8,2712,11761
IN12B077,4,2806,4510
IN12B078,4,2392,4364
IN12B079_a,2,747,3926
IN12B079_b,2,595,3244
IN12B079_c,6,1128,5843
IN12B079_d,2,629,3655
IN12B081,8,1798,10185
IN12B082,2,1009,3308
IN12B083,2,786,1726
IN12B084,3,989,2951
IN12B085,2,823,2967
IN12B086,6,1839,9909
IN12B087,4,2061,8834
IN12B088,6,1757,9219
IN12B090,2,420,2446
IN12B091,2,211,1187
IN12B092,2,675,2248
IN13A001,6,77467,74929
IN13A002,6,20658,91535
IN13A003,6,41978,102190
IN13A004,4,21020,64259
IN13A005,6,38177,49810
IN13A006,6,26412,57741
IN13A007,6,25626,45276
IN13A008,6,13246,36553
IN13A009,6,27938,64544
IN13A010,6,17365,26665
IN13A011,2,5646,7254
IN13A012,6,17992,38626
IN13A013,4,14807,19781
IN13A014,6,35963,19521
IN13A015,5,9170,23258
IN13A017,2,4181,7905
IN13A018,6,8388,22956
IN13A019,6,11893,24524
IN13A020,8,11442,23005
IN13A021,6,10647,21022
IN13A022,8,9095,16814
IN13A023,4,9391,6159
IN13A024,6,3726,16777
IN13A025,4,7223,9346
IN13A026,2,2401,3829
IN13A027,4,3573,7199
IN13A028,7,11383,18911
IN13A029,9,4693,26324
IN13A030,9,9242,16640
IN13A031,2,2541,4373
IN13A032,4,3396,7157
IN13A033,2,2380,2991
IN13A034,8,13436,7035
IN13A035,10,8183,21386
IN13A036,7,1932,15873
IN13A037,4,3864,3397
IN13A038,13,18573,19620
IN13A039,2,987,2983
IN13A040,8,11544,8679
IN13A041,7,5047,6153
IN13A042,6,6526,7114
IN13A043,5,1032,5219
IN13A044,6,1844,7404
IN13A045,16,18576,13339
IN13A046,7,2857,8505
IN13A047,9,1281,14123
IN13A049,8,3644,10452
IN13A050,14,15977,9049
IN13A051,12,13754,10231
IN13A052,4,5045,5667
IN13A053,4,4923,5855
IN13A054,6,7996,9413
IN13A055,8,1851,8830
IN13A056,2,507,1231
IN13A057,10,11677,5730
IN13A058,4,2645,4186
IN13A059,13,2251,20762
IN13A060,7,2218,6613
IN13A061,6,413,5242
IN13A062,12,7574,9649
IN13A063,3,2319,2135
IN13A064,2,1097,2006
IN13A065,2,1674,1151
IN13A067,5,1609,1927
IN13A068,13,8573,10618
IN13A069,3,1307,4507
IN13A071,4,559,1228
IN13A072,4,1575,1865
IN13A073,1,24,56
IN13A074,2,2036,2824
IN13A075,5,1290,6960
IN13B001,6,24563,97568
IN13B004,6,52734,72842
IN13B005,6,34050,93385
IN13B006,6,20004,21283
IN13B007,2,14267,37115
IN13B008,2,6578,13572
IN13B009,6,17614,55155
IN13B010,5,13816,48157
IN13B011,6,16030,45836
IN13B012,6,36179,27660
IN13B013,6,12270,55149
IN13B014,6,16554,41743
IN13B015,2,2186,11673
IN13B017,6,5247,20826
IN13B018,6,12886,26711
IN13B019,6,7342,21335
IN13B020,2,5324,7471
IN13B021,6,9943,34492
IN13B022,11,20272,39878
IN13B023,6,3701,24728
IN13B024,2,3539,4923
IN13B025,7,18797,15105
IN13B026,9,17522,22478
IN13B027,7,12553,23638
IN13B028,5,5570,14419
IN13B029,6,5231,9246
IN13B030,4,5037,10444
IN13B031,3,2038,10398
IN13B032,7,3410,21246
IN13B033,8,4654,27505
IN13B034,4,7398,11427
IN13B035,8,5397,10858
IN13B036,6,2697,13822
IN13B037,4,4059,6123
IN13B038,2,3752,3384
IN13B039,2,1731,2870
IN13B040,2,724,4730
IN13B041,2,1113,4809
IN13B042,5,3873,6399
IN13B043,2,1720,3643
IN13B044,9,5567,12223
IN13B045,7,4441,8505
IN13B046,4,2586,9587
IN13B048,2,2361,4549
IN13B049,2,2766,4986
IN13B050,8,5665,11901
IN13B051,2,1281,4492
IN13B052,5,3153,6836
IN13B053,2,1386,3469
IN13B054,6,5099,8469
IN13B055,5,1246,4233
IN13B056,10,10372,15632
IN13B057,6,3654,9603
IN13B058,10,6306,11384
IN13B059,2,507,3007
IN13B060,4,3135,5067
IN13B061,2,2108,4292
IN13B062,3,1900,6383
IN13B063,2,805,3758
IN13B064,6,3531,7738
IN13B065,8,1209,11310
IN13B066,2,827,2918
IN13B067,2,1658,1929
IN13B068,2,1125,4115
IN13B069,3,1402,5095
IN13B070,6,5216,13713
IN13B071,1,279,932
IN13B072,2,227,1381
IN13B073,2,1882,4014
IN13B074,6,3625,5684
IN13B075,2,799,1526
IN13B076,6,1633,6536
IN13B077,2,1976,4466
IN13B078,11,7095,12030
IN13B079,10,2952,9856
IN13B080,4,1783,5621
IN13B081,2,539,1446
IN13B082,2,789,2364
IN13B084,2,1538,1482
IN13B085,2,759,1998
IN13B087,8,3254,7952
IN13B088,4,1570,2634
IN13B089,2,1450,1425
IN13B090,12,5755,14377
IN13B091,1,193,284
IN13B093,7,2499,6303
IN13B094,1,515,554
IN13B096_a,4,418,1848
IN13B096_b,2,351,1407
IN13B097,6,1467,3955
IN13B098,5,1440,3495
IN13B099,2,616,1185
IN13B100,1,440,854
IN13B102,2,621,1079
IN13B103,2,2719,9783
IN13B104,2,6162,7337
IN13B105,1,7384,10466
IN14A001,6,11813,83989
IN14A002,6,37139,109590
IN14A004,6,28625,43497
IN14A005,6,18107,60548
IN14A006,6,16810,52676
IN14A007,6,16379,43699
IN14A008,6,9312,47160
IN14A009,6,19113,37665
IN14A010,6,13339,28788
IN14A011,6,13539,36818
IN14A012,6,12457,25467
IN14A013,6,8591,36691
IN14A014,6,5101,35699
IN14A015,12,8205,44715
IN14A016,2,2310,9512
IN14A017,7,4230,16582
IN14A018,7,5127,17121
IN14A020,11,8489,52826
IN14A021,5,3267,7899
IN14A022,2,966,4622
IN14A023,10,5884,27015
IN14A024,6,4942,19825
IN14A025,6,3720,14989
IN14A026,4,921,7650
IN14A028,7,2300,13127
IN14A029,10,6509,10759
IN14A030,2,754,4723
IN14A031,3,1541,3230
IN14A032,4,2755,4765
IN14A033,2,670,1933
IN14A034,5,2762,5662
IN14A035,4,1137,2564
IN14A036,3,1324,6677
IN14A037,6,3339,7561
IN14A038,7,2053,11437
IN14A039,4,2129,5250
IN14A040,2,1505,5385
IN14A041,1,501,1088
"IN14A042,IN14A047",14,4431,22291
IN14A043,5,3247,6224
IN14A044,6,3180,10647
IN14A045,3,1715,2723
IN14A046,4,526,5349
IN14A047,2,420,3017
"IN14A048,IN14A102",6,1317,2867
IN14A050,4,2053,4508
IN14A051,3,2104,4570
IN14A052,9,5043,18866
IN14A053,1,301,1693
IN14A054,1,501,876
IN14A055,2,875,1892
IN14A056,7,2120,12927
IN14A057,2,680,3452
IN14A058,5,3635,6653
IN14A059,2,489,3196
IN14A061,1,188,1437
IN14A062,2,1453,5863
IN14A063,2,1467,2276
IN14A064,2,939,2108
IN14A065,2,489,3285
IN14A066,4,1887,5848
IN14A068,4,620,4690
IN14A069,2,166,2613
IN14A070,2,400,3017
IN14A072,4,1005,7142
IN14A074,7,3394,7920
IN14A075,2,234,3193
IN14A076,5,2599,5216
IN14A077,8,1651,10078
IN14A078,14,4344,24928
IN14A079,2,1372,2643
IN14A080,3,1577,3086
IN14A081,4,1566,3567
IN14A082,3,1240,3707
IN14A084,1,527,1260
IN14A085_a,2,962,2592
IN14A085_b,2,951,2768
IN14A086,8,2147,9447
IN14A087,6,979,7518
IN14A088,2,693,1472
IN14A089,3,208,3343
IN14A090,9,2941,19955
IN14A091,2,587,2527
IN14A093,2,1029,2021
IN14A095,7,2192,5361
IN14A096,5,1117,4957
IN14A097,3,1513,3297
IN14A098,2,1133,2066
IN14A099,2,614,4301
"IN14A100,IN14A113",5,926,2772
IN14A101,2,75,1809
IN14A102,1,102,463
IN14A103,2,137,3377
IN14A104,2,1424,6534
IN14A105,7,2098,5979
IN14A106,4,608,4681
IN14A107,3,1609,5207
IN14A108,6,2260,10776
IN14A109,8,1620,11757
IN14A110,11,1863,6272
IN14A111,4,913,2651
IN14A114,7,750,5264
IN14A115,2,82,1892
IN14A116,2,86,2015
IN14A117,2,121,1742
IN14A118,6,1785,6906
IN14A119,4,779,4144
IN14A120,7,1142,6708
IN14A121_a,2,496,3035
IN14A121_b,2,535,2940
IN14A123,1,36,877
IN14B001,2,8419,19829
IN14B002,2,4445,12574
IN14B003,2,4662,11018
IN14B004,2,5543,11986
IN14B005,4,11149,29584
IN14B006,2,5778,10204
IN14B007,4,11873,27887
IN14B008,2,1930,13815
IN14B009,2,2015,15915
IN14B010,6,5758,23359
IN14B011,5,2379,15200
IN14B012,4,2649,9485
IN16B014,2,7780,13272
IN16B016,6,34057,54702
IN16B018,6,35048,24433
IN16B020,6,28344,48971
IN16B022,4,9759,33465
IN16B024,2,6897,18239
IN16B029,6,15840,33788
IN16B030,6,15034,32864
IN16B032,6,12779,49108
IN16B033,6,14648,38004
IN16B034,2,2004,9742
IN16B036,6,10675,51979
IN16B037,6,5069,20920
IN16B038,2,2230,6955
IN16B039,4,4979,13829
IN16B040,2,2724,7783
IN16B041,6,10305,21698
IN16B042,12,17522,59311
IN16B045,12,16126,43088
IN16B046,3,1018,4073
IN16B047,2,1133,3213
IN16B048,2,983,2676
IN16B049,4,8625,18442
IN16B050,2,1673,2656
IN16B051,4,2350,5055
IN16B052,8,7784,11913
IN16B053,6,4218,18161
IN16B054,3,1371,7460
IN16B055,8,4152,18107
IN16B056,4,2512,7011
IN16B057,2,708,5745
IN16B058,6,2778,14875
IN16B059,4,1747,4400
IN16B060,4,3212,6913
IN16B061,9,8000,11563
IN16B062,4,3455,4390
IN16B063,4,2712,7432
IN16B064,4,1741,9167
IN16B065,1,907,2835
IN16B066,2,1048,2263
IN16B068_a,2,1890,2113
IN16B068_b,2,1903,2705
IN16B068_c,2,1885,3050
IN16B069,6,4656,7814
IN16B070,6,2472,9732
IN16B071,6,3401,7071
IN16B072,2,1947,3780
IN16B073,8,5285,20644
IN16B074,6,4830,13546
IN16B075,2,866,4771
IN16B075_a,2,1302,3845
IN16B075_b,2,972,3827
IN16B075_c,2,1084,3299
IN16B075_d,2,938,3511
IN16B075_e,2,1390,6166
IN16B075_f,3,1960,6420
IN16B075_g,2,1560,6456
IN16B075_h,2,1018,5666
IN16B075_i,2,807,5897
IN16B076,2,480,3154
IN16B077,10,6021,15812
IN16B079,5,2822,6034
IN16B080,4,1941,8171
IN16B082,6,5849,8113
IN16B083,10,6509,13389
IN16B084,4,1148,4915
IN16B085,3,2502,5798
IN16B086,4,1743,6768
IN16B087,2,1380,2513
"IN16B088,IN16B109",4,1936,6266
IN16B089,6,1539,6642
IN16B090,6,2635,8428
IN16B091,5,1822,6825
IN16B092,4,2605,3790
IN16B093,6,4041,7701
IN16B094,2,1443,2692
IN16B095,2,1448,2408
IN16B096,1,633,1511
IN16B097,6,5053,6954
IN16B098,6,4880,9423
IN16B099,10,1859,13773
IN16B100_a,3,1635,3483
IN16B100_b,2,1084,2580
IN16B100_c,4,2196,4460
IN16B101,4,3690,4789
IN16B104,2,791,2344
IN16B105,5,4287,7006
IN16B106,8,3057,10620
IN16B107,3,601,3100
IN16B108,8,4558,16573
IN16B111,4,1364,4787
IN16B113,2,1297,2385
IN16B114,4,807,5999
IN16B115,2,733,2532
IN16B117,2,948,2302
IN16B118,5,2896,6184
IN16B119,2,1316,3649
IN16B120,2,1156,2953
IN16B121,7,1681,8749
IN16B122,2,540,3324
IN16B123,1,155,1626
IN16B124,2,445,2095
IN16B125,6,2760,8496
IN17A001,6,58877,120365
IN17A007,6,22510,72159
IN17A011,2,5802,22684
IN17A013,2,17843,21968
IN17A016,5,14856,51902
IN17A017,6,24026,53022
IN17A019,6,17936,51021
IN17A020,6,18593,49923
IN17A022,6,22433,30880
IN17A023,2,10352,25181
IN17A025,6,32716,39109
IN17A027,2,8317,2235
IN17A028,12,25044,67480
IN17A029,2,5449,9270
IN17A030,2,5302,8675
IN17A032,2,5251,9077
IN17A033,2,4960,2444
IN17A034,2,7841,4541
IN17A035,2,6134,7168
IN17A037,4,2107,15294
IN17A039,2,8594,2508
IN17A040,2,3956,9842
IN17A041,6,10909,21545
IN17A042,2,3765,9497
"IN17A043,IN17A046",4,10111,25992
IN17A044,6,16803,21891
IN17A045,1,1934,1794
IN17A048,3,6023,2268
IN17A049,5,10460,6431
IN17A051,2,1030,8855
IN17A052,12,36442,46967
IN17A053,3,1526,7967
IN17A055,1,1654,903
IN17A056,2,2295,4594
IN17A057,2,2677,5999
IN17A058,4,8688,19516
"IN17A059,IN17A063",4,5856,17296
IN17A060,4,5504,19367
IN17A061,11,27781,21067
IN17A064,7,16937,7033
IN17A065,2,2413,5853
IN17A066,2,1422,5144
IN17A067,2,1915,4127
"IN17A071,IN17A081",5,5070,7483
IN17A072,2,1088,3679
IN17A074,2,697,3668
IN17A075,2,1284,3368
IN17A077,2,930,3914
IN17A078,5,5415,4845
IN17A079,4,1440,10349
"IN17A080,IN17A083",6,4138,12075
"IN17A082,IN17A086",5,1694,5953
IN17A084,2,1175,3216
IN17A085,4,2643,4698
IN17A087,1,727,2292
"IN17A088,IN17A089",6,5434,12679
IN17A090,4,2787,11506
IN17A091,1,363,859
IN17A092,2,1210,4195
IN17A093,4,3004,12153
IN17A094,5,2938,7597
IN17A095,2,2009,2348
IN17A096,1,354,961
IN17A097,2,1231,2245
IN17A098,2,856,2697
IN17A099,4,3907,4740
IN17A100,2,1132,1921
IN17A101,4,1453,5064
IN17A102,1,302,886
IN17A103,2,579,2221
IN17A104,2,661,2335
IN17A105,1,268,643
IN17A106_a,2,1503,2226
IN17A106_b,1,818,1401
IN17A107,2,1250,2747
IN17A108,2,639,1677
IN17A109,1,771,1075
"IN17A109,IN17A120",3,1540,1888
IN17A110,3,947,1907
IN17A111,6,2505,5589
IN17A112,3,1695,3494
IN17A113,1,238,1181
"IN17A113,IN17A119",5,1960,6940
IN17A114,2,609,3145
IN17A115,1,257,702
IN17A116,3,1170,4825
IN17A118,3,2123,2681
IN17A119,1,280,1464
IN17B001,2,3739,24217
IN17B003,2,4075,19834
IN17B004,4,16259,41109
IN17B006,2,8467,22344
IN17B008,2,5223,6462
IN17B010,2,5382,17324
IN17B014,2,5168,8358
IN17B015,4,7268,22522
IN17B017,2,1470,9738
IN18B005,4,21515,34737
IN18B006,2,10092,22152
IN18B008,2,7119,13327
IN18B009,2,9433,18580
IN18B011,4,13054,39958
IN18B012,2,3327,20590
IN18B013,2,6293,15651
IN18B014,2,4060,13548
IN18B015,2,4811,13271
IN18B016,4,10236,37664
IN18B017,2,4346,18610
IN18B018,2,2322,18926
IN18B020,4,13674,22502
IN18B021,6,15523,42909
IN18B026,2,4361,11835
IN18B027,2,3115,7024
IN18B028,2,3648,8765
IN18B029,2,2889,12670
IN18B031,2,3606,13099
IN18B032,2,9187,12461
IN18B033,2,3588,14427
IN18B034,4,7088,13151
IN18B035,4,7924,15619
IN18B036,2,982,7836
IN18B037,2,2794,6331
IN18B038,10,14891,34746
IN18B039,2,3790,8507
IN18B040,2,2741,6946
IN18B041,2,1694,2917
IN18B042,6,7932,14991
IN18B043,4,5610,11538
IN18B044,2,2468,3033
IN18B045_a,2,1843,11977
IN18B045_b,2,1740,11383
IN18B045_c,2,1002,8855
IN18B046,2,1585,8458
IN18B047,4,1976,6497
IN18B048,5,1650,5238
IN18B049,2,2102,3627
IN18B050,4,1391,4986
IN18B051,6,4150,10548
IN18B052,4,1957,6762
IN18B054,6,2744,6810
IN18B055,5,936,6549
IN18B056,2,354,1284
IN19A001,6,72789,79865
IN19A002,6,66349,104133
IN19A003,6,69210,45057
IN19A004,6,55224,79108
IN19A005,6,61947,51635
IN19A006,4,25021,53941
IN19A007,6,46652,75800
IN19A008,8,92049,86763
IN19A009,4,16597,33525
IN19A010,4,29296,39542
IN19A011,6,53000,69336
IN19A012,4,16559,45185
IN19A013,4,19388,21828
IN19A014,4,17206,39300
IN19A015,6,49902,52155
IN19A016,12,66411,47837
IN19A017,2,4217,29155
IN19A018,2,17098,28782
IN19A019,4,16654,39496
IN19A020,6,36279,28007
IN19A021,6,23035,24494
IN19A022,6,28364,22904
IN19A024,4,16700,23168
IN19A026,4,15624,9414
IN19A027,4,10454,40106
IN19A028,2,4279,19726
IN19A029,6,15089,32849
IN19A030,6,18426,24633
IN19A031,2,8849,6640
IN19A032,6,9418,31921
IN19A033,2,7951,7646
IN19A034,2,3074,23207
IN19A036,2,8187,6192
IN19A037,2,8635,7465
IN19A040,2,6880,18315
IN19A041,16,22119,16479
IN19A042,5,9199,10098
IN19A043,4,6304,5609
IN19A044,4,5511,4223
IN19A045,6,11353,14129
IN19A046,6,7340,6354
IN19A047,2,2842,2567
IN19A048,5,5861,5074
IN19A049,2,4151,2712
IN19A052,4,5701,5902
IN19A054,6,9296,5018
IN19A056,5,8412,9378
IN19A057,5,9896,9156
IN19A059,11,9212,7470
IN19A060,1,502,628
IN19A060_a,2,3029,1484
IN19A060_b,2,3058,1674
IN19A060_c,7,12700,6969
IN19A060_d,12,8812,6745
IN19A060_e,1,1449,1264
IN19A061,6,2548,3188
IN19A064,12,9056,11969
IN19A065,5,1380,3365
IN19A067,6,2865,3005
IN19A069_a,2,1518,788
IN19A069_b,2,1131,855
IN19A069_c,2,1195,985
IN19A070,3,1880,1401
IN19A071,2,1121,793
IN19A072,3,2063,2822
IN19A073,10,10206,8796
IN19A074,2,2903,2434
IN19A076,1,799,866
IN19A079,1,685,753
IN19A080,2,778,853
IN19A082,5,2530,4567
IN19A083,2,1152,1240
IN19A084,6,4198,3026
IN19A085,5,3426,2880
IN19A086,4,1862,1532
IN19A087,2,532,561
IN19A088_a,2,572,551
IN19A088_b,4,1675,1648
IN19A088_c,6,3310,2877
IN19A088_d,2,851,780
IN19A088_e,3,2005,1568
IN19A090,4,3888,2759
IN19A091,2,1870,983
IN19A093,15,6708,7354
IN19A094,2,1140,1086
"IN19A095,IN19A127",5,1881,1243
IN19A096,8,3661,4029
IN19A098,14,2539,3899
IN19A099,8,12309,9666
IN19A100,6,3163,4600
IN19A101,1,688,476
IN19A102,5,1315,760
IN19A103,3,616,950
IN19A104,2,1884,1008
IN19A105,4,953,1478
IN19A106,11,3023,5437
IN19A108,11,4792,1836
IN19A109_a,2,1362,1403
IN19A109_b,2,990,799
IN19A110,4,1584,1268
IN19A111,3,932,1387
IN19A112,2,813,878
IN19A113,5,2690,1885
IN19A114,14,3255,3080
IN19A115,1,131,193
IN19A117,21,4864,8219
IN19A118,1,275,284
IN19A120,4,1596,2796
IN19A121,3,387,448
IN19A123,1,473,720
IN19A124,3,1240,1773
IN19A126,1,538,327
IN19A129,1,254,185
IN19A133,3,675,904
IN19A135,3,108,644
IN19A142,2,5337,5431
IN19B002,2,4055,3667
IN19B003,6,58490,115534
IN19B004,2,16193,19303
IN19B005,2,6881,15758
IN19B007,2,6151,25528
IN19B008,2,18476,16286
IN19B010,2,10762,37489
IN19B011,4,13260,41757
IN19B012,6,46444,57656
IN19B013,4,2841,2311
IN19B015,2,9231,14931
IN19B016,2,4411,20259
IN19B020,2,3021,15989
IN19B021,4,17957,38302
IN19B023,2,4026,9748
IN19B027,2,7008,16528
IN19B030,2,4221,15407
IN19B031,2,4596,11419
IN19B033,2,9743,12733
IN19B034,2,4424,10907
IN19B035,4,11475,18241
IN19B037,1,1190,5004
IN19B038,4,6941,7187
IN19B040,4,5972,10264
IN19B041,2,2649,5133
IN19B043,9,16094,29402
IN19B045,4,4422,10557
"IN19B045,IN19B052",4,3513,12930
IN19B047,2,2178,6941
IN19B048,4,3359,7230
IN19B050,8,12299,38748
IN19B053,2,921,5098
IN19B054,4,2514,5367
IN19B055,2,1117,4544
IN19B056,6,8944,9936
IN19B057,7,4847,12948
IN19B058,4,2172,5833
IN19B062,2,972,3386
IN19B064,2,650,2496
IN19B066,6,3847,10517
IN19B067,14,15173,25556
IN19B068,8,11516,29484
IN19B069,2,1402,4319
IN19B070,5,5389,7166
IN19B071,10,3633,14804
IN19B072,2,1103,3131
IN19B073,6,3736,8740
IN19B075,8,4780,13040
IN19B077,5,5765,7627
IN19B078,4,3534,12302
IN19B080,6,2758,8608
IN19B081,4,2693,3575
IN19B082,4,4365,7229
IN19B083,2,912,4081
IN19B084,6,7394,7966
IN19B085,4,1620,5298
IN19B086,9,3140,11607
IN19B087,4,1888,6963
IN19B088,2,1030,2515
IN19B089,10,5035,9171
IN19B090,9,7244,9647
IN19B091,16,14715,16989
IN19B092,2,1324,1624
IN19B094,7,7627,7738
IN19B095,5,4330,5327
IN19B097,2,1210,1635
IN19B103,8,2463,5963
IN19B105,2,1409,2638
IN19B107,2,5148,42934
IN19B109,2,2028,13463
IN19B111,2,2345,7013
IN19B112,2,2280,13395
IN20A.22A001,12,71019,63686
IN20A.22A002,4,9967,32898
IN20A.22A003,4,11726,17978
IN20A.22A004,6,10918,22927
IN20A.22A005,6,11283,22653
IN20A.22A006,11,49476,61252
IN20A.22A007,12,39617,60888
IN20A.22A008,12,21606,63725
IN20A.22A009,18,32546,33961
IN20A.22A010,8,16906,15843
IN20A.22A011,4,3249,6654
IN20A.22A012,11,8043,28184
IN20A.22A013,5,3115,12073
IN20A.22A015,10,11992,15608
IN20A.22A016,15,11965,28454
IN20A.22A017,16,14387,34890
IN20A.22A018,8,5762,9568
IN20A.22A019,9,10335,16880
IN20A.22A021,17,14164,22278
IN20A.22A022,8,3998,12204
IN20A.22A023,5,4458,5127
IN20A.22A024,20,16544,42058
IN20A.22A026,5,1706,5295
IN20A.22A027,2,2643,2293
IN20A.22A028,12,7210,15157
IN20A.22A029,2,1382,2642
IN20A.22A030,6,6785,8488
IN20A.22A033,4,4861,5076
IN20A.22A035,5,3865,6072
IN20A.22A036,15,17524,18538
"IN20A.22A036,IN20A.22A072",4,5269,5088
IN20A.22A037,3,2736,3446
IN20A.22A038,7,4941,8054
IN20A.22A039,23,22165,44983
IN20A.22A040,2,1397,3759
IN20A.22A041,12,10383,13167
IN20A.22A042,8,7504,14693
IN20A.22A043,10,10741,12258
IN20A.22A044,8,8890,14814
IN20A.22A045,10,9202,13026
IN20A.22A046,5,6087,6055
IN20A.22A047,9,8611,16451
IN20A.22A048,17,12036,36208
IN20A.22A049,16,13089,26874
"IN20A.22A049,IN20A.22A067",5,2266,6948
IN20A.22A050,9,3419,10816
IN20A.22A051,12,11507,11837
IN20A.22A052,7,3849,9477
IN20A.22A053,18,12789,40025
IN20A.22A054,6,5018,15011
IN20A.22A055,15,13661,11594
IN20A.22A056,6,3220,13342
IN20A.22A057,2,1571,1961
IN20A.22A058,11,8072,18805
IN20A.22A059,9,6395,14193
IN20A.22A060,11,10509,12199
"IN20A.22A061,IN20A.22A066",4,3711,7723
"IN20A.22A061,IN20A.22A068",5,3659,12985
IN20A.22A062,3,726,2382
IN20A.22A063,2,1107,2500
IN20A.22A064,6,5517,6302
IN20A.22A065,9,9250,10577
IN20A.22A066,5,3785,8795
IN20A.22A067,13,10202,18009
IN20A.22A069,11,3154,6446
IN20A.22A070,4,2359,7273
"IN20A.22A070,IN20A.22A080",8,5227,13369
IN20A.22A071,12,3534,17422
IN20A.22A073,18,12914,17746
IN20A.22A074,7,3878,9815
IN20A.22A076,8,2229,10599
IN20A.22A077,12,3385,13444
IN20A.22A078,3,1298,3899
IN20A.22A079,4,2741,8383
IN20A.22A081,6,3201,10956
IN20A.22A082,4,978,5639
IN20A.22A083,2,515,1521
IN20A.22A084,12,3069,9376
IN20A.22A085,15,5235,20210
IN20A.22A086,9,3245,13777
IN20A.22A087,3,1045,1609
IN20A.22A088,5,1368,3142
IN20A.22A089,17,4174,16666
IN20A.22A090,21,6305,19106
IN20A.22A091,7,1937,4754
IN20A.22A092,25,3247,14667
IN21A001,6,53741,44854
IN21A002,6,47259,51823
IN21A003,6,39105,54593
IN21A004,6,32245,41345
IN21A005,4,10202,40281
IN21A006,6,29336,36392
IN21A007,6,20023,49847
IN21A008,6,39204,37896
IN21A009,6,13605,60692
IN21A010,6,32512,48378
IN21A011,6,21964,43444
IN21A012,6,25089,29916
IN21A013,6,22874,27631
IN21A014,6,16133,46494
IN21A015,6,28463,34732
IN21A016,6,27375,48720
IN21A017,8,23772,34936
IN21A018,6,23410,58341
IN21A019,6,22590,40324
IN21A020,6,18767,33904
IN21A021,2,4515,12145
IN21A022,6,12263,27201
"IN21A023,IN21A024",12,11250,52599
IN21A026,3,4507,2234
IN21A027,2,2471,1041
IN21A028,6,7734,15998
"IN21A029,IN21A030",4,3066,1240
IN21A031,2,310,464
IN21A032,3,3193,1203
IN21A033,2,1138,933
IN21A034,3,2483,945
IN21A035,6,6404,14015
IN21A036,1,1160,1508
IN21A037,12,12072,12708
IN21A038,6,6282,10541
IN21A039,2,1080,1536
IN21A040,2,1103,1662
IN21A041,4,1858,1003
IN21A042,6,5193,6282
IN21A043,2,779,1595
IN21A044,6,5401,9155
"IN21A045,IN21A046",4,2504,4931
IN21A047_a,2,1817,3120
IN21A047_b,2,1948,3544
IN21A047_c,2,1884,3351
IN21A047_d,4,2474,4543
IN21A047_e,2,1362,3513
IN21A047_f,2,1261,2696
IN21A048,4,2537,4002
IN21A049,6,3591,11612
IN21A050,2,1830,2632
IN21A051,8,6149,11698
IN21A052,2,1175,3368
IN21A054,6,2679,7080
IN21A055,2,238,1019
IN21A056,6,3729,7909
IN21A057,2,797,1640
IN21A058,7,3563,11490
IN21A059,2,198,734
IN21A060,2,964,2358
IN21A061,6,4196,7460
IN21A062,2,1172,3211
IN21A063,5,3799,5527
IN21A064,2,1050,2321
IN21A065,1,330,959
IN21A066,2,824,1111
IN21A070,2,490,1329
IN21A071,1,462,737
IN21A072,2,569,944
IN21A073,2,680,1468
IN21A074,2,1123,1895
IN21A075,2,1038,2064
IN21A076,3,1286,2620
IN21A077,6,3334,6090
IN21A078,6,2628,4765
IN21A079,4,1053,3325
IN21A080,3,1635,2127
IN21A081,2,728,1764
IN21A082,2,353,1365
IN21A083,5,1487,4473
IN21A084,2,783,1381
IN21A085,4,1943,3398
IN21A086,4,612,1465
IN21A087,18,10990,6278
IN21A088,1,342,445
IN21A090,2,555,589
"IN21A091,IN21A092",2,593,2546
IN21A093,7,2087,2003
IN21A094,2,680,1278
IN21A095,2,512,712
IN21A096,3,422,899
IN21A097,2,593,1211
IN21A098,2,668,2431
IN21A099,3,1087,2779
IN21A100,3,957,2719
IN21A102,4,1362,2229
IN21A103,1,128,222
IN21A109,2,403,1281
IN21A111,2,990,1750
IN21A116,4,1619,3342
IN23B001,2,18798,27765
IN23B005,4,54599,34613
IN23B006,4,18350,31436
IN23B007,7,32279,42776
IN23B008,8,24524,36556
IN23B009,8,79843,78239
IN23B011,2,6694,10695
IN23B012,2,5909,10367
IN23B013,6,20682,20864
IN23B014,6,22516,25282
IN23B016,2,3219,13865
IN23B017,4,9669,18132
IN23B018,14,30891,66694
IN23B020,7,19634,29765
IN23B021,4,3479,9369
IN23B022,6,7104,23182
IN23B023,16,41243,43283
IN23B024,6,14341,30142
IN23B025,6,10860,20764
IN23B027,1,2614,6289
IN23B028,14,19502,39976
IN23B029,4,2438,7973
IN23B030,6,7303,14775
IN23B031,6,17300,19175
IN23B032,11,21400,32178
IN23B033,4,11100,14708
IN23B034,2,2784,4369
IN23B035,4,3271,5996
IN23B036,4,7021,15976
IN23B037,10,35884,27321
IN23B038,1,1769,2182
IN23B039,5,8215,12113
IN23B040,8,11221,20706
IN23B041,5,5871,8752
IN23B042,2,1939,3558
IN23B043,9,8623,29975
IN23B044,2,3186,3753
"IN23B044,IN23B057",4,2946,6040
IN23B045,4,9073,9992
IN23B046,10,14876,18024
IN23B047,6,8753,15296
IN23B048,4,1762,8289
IN23B049,9,13788,18483
IN23B050,2,1300,3036
IN23B051,1,1792,2141
IN23B053,3,3676,6020
IN23B054,6,7119,9417
IN23B055,2,1966,3732
IN23B056,10,9498,21509
IN23B057,5,5985,10289
IN23B058,4,7007,7774
IN23B059,3,3155,5961
IN23B060,10,12877,15414
IN23B061,3,4856,4628
IN23B062,4,5538,5695
IN23B063,6,4117,11498
IN23B064,3,5390,3883
IN23B065,4,7133,5538
IN23B066,5,7125,8430
IN23B067_a,2,1310,3905
IN23B067_b,2,2816,5827
IN23B067_c,2,3837,6124
IN23B067_d,2,745,4331
IN23B067_e,2,1843,4158
IN23B068,3,2584,6195
"IN23B069,IN23B079",3,1021,3888
IN23B070,6,4018,10653
IN23B071,2,1842,3663
IN23B072,5,2568,5102
IN23B073,3,2478,4849
IN23B074,9,6525,17036
IN23B075,2,1363,3412
IN23B076,1,487,1412
IN23B078,6,2695,8414
IN23B079,2,909,2599
IN23B080,2,1530,2855
IN23B081,8,5172,13831
IN23B082,1,727,1414
IN23B083,2,1222,3840
IN23B084,3,3920,2951
IN23B085,5,2637,10808
IN23B086,6,1910,9010
IN23B087,8,3701,13763
IN23B088,2,713,950
IN23B089,9,4661,11167
IN23B090,5,2797,7309
IN23B091,4,729,3433
IN23B092,2,1150,3283
IN23B093,2,2237,1511
IN23B094,2,342,2975
IN23B095,2,3694,17127
IN23B096,1,852,1144
IN26X001,6,29760,84762
IN26X002,6,16811,47442
IN26X003,4,4631,16325
IN27X001,2,15965,69388
IN27X002,4,6162,24857
IN27X003,2,2996,6183
IN27X004,2,5240,7719
IN27X005,2,8872,53376
IN27X007,2,5166,9407
IN27X014,2,7740,12579
IN27X023,2,2267,5377
INXXX003,2,13538,51838
INXXX004,2,17092,36516
INXXX007,2,9309,21444
INXXX008,4,17552,21641
INXXX011,2,9516,40263
INXXX022,2,7024,13347
INXXX023,2,10599,27802
INXXX025,2,10120,36043
INXXX027,4,63173,30363
INXXX029,2,1929,22849
INXXX031,2,10823,18006
INXXX032,6,31281,45825
INXXX034,1,1692,5653
INXXX035,2,7922,26076
INXXX036,2,8692,21796
INXXX038,2,10515,42635
INXXX039,2,9462,36463
INXXX042,2,8925,37672
INXXX044,8,69998,88447
INXXX045,10,31196,62390
INXXX048,2,8218,16674
INXXX052,2,10301,36234
INXXX053,2,1617,5003
INXXX054,2,6432,27730
INXXX056,2,7428,7110
INXXX058,6,24972,52792
INXXX062,4,10353,42020
INXXX063,2,6364,18478
INXXX065,2,7808,17153
INXXX066,2,11489,12595
INXXX073,2,7199,28833
INXXX076,2,2575,20847
INXXX077,2,12226,25840
INXXX083,2,3009,11419
INXXX084,2,10189,21559
INXXX087,2,7098,25638
INXXX089,2,5448,19771
INXXX091,2,4329,14945
INXXX095,4,12777,43613
INXXX096,4,11394,23465
INXXX100,6,42103,48534
INXXX101,2,2922,16511
INXXX104,2,5071,14444
INXXX107,2,6220,13740
INXXX110,4,10820,21497
INXXX111,2,5055,26738
INXXX114,2,6794,18011
INXXX115,2,5349,22642
INXXX119,2,4035,10608
INXXX121,2,5535,7863
INXXX122,4,8889,19467
INXXX124,2,7155,9421
INXXX126,8,18898,49574
INXXX129,2,6706,17311
INXXX133,2,4957,11402
INXXX134,2,2186,12488
INXXX135,2,965,8016
INXXX137,2,10689,24176
INXXX138,2,4225,6234
INXXX140,2,3257,7091
INXXX142,2,3491,7517
INXXX143,2,4424,16470
INXXX146,2,1318,12480
INXXX147,2,3584,17196
INXXX149,6,26139,60264
INXXX153,2,6939,12026
INXXX158,2,7167,15663
INXXX159,2,5578,9793
INXXX161,4,4780,22854
INXXX167,2,9192,17384
INXXX173,2,2894,10973
INXXX179,2,6451,9946
INXXX180,2,3474,19681
INXXX181,2,5821,19675
INXXX183,2,7429,16421
INXXX184,2,5239,12462
INXXX188,2,4969,5986
INXXX192,2,5002,12452
INXXX193,2,1561,10073
INXXX194,2,1230,9245
INXXX197,4,11378,36236
INXXX198,2,3751,9626
INXXX199,2,3881,10351
INXXX201,2,7754,9238
INXXX204,2,987,8642
INXXX206,2,5181,7188
INXXX209,4,7215,9580
INXXX212,4,10388,19255
INXXX213,4,6567,17205
INXXX215,4,9477,21079
INXXX216,2,3604,20847
INXXX217,10,31870,55333
INXXX219,2,4227,8844
INXXX220,2,1749,17466
INXXX221,4,5735,12595
INXXX223,2,5952,11466
INXXX224,2,3770,10876
INXXX225,2,3841,4214
INXXX227,2,2940,8472
INXXX228,7,13879,44836
INXXX230,9,21762,39946
INXXX231,8,16969,51129
INXXX232,2,3458,14287
INXXX235,2,8730,4980
INXXX237,2,1928,15756
INXXX238,2,12403,7423
INXXX239,4,11872,19815
INXXX240,2,3363,13575
INXXX241,2,2167,11653
INXXX242,2,3962,10432
INXXX243,4,8547,20620
INXXX244,2,3269,8593
INXXX245,2,2860,7109
INXXX246,4,6413,22526
INXXX247,4,14006,13960
INXXX249,2,3585,6004
INXXX251,2,3381,2935
INXXX252,2,10205,5782
INXXX253,6,15419,21284
INXXX256,2,2448,6529
INXXX257,1,1692,6067
INXXX258,12,16378,65999
INXXX260,4,4998,17108
INXXX261,4,7461,16838
INXXX262,4,6792,21614
INXXX263,4,4889,16090
INXXX265,4,3967,15891
INXXX267,4,5489,20855
INXXX268,3,4100,4512
INXXX269,10,17675,51701
INXXX270,2,6186,8496
INXXX271,4,7013,22336
INXXX273,4,7169,22683
INXXX275,2,2717,7102
INXXX276,2,2620,5304
INXXX279,4,4405,19193
INXXX280,6,4096,14329
INXXX281,6,14766,26961
INXXX282,2,2061,7972
INXXX283,5,4020,6963
INXXX284,2,2288,4984
INXXX285,2,2550,11028
INXXX287,12,37271,47935
INXXX288,2,6043,13881
INXXX290,13,18541,26935
INXXX292,2,1479,5182
INXXX293,4,6264,6125
INXXX294,2,8096,10489
INXXX295,10,3916,8845
INXXX297,8,12129,46083
INXXX299,1,1456,5156
INXXX300,2,2620,13543
INXXX301,4,6787,14759
INXXX302,3,3148,11942
INXXX303,3,4776,9678
INXXX304,2,2702,6621
INXXX306,4,8079,17222
INXXX307,4,4228,14153
INXXX309,3,8411,6836
INXXX315,8,15180,26447
INXXX316,6,15724,21907
INXXX317,2,4059,11283
INXXX319,2,4299,6924
INXXX320,2,5162,8401
INXXX321,8,9060,21447
INXXX322,4,3214,12936
INXXX324,2,2197,9697
INXXX326,5,3179,5521
INXXX328,4,9710,19683
INXXX329,4,6181,22922
INXXX331,6,7262,25414
INXXX332,8,13213,29252
INXXX333,2,2038,8533
INXXX334,4,3431,14308
INXXX335,2,3371,4240
INXXX336,2,2661,3775
INXXX337,2,1561,6945
INXXX339,2,2453,6292
INXXX340,2,2505,6848
INXXX341,8,9448,21286
INXXX343,2,2117,3870
INXXX345,2,968,4821
INXXX346,4,3897,14208
INXXX347,2,920,5032
INXXX348,4,8958,8799
INXXX349,2,1134,6229
INXXX350,4,4724,13027
INXXX351,2,2305,4031
INXXX352,4,6948,13154
INXXX353,4,3335,16232
INXXX355,2,4943,12931
INXXX357,2,2358,6494
INXXX359,2,1536,7332
INXXX360,3,3053,7764
INXXX363,10,14886,18760
INXXX364,8,5926,17256
INXXX365,4,6213,11041
INXXX369,7,7627,36249
INXXX370,5,4690,16599
INXXX372,4,6898,7686
INXXX373,4,5574,12766
INXXX374,2,1485,3587
INXXX376,1,1260,3618
INXXX377,6,6687,16213
INXXX378,4,3611,7022
INXXX379,2,3416,9893
INXXX381,2,3324,9982
INXXX382_b,4,5914,10125
INXXX383,1,479,3130
INXXX385,3,6642,7595
INXXX386,6,6013,14972
INXXX387,4,5979,6534
INXXX388,2,2768,6393
INXXX390,2,3473,3162
INXXX391,2,1400,3284
INXXX393,2,2398,4076
INXXX394,4,4040,5275
INXXX395,4,1272,7537
INXXX396,10,8608,23226
INXXX397,4,3126,7031
INXXX399,4,3303,11380
INXXX400,4,4263,10952
INXXX401,2,1635,3489
INXXX402,6,6993,21538
INXXX403,2,2345,2539
INXXX405,6,9950,24670
INXXX406,4,1946,7886
INXXX407,4,2309,7898
INXXX409,4,2163,8591
INXXX411,4,2006,7841
INXXX412,2,1943,4786
INXXX414,4,3320,13223
INXXX415,6,7159,12955
INXXX416,6,4761,6737
INXXX417,6,4092,8585
INXXX418,4,4814,8407
INXXX419,2,1844,2318
INXXX420,2,1684,1992
INXXX421,3,1861,8855
INXXX423,2,2307,7887
INXXX424,4,812,6095
INXXX425,2,3540,18792
INXXX426,4,2785,5638
INXXX427,4,2935,10480
INXXX428,4,1765,6335
INXXX429,12,9949,11732
INXXX431,12,6930,21114
INXXX436,10,4413,6031
INXXX437,4,1604,4563
INXXX438,4,3029,4873
INXXX440,8,3951,7015
INXXX441,4,1799,3062
INXXX442,4,2255,8639
INXXX443,6,1931,7764
INXXX444,2,825,3702
INXXX446,23,8666,30184
"INXXX447,INXXX449",4,2435,4122
INXXX448,19,10395,16400
INXXX450,4,1108,4473
INXXX452,7,4478,9687
INXXX454,7,1920,7531
INXXX456,2,807,2458
INXXX460,4,1252,3921
INXXX464,6,66195,92369
INXXX466,6,22027,56701
INXXX468,12,28510,66568
INXXX471,4,15752,20272
INXXX472,2,3690,8437
INXXX473,4,6159,11175
INXXX474,4,7386,8277
IPC,16,25266,542
IPS001,10,6392,10533
ISN,4,1335,38365
ITP,7,72,135
IbSpsP,31,16888,48423
JO-A-unclear,24,30,18
JO-A1,8,474,7961
JO-A2,13,2188,23781
JO-A3,2,397,8466
JO-A4,3,140,3138
JO-B-unclear,13,105,48
JO-B1_a,17,2776,8331
JO-B1_b,12,1069,3218
JO-B1_c,10,1870,5862
JO-B2,9,1114,5556
JO-B3,12,1463,7692
JO-B4_a,3,502,3242
JO-B4_b,12,985,10316
JO-CA1,10,1036,4674
JO-CA2,9,2027,7515
JO-CL,19,2115,14457
JO-CM,30,2150,34895
JO-DA,5,610,4455
JO-DP,3,274,1893
JO-ED1,18,2475,20746
JO-ED2_a,38,5336,47135
JO-ED2_b,21,3323,42810
JO-ED2_c,14,1958,24789
JO-EV1,50,7186,68285
JO-EV2,36,5142,40555
JO-EV3,45,6754,91960
JO-EV4,1,131,1259
JO-EV5,23,3492,35097
JO-EV6,21,2090,30286
JO-FD1,4,724,4721
JO-FD2,4,414,3873
JO-FV,70,5717,45675
JO-mz,11,1715,23241
JO-unclear,102,1050,8468
KC,2,335,76
KCa'b'-ap1,199,112977,208860
KCa'b'-ap2,291,170418,266398
KCa'b'-m,205,120836,173536
KCab-c,488,176493,236188
KCab-m,536,221249,285090
KCab-p,129,71934,98085
KCab-s,657,310213,401025
KCg,1,952,1479
KCg-d,206,117611,178696
KCg-m,1342,864068,1136371
KCg-s1,2,4566,7435
KCg-s2,2,2840,5584
KCg-s3,2,1706,3392
KCg-s4,2,1233,2166
L1,1776,368682,1079047
L2,1779,559331,1881591
L3,1772,253904,1272302
L4,1770,105063,531692
L5,1787,499516,1809804
LAL001,2,4888,20390
LAL002,2,5662,19572
LAL003,4,5945,17735
LAL004,1,664,2363
LAL006,6,1820,6964
LAL007,2,1980,14880
LAL008,2,4385,17060
LAL009,2,8041,17403
LAL010,2,8686,21605
LAL011,2,7260,10443
LAL012,2,5412,13048
LAL013,2,5865,21375
LAL014,2,17698,20790
LAL015,2,6267,16991
LAL016,2,7820,21001
LAL017,2,4324,17682
LAL018,2,17257,18811
LAL019,4,6514,23818
LAL020,4,4933,12582
LAL021,8,11465,20731
LAL022,6,10893,32242
LAL023,4,3338,11695
LAL024,2,1651,4203
LAL025,5,8585,22989
LAL026_a,2,8151,9029
LAL026_b,2,6239,11224
LAL027,2,7477,6637
LAL028,3,7987,8455
LAL029_a,2,3630,5586
LAL029_b,2,3625,6591
LAL029_c,2,4856,5972
LAL029_d,2,3929,6449
LAL029_e,2,6792,7889
LAL030_a,6,7115,11852
LAL030_b,6,6624,12198
LAL030d,2,1287,2972
LAL031,4,4568,10029
LAL032,2,1808,4087
LAL034,8,7426,15636
LAL035,4,3267,7075
LAL037,4,2778,6654
LAL040,2,16890,30777
LAL042,2,4555,18248
LAL043_a,4,2754,4271
LAL043_b,2,1267,1871
LAL043_c,2,2212,2573
LAL043_d,2,2447,3136
LAL043_e,2,3417,3546
LAL045,2,7305,20962
LAL046,2,8701,19890
LAL047,2,9374,27987
LAL048,10,7121,13216
LAL049,2,2039,5014
LAL050,8,5849,11566
LAL051,2,8042,33465
LAL052,2,7980,15650
LAL053,2,8912,19669
LAL054,2,5055,19565
LAL055,2,6635,13256
LAL056,6,3832,10173
LAL059,6,4385,12196
LAL060_a,7,6053,8752
LAL060_b,6,4902,10145
LAL061,7,4296,10363
LAL063,2,846,2404
LAL064,4,2404,7561
LAL067,8,4153,7976
LAL071,8,3391,8035
LAL072,2,8423,15813
LAL073,2,18939,28938
LAL074,2,11619,19914
LAL075,2,7442,20267
LAL076,2,5877,22468
LAL081,2,6052,30780
LAL082,2,4199,7999
LAL083,4,32248,33251
LAL084,2,11207,20031
LAL085,4,4339,25392
LAL086,4,2228,4080
LAL087,10,3799,6180
LAL088,3,2234,4138
LAL089,6,1950,6180
LAL090,10,5355,18851
LAL093,4,837,5224
LAL094,19,7781,18707
LAL096,16,5815,16586
LAL098,2,6778,14205
LAL099,2,6197,17054
LAL100,2,7508,25501
LAL101,2,4830,15905
LAL102,2,7160,21116
LAL104,4,8440,24814
LAL108,2,13201,24987
LAL109,4,3521,17890
LAL110,10,4501,24860
LAL111,2,4026,17783
LAL112,4,9653,35634
LAL113,4,14044,21005
LAL114,2,2807,11698
LAL115,2,2977,16279
LAL116,2,4921,20785
LAL117,4,4063,25492
LAL119,2,10850,25352
LAL120_a,2,19211,35599
LAL120_b,2,19879,43192
LAL121,2,7260,18966
LAL122,2,9418,21229
LAL123,2,21010,25250
LAL124,2,8319,34180
LAL125,2,16713,25833
LAL126,4,14284,45727
LAL127,4,10390,14593
LAL128,2,7906,8883
LAL129,2,7956,30472
LAL130,2,5703,28370
LAL131,4,10890,26374
LAL132_a,2,2139,8082
LAL132_b,2,1615,5908
LAL133_a,2,1435,3200
LAL133_b,2,1834,3802
LAL133_c,2,1545,3247
LAL133_d,2,1156,3014
LAL133_e,2,1987,5743
LAL134,2,13177,15159
LAL135,2,7151,17039
LAL136_a,5,5788,13583
LAL136_b,7,5427,15895
LAL137,2,7592,30292
LAL138,2,13362,52680
LAL139,2,4122,18800
LAL140,2,2440,9269
LAL141,2,9689,30670
LAL142,2,12569,38516
LAL143,2,2955,13306
LAL144,6,10740,35909
LAL145,4,3868,23393
LAL146,2,3432,10029
LAL147_a,4,4274,18406
LAL147_b,2,2369,9757
LAL147_c,2,4587,14490
LAL148,2,1417,5433
LAL149,4,2790,6672
LAL150,10,5707,16677
LAL151,2,1700,4297
LAL152,2,4875,13083
LAL153,2,2775,15949
LAL154,2,5467,17025
LAL155,4,8821,19451
LAL156_a,2,9364,26228
LAL156_b,2,7998,17869
LAL157,2,7823,21812
LAL158,2,5481,21233
LAL159,2,14353,24561
LAL160,2,6581,18142
LAL161,2,6553,17608
LAL162,2,3820,14048
LAL163,2,3257,15047
LAL164,2,3236,15112
LAL165,2,4937,38390
LAL166,2,2265,16344
LAL167,4,4555,22934
LAL168,2,3558,15989
LAL169,2,6866,14469
LAL170,2,7316,25230
LAL171,2,6490,21251
LAL172,2,6083,21271
LAL173,4,7735,29161
LAL175,4,7110,22177
LAL176,2,3399,10163
LAL177,2,3727,10740
LAL179,6,3990,28519
LAL180,4,2489,21396
LAL181,2,2935,15204
LAL182,2,5863,21353
LAL183,2,9273,21444
LAL184,2,2664,17227
LAL185,4,5631,23526
LAL186,2,3903,12316
LAL187,2,932,5249
LAL188_a,4,1943,8114
LAL188_b,4,2014,9197
LAL189,6,2925,18087
LAL190,2,7310,30201
LAL191,2,1456,12569
LAL192,2,1474,13674
LAL193,2,5463,13289
LAL194,4,6879,28630
LAL195,2,5853,9522
LAL196,6,8257,17161
LAL197,2,3679,11122
LAL198,2,5636,22869
LAL199,2,1391,12301
LAL200,2,12000,32651
LAL203,4,6195,22292
LAL204,2,3612,8248
LAL205,2,5375,35973
LAL206,4,3801,30531
LAL207,2,9853,25477
LAL208,2,2341,14764
LAL300m,4,7926,15952
LAL301m,4,5600,15793
LAL302m,8,8685,37152
LAL303m,5,6482,15772
LAL304m,5,11480,32406
LA_ME_unclear,3,211,1380
LB1a,11,2005,10878
LB1b,6,1565,17550
LB1c,16,3645,35856
LB1d,5,848,4546
LB1e,19,3972,21999
LB2a,4,1138,6456
LB2b,3,347,6174
LB2c,6,910,8469
LB2d,5,227,3138
LB3,1,2,6
LB3a,17,2640,14007
LB3b,11,2499,11738
LB3c,23,6541,29780
LB3d,26,5221,29364
LB4a,4,1290,5316
LB4b,8,1935,9296
LBL40,2,10649,17237
LC10_unclear,11,3411,6204
LC10a,275,258112,486823
LC10b,95,93063,97613
LC10c-1,130,89248,147440
LC10c-2,125,81334,157202
LC10d,214,187922,331884
LC10e,110,42841,66839
LC11,143,354966,425230
LC12,498,236890,699129
LC13,177,102024,219838
LC14a-1,30,59205,156520
LC14a-2,15,23264,65951
LC14b,43,51936,190888
LC15,126,119907,276147
LC16,182,102025,255303
LC17,353,557877,728695
LC18,208,143125,351773
LC19,14,30094,45056
LC20a,62,66472,114295
LC20b,79,90509,185166
LC21,153,112290,323326
LC22,73,85495,122858
LC23,11,33350,49149
LC24,94,29891,91472
LC25,56,40959,85586
LC26,75,41183,91569
LC27,46,20995,48509
LC28,62,61081,128180
LC29,40,19986,47526
LC30,57,16692,30056
LC31a,32,53333,62390
LC31b,10,39638,59458
LC33,32,37619,110919
LC34,10,7491,25755
LC35a,10,40659,26403
LC35b,2,7014,6307
LC36,32,23629,84352
LC37,15,18797,54519
LC39a,6,7496,27882
LC39b,2,3361,8936
LC4,126,314772,258240
LC40,34,31472,69351
LC41,13,5697,30195
LC43,14,6808,22204
LC44,5,1794,12673
LC46b,10,5731,11822
LC6,124,91708,191403
LC9,219,181680,429098
LCNOp,2,6616,8264
LCNOpm,2,17544,18721
LH001m,4,1511,8912
LH002m,9,10100,25859
LH003m,6,5108,24613
LH004m,6,8748,22300
LH005m,2,3693,16086
LH006m,7,7710,22304
LH007m,8,10622,19706
LH008m,11,9652,28054
LHAD1a1,6,2972,13716
LHAD1a2,14,8569,46257
LHAD1a3,2,1046,5809
LHAD1a4_a,4,1931,8167
LHAD1a4_b,5,1510,8758
LHAD1b1_b,8,6020,17765
LHAD1b2,8,12483,16131
LHAD1b2_b,6,9406,13438
LHAD1b2_d,5,4760,11848
LHAD1b3,4,3705,8653
LHAD1b4,5,2397,8266
LHAD1b5,12,8847,29155
LHAD1c2,11,4127,16912
LHAD1c2b,2,1087,2810
LHAD1c3,5,2398,7859
LHAD1d1,8,6385,15544
LHAD1d2,4,2011,7236
LHAD1f1,7,5738,12876
LHAD1f2,2,12484,24523
LHAD1f3_a,4,3110,11273
LHAD1f3_b,5,3072,14000
LHAD1f4,9,6850,12931
LHAD1f5,4,2067,12460
LHAD1g1,2,55806,41842
LHAD1h1,2,2864,12441
LHAD1i1,6,3484,9551
LHAD1i2_b,7,4583,15230
LHAD1j1,2,2148,9976
LHAD1k1,2,4281,12326
LHAD2b1,2,5018,21191
LHAD2c1,3,3565,11990
LHAD2c2,4,4382,13433
LHAD2c3,6,5289,18696
LHAD2d1,2,2419,8250
LHAD2e1,2,2486,5770
LHAD2e3,2,2315,10131
LHAD3a1,4,2885,9131
LHAD3a10,2,669,2872
LHAD3a8,4,1301,4549
LHAD3b1_a,2,1530,4209
LHAD3d4,2,2117,7633
LHAD3d5,2,1337,7060
LHAD3e1_a,4,3713,13061
LHAD3f1_a,6,4495,16025
LHAD3f1_b,4,2871,10817
LHAD3g1,4,1888,6490
LHAD4a1,2,2182,12241
LHAV1a1,8,11254,18837
LHAV1a3,12,7599,20194
LHAV1a4,7,3081,13779
LHAV1b1,4,1017,6577
LHAV1b3,2,978,3493
LHAV1d1,4,2138,12523
LHAV1d2,10,9189,28254
LHAV1e1,2,5602,13568
LHAV1f1,9,4890,20458
LHAV2a2,9,4231,17158
LHAV2a3,9,6374,17212
LHAV2a5,3,773,5280
LHAV2b1,8,5987,13067
LHAV2b10,7,1727,11077
LHAV2b11,4,1693,9197
LHAV2b2_a,9,16053,43230
LHAV2b2_b,4,7528,20595
LHAV2b2_c,2,2397,8286
LHAV2b2_d,2,5971,11720
LHAV2b3,5,7164,18720
LHAV2b4,10,6398,14581
LHAV2b5,4,4646,17901
LHAV2b6,6,3039,12904
LHAV2b7_a,4,2116,11660
LHAV2b7_b,4,1469,8032
LHAV2b8,2,1316,3229
LHAV2b9,2,1006,3831
LHAV2c1,17,9119,35962
LHAV2d1,2,5179,31978
LHAV2e4_b,2,730,3228
LHAV2f2_a,1,362,1626
LHAV2f2_b,6,3573,10926
LHAV2g1,4,2758,9794
LHAV2g2_a,7,3895,17336
LHAV2g2_b,3,3027,7193
LHAV2g3,6,3160,19505
LHAV2g5,4,5471,9166
LHAV2g6,3,2223,5362
LHAV2h1,13,4393,27149
LHAV2i4,5,1242,12682
LHAV2j1,2,702,5218
LHAV2k1,6,2847,12204
LHAV2k10,2,776,3899
LHAV2k11_a,2,1331,7639
LHAV2k12_a,4,2995,11255
LHAV2k12_b,2,971,5412
LHAV2k13,2,2960,7250
LHAV2k5,5,2466,11344
LHAV2k6,2,2467,12598
LHAV2k8,2,3794,22716
LHAV2k9,8,6692,25058
LHAV2m1,4,3978,16461
LHAV2n1,2,2504,9698
LHAV2o1,2,4521,15497
LHAV2p1,2,4907,20587
LHAV3a1_b,4,1613,6347
LHAV3a1_c,2,4012,11270
LHAV3b1,7,3921,19339
LHAV3b12,2,3380,14779
LHAV3b13,4,6891,20839
LHAV3b2_a,4,1989,4590
LHAV3b2_b,4,2202,6281
LHAV3b2_c,4,3797,14569
LHAV3b6_b,4,1933,7510
LHAV3b8,6,1713,8719
LHAV3d1,2,1978,17380
LHAV3e1,4,4341,17603
LHAV3e2,4,4840,18541
LHAV3e3_a,2,2466,12937
LHAV3e3_b,2,2136,12324
LHAV3e4_a,4,3034,11476
LHAV3e4_b,2,1869,5879
LHAV3e5,3,2634,8594
LHAV3e6,3,1142,6824
LHAV3f1,2,7106,36723
LHAV3g1,4,2475,12983
LHAV3g2,4,3362,17769
LHAV3h1,2,6709,24397
LHAV3i1,2,2344,8418
LHAV3j1,3,5200,24373
LHAV3k1,2,9129,32514
LHAV3k2,2,2214,13806
LHAV3k3,2,3483,12192
LHAV3k4,2,2280,15952
LHAV3k5,2,9504,24134
LHAV3k6,2,4083,10835
LHAV3m1,2,4765,20907
LHAV3n1,12,5499,31175
LHAV3o1,6,2677,43015
LHAV3p1,2,3409,20735
LHAV3q1,2,3431,20184
LHAV4a1_a,2,2345,6009
LHAV4a1_b,8,12896,32849
LHAV4a2,2,7784,22367
LHAV4a4,17,8388,25201
LHAV4a5,8,4893,18515
LHAV4a6,2,917,4006
LHAV4a7,8,4648,20386
LHAV4b1,5,1760,6800
LHAV4b2,10,3456,13192
LHAV4b4,6,5807,18422
LHAV4c1,6,5402,13502
LHAV4c2,9,9601,32692
LHAV4d1,16,7629,17990
LHAV4d4,4,1725,5458
LHAV4d5,9,2856,16068
LHAV4e1_a,2,2370,3709
LHAV4e1_b,4,4416,7494
LHAV4e2_b1,7,2442,8054
LHAV4e2_b2,6,1675,6841
LHAV4e4,4,4936,8132
LHAV4e7_b,3,859,3184
LHAV4g1,10,6483,18108
LHAV4g12,4,5415,14874
LHAV4g13,4,5121,17239
LHAV4g14,2,2953,9846
LHAV4g17,2,3177,9315
LHAV4g4_b,6,3723,9203
LHAV4g6_a,5,2520,5866
LHAV4g7_a,4,2215,7644
LHAV4g7_b,7,3950,11163
LHAV4i1,4,4037,11676
LHAV4j1,2,3512,14879
LHAV4l1,2,3400,12500
LHAV5a1,4,1865,8374
LHAV5a10_b,2,782,6243
LHAV5a2_a1,9,1178,6737
LHAV5a2_a2,8,2152,12150
LHAV5a2_a3,11,2279,7078
LHAV5a2_a4,10,2033,11830
LHAV5a2_b,6,1855,6467
LHAV5a2_d,2,560,1592
LHAV5a4_a,3,1816,6978
LHAV5a4_c,4,1672,5996
LHAV5a6_a,4,1836,6070
LHAV5a6_b,6,2001,9279
LHAV5a8,6,4902,16615
LHAV5a9_a,4,2113,9799
LHAV5b1,4,2288,5250
LHAV5b2,4,3031,19267
LHAV5c1,4,2676,13786
LHAV5d1,2,3512,9443
LHAV5e1,2,1217,6981
LHAV6a1,4,2793,9244
LHAV6a3,11,6011,20160
LHAV6a4,4,1752,6810
LHAV6a5,6,2936,9688
LHAV6a7,8,4046,15594
LHAV6a8,2,2196,7119
LHAV6b1,2,5242,13597
LHAV6b3,11,9783,21495
LHAV6b4,2,2694,11159
LHAV6c1,9,3015,8846
LHAV6e1,2,6338,17503
LHAV6g1,2,5651,25390
LHAV6h1,2,2135,12714
LHAV6i2_b,2,1549,7595
LHAV7a1,5,2888,6293
LHAV7a1_a,4,1600,5566
LHAV7a1_b,3,1284,4230
LHAV7a3,8,3199,13422
LHAV7a4,9,3792,9595
LHAV7a5,6,2790,7931
LHAV7a6,2,1365,2968
LHAV7a7,6,3726,7891
LHAV7b1,11,11386,26384
LHAV8a1,2,2877,13979
LHAV9a1_a,4,2569,10481
LHAV9a1_b,6,3042,13308
LHAV9a1_c,6,2542,14498
LHCENT1,2,26457,46889
LHCENT10,4,14074,69146
LHCENT11,2,5423,46572
LHCENT12_a,2,3996,16884
LHCENT12_b,4,5432,18977
LHCENT13_a,4,4682,9718
LHCENT13_b,3,3135,7487
LHCENT13_c,3,2933,6698
LHCENT13_d,2,2338,4946
LHCENT14,2,5075,28157
LHCENT2,2,33887,67831
LHCENT3,2,20605,58708
LHCENT4,2,16334,28637
LHCENT5,2,5905,19267
LHCENT6,2,19522,47277
LHCENT8,4,15917,114573
LHCENT9,2,26399,56190
LHMB1,2,13367,22181
LHPD1b1,2,1890,11455
LHPD2a1,9,11187,24941
LHPD2a2,10,18027,35068
LHPD2a4_a,8,5611,23684
LHPD2a4_b,4,3353,10444
LHPD2a5_b,2,1344,2662
LHPD2a6,8,5832,11674
LHPD2b1,4,2621,7235
LHPD2c1,2,4868,9593
LHPD2c2,10,4580,20540
LHPD2c6,4,1506,4417
LHPD2c7,4,8566,37187
LHPD2d1,2,3445,19283
LHPD2d2,2,2253,14355
LHPD3a2_a,8,1945,8290
LHPD3a2_b,8,2565,11047
LHPD3a2_c,4,1649,6716
LHPD3a4_b,9,2853,21772
LHPD3a4_c,9,2229,14358
LHPD3a5,8,2257,13931
LHPD3c1,3,2773,6141
LHPD4a1,8,3012,12120
LHPD4a2,4,1986,9141
LHPD4b1,8,1902,7717
LHPD4c1,2,12420,21805
LHPD4d1,2,6710,22544
LHPD4d2_b,2,1356,7493
LHPD4e1_b,3,1465,4141
LHPD5a1,2,3184,17306
LHPD5b1,2,4002,21019
LHPD5c1,2,8734,17031
LHPD5d1,4,11188,23253
LHPD5e1,4,2430,8821
LHPD5f1,2,4825,22415
LHPV10a1a,2,1734,4243
LHPV10a1b,2,1803,5968
LHPV10b1,2,10496,25894
LHPV10c1,2,5125,15937
LHPV10d1,2,12571,41210
LHPV11a1,4,3837,11605
LHPV12a1,2,39306,92525
LHPV1c1,3,3927,12717
LHPV1c2,2,6225,29613
LHPV1d1,2,3873,15499
LHPV2a1_a,6,5073,17438
LHPV2a1_c,8,7509,30054
LHPV2a1_d,5,8568,29806
LHPV2a1_e,3,6256,20998
LHPV2a2,2,1057,4426
LHPV2a3,5,3692,9428
LHPV2a4,6,1779,8391
LHPV2a5,5,1613,7911
LHPV2b1,5,1453,4390
LHPV2b2_a,10,2670,7258
LHPV2b3,14,5706,16752
LHPV2b4,6,4570,13919
LHPV2b5,5,5971,14830
LHPV2c1_a,4,1661,6168
LHPV2c2,7,2743,8886
LHPV2c4,4,1732,5217
LHPV2c5,7,2622,7343
LHPV2d1,4,4533,8239
LHPV2e1_a,10,5869,19434
LHPV2g1,4,11920,35093
LHPV2h1,2,2948,11281
LHPV2i1,3,5284,13563
LHPV2i2_a,2,2406,10118
LHPV2i2_b,2,3243,12026
LHPV3a1,4,7956,13590
LHPV3a2,5,3497,10843
LHPV3a3_b,9,6968,14815
LHPV3b1_a,5,3686,7882
LHPV3b1_b,6,3237,10855
LHPV3c1,2,8535,36683
LHPV4a1,6,6509,25045
LHPV4a10,12,5089,26084
LHPV4a11,2,1738,12908
LHPV4a2,6,4842,10784
LHPV4a3,4,863,6341
LHPV4a5,12,2811,18425
LHPV4a7,3,1641,7928
LHPV4a7_d,2,2650,11661
LHPV4a8,5,2742,9177
LHPV4a9,4,1779,14078
LHPV4b1,6,6212,17704
LHPV4b2,8,3305,18465
LHPV4b3,7,3182,11242
LHPV4b4,10,4435,19806
LHPV4b5,2,896,4651
LHPV4b7,2,1042,6386
LHPV4b9,2,1886,5260
LHPV4c1_a,2,920,4195
LHPV4c1_b,8,4136,15663
LHPV4c1_c,8,4147,20048
LHPV4c2,4,2835,7957
LHPV4c3,4,2162,7237
LHPV4c4,4,2147,5032
LHPV4d10,6,3243,14891
LHPV4d3,6,1962,8815
LHPV4d4,4,2084,9332
LHPV4d7,2,1060,5775
LHPV4e1,2,1500,12414
LHPV4g1,12,6829,24213
LHPV4g2,8,4603,16757
LHPV4h1,9,2186,10159
LHPV4h3,2,2221,11065
LHPV4i1,6,2853,13677
LHPV4i3,8,1329,12576
LHPV4i4,2,3070,9402
LHPV4j2,2,2497,13488
LHPV4j3,2,1823,27708
LHPV4j4,2,1808,25024
LHPV4k1,3,938,4685
LHPV4l1,2,3787,11917
LHPV4m1,2,6683,35460
LHPV5a1,12,6080,19342
LHPV5a2,8,5761,11347
LHPV5a3,6,1879,6334
LHPV5a5,1,197,934
LHPV5b1,20,3834,27855
LHPV5b2,17,5817,19436
LHPV5b3,14,3306,26499
LHPV5b4,4,1321,8567
LHPV5b6,6,2336,4887
LHPV5c1,12,5973,23712
LHPV5c1_a,8,5703,17542
LHPV5c1_c,2,448,2920
LHPV5c1_d,8,2032,11142
LHPV5c2,2,698,2731
LHPV5c3,12,1705,10678
LHPV5d1,9,6033,15889
LHPV5d3,2,1076,2434
LHPV5e1,2,17310,43913
LHPV5e2,2,2791,10710
LHPV5e3,2,11434,48290
LHPV5g1_a,5,2123,8831
LHPV5g1_b,7,3397,15568
LHPV5g2,6,967,7557
LHPV5h2_a,4,2140,7085
LHPV5h2_b,3,1673,5782
LHPV5h2_c,2,615,3310
LHPV5h4,8,1549,13201
LHPV5i1,2,5032,17145
LHPV5j1,4,1049,9956
LHPV5l1,2,7298,24464
LHPV5m1,4,1364,5104
LHPV6a1,23,10423,50709
LHPV6a10,2,3117,12912
LHPV6a3,6,2172,14280
LHPV6a9_b,7,3211,9536
LHPV6c1,2,6707,34038
LHPV6c2,2,1768,8738
LHPV6d1,10,4190,19064
LHPV6f1,11,3922,10693
LHPV6f3_b,4,1770,9709
LHPV6f5,5,2430,10185
LHPV6g1,2,4224,42848
LHPV6h1,7,4779,13384
LHPV6h1_b,6,2831,10176
LHPV6h2,7,7035,21258
"LHPV6h3,SLP276",6,2155,10518
LHPV6i1_a,4,1297,7825
LHPV6i2_a,2,2560,15149
LHPV6j1,2,2893,19161
LHPV6k1,6,4557,19486
LHPV6k2,4,2554,10836
LHPV6l1,2,1203,8504
LHPV6l2,2,2899,12332
LHPV6m1,2,4501,23681
LHPV6o1,2,4267,22315
LHPV6p1,2,2845,18244
LHPV6q1,2,15598,85765
LHPV7a1,4,4457,19383
LHPV7a2,4,7129,30760
LHPV7b1,2,3900,10342
LHPV7c1,2,5554,23447
LHPV8a1,2,4678,15981
LHPV8c1,2,1145,6360
LHPV9b1,2,5706,14709
LK,12,13038,302
LLPC1,285,274679,380728
LLPC2,250,198637,207027
LLPC3,219,171967,232872
LLPC4,6,7616,15025
LLPC_unclear,1,1047,1200
LN-DN1,2,1085,9967
LN-DN2,4,607,9972
LN60,4,14459,24805
LNO1,4,10957,17962
LNO2,2,19278,15189
LNOa,2,5127,11700
LNd_b,4,6878,15940
LNd_c,6,5086,20370
LOLP1,69,131201,258352
LOP_LO_unclear,2,3464,3739
LOP_ME_unclear,4,1851,3109
LOP_unclear,4,3014,2606
LO_LOP_unclear,1,315,1088
LO_ME_unclear,2,580,2354
LO_unclear,14,9066,15998
LPC1,224,135647,257204
LPC2,154,97125,136472
LPC_unclear,2,2125,2465
LPLC1,134,401281,260908
LPLC2,185,363497,347196
LPLC4,97,262294,332483
LPLC_unclear,1,1956,1807
LPN_a,4,3878,12995
LPN_b,2,2687,12184
LPT100,40,24089,31239
LPT101,11,3824,10934
LPT110,2,2511,19784
LPT111,101,22514,180022
LPT112,39,4867,49566
LPT113,22,4731,39128
LPT114,22,29244,105748
LPT115,6,3462,14833
LPT116,11,6314,27300
LPT21,2,18252,22418
LPT22,2,15773,32262
LPT23,6,60361,83949
LPT26,2,18906,15176
LPT27,2,21692,12738
LPT28,2,7802,22052
LPT29,2,4787,8587
LPT30,2,10516,15078
LPT31,8,17215,38111
LPT49,2,16272,20033
LPT50,2,36359,31482
LPT51,4,9401,33132
LPT52,2,6885,22125
LPT53,2,5537,24700
LPT54,2,8013,89115
LPT57,2,6135,40905
LPT59,2,6041,39907
LPT60,2,28911,39140
LPi12,4,145046,150518
LPi14,33,12932,10514
LPi21,2,147793,160100
LPi2b,2,47379,81424
LPi2c,54,137392,164383
LPi2d,61,36013,64033
LPi2e,95,91535,145520
LPi34,119,217066,135024
LPi3412,104,174462,124854
LPi3a,123,89202,132841
LPi3b,46,43507,48957
LPi3c,11,6284,8348
LPi43,61,121958,158808
LPi4a,34,22813,30368
LPi4b,2,91615,128154
LPi_unclear,4,1214,5508
LPsP,2,12540,33346
LT11,2,52978,49433
LT1a,2,47561,44500
LT1b,2,77491,45868
LT1c,2,26924,30675
LT1d,2,50418,62527
LT33,2,54605,81144
LT34,2,9213,34020
LT35,2,7906,35240
LT36,2,25952,47145
LT37,2,9546,42747
LT39,2,7956,60870
LT40,2,7503,28928
LT41,2,7538,29079
LT42,2,16301,54400
LT43,4,5811,27789
LT46,2,13739,28148
LT47,2,3751,5455
LT51,22,93375,145645
LT52,34,114395,159072
LT54,2,2091,15320
LT55,2,3985,26488
LT56,2,44249,106026
LT58,2,51793,82169
LT59,2,5179,9101
LT60,2,7610,17680
LT61a,2,31257,26586
LT61b,2,23031,37218
LT62,2,33322,48264
LT63,4,13805,37129
LT64,2,5383,5933
LT65,2,7450,25072
LT66,2,21186,23948
LT67,2,4499,17218
LT68,4,3671,19061
LT69,2,3330,12583
LT70,11,4591,19777
LT72,2,5079,30644
LT73,3,5835,13216
LT74,6,11344,23821
LT75,2,5422,19074
LT76,2,6236,21753
LT77,6,26273,24896
LT78,8,23124,49250
LT79,2,53402,53800
LT80,4,10564,11498
LT81,11,5225,16156
LT82a,4,28216,43141
LT82b,2,12786,16770
LT83,2,46376,55103
LT84,2,7265,16874
LT85,2,3443,16108
LT86,2,9527,41417
LT87,2,30851,56069
LT88,2,11965,23260
Lai,86,10425,23492
Lat1,8,2391,261
Lat2,4,3014,113
Lat3,8,1779,1127
Lat4,2,554,56
Lat5,2,2351,346
Lawf1,361,225927,68810
Lawf2,383,173952,45436
LgAG1,25,12275,72012
LgAG2,11,4409,23531
LgAG3,7,1460,26511
LgAG4,8,1719,8530
LgAG5,4,656,21104
LgAG6,4,1112,10683
LgAG7,5,1079,26627
LgAG8,9,646,10629
LgAG9,3,309,8199
LgLG1a,136,38775,160839
LgLG1b,134,26895,113349
LgLG2,130,16147,45988
LgLG3,162,20216,123608
LgLG4,43,5814,31769
LgLG5,13,5401,16024
LgLG6,16,5780,32816
LgLG7,21,3013,15111
LgLG8,14,4421,16196
Li11a,4,37817,45866
Li11b,4,25406,28640
Li12,4,61970,81996
Li13,65,47840,170950
Li14,217,272774,334649
Li15,41,90346,75714
Li16,4,68361,133549
Li17,22,136278,124064
Li18a,49,21057,75038
Li18b,31,8275,26653
Li19,51,64553,144727
Li20,40,101835,142519
Li21,207,128304,320509
Li22,232,108766,157430
Li23,119,110318,172440
Li25,117,267188,335207
Li26,38,89822,130170
Li27,113,32603,91362
Li28,13,59492,46181
Li29,8,81141,62295
Li30,10,75630,99301
Li31,2,23707,37767
Li32,2,75944,132584
Li33,2,82818,128505
Li34a,68,54271,102236
Li34b,60,63014,67618
Li35,27,9882,27462
Li36,2,3125,14066
Li37,2,7120,9524
Li38,2,65706,110505
Li39,2,112948,221083
Li_unclear,3,6443,5503
LoVC1,2,25434,38130
LoVC11,2,22211,58175
LoVC12,2,16422,40488
LoVC13,2,5173,12567
LoVC14,2,7590,25554
LoVC15,6,21998,54352
LoVC16,4,97075,180965
LoVC17,5,5884,24017
LoVC18,4,34719,55263
LoVC19,4,14551,82327
LoVC2,2,24193,35906
LoVC20,2,10223,47087
LoVC21,2,4277,24999
LoVC22,4,15685,50141
LoVC23,4,4147,9423
LoVC24,10,1570,13588
LoVC25,22,17834,76501
LoVC26,6,2285,10853
LoVC27,10,4528,23708
LoVC28,3,1977,6440
LoVC29,4,1879,7995
LoVC3,2,17643,35236
LoVC4,2,12332,37151
LoVC5,2,21465,30311
LoVC6,2,11542,30138
LoVC7,2,21826,42068
LoVC9,2,6236,23395
LoVCLo1,2,9458,33512
LoVCLo2,2,12517,32943
LoVCLo3,2,27358,79690
LoVP1,52,49862,63797
LoVP10,15,6022,23470
LoVP100,2,7780,39094
LoVP101,2,17609,59582
LoVP102,2,41658,59238
LoVP103,2,8132,19095
LoVP105,2,844,5065
LoVP106,2,10914,24672
LoVP107,2,5042,20910
LoVP108,3,10159,14949
LoVP109,1,10266,15092
LoVP11,8,3495,10093
LoVP12,42,7044,21678
LoVP13,51,17921,27638
LoVP14,19,29443,55022
LoVP16,11,10788,50678
LoVP17,8,4422,33081
LoVP18,12,32322,46492
LoVP19,2,679,1842
LoVP2,44,23849,51945
LoVP20,2,1937,4017
LoVP21,4,3155,7446
LoVP22,4,1247,5150
LoVP23,6,7095,15015
LoVP24,8,5587,11274
LoVP25,6,4710,13858
LoVP26,12,16650,35721
LoVP27,10,5501,13373
LoVP28,2,4034,9976
LoVP29,2,3246,12683
LoVP3,12,3365,15661
LoVP30,2,3173,12290
LoVP31,1,1454,4291
LoVP32,6,8578,22128
LoVP33,6,3627,9323
LoVP34,2,2666,12773
LoVP35,2,4450,16648
LoVP36,2,2718,16800
LoVP37,2,2365,6981
LoVP38,4,3130,11110
LoVP39,4,7634,27023
LoVP4,12,4236,11515
LoVP40,2,3613,18184
LoVP41,2,1202,12447
LoVP42,2,4557,22161
LoVP43,2,3396,11941
LoVP44,2,2430,13640
LoVP45,2,5578,21830
LoVP46,2,4769,18347
LoVP47,2,10309,15348
LoVP48,2,4546,15828
LoVP49,2,7863,19152
LoVP5,27,12442,27527
LoVP50,7,26902,34962
LoVP51,2,2518,15663
LoVP52,2,1927,5357
LoVP53,2,6742,21677
LoVP54,2,12062,29879
LoVP55,4,3687,5609
LoVP56,2,3621,13156
LoVP57,2,3157,8889
LoVP58,2,2577,8176
LoVP59,2,7446,25649
LoVP6,22,18289,55876
LoVP60,2,4651,17446
LoVP61,4,5806,11963
LoVP62,4,5169,17934
LoVP63,2,3734,24639
LoVP64,2,2530,14656
LoVP65,2,2349,12666
LoVP66,2,1076,7357
LoVP67,2,2118,19460
LoVP68,2,5884,27580
LoVP69,2,6026,21558
LoVP7,20,6329,15833
LoVP70,2,3612,17446
LoVP71,4,3637,13670
LoVP72,2,3796,9906
LoVP73,2,4568,28385
LoVP74,4,5935,36689
LoVP75,5,5976,16266
LoVP76,4,5606,14209
LoVP77,2,1886,6535
LoVP78,3,2579,9845
LoVP79,2,3450,19608
LoVP8,22,4561,18735
LoVP80,4,2343,9550
LoVP81,4,2175,9321
LoVP82,4,4618,9754
LoVP83,7,6209,17709
LoVP84,7,4538,10331
LoVP85,2,9783,22987
LoVP86,2,6166,11959
LoVP88,2,5853,25613
LoVP89,5,10186,16245
LoVP9,13,2301,7774
LoVP90a,2,9583,25426
LoVP90b,2,10607,24447
LoVP90c,2,8984,25176
LoVP91,2,7547,21727
LoVP92,13,25634,38804
LoVP93,12,18513,20599
LoVP94,2,1430,4837
LoVP95,2,2022,6232
LoVP96,2,7856,21435
LoVP97,2,6689,25269
LoVP98,2,1735,6486
LoVP99,2,8337,8276
LoVP_unclear,12,6537,12384
LopVC_unclear,1,136,964
LpMe_unclear,2,1149,1089
MB-C1,5,12793,44508
MBON01,2,50541,47060
MBON02,2,22537,24838
MBON03,2,31999,25788
MBON04,2,21730,49161
MBON05,2,45302,28758
MBON06,2,32861,19593
MBON07,4,27669,20753
MBON09,4,74431,38834
MBON10,9,9243,12335
MBON11,2,48128,32568
MBON12,4,28899,55630
MBON13,2,13353,27158
MBON14,4,26608,18537
MBON15,4,3233,9891
MBON15-like,4,5641,16575
MBON16,2,4918,10691
MBON17,2,4190,9439
MBON17-like,2,2742,8898
MBON18,2,17349,24651
MBON19,4,3857,12369
MBON20,2,12422,41850
MBON21,2,13138,27043
MBON22,2,18101,20352
MBON23,2,4246,14808
MBON24,2,7934,12620
MBON25,2,2170,5344
MBON25-like,4,2848,11072
MBON26,2,22543,41408
MBON27,2,11736,19182
MBON28,2,6120,14530
MBON29,2,9499,13020
MBON30,2,19529,35356
MBON31,2,26523,21644
MBON32,2,36811,20658
MBON33,2,10684,33279
MBON34,2,1479,5658
MBON35,2,51491,39033
MDN,4,21573,39119
ME_LOP_unclear,1,601,1059
ME_LO_unclear,4,3069,6508
ME_unclear,26,10179,19931
MN1,4,3353,3653
MN10,3,3836,665
MN11D,3,24609,2617
MN11V,2,2280,8879
MN12D,4,12686,3276
MN13,2,1922,193
MN2Da,2,8677,616
MN2Db,2,6188,400
MN2V,2,8214,174
MN3L,4,4244,1856
MN3M,2,2378,966
MN4a,4,5208,1772
MN4b,2,3159,576
MN5,2,3400,594
MN6,2,3362,1520
MN7,4,9716,3639
MN8,2,2050,1261
MN9,2,6991,1777
MNad01,8,20779,45
MNad02,12,36392,136
MNad03,6,6451,100
"MNad04,MNad48",5,9671,163
MNad05,6,20980,40
MNad06,8,28443,68
MNad07,6,9380,44
MNad08,6,21936,149
MNad09,8,17600,47
MNad10,6,30937,91
MNad11,8,26259,155
MNad12,4,1002,844
MNad14,8,43322,218
MNad15,4,25072,329
MNad16,8,29330,104
MNad17,8,5112,12066
"MNad18,MNad27",8,5819,120
MNad19,4,42903,119
MNad20,4,18361,60
MNad21,4,7120,159
MNad22,4,19011,281
MNad23,2,7466,99
MNad24,2,6760,64
MNad25,4,3859,126
MNad26,2,8726,30
MNad28,2,5882,69
MNad29,2,1966,38
MNad30,2,4709,38
MNad31,2,6037,74
MNad32,2,8644,20
MNad33,2,7881,32
MNad34,2,18405,86
MNad35,2,12211,51
MNad36,2,11400,95
MNad40,2,17245,63
MNad41,2,19560,86
MNad42,2,21365,99
MNad43,2,4100,17
MNad44,2,6840,33
MNad45,2,5053,66
MNad46,2,7598,26
MNad47,2,6192,34
MNad49,2,3115,8
MNad50,1,1710,61
MNad53,4,9689,58
MNad54,4,2650,171
MNad55,2,5774,40
MNad56,2,5696,47
MNad57,2,4725,117
MNad61,2,10905,92
MNad62,2,14337,159
MNad63,2,14916,87
MNad64,2,22718,1769
MNad65,2,15398,149
MNad66,2,18341,802
MNad67,2,16464,259
MNad68,2,18253,128
MNad69,2,2792,29
MNhl01,2,12644,255
MNhl02,2,14639,296
MNhl29,2,7202,185
MNhl59,2,16706,389
MNhl60,2,1544,38
MNhl62,2,24055,158
MNhl64,2,2765,219
MNhl65,3,1838,220
MNhl87,2,3220,133
MNhl88,2,4951,99
MNhm03,2,9790,87
MNhm42,2,19690,145
MNhm43,2,11912,137
MNml29,2,7362,111
MNml76,1,120,0
MNml77,2,1331,44
MNml78,6,2716,85
MNml79,2,1759,24
MNml80,6,10655,332
MNml81,2,11605,222
MNml82,2,14244,113
MNml83,1,685,4
MNnm03,2,13425,64
"MNnm07,MNnm12",4,5082,241
MNnm08,2,11230,66
MNnm09,2,11311,115
MNnm10,2,12581,122
MNnm11,2,15026,48
MNnm13,2,15513,126
MNnm14,2,6769,63
MNwm35,2,31961,110
MNwm36,2,39147,1119
MNx01,4,10653,44351
MNx02,2,8513,1035
MNx03,3,5164,441
MNx04,2,345,1046
MNx05,2,765,1975
MNxm01,2,1133,34
MNxm02,2,2953,138
MNxm03,2,2690,27
MZ_lv2PN,2,26475,41829
M_VPNml66,6,1582,7863
M_adPNm3,2,10623,21045
M_adPNm4,2,2472,6227
M_adPNm5,9,6762,17691
M_adPNm7,3,2288,6825
M_adPNm8,6,4969,14609
M_ilPNm90,2,5369,28596
M_imPNl92,2,12921,25788
M_l2PN10t19,4,8785,28609
M_l2PN3t18,4,13380,28098
M_l2PNl20,2,22504,34165
M_l2PNl21,2,12213,22272
M_l2PNl22,2,5378,22244
M_l2PNl23,2,5772,20162
M_l2PNm14,2,4145,26209
M_l2PNm15,2,3805,19796
M_l2PNm16,4,14759,44280
M_l2PNm17,2,1548,8798
M_lPNm11A,6,3355,12292
M_lPNm11B,2,963,4787
M_lPNm11C,2,1249,6529
M_lPNm11D,12,18768,39338
M_lPNm12,2,1240,7754
M_lPNm13,7,3473,22655
M_lv2PN9t49_a,2,5346,21305
M_lv2PN9t49_b,2,5123,18148
M_lvPNm24,4,8122,44695
M_lvPNm25,4,3715,16993
M_lvPNm26,4,4279,14234
M_lvPNm27,1,456,2433
M_lvPNm28,2,879,5056
M_lvPNm29,2,1031,5974
M_lvPNm30,2,1035,6290
M_lvPNm31,2,576,5579
M_lvPNm32,2,837,4938
M_lvPNm33,5,2380,10783
M_lvPNm35,5,2325,11355
M_lvPNm37,5,1541,7724
M_lvPNm38,2,519,2917
M_lvPNm39,2,1405,16276
M_lvPNm40,4,1868,9657
M_lvPNm41,5,2979,14438
M_lvPNm42,3,1872,9548
M_lvPNm43,4,2494,11758
M_lvPNm44,2,652,3155
M_lvPNm45,7,2332,22599
M_lvPNm46,4,1211,5505
M_lvPNm47,4,2166,8399
M_lvPNm48,8,4400,11686
M_smPN6t2,2,5137,26024
M_smPNm1,2,2593,12360
M_spPN4t9,2,6967,27565
M_spPN5t10,2,6259,17087
M_vPNml50,4,33455,36426
M_vPNml51,2,2172,4699
M_vPNml52,2,1797,4215
M_vPNml53,12,4130,13634
M_vPNml54,2,427,2331
M_vPNml55,2,3188,10827
M_vPNml57,2,641,4800
M_vPNml60,5,2303,9557
M_vPNml63,7,13355,24856
M_vPNml65,6,7524,16499
M_vPNml67,4,2586,6576
M_vPNml68,5,1948,10744
M_vPNml69,4,585,5756
M_vPNml72,4,2585,5882
M_vPNml73,2,961,3327
M_vPNml75,4,719,7178
M_vPNml76,6,2245,12211
M_vPNml77,4,675,6809
M_vPNml78,1,271,1454
M_vPNml79,2,1692,7292
M_vPNml80,4,1499,5531
M_vPNml83,8,2296,11379
M_vPNml84,8,2241,10730
M_vPNml86,3,754,4141
M_vPNml87,6,1696,10557
M_vPNml88,2,489,3856
MeLo1,123,81456,262356
MeLo10,61,213668,252786
MeLo11,50,60623,72419
MeLo12,50,93542,160885
MeLo13,73,112709,165491
MeLo14,39,57398,177618
MeLo2,145,125436,180686
MeLo3a,107,43256,87746
MeLo3b,81,34153,103202
MeLo4,68,29938,77479
MeLo5,37,5941,25222
MeLo6,62,24608,68525
MeLo7,96,48016,118387
MeLo8,47,342587,479948
MeLo9,82,365034,390620
MeTu1,250,193342,249255
MeTu2a,70,18035,28743
MeTu2b,31,19175,11906
MeTu3a,42,26258,45980
MeTu3b,80,79861,80207
MeTu3c,173,120050,106487
MeTu4_unclear,2,849,2284
MeTu4a,95,54367,110615
MeTu4b,32,6361,12386
MeTu4c,87,37084,107024
MeTu4d,40,4545,16976
MeTu4e,51,15711,24060
MeTu4f,56,13850,48221
MeVC1,2,20917,96563
MeVC10,2,1614,20363
MeVC11,2,23116,202410
MeVC12,2,2488,17606
MeVC2,2,10559,77706
MeVC20,4,14980,34208
MeVC21,6,10268,12617
MeVC22,4,7061,25687
MeVC23,2,24265,33307
MeVC24,2,5474,15987
MeVC25,2,25854,120598
MeVC26,2,2798,15821
MeVC27,6,4382,10332
MeVC3,2,4504,36372
MeVC4a,2,8553,80953
MeVC4b,2,7972,77965
MeVC5,2,2783,28921
MeVC6,2,5034,33498
MeVC7a,2,3734,17179
MeVC7b,2,5154,20195
MeVC8,2,4798,21779
MeVC9,2,5019,32631
MeVCMe1,4,38808,181083
MeVC_unclear,1,660,2634
MeVP1,122,34499,205017
MeVP10,61,30902,88651
MeVP11,55,19644,64190
MeVP12,27,11354,49174
MeVP14,33,11756,36907
MeVP15,24,7066,21320
MeVP16,8,4723,11863
MeVP17,14,24632,84358
MeVP18,6,14144,42230
MeVP2,76,31213,59831
MeVP20,4,1393,6857
MeVP21,6,12914,33700
MeVP22,3,1857,9272
MeVP23,2,6439,24463
MeVP24,2,11425,23284
MeVP25,2,4567,20959
MeVP26,2,9589,37229
MeVP27,2,2515,13749
MeVP28,2,4161,16965
MeVP29,2,8198,29478
MeVP3,69,67701,101640
MeVP30,2,3779,14249
MeVP31,2,1217,3980
MeVP32,2,2418,14944
MeVP33,2,3766,15951
MeVP34,4,1485,12221
MeVP35,2,1823,7323
MeVP36,2,5531,26581
MeVP38,2,4372,26777
MeVP39,2,1734,4795
MeVP4,40,47420,84698
MeVP40,2,2773,6804
MeVP41,2,3271,20705
MeVP42,2,1617,7027
MeVP43,2,4747,23631
MeVP45,2,6321,27809
MeVP46,4,5909,16352
MeVP47,2,11695,17828
MeVP48,2,2686,10412
MeVP49,2,8463,16717
MeVP5,17,5708,16266
MeVP50,2,6182,10557
MeVP51,2,9718,38157
MeVP52,2,13905,25393
MeVP53,2,8495,21829
MeVP54,4,1301,7438
MeVP55,4,2654,6054
MeVP56,2,8130,25477
MeVP57,1,4890,8917
MeVP58,6,5074,14464
MeVP59,4,11778,32826
MeVP6,99,69837,126545
MeVP60,2,2318,12864
MeVP61,2,2428,6049
MeVP62,6,11114,29494
MeVP63,2,2126,5521
MeVP64,1,1488,3229
MeVP6_unclear,2,2468,3243
MeVP7,23,19595,54509
MeVP8,13,19991,37522
MeVP9,12,42318,58601
MeVPLo1,4,22101,54889
MeVPLo2,14,15492,36600
MeVPLp1,2,25210,47293
MeVPLp2,2,8783,16364
MeVPMe1,12,82593,136021
MeVPMe10,4,7491,22743
MeVPMe11,2,7756,17718
MeVPMe12,4,15906,83542
MeVPMe13,2,12674,45069
MeVPMe2,10,65911,175608
MeVPMe3,2,11826,27395
MeVPMe4,3,4471,38252
MeVPMe5,19,25302,77517
MeVPMe6,2,8281,24266
MeVPMe7,2,2851,12122
MeVPMe8,4,3114,23453
MeVPMe9,12,4574,39600
MeVPOL1,2,45260,94551
MeVP_unclear,1,1048,3120
MeVPaMe1,2,5945,29881
MeVPaMe2,2,5536,12397
Mi1,1773,718725,4369999
Mi10,444,126075,547976
Mi13,910,132003,440753
Mi14,315,161983,226462
Mi15,1151,165334,620688
Mi16,191,56249,76914
Mi17,189,39507,74460
Mi18,69,135706,180219
Mi19,12,24300,36648
Mi2,986,204570,522566
Mi20,2,4705,8197
Mi4,1772,562402,1787929
Mi9,1775,496337,1977939
NPFL1-I,2,2257,5965
Nod1,4,23956,39615
Nod2,2,10078,19712
Nod3,2,12904,23738
Nod4,2,20478,25490
Nod5,2,9421,15781
OA-AL2i1,2,29302,81145
OA-AL2i2,4,25413,93449
OA-AL2i3,4,18693,50187
OA-AL2i4,2,9672,44216
OA-ASM1,4,20783,71731
OA-ASM2,2,8264,18679
OA-ASM3,2,8212,18313
OA-VPM3,2,19272,60911
OA-VPM4,2,12350,43055
OA-VUMa1,2,22210,77285
OA-VUMa2,2,11020,42262
OA-VUMa3,2,14974,45268
OA-VUMa4,2,12629,51261
OA-VUMa5,2,4753,12893
OA-VUMa6,2,21636,72961
OA-VUMa8,1,12715,60721
OCC01b,2,3127,1140
OCC02a,6,3482,347
OCC02b,16,2240,108
OCG01a,2,1025,4893
OCG01b,2,1635,18897
OCG01c,2,994,7193
OCG01d,2,1263,17873
OCG01e,2,1132,12767
OCG01f,2,1053,12087
OCG02b,2,627,16040
OCG02c,4,1525,21123
OCG03,2,774,8287
OCG06,2,4443,4044
OLVC1,2,7829,29786
OLVC2,2,9996,48154
OLVC3,2,5071,25093
OLVC4,2,4178,7326
OLVC5,2,16370,61830
OLVC6,2,1222,5590
OLVC7,6,2477,15973
OLVp_unclear,1,586,1376
ORN_D,28,13838,48764
ORN_DA1,204,36399,156534
ORN_DA2,48,5457,35651
ORN_DA3,34,2634,10522
ORN_DA4l,33,4621,14948
ORN_DA4m,35,6355,26568
ORN_DC1,32,13309,41484
ORN_DC2,22,6020,30399
ORN_DC3,35,6216,37805
ORN_DC4,23,7858,51632
ORN_DL1,83,14541,51532
ORN_DL2d,15,6196,37030
ORN_DL2v,23,8408,49392
ORN_DL3,103,5392,25358
ORN_DL4,62,4276,14356
ORN_DL5,43,10574,46984
ORN_DM1,74,22562,80712
ORN_DM2,54,11543,40593
ORN_DM3,63,6030,23656
ORN_DM4,32,5792,24436
ORN_DM5,35,3575,18237
ORN_DM6,58,10303,38646
ORN_DP1l,33,15890,70851
ORN_DP1m,31,27245,126917
ORN_V,55,8925,43285
ORN_VA1d,132,11579,53206
ORN_VA1v,130,22545,83796
ORN_VA2,83,20505,78198
ORN_VA3,30,5893,30204
ORN_VA4,34,5306,24661
ORN_VA5,16,2789,17711
ORN_VA6,63,11132,59427
ORN_VA7l,29,5244,25182
ORN_VA7m,24,3191,15677
ORN_VC1,29,9310,41997
ORN_VC2,32,6875,26180
ORN_VC3,34,4872,29799
ORN_VC4,38,5077,25667
ORN_VC5,31,7396,38640
ORN_VL1,82,8425,41270
ORN_VL2a,98,15793,68049
ORN_VL2p,45,8391,41903
ORN_VM1,33,5278,21188
ORN_VM2,41,5398,27005
ORN_VM3,43,5510,27787
ORN_VM4,78,5277,29210
ORN_VM5d,84,10196,55062
ORN_VM5v,34,9932,43648
ORN_VM6l,14,1394,7298
ORN_VM6m,25,2540,10670
ORN_VM6v,34,9579,51372
ORN_VM7d,36,8413,47430
ORN_VM7v,25,4268,23798
P6-8P9,4,1514,6152
PAL01,2,9168,8960
PAL03,2,4383,11136
PAM01,44,45655,32645
PAM02,17,15376,8375
PAM03,12,4209,2554
PAM04,32,33177,20500
PAM05,20,19502,21004
PAM06,28,21710,29217
PAM07,14,15995,16091
PAM08,50,52036,49866
PAM09,9,9694,8682
PAM10,15,32832,28820
PAM11,15,16371,15771
PAM12,22,18869,16111
PAM13,16,9557,9499
PAM14,18,8318,10523
PAM15,4,3429,2094
PEG,18,20896,26179
PEN_a(PEN1),20,43297,59893
PEN_b(PEN2),22,43095,53666
PFGs,18,32900,14497
PFL1,14,15998,47973
PFL2,12,31957,44557
PFL3,24,60811,99113
PFNa,58,38884,64914
PFNd,40,48768,63755
PFNm_a,21,11267,17814
PFNm_b,26,12568,23589
PFNp_a,64,13274,27320
PFNp_b,136,25985,41362
PFNp_c,40,18299,31114
PFNp_d,28,4503,6800
PFNp_e,23,7183,13457
PFNv,20,20680,40311
PFR_a,28,42484,27145
PFR_b,16,25874,40869
PI3,8,2203,129
PLP001,3,14122,62091
PLP002,2,4053,9659
PLP003,3,4890,10004
PLP004,2,4420,36048
PLP005,2,4347,41469
PLP006,2,1859,13424
PLP007,2,3206,13996
PLP008,2,9415,11551
PLP009,6,10783,11254
PLP010,2,4215,28112
PLP012,2,11924,15582
PLP013,4,5304,31032
PLP015,4,37988,68459
PLP016,2,14857,33205
PLP017,4,8537,44035
PLP018,4,18286,23324
PLP019,2,15796,41097
PLP020,2,6611,19612
PLP021,4,6181,19363
PLP022,2,3948,18900
PLP023,4,7088,17547
PLP025,12,9574,18111
PLP026,8,3582,18612
PLP028,8,3248,12221
PLP029,2,14076,14279
PLP032,2,6879,49660
PLP034,2,16822,20195
PLP035,2,7258,12274
PLP036,2,1502,6188
PLP037,9,8894,23288
PLP038,4,3063,7739
PLP039,6,2809,10991
PLP041,2,1071,1779
PLP042_a,5,1915,6918
PLP042_b,8,3538,9352
PLP042_c,6,2351,8120
PLP042a,2,1139,1791
PLP043,4,2196,3650
PLP044,6,1730,4815
PLP046,12,3492,12086
PLP048,8,2320,5797
PLP052,7,12732,30982
PLP053,6,12504,23572
PLP054,8,11132,23121
PLP055,4,5135,11486
PLP056,3,3906,10045
PLP057,3,3403,9363
PLP058,2,3536,17434
PLP059,6,9049,21105
PLP060,2,15276,32035
PLP063,3,976,3861
PLP064_a,7,7814,27959
PLP064_b,6,7309,23259
PLP065,6,5481,24161
PLP066,2,2815,8219
PLP067,6,6508,18094
PLP069,4,3781,18067
PLP071,4,6350,27747
PLP073,4,3618,15395
PLP074,2,8070,67357
PLP075,2,4426,23239
PLP076,2,4933,12649
PLP078,2,12316,36274
PLP079,2,2013,12985
PLP080,2,3884,21239
PLP081,4,12357,30690
PLP084,2,2837,10073
PLP085,4,4432,16082
PLP086,9,5402,24581
PLP087,4,1652,7998
PLP089,7,4138,17687
PLP092,2,10893,34990
PLP093,2,10869,17892
PLP094,2,5404,15985
PLP095,4,4910,21903
PLP096,2,6603,29318
PLP097,2,2484,11580
PLP099,7,5710,19123
PLP100,3,1869,8410
PLP101,7,3561,13829
PLP102,4,1915,5663
PLP103,9,5942,16691
PLP106,6,4357,19002
PLP108,9,5797,18357
PLP109,4,2930,10361
PLP111,5,2570,8698
PLP113,4,2236,8204
PLP114,2,1725,4898
PLP115_a,10,4007,18892
PLP115_b,16,12689,40550
PLP116,2,3189,17941
PLP119,2,2404,12828
PLP120,2,1011,5076
PLP121,2,2929,10563
PLP122_a,2,1970,12084
PLP122_b,2,1442,5345
PLP123,2,2190,12392
PLP124,2,3368,30911
PLP128,2,6422,20505
PLP129,2,7054,12792
PLP130,2,7320,32737
PLP131,2,6851,28732
PLP132,2,5591,21410
PLP134,2,2222,8131
PLP139,4,4247,9320
PLP141,2,3690,12105
PLP142,4,10376,34347
PLP143,2,3307,15111
PLP144,2,10939,21336
PLP145,2,1020,5060
PLP148,2,5627,19953
PLP149,4,7949,23755
PLP150,11,10259,34077
PLP154,2,1407,5824
PLP155,6,3647,21625
PLP156,4,2649,14626
PLP157,6,6037,13504
PLP158,10,5810,11570
PLP159,4,1303,4314
PLP160,7,1663,9807
PLP161,4,8395,17449
PLP162,4,6061,18641
PLP163,2,29403,52350
PLP164,4,2684,4964
PLP165,5,3680,5690
PLP169,2,2519,22534
PLP170,2,2314,10624
PLP171,2,476,2631
PLP172,9,16288,13760
PLP173,3,3143,5553
PLP174,5,1669,6975
PLP175,2,354,3240
PLP177,2,5384,42344
PLP178,2,9264,16590
PLP180,6,5317,28850
PLP181,6,3837,19635
PLP182,12,7953,27301
PLP184,2,1510,6637
PLP185,4,2422,11409
PLP186,4,2624,10005
PLP187,6,6943,21622
PLP188,10,4260,14596
PLP189,6,3014,10895
PLP190,6,4036,7518
PLP191,6,3814,8724
PLP192,8,3891,12171
PLP196,2,4137,10107
PLP197,2,5009,16207
PLP199,4,7448,20005
PLP208,2,21569,27010
PLP209,2,20381,24404
PLP211,2,10452,34919
PLP213,2,11472,18269
PLP214,2,5526,17886
PLP216,2,9597,27800
PLP217,2,5365,19793
PLP218,4,5413,40840
PLP219,4,11323,5243
PLP221,2,2041,8176
PLP222,2,1614,6644
PLP225,2,2540,4264
PLP228,2,10936,16798
PLP229,2,11755,11577
PLP230,2,13737,18563
PLP231,4,6019,34759
PLP232,2,2742,12491
PLP239,2,2750,10379
PLP241,5,4303,7897
PLP243,2,4019,9724
PLP245,2,9968,24971
PLP246,2,7643,34550
PLP247,2,7755,24753
PLP248,2,13826,21300
PLP249,2,21434,29467
PLP250,2,3628,22700
PLP252,2,3576,17520
PLP254,4,5403,12714
PLP256,2,21845,30272
PLP257,2,8236,31936
PLP258,2,3149,12925
PLP259,2,6092,8545
PLP260,2,6390,12770
PLP261,2,1454,6672
PLP262,2,3458,10859
PLP300m,4,11703,14538
PLP301m,4,6333,26410
PLP_TBD1,1,1291,4601
PLVP059,9,5740,15443
PPL101,2,39932,22328
PPL102,2,19281,14891
PPL103,2,32482,36152
PPL104,2,7506,6822
PPL105,2,17548,13709
PPL106,2,17835,11278
PPL107,2,13314,22479
PPL108,2,10614,14491
PPL201,2,15083,23895
PPL202,2,6161,16153
PPL203,2,5955,11264
PPL204,2,2543,3220
PPM1201,4,15520,29803
PPM1202,4,5921,9359
PPM1203,2,13912,25172
PPM1204,2,2861,8395
PPM1205,2,10116,11642
PRW001,2,3920,10360
PRW002,2,6119,23928
PRW003,2,5194,12386
PRW004,1,5238,15048
PRW005,14,6237,27617
PRW006,19,8042,20223
PRW007,12,5182,18866
PRW008,10,4509,24570
PRW009,6,2639,10779
PRW010,8,4798,16317
PRW011,2,2042,5609
PRW012,4,5149,18364
PRW013,2,1785,6603
PRW014,2,1034,3484
PRW015,2,1224,3455
PRW016,6,3489,15894
PRW017,4,2505,12609
PRW019,2,1095,3476
PRW020,4,2860,6320
PRW021,3,806,3191
PRW022,4,1151,4719
PRW023,3,1221,3066
PRW024,6,4302,7466
PRW025,6,2209,11440
PRW026,5,2858,11809
PRW027,2,1058,5874
PRW028,6,2800,12158
PRW029,2,1162,3883
PRW030,2,1129,2743
PRW031,4,3380,13013
PRW032,2,1145,2708
PRW033,2,419,2898
PRW034,2,606,3903
PRW035,5,1907,4445
PRW036,2,1097,3783
PRW037,6,2010,11827
PRW038,2,979,5229
PRW039,8,2774,7902
PRW040,2,1016,5233
PRW041,6,2377,17030
PRW042,6,2758,12223
PRW043,5,3354,10351
PRW044,8,5914,21861
PRW045,2,2425,12135
PRW046,2,5355,18030
PRW047,2,5315,22392
PRW048,2,1572,12078
PRW049,2,8832,20261
PRW050,3,1916,4518
PRW051,2,1395,6107
PRW052,2,6708,21974
PRW053,2,5809,13559
PRW054,2,3694,7377
PRW055,2,9229,21973
PRW056,2,4037,11681
PRW057,1,2626,4031
PRW058,2,3989,20664
PRW059,2,2629,9067
PRW060,2,6685,24622
PRW061,2,3688,12316
PRW062,2,5980,22473
PRW063,2,3333,9640
PRW064,2,2417,15271
PRW065,2,3642,11720
PRW066,2,1661,3950
PRW067,2,3073,15688
PRW068,2,4607,23246
PRW069,2,2739,12179
PRW070,2,9221,37106
PRW071,2,3889,12389
PRW072,2,4522,17454
PRW073,2,10591,21817
PRW074,2,1814,10885
PRW075,4,1312,19898
PS001,2,10182,17526
PS002,6,25019,37528
PS003,4,4954,16770
PS004,6,3467,13891
PS005_a,8,2584,8017
PS005_b,5,1472,4406
PS005_c,5,2594,8648
PS005_d,5,1384,6167
PS005_e,5,1787,8914
PS005_f,4,1303,6412
PS007,4,3653,11418
PS008_a1,2,532,2224
PS008_a2,4,870,3371
PS008_a3,2,489,2545
PS008_a4,3,778,2738
PS008_b,10,4012,7294
PS010,2,12777,18946
PS011,2,11108,19804
PS013,2,16151,21502
PS018_a,2,8959,14932
PS018_b,2,10764,14867
PS019,4,21630,23576
PS020,2,5210,12271
PS021,4,3038,6376
PS022,4,3589,5928
PS023,5,3101,9252
PS024,4,2276,7017
PS025,2,959,2538
PS026,4,4354,7730
PS027,2,5265,13768
PS029,2,4152,11742
PS030,2,2365,4968
PS031,2,2029,6485
PS032,4,3325,12768
PS033_a,4,3387,9576
PS033_b,2,918,1614
PS034,6,4243,10249
PS037,6,4405,5692
PS038,12,6025,14168
PS041,2,2892,12454
PS042,6,8882,18716
PS046,2,4466,20838
PS047_a,2,10259,37777
PS047_b,2,22839,61633
PS048_a,2,6065,36014
PS048_b,2,4083,11756
PS049,2,13937,25121
PS050,2,4077,13774
PS051,2,6111,21453
PS052,4,4981,25422
PS053,2,2156,16430
PS054,4,2752,9372
PS055,9,6993,24198
PS057,2,11175,14154
PS058,2,12304,28579
PS059,4,28852,31870
PS060,2,4032,17576
PS061,2,4938,26605
PS062,2,3631,18558
PS063,2,3929,14068
PS065,2,13299,27447
PS068,2,2006,15965
PS070,2,2490,2844
PS072,11,8781,16108
PS074,4,2645,5791
PS076,6,3610,18872
PS077,15,7676,24394
PS078,6,6378,4456
PS080,2,9152,11747
PS081,2,2704,8682
PS082,2,3490,8284
PS083_a,2,3998,10176
PS083_b,4,8220,20506
PS083_c,2,3423,12014
PS084,6,6925,20283
PS085,2,3084,9907
PS087,18,4015,15016
PS088,2,15734,47640
PS089,2,6148,19053
PS090,4,15936,23921
PS091,2,3766,8625
PS092,2,2588,5699
PS093,2,3588,7565
PS094,4,2557,6393
PS095,8,3864,12994
PS096,12,16136,37939
PS097,8,6715,13480
PS098,2,5532,32216
PS099_a,2,3953,21407
PS099_b,2,3523,16738
PS100,2,31231,27487
PS101,2,1956,4289
PS106,4,19837,18556
PS107,4,6139,16858
PS108,2,5346,14546
PS109,4,2493,8749
PS110,6,2294,5655
PS111,2,12084,16359
PS112,2,17101,17613
PS114,2,4086,12463
PS115,2,4093,23833
PS116,2,11247,22657
PS117_a,2,5431,14391
PS117_b,2,3551,19633
PS118,6,6649,18206
PS124,2,15646,49935
PS126,2,7126,26025
PS127,2,2595,15809
PS137,4,15289,30528
PS138,2,10876,7264
PS139,2,3404,8438
PS140,4,8238,13754
PS141,4,4275,8931
PS142,6,3442,8801
PS143,2,861,3328
PS146,4,8434,33293
PS148,6,4588,14362
PS149,2,1029,5321
PS150,9,3627,9619
PS153,12,2540,8357
PS156,2,7213,25828
PS157,2,4568,20355
PS158,2,4122,14676
PS159,2,2841,13008
PS160,2,3747,9525
PS161,2,1523,7559
PS164,4,11380,19373
PS170,2,2711,14173
PS171,2,5052,15772
PS172,2,7132,17621
PS173,2,3161,16871
PS174,2,3696,13369
PS175,2,5408,24737
PS176,2,1670,6898
PS177,2,1001,9569
PS178,2,2218,9420
PS180,2,10030,27438
PS181,2,12014,18422
PS182,2,4186,16976
PS183,2,4073,15642
PS185,2,3667,16742
PS186,2,2932,15464
PS187,2,3527,11966
PS188,7,8791,15867
PS191,4,2220,10610
PS192,4,2478,9039
PS193,2,1039,4385
PS193b,4,1555,6970
PS194,6,4875,6890
PS196_a,2,13368,52175
PS196_b,2,6165,39640
PS197,4,7971,38376
PS199,2,4662,16440
PS200,2,7889,7298
PS201,2,3534,16209
PS202,2,4381,16695
PS203,4,9962,22959
PS206,2,2365,5786
PS208,11,12416,26879
PS209,12,5983,37115
PS210,1,429,1124
PS213,2,4279,18639
PS214,2,2067,17194
PS215,2,1518,16395
PS217,2,5463,16110
PS220,4,6265,13123
PS221,8,11262,24375
PS224,2,929,5573
PS229,6,2374,21503
PS230,4,13344,26136
PS231,2,5180,16046
PS232,2,8491,18637
PS233,4,12780,25431
PS234,2,6753,23179
PS237,4,5204,11982
PS238,2,2843,7967
PS239,4,4449,13185
PS240,6,4475,25821
PS241,8,2967,8225
PS242,3,2462,11402
PS246,2,1104,4444
PS247,1,183,3974
PS248,2,3877,5932
PS249,2,4456,8964
PS252,5,6224,11968
PS253,2,1254,3226
PS258,2,740,4543
PS260,4,2498,9417
PS261,4,5865,18254
PS262,2,2076,7210
PS263,4,5133,16651
PS265,2,12135,23189
PS267,5,1782,9181
PS268,8,4330,19784
PS269,5,2507,12598
PS270,6,2914,15925
PS272,4,8731,25891
PS274,2,22050,20407
PS276,2,4251,22572
PS278,2,8945,16139
PS279,4,8929,14731
PS280,2,3353,13659
PS281,4,6193,7770
PS282,7,10597,14243
PS283,2,1503,3797
PS284,4,6386,7956
PS285,6,5774,15428
PS286,2,1173,3725
PS291,4,3687,22046
PS292,4,4200,26787
PS300,2,9891,15426
PS303,2,3716,14908
PS304,2,15712,31330
PS305,2,2268,19696
PS306,2,22023,28196
PS307,2,12330,36019
PS308,2,8043,12041
PS309,2,13154,23674
PS310,2,7167,12322
PS311,2,5720,12473
PS312,2,2752,12164
PS313,2,3812,9737
PS314,2,7425,11884
PS315,4,4471,11778
PS316,4,3413,4263
PS317,2,3059,9472
PS318,4,4611,15315
PS320,2,5718,6254
PS321,2,7583,16577
PS322,2,10554,23548
PS323,4,2305,2795
PS324,12,12800,2742
PS326,4,9155,70884
PS327,2,3166,22607
PS328,2,2135,2598
PS329,2,1059,1212
PS330,2,991,1525
PS331,6,3526,3451
PS333,4,4321,23617
PS334,2,2620,10606
PS335,15,2329,13790
PS336,4,7775,36108
PS337,2,884,3209
PS338,2,1175,3296
PS339,2,1058,3371
PS340,2,529,4139
PS341,4,1319,6470
PS342,2,135,666
PS343,4,1081,4148
PS344,2,852,2601
PS345,6,2475,9330
PS346,5,1827,4905
PS347_a,2,1927,10891
PS347_b,2,1484,12599
PS348,2,16106,976
PS349,2,12154,1044
PS350,3,1833,9396
PS351,4,2532,12615
PS352,2,2191,7944
PS353,10,10256,23243
PS354,2,1900,4083
PS355,2,8269,12676
PS356,4,9633,14658
PS357,12,2418,17382
PS358,2,2582,12418
PS359,2,4841,55804
PSI,2,12047,4182
PVLP001,2,2682,6090
PVLP002,2,10761,48544
PVLP003,2,5308,14536
PVLP004,16,53072,57610
PVLP005,15,12435,36115
PVLP007,11,39422,65154
PVLP008_a1,4,7883,9398
PVLP008_a2,4,5583,12298
PVLP008_a3,2,4548,6259
PVLP008_a4,2,4572,5541
PVLP008_b,4,8214,19768
PVLP008_c,12,16328,35668
PVLP009,3,2395,9806
PVLP010,2,38664,47688
PVLP011,2,84223,70469
PVLP012,4,13309,36795
PVLP013,2,42108,66483
PVLP014,2,8313,31215
PVLP015,2,18313,25787
PVLP016,2,22361,36727
PVLP017,2,27027,26158
PVLP018,2,24958,38607
PVLP019,2,6038,12213
PVLP020,2,8604,14932
PVLP021,4,14148,29555
PVLP022,3,13521,13472
PVLP024,3,11087,6253
PVLP025,4,55562,30891
PVLP026,2,8802,3572
PVLP027,2,9097,3213
PVLP028,4,10335,18946
PVLP030,2,4845,10406
PVLP031,4,10982,14169
PVLP033,9,6907,18017
PVLP034,10,19556,50331
PVLP036,6,33893,18372
PVLP037,7,36312,17683
PVLP037_unclear,2,11716,6928
PVLP046,14,9582,32754
PVLP046_unclear,1,373,1273
PVLP047,8,7542,21408
PVLP048,8,10090,25608
PVLP049,4,3538,10974
PVLP060,6,5059,13593
PVLP061,2,71401,74978
PVLP062,2,10868,13350
PVLP063,2,2160,5319
PVLP064,6,8623,21993
PVLP065,2,2644,5008
PVLP066,4,5774,13966
PVLP068,6,6035,15970
PVLP069,2,12012,28704
PVLP070,4,15903,49842
PVLP071,4,18588,20764
PVLP072,10,55714,56209
PVLP073,5,13383,25171
PVLP074,9,20509,37342
PVLP075,2,6656,9336
PVLP076,2,24027,34801
PVLP078,2,9631,9810
PVLP079,2,10319,11568
PVLP080_a,4,9544,20792
PVLP080_b,6,13652,35819
PVLP081,4,8373,17931
PVLP082,10,20037,44774
PVLP084,2,1976,5209
PVLP085,8,40663,36514
PVLP086,4,10711,18342
PVLP088,7,10322,36266
PVLP089,2,4395,10848
PVLP090,2,2315,8433
PVLP092,6,4128,12189
PVLP093,2,17933,54127
PVLP094,2,13662,13544
PVLP096,4,12583,21521
PVLP097,14,106819,93409
PVLP098,8,26474,61400
PVLP099,8,28377,32983
PVLP100,3,24306,17684
PVLP101,8,14285,33613
PVLP102,2,2619,9040
PVLP103,7,12602,22547
PVLP104,4,9344,15808
PVLP105,5,2882,11993
PVLP106,2,50013,57358
PVLP107,2,19489,42409
PVLP108,4,5795,18109
PVLP109,4,7981,19817
PVLP110,4,6199,9149
PVLP111,9,18287,36087
PVLP112,8,10138,22595
PVLP113,7,9881,14396
PVLP114,2,15870,29193
PVLP115,2,14721,14663
PVLP118,4,9274,32423
PVLP120,2,38073,39646
PVLP121,2,26058,28405
PVLP122,6,52441,47723
PVLP123,10,31616,31542
PVLP124,2,3756,4760
PVLP125,2,3794,9006
PVLP126_a,2,2914,4153
PVLP126_b,2,3559,5016
PVLP127,3,6580,8622
PVLP128,7,9478,12766
PVLP130,2,12248,26059
PVLP131,3,5934,16434
PVLP133,24,21212,48256
PVLP134,4,1500,5021
PVLP135,4,54346,42846
PVLP137,2,19346,29939
PVLP138,2,17835,22160
PVLP139,4,12133,29949
PVLP140,2,14365,28791
PVLP141,2,16507,23650
PVLP143,2,6030,15647
PVLP144,6,4868,28076
PVLP148,4,5546,20610
PVLP149,4,16316,59788
PVLP150,2,8913,21194
PVLP151,4,37748,46392
PVLP200m_a,2,2859,7050
PVLP200m_b,2,3596,6307
PVLP201m_a,2,4052,6534
PVLP201m_b,2,2819,6058
PVLP201m_c,2,2472,6118
PVLP201m_d,2,4597,6546
PVLP202m,6,5573,26304
PVLP203m,8,12457,42082
PVLP204m,6,9257,18529
PVLP205m,8,9657,29403
PVLP206m,4,7334,23283
PVLP207m,8,7303,24977
PVLP208m,3,4729,17668
PVLP209m,13,8993,26276
PVLP210m,6,8262,20668
PVLP211m_a,2,4494,15761
PVLP211m_b,2,4645,17787
PVLP211m_c,2,5004,18355
PVLP213m,4,2584,8276
PVLP214m,10,14311,60877
PVLP216m,4,1609,4103
PVLP217m,2,3811,10959
PhG10,2,1397,10454
PhG11,2,642,10014
PhG12,2,653,6898
PhG13,2,802,10004
PhG14,2,570,10100
PhG15,2,758,5385
PhG16,2,510,6599
PhG1a,2,2338,9394
PhG1b,2,2249,16622
PhG1c,4,2670,33075
PhG2,4,469,4965
PhG3,2,785,6410
PhG4,4,1471,17207
PhG5,2,948,10011
PhG6,2,971,7011
PhG7,4,854,8026
PhG8,4,1248,12599
PhG9,4,3641,28547
Pleural remotor/abductor MN,14,116960,2253
Pm1,246,339586,302207
Pm10,74,238605,381611
Pm11,4,132562,84183
Pm12,4,77504,205403
Pm13,2,27889,54188
Pm2a,219,728845,567457
Pm2b,124,533460,442227
Pm3,69,294825,352361
Pm4,168,551637,726745
Pm5,182,253473,256974
Pm6,50,109471,118631
Pm7,28,120873,96817
Pm7_Li28,2,7690,5371
Pm8,39,100512,163546
Pm9,54,193430,276879
Pm_unclear,1,2075,2106
R1-R6,3377,69312,515069
R7R8_unclear,85,767,1370
R7_unclear,404,38204,88316
R7d,82,10853,35789
R7p,332,35511,86830
R7y,482,48810,110005
R8_unclear,442,32267,128079
R8d,76,8306,21873
R8p,330,28423,114219
R8y,481,35832,162507
SA1_a,3,1706,2110
SA1_b,5,1921,3525
SA1_c,1,659,944
SA2_a,3,2195,2744
SA2_b,4,1845,3337
SA2_c,2,1009,1527
SA3,8,3562,8657
SAD001,10,8206,19657
SAD003,6,4280,13635
SAD004,10,16313,28547
SAD005,5,3811,13146
SAD006,6,3785,11013
SAD007,8,2623,10773
SAD008,6,2514,8089
SAD009,3,1841,5283
SAD010,2,5189,27195
SAD011,6,2155,5804
SAD012,4,2649,13379
SAD013,2,18829,26018
SAD014,4,7906,2635
SAD019,2,672,2322
SAD021,2,3805,6792
SAD021_a,6,12378,25755
SAD021_b,2,3341,8480
SAD021_c,4,8108,14695
SAD023,6,5294,9004
SAD030,7,4609,8386
SAD034,2,4763,16235
SAD035,2,4938,16632
SAD036,2,7537,18169
SAD040,4,4370,25923
SAD043,2,6058,26611
SAD044,4,6057,39179
SAD045,10,13297,37694
SAD046,4,2481,10216
SAD047,7,6530,13576
SAD049,2,7428,9715
SAD051_a,7,8212,46088
SAD051_b,7,7738,49174
SAD052,4,6001,31358
SAD053,2,8745,13952
SAD055,2,3859,14130
SAD057,12,6592,27492
SAD064,6,12491,18049
SAD070,2,4191,16443
SAD071,2,5546,20120
SAD072,2,4307,18189
SAD073,4,12579,16578
SAD074,2,1978,8618
SAD075,4,5924,9682
SAD076,2,7076,19580
SAD077,9,16690,27707
SAD078,6,8298,10554
SAD079,8,9339,13881
SAD080,3,3128,6181
SAD082,2,6031,29580
SAD084,2,4430,25433
SAD085,2,6772,24056
SAD091,1,3561,5967
SAD092,1,3448,1900
SAD093,2,8119,31365
SAD094,2,7096,20066
SAD096,1,3138,7717
SAD097,2,5560,17044
SAD098,2,7135,7956
SAD099,2,3671,7655
SAD100,2,2504,6903
SAD101,2,2570,8544
SAD103,1,6763,10663
SAD104,5,2295,6121
SAD105,2,2340,23297
SAD106,2,9547,30434
SAD107,2,5667,14418
SAD108,2,5866,18290
SAD109,1,1697,4604
SAD110,4,13900,26253
SAD111,2,9234,19626
SAD112_a,2,9849,14703
SAD112_b,2,11855,20190
SAD112_c,2,11825,20493
SAD113,4,12387,19246
SAD114,2,4537,8313
SAD115,1,643,3263
SAD116,4,4238,13013
SAD117,10,7741,15485
SAD200m,11,8076,26164
SAF,8,2538,5577
SApp,148,23005,229541
SApp01,19,4191,23327
"SApp02,SApp03",3,243,2210
SApp04,9,2258,49977
SApp05,3,207,2270
"SApp06,SApp15",37,8174,56725
SApp07,2,169,1308
SApp08,47,7266,62644
"SApp09,SApp22",74,14130,95523
SApp10,37,5416,123606
"SApp11,SApp18",8,1692,24521
SApp13,8,854,24575
SApp14,7,591,27977
SApp19,9,1367,28776
SApp20,2,591,2563
SApp21,3,1048,4788
SApp23,23,2401,21500
"SApp23,SNpp56",6,523,5602
SAxx01,13,2611,35151
SAxx02,12,4563,63590
SCL001m,11,7972,34034
SCL002m,10,6607,34982
SIP003_a,8,3871,13665
SIP003_b,8,3436,13727
SIP004,2,7021,14525
SIP005,4,900,4395
SIP006,2,799,4173
SIP007,2,519,3471
SIP011,8,2809,10511
SIP013,5,1468,6505
SIP015,8,4870,18777
SIP017,2,6800,16833
SIP018,2,3479,17791
SIP019,2,2463,11855
SIP020_a,4,5641,15866
SIP020_b,2,2412,8066
SIP020_c,2,2450,7106
SIP020b,1,397,2833
SIP021_a,4,1093,6973
SIP021_b,3,2239,8894
SIP022,2,3852,7912
SIP024,5,6263,22771
SIP025,2,6853,21826
SIP026,2,3008,11653
SIP027,7,2849,9784
SIP028,9,3138,9032
SIP029,2,5077,23903
SIP030,4,1991,8724
SIP031,2,2451,8592
SIP032,6,3422,14249
SIP033,4,2383,10193
SIP034,4,2329,6601
SIP037,6,2819,12904
SIP041,4,1287,6871
SIP042_a,6,3783,8518
SIP042_b,4,3055,8003
SIP045,4,1628,5431
SIP046,2,4246,33231
SIP047,10,3775,14759
SIP048,2,925,4911
SIP049,2,951,4886
SIP051,2,696,4344
SIP052,2,2939,12934
SIP053,10,4380,31037
SIP054,4,2477,7110
SIP057,2,787,4195
SIP064,2,4462,33744
SIP065,2,4496,19411
SIP066,4,5524,17036
SIP067,2,5160,22152
SIP069,3,2092,13395
SIP070,6,6169,19410
SIP071,6,4525,28124
SIP073,6,3261,11908
SIP074_a,2,1091,5399
SIP074_b,6,2412,12570
SIP075,6,2252,8300
SIP076,20,18715,71779
SIP077,4,3801,12531
SIP078,8,4498,15901
SIP080,6,1740,5492
SIP081,4,5223,19717
SIP086,2,2783,14996
SIP087,2,14080,15821
SIP088,2,3536,14653
SIP089,9,4599,10548
SIP090,1,1868,14004
SIP091,2,11282,20156
SIP100m,10,13263,35927
SIP101m,6,7920,28510
SIP102m,2,8866,33554
SIP103m,9,11667,35468
SIP104m,8,23397,18836
SIP105m,2,7781,30985
SIP106m,2,15174,20256
SIP107m,2,3883,23785
SIP108m,4,10312,16039
SIP109m,4,8809,15057
SIP110m_a,2,6140,10185
SIP110m_b,2,6046,10176
SIP111m,2,6538,11088
SIP112m,8,7972,23318
SIP113m,5,5714,13878
SIP115m,4,6182,13406
SIP116m,6,8723,27340
SIP117m,2,6134,24987
SIP118m,7,8251,19963
SIP119m,9,15875,24405
SIP121m,6,15891,15026
SIP122m,8,16817,23107
SIP123m,4,7602,11747
SIP124m,7,10982,14713
SIP126m_a,2,7625,13618
SIP126m_b,2,5601,12139
SIP128m,5,4621,16095
SIP130m,4,4204,13735
SIP132m,2,2642,15206
SIP133m,2,15396,32461
SIP135m,10,7189,23214
SIP136m,2,21154,46822
SIP137m_a,2,5454,14609
SIP137m_b,2,4102,12439
SIP140m,2,2991,5407
SIP141m,6,8996,15002
SIP142m,4,4035,13558
SIP143m,4,5433,9920
SIP145m,6,7529,20674
SIP146m,9,12396,26562
SIP147m,5,5883,13744
SLP001,2,818,5607
SLP002,8,4385,11990
SLP003,2,20279,59776
SLP004,2,9415,47828
SLP006,2,1888,7255
SLP007,4,1617,12950
SLP008,4,2458,7916
SLP011,2,3369,9407
SLP012,8,10494,21326
SLP015_b,4,2212,5305
SLP015_c,7,3921,8710
SLP016,2,618,4089
SLP017,3,2386,4234
SLP018,10,7365,21646
SLP019,6,4155,18792
SLP021,6,11457,15524
SLP022,2,971,6211
SLP024,21,9825,29078
SLP025,4,3455,6628
SLP026,5,1956,6589
SLP027,4,1253,5611
SLP028,9,3259,14841
SLP030,2,684,3436
SLP031,2,7131,37977
SLP032,2,6868,18191
SLP033,2,6524,17475
SLP034,2,3496,15712
SLP035,3,2104,9653
SLP036,10,8149,33398
SLP038,6,3978,12867
SLP040,6,2224,8202
SLP041,6,3224,12673
SLP042,5,2940,9514
SLP043,6,3191,10999
SLP044_a,3,1723,7746
SLP044_d,6,3752,11999
SLP046,2,757,3313
SLP047,2,1738,11512
SLP048,2,2002,7757
SLP056,2,17108,57618
SLP057,2,11526,40305
SLP058,2,2191,9112
SLP059,2,5949,21494
SLP060,2,11741,19777
SLP061,2,8037,23248
SLP062,4,5216,21817
SLP064,2,926,5444
SLP065,5,2192,16058
SLP066,2,5703,17227
SLP067,2,2860,16857
SLP068,2,5803,13138
SLP069,2,3940,17736
SLP070,2,5849,16922
SLP071,2,2600,11148
SLP072,2,2448,12453
SLP073,2,3823,9125
SLP074,2,2438,12622
SLP075,2,3060,10005
SLP076,4,2482,22694
SLP077,2,2309,10541
SLP078,4,2278,11088
SLP079,2,1417,4654
SLP080,2,4298,25110
SLP081,7,2520,13950
SLP082,18,5582,36759
SLP083,2,1409,7550
SLP085,4,1014,9523
SLP086,7,2269,17645
SLP087,8,2954,13884
SLP088_a,8,3352,14333
SLP088_b,4,1261,4228
SLP089,5,1506,6718
SLP094_a,4,2601,18328
SLP094_b,4,1827,12575
SLP094_c,2,2615,6449
SLP098,4,5530,23983
SLP099,2,2861,5369
SLP101,4,3061,7291
SLP102,8,2417,6484
SLP103,8,4332,13108
SLP104,6,3405,7727
SLP105,4,1468,3131
SLP106,4,937,3138
SLP109,4,1760,7484
SLP112,6,12055,15291
SLP113,6,7522,11062
SLP114,2,869,2726
SLP115,7,2627,8553
SLP116,2,629,2042
SLP118,2,1698,6871
SLP119,2,1538,4349
SLP120,2,1794,5180
SLP122,6,5248,16862
SLP122_b,2,1598,4904
SLP126,2,1308,8586
SLP128,6,4034,8200
SLP129_c,6,5361,16856
SLP130,2,7795,41225
SLP131,2,11687,30947
SLP132,2,8254,17955
SLP134,2,1925,6327
SLP136,2,1670,9165
SLP137,4,1305,7197
SLP138,3,1620,4806
SLP141,6,3385,10302
SLP142,8,4189,9704
SLP149,2,5510,8414
SLP150,2,3922,14416
SLP151,2,1795,3468
SLP152,8,7130,15757
SLP153,2,1427,5206
SLP155,2,1504,6978
SLP157,4,5236,9599
SLP158,6,4362,12755
SLP160,9,5389,20366
SLP162,9,5025,23460
SLP164,11,5860,11525
SLP168,2,1221,2669
SLP170,2,2026,7392
SLP171,6,8498,15834
SLP173,1,531,1999
SLP176,13,12027,28785
SLP178,4,2465,6295
SLP179_a,6,2474,6132
SLP179_b,12,10652,17403
SLP183,5,2429,4817
SLP184,2,482,4262
SLP186,5,2263,7410
SLP187,12,4483,17366
SLP188,14,9094,20190
SLP189,3,1751,5400
SLP189_a,2,802,3429
SLP189_b,8,3524,14238
SLP198,6,4381,7936
SLP199,8,5527,8647
SLP202,2,1664,14104
SLP204,7,2347,7101
SLP206,2,9002,23085
SLP207,2,3728,19116
SLP208,2,2569,14876
SLP209,2,5492,23638
SLP210,2,856,10971
SLP211,2,2479,5761
SLP212_a,2,6216,14400
SLP212_b,2,1977,7240
SLP212_c,2,6922,8702
SLP214,2,3429,8439
SLP215,2,6114,12180
SLP216,2,5031,23091
SLP217,8,6463,21290
SLP221,2,1503,9189
SLP222,4,5360,10391
SLP223,8,6774,35066
SLP224,7,5526,28123
SLP227,8,7961,15623
SLP228,4,4200,9221
SLP229,8,8287,16213
SLP230,2,10846,42639
SLP231,2,1487,11370
SLP234,2,2644,20815
SLP235,2,4644,30515
SLP236,2,2697,27398
SLP237,4,3216,20159
SLP238,2,3545,16046
SLP239,2,5517,19831
SLP240_a,5,3770,7729
SLP240_b,7,3688,8399
SLP241,9,5023,10166
SLP242,6,4500,14644
SLP243,2,6889,29755
SLP244,4,4374,28219
SLP245,6,2739,9511
SLP246,5,1043,4717
SLP247,2,3448,17875
SLP248,2,5501,17790
SLP249,4,5118,18665
SLP250,2,4178,17239
SLP251,2,2622,15490
SLP252_a,2,1787,8321
SLP252_b,2,1943,8752
SLP252_c,2,1245,6570
SLP255,2,2529,12486
SLP256,2,1817,8564
SLP257,2,1829,14687
SLP258,2,2746,13320
SLP259,4,7669,10096
SLP260,2,593,1123
SLP265,2,953,4317
SLP266,14,4841,12251
SLP267,10,4157,6006
SLP268,11,2982,13239
SLP269,2,3746,17749
SLP270,2,2706,14290
SLP271,2,3090,9864
SLP273,2,895,4389
SLP274,3,997,5709
SLP275,10,4190,21363
SLP278,2,6704,24343
SLP279,2,9160,19482
SLP281,2,2440,9059
"SLP283,SLP284",10,5440,10004
SLP285,12,5896,14116
SLP286,9,6631,18933
SLP287,4,1537,7829
SLP288,10,3768,16096
SLP289,11,3912,15270
SLP290,6,3936,8488
SLP291,5,863,6958
SLP295,10,3603,13461
SLP298,2,754,2584
SLP300,10,3682,8544
SLP302,4,942,2719
SLP304,4,6044,24843
SLP305,2,2653,13542
SLP307,1,269,2105
SLP308,4,1280,10739
SLP310,2,1345,4841
SLP311,4,1154,7228
SLP312,6,3695,9275
SLP313,4,3253,5426
SLP314,8,5484,13139
SLP315,2,1994,9209
SLP316,6,1564,16794
SLP319,2,516,3257
SLP320,5,1048,5350
SLP321,4,8460,35825
SLP322,7,2388,12405
SLP324,10,1648,11779
SLP327,4,7342,8974
SLP328,3,2736,9934
SLP330,5,2151,10905
SLP334,6,3075,17949
SLP337,6,2142,7946
SLP340,2,3633,6516
SLP341_a,2,1180,7955
SLP341_b,2,854,5563
SLP344,4,2174,4787
SLP345,5,1451,6630
SLP347,4,2678,7385
SLP354,2,407,1580
SLP355,2,2504,13421
SLP356,4,2888,10106
SLP358,2,3624,9550
SLP359,4,7022,13733
SLP360_a,2,5340,33414
SLP360_b,2,1641,6560
SLP360_c,2,1699,7055
SLP360_d,5,3413,23505
SLP361,4,4787,20105
SLP363,2,1753,11006
SLP364,4,2455,13934
SLP365,2,7023,17763
SLP366,2,3404,12488
SLP368,2,1622,8798
SLP369,12,7751,13996
SLP372,4,3640,8619
SLP373,2,3100,14045
SLP374,2,1606,8723
SLP375,4,1862,11989
SLP376,2,11561,12707
SLP377,2,7345,12758
SLP378,2,3181,15412
SLP379,2,3504,22464
SLP380,2,3976,16802
SLP381,2,2627,18780
SLP382,2,2474,15548
SLP383,2,1204,7937
SLP384,2,1966,9693
SLP385,2,2650,16194
SLP386,2,3349,10978
SLP387,2,3127,7322
SLP388,2,23787,30244
SLP389,2,6270,17672
SLP390,2,6563,15410
SLP391,2,9701,18544
SLP392,2,2783,13788
SLP393,2,1640,7302
SLP394,2,2508,8053
SLP395,2,2095,10170
SLP396,4,4978,13231
SLP397,2,3615,9230
SLP398,4,1976,6739
SLP400,5,5047,10308
SLP402_a,4,1665,7457
SLP402_b,2,1236,4197
SLP403,4,1749,10453
SLP404,2,3992,12344
SLP405,2,1832,7424
SLP405_a,13,6094,21971
SLP405_b,11,4910,23503
SLP405_c,6,6570,14889
SLP406,2,3542,12764
SLP411,2,6570,11598
SLP412_a,2,1309,5192
SLP412_b,2,1168,3204
SLP414,11,4830,9022
SLP421,10,21471,28363
SLP424,2,2863,4841
SLP429,2,2565,5466
SLP433,2,1343,5542
SLP435,2,3331,6867
SLP437,2,3136,9435
SLP438,4,8996,22590
SLP439,2,8106,21217
SLP440,2,14310,25933
SLP441,2,8805,15990
SLP442,2,3178,13341
SLP443,2,3514,8807
SLP444,4,2508,8855
SLP447,2,4636,15710
SLP450,6,3081,10684
SLP451,4,2498,7541
SLP455,2,4824,17339
SLP456,2,8516,24318
SLP457,4,10768,24987
SLP458,2,2191,10534
SLP459,1,1165,3673
SLP460,2,1030,9861
SLP461,2,2384,8858
SLP462,2,3204,22779
SLP463,4,1577,3656
SLP464,4,3805,15733
SLP465,4,1786,15258
SLP466,2,2796,7716
SLP467,6,6711,16863
SLP469,2,5939,17560
SLP470,2,8599,18963
SLP471,2,4695,22164
SLP472,2,1297,10367
SLP473,2,2696,8758
SMP001,2,4964,21872
SMP002,2,2613,7070
SMP004,2,2811,6989
SMP006,9,7684,38944
SMP007,8,4431,27578
SMP008,9,4547,32512
SMP009,2,1299,6232
SMP010,2,4964,20922
SMP011_a,2,4758,16132
SMP011_b,2,3635,15636
SMP012,4,7130,26936
SMP013,2,4916,12005
SMP014,2,6481,15540
SMP015,2,2540,12722
SMP016_a,5,1598,9112
SMP016_b,8,4707,11738
SMP017,4,2950,5625
SMP018,21,16051,36182
SMP019,9,4827,18532
SMP020,4,1930,12728
SMP021,6,3378,13601
SMP022,6,4367,10479
SMP024,2,569,3809
SMP025,10,6062,16022
SMP026,2,16178,26551
SMP027,2,2867,16223
SMP028,2,4723,13225
SMP030,2,1738,5112
SMP031,1,878,1995
SMP033,2,750,10797
SMP034,4,6442,12793
SMP035,2,785,3414
SMP036,2,3834,19024
SMP037,2,5360,11305
SMP038,2,3239,8905
SMP039,4,2315,4181
SMP040,2,4026,11874
SMP041,2,8115,14753
SMP042,2,8564,17184
SMP043,4,5846,13344
SMP044,2,3740,12989
SMP045,2,2367,11475
SMP046,2,2207,8528
SMP047,2,2002,7851
SMP048,2,10890,92441
SMP049,2,11618,42394
SMP050,2,6636,21170
SMP051,2,10354,11548
SMP052,4,19358,17948
SMP053,2,5799,12620
SMP054,2,11969,20114
SMP055,4,10384,30999
SMP056,2,5404,15587
SMP057,4,10762,16025
SMP058,2,2297,11027
SMP059,2,1856,8955
SMP061,4,7412,12995
SMP063,2,4400,9041
SMP064,2,3940,8509
SMP065,4,6991,11443
SMP066,4,9777,22857
SMP067,4,2687,10332
SMP068,4,5822,7950
SMP069,4,8108,27358
SMP072,2,1948,6906
SMP075,4,6539,22645
SMP076,2,10939,42979
SMP077,2,7432,23369
SMP079,4,11114,19845
SMP080,2,8787,16952
SMP081,4,23885,55825
SMP082,4,18491,76226
SMP083,4,10111,35478
SMP084,4,13053,35918
SMP085,4,10392,32643
SMP086,4,11403,32382
SMP087,4,10010,25021
SMP088,4,4338,19699
SMP089,4,6578,43098
SMP090,4,6934,15449
SMP091,6,6118,34980
SMP092,4,12430,17954
SMP093,4,3699,19901
SMP095,4,4649,17531
SMP096,4,2896,19602
SMP102,5,4938,11515
SMP105_a,11,6878,16197
SMP105_b,6,4444,14410
SMP106,14,8787,29797
SMP107,4,3813,8846
SMP108,2,53812,63166
SMP109,2,12566,28308
SMP110,4,3376,12369
SMP111,2,1488,4211
SMP112,6,6198,17074
SMP114,2,8125,22891
SMP115,2,6726,22965
SMP116,2,5823,21289
SMP117_a,2,3072,7789
SMP117_b,2,3460,7719
SMP118,2,2364,6779
SMP119,2,2475,8076
SMP120,5,5527,11614
SMP122,3,4677,16503
SMP123,4,4755,17648
SMP124,4,4009,10856
SMP125,2,2870,9161
SMP126,2,2670,8525
SMP128,2,2268,11139
SMP130,2,3244,8199
SMP131,2,2679,8980
SMP132,4,6171,15250
SMP133,10,11703,35620
SMP134,2,1510,7588
SMP135,2,1483,6568
SMP136,2,1542,7248
SMP138,2,2254,7893
SMP139,2,1538,5067
SMP142,2,5969,21845
SMP143,4,10776,40278
SMP144,2,3653,16161
SMP145,2,5812,21270
SMP146,2,7256,23314
SMP147,2,11659,12635
SMP148,4,23765,23737
SMP150,2,4026,15174
SMP151,4,11437,31234
SMP152,2,3391,17472
SMP153_a,2,6410,15099
SMP153_b,2,3384,12027
SMP154,2,8450,24771
SMP155,4,14906,27637
SMP156,2,8517,14107
SMP157,2,9049,26615
SMP158,2,5704,22668
SMP159,2,10082,24380
SMP160,4,8860,21876
SMP161,2,3432,18010
SMP162,8,11400,49736
SMP163,2,16754,34573
SMP164,2,5927,19363
SMP165,2,8004,30308
SMP166,6,1679,5566
SMP167,12,3650,12800
SMP168,2,2902,18186
SMP169,2,2594,12553
SMP170,4,3526,12720
SMP171,8,6690,17248
SMP172,5,5252,16085
SMP174,8,2309,12247
SMP175,2,12369,23329
SMP176,2,10099,16408
SMP177,2,23752,52251
SMP178,2,6970,20416
SMP179,2,9391,22718
SMP180,2,2285,15333
SMP181,2,11107,9989
SMP182,2,1852,9030
SMP183,2,6381,20088
SMP184,2,4127,21643
SMP185,2,6299,19270
SMP186,2,3890,16745
SMP187,2,1103,4093
SMP188,2,4529,16162
SMP189,2,3832,9501
SMP190,2,3262,15607
SMP191,2,2098,6542
SMP192,2,2588,14170
SMP193,4,7672,40841
SMP194,4,2062,7133
SMP196_a,2,764,3160
SMP196_b,2,1236,3379
SMP198,2,9748,22897
SMP199,2,6913,23019
SMP200,2,4842,14833
SMP201,2,6012,13500
SMP202,2,4822,15831
SMP203,2,5515,16601
SMP204,2,4112,12860
SMP206,3,2750,6538
SMP207,6,4218,9540
SMP208,5,3620,6723
SMP209,5,2461,7481
SMP210,7,2991,13521
SMP213,4,680,4200
SMP214,6,926,5914
SMP215,8,3782,16431
SMP216,4,1666,6848
SMP217,6,2097,6903
SMP218,6,3910,16163
SMP219,10,5696,16720
SMP220,12,4284,16162
SMP221,4,1626,5990
SMP222,4,2296,9322
SMP223,6,1795,7300
SMP226,4,876,4719
SMP227,6,1473,6773
SMP228,12,3651,8363
SMP229,9,2432,6690
SMP232,8,2285,5627
SMP234,2,6065,12314
SMP235,2,7676,14562
SMP236,2,1906,3740
SMP237,2,7959,20877
SMP238,2,2855,23627
SMP239,2,1729,13663
SMP240,2,1548,9155
SMP242,2,2025,3799
SMP243,8,4149,22596
SMP245,10,15116,40819
SMP246,2,3288,7402
SMP247,9,4452,23844
SMP248_a,2,1574,5003
SMP248_b,2,1416,5119
SMP248_c,4,3136,10604
SMP248_d,2,885,5583
SMP249,2,3770,7429
SMP250,2,4441,8516
SMP251,2,5210,15658
SMP252,2,5027,23146
SMP253,2,6781,15152
SMP254,2,4297,20518
SMP255,2,8350,12668
SMP256,2,2687,12871
SMP257,2,1908,14586
SMP258,2,951,6718
SMP261,13,5002,16245
SMP262,6,1951,9303
SMP266,2,1885,5211
SMP267,4,1437,5122
SMP268,6,1581,4405
SMP269,2,3623,838
SMP270,5,1191,5236
SMP271,4,10203,26888
SMP272,2,5766,18088
SMP273,2,3386,15585
SMP274,2,1646,4083
SMP275,2,1680,3354
SMP276,2,2362,12136
SMP277,6,4329,12449
SMP278,5,2976,10284
SMP279_a,8,5917,15181
SMP279_b,3,1821,6184
SMP279_c,5,1913,7433
SMP280,5,1196,6557
SMP281,11,2079,7978
SMP282,9,2936,7167
SMP283,4,2783,12619
SMP284_a,2,1968,7903
SMP284_b,2,2614,10800
SMP285,2,14496,22017
SMP286,2,15332,26721
SMP291,2,6004,22425
SMP293,2,2513,7983
SMP297,8,7474,23788
SMP299,4,3622,8326
SMP302,5,3948,11277
SMP304,4,2159,6464
SMP305,4,3735,6235
SMP306,5,4188,16045
SMP307,8,5759,12753
SMP311,2,4014,11084
SMP312,4,4496,14055
SMP313,2,3800,8721
SMP314,4,6967,14694
SMP315,6,9579,18367
SMP316_a,2,2366,5220
SMP316_b,2,2561,6053
SMP317,10,10443,22632
SMP319,8,7110,26223
SMP320,8,5266,16138
SMP320a,2,1122,3874
SMP321_a,4,4347,8645
SMP321_b,2,2007,3212
SMP322,4,5187,13977
SMP323,6,3763,10202
SMP324,4,1823,5752
SMP326,6,3187,11738
SMP327,2,3853,8224
SMP328_a,2,906,4265
SMP328_b,2,1153,6268
SMP328_c,2,1610,7417
SMP329,4,1867,5867
SMP330,4,1834,6082
SMP331,11,6287,18841
SMP332,6,2334,5942
SMP333,2,3806,11620
SMP334,2,3787,12478
SMP335,2,3882,11576
SMP336,2,3283,13587
SMP337,2,3820,12506
SMP338,4,6528,16489
SMP339,2,4637,21640
SMP340,2,2936,12607
SMP341,2,2452,8807
SMP342,3,4436,8292
SMP344,4,3265,12070
SMP345,4,2873,10102
SMP346,4,9249,28682
SMP347,12,8679,27702
SMP348,4,3903,6572
SMP350,7,3299,10122
SMP352,12,2306,10103
SMP353,2,3641,8949
SMP354,6,1990,11997
SMP355,4,1770,7863
SMP356,2,979,4305
SMP357,8,4443,18303
SMP358,6,6090,13719
SMP359,4,2724,6969
SMP360,2,1288,4398
SMP361,8,5070,16142
SMP362,4,2817,7982
SMP368,2,6043,21312
SMP369,2,3840,11129
SMP370,2,4458,18543
SMP371_a,2,3513,28825
SMP371_b,2,3290,23706
SMP372,2,3011,10874
SMP373,2,2398,7050
SMP374,4,5902,19037
SMP375,2,3983,10459
SMP376,2,10096,25167
SMP377,15,11355,40260
SMP378,2,1038,6909
SMP379,2,1395,8266
SMP380,7,3579,13579
SMP381_a,6,2393,13149
SMP381_b,4,3505,14804
SMP381_c,2,1406,3926
SMP382,7,3932,12043
SMP383,2,12497,31857
SMP384,2,7889,13448
SMP385,2,8152,11900
SMP386,2,11093,19689
SMP387,2,5624,20802
SMP388,2,4845,14972
SMP389_a,2,4771,12564
SMP389_b,2,4045,15535
SMP389_c,2,2433,6901
SMP390,2,3419,12318
SMP391,3,6102,15282
SMP392,3,5221,14547
SMP393,2,2503,6606
SMP394,3,4064,14141
SMP395,2,2806,9637
SMP397,4,4150,14923
SMP398_a,2,2621,9424
SMP398_b,2,2022,8171
SMP399_a,2,2319,6643
SMP399_b,4,4936,11905
SMP399_c,2,1829,6010
SMP400,2,2150,4920
SMP401,2,2668,4399
SMP402,2,2403,3474
SMP403,6,6334,14952
SMP404,5,7322,18751
SMP405,4,4974,16541
SMP406_a,2,2460,5754
SMP406_b,2,2097,5403
SMP406_c,4,4203,10839
SMP406_d,2,2107,5263
SMP406_e,2,2928,5447
SMP407,2,1931,6720
SMP408_a,4,3456,7140
SMP408_b,6,7428,14803
SMP408_c,6,3889,10718
SMP408_d,10,10275,24290
SMP409,11,7385,17988
SMP410,6,3761,14335
SMP411,4,2438,10258
SMP412,2,1257,4665
SMP413,4,3061,9348
SMP414,4,2472,7736
SMP415_a,2,1549,3710
SMP415_b,2,1392,3874
SMP416,4,4134,5919
SMP418,2,6975,20423
SMP419,2,2717,8540
SMP420,2,1666,9053
SMP421,2,2336,10313
SMP422,2,1994,8752
SMP423,2,1226,5892
SMP424,4,4985,12389
SMP425,2,2640,12315
SMP426,3,1266,3389
SMP427,11,6163,20718
SMP428_a,2,579,2189
SMP428_b,2,565,2049
SMP429,6,2283,8673
SMP430,4,1121,5642
SMP437,2,544,4162
SMP438,4,1434,5955
SMP441,2,3410,14226
SMP442,2,4546,14892
SMP443,2,4296,10743
SMP444,2,2872,7447
SMP445,2,1990,5228
SMP446,4,3571,16856
SMP447,4,2808,15564
SMP448,6,4862,18231
SMP449,2,2253,7037
SMP450,8,4815,13005
SMP451,4,1974,7228
SMP452,10,4921,14502
SMP453,8,5794,19337
SMP455,2,3431,14112
SMP456,2,8321,26842
SMP457,2,6047,15841
SMP458,2,2826,8871
SMP459,8,8665,27246
SMP460,2,1602,6242
SMP461,8,4185,19801
SMP467,2,946,2109
SMP468,6,2142,5783
SMP469,4,3632,14354
SMP470,2,10937,44228
SMP471,2,10138,21379
SMP472,4,13196,32375
SMP476,4,3416,14969
SMP477,4,2709,9895
SMP482,4,4099,22121
SMP483,4,2163,7433
SMP484,3,1372,7222
SMP487,8,4180,14423
SMP488,2,2390,5168
SMP489,4,3552,10780
SMP490,4,4955,12645
SMP491,2,2001,4710
SMP492,2,6836,17986
SMP493,2,11493,28825
SMP494,2,6296,9776
SMP495_a,2,6718,12296
SMP495_b,2,3607,6700
SMP495_c,2,3106,6785
SMP496,2,2904,8437
SMP497,4,1927,2283
SMP501,4,7552,28430
SMP503,2,10189,16968
SMP504,2,7734,25434
SMP505,2,9179,10697
SMP506,2,3995,14357
SMP507,2,4053,11993
SMP508,2,980,6219
SMP509,5,2385,13786
SMP510,2,1292,8112
SMP511,2,783,4740
SMP512,2,4420,8334
SMP513,2,3003,7414
SMP514,2,2311,8242
SMP516,4,7814,15893
SMP517,4,2517,12959
SMP518,4,1883,11092
SMP519,4,1545,7595
SMP520,4,2548,9500
SMP521,2,494,2753
SMP522,1,122,854
SMP523,8,1882,13880
SMP525,2,996,6886
SMP526,1,421,3214
SMP527,2,7236,42895
SMP528,2,7396,18748
SMP529,2,3009,14995
SMP530_a,2,3705,12530
SMP530_b,2,3030,8210
SMP531,2,4462,15865
SMP532_a,2,2681,14561
SMP532_b,2,2268,11310
SMP533,3,3090,7065
SMP535,4,6659,16714
SMP537,4,4858,18579
SMP538,2,2380,9035
SMP539,4,2884,9784
SMP540,4,2656,12002
SMP541,2,9911,26437
SMP542,2,6658,19055
SMP543,2,18294,18010
SMP544,2,12707,14890
SMP545,2,13519,27854
SMP546,2,6626,11665
SMP547,2,6364,10763
SMP548,2,14941,34845
SMP549,2,11585,26205
SMP550,2,15272,32380
SMP551,2,10593,29751
SMP552,2,4201,10273
SMP553,2,6512,28009
SMP554,2,6517,17767
SMP555,2,4439,11718
SMP556,2,4945,12394
SMP560,2,1891,6534
SMP561,2,2673,6967
SMP562,2,1674,5678
SMP565,3,1501,6436
SMP566,6,4924,16863
SMP567,4,2731,8103
SMP568_a,8,6904,17213
SMP568_b,6,5678,22724
SMP568_c,4,4350,16258
SMP568_d,3,3591,11833
SMP569,4,3234,6310
SMP570,5,3105,13030
SMP571,2,1187,3249
SMP572,4,2335,7025
SMP573,2,914,2801
SMP577,2,6551,25723
SMP578,6,2403,7260
SMP579,2,8329,11459
SMP580,2,2526,9779
SMP581,6,2313,15898
SMP582,2,2537,12784
SMP583,2,7415,11022
SMP586,2,6221,29173
SMP588,4,8208,13726
SMP589,2,4867,7722
SMP590_a,5,1489,2607
SMP590_b,6,1666,4620
SMP591,8,2015,4075
SMP592,7,1314,2481
SMP593,2,17805,73566
SMP594,2,7489,22494
SMP595,2,7223,17365
SMP596,2,4966,13335
SMP597,2,2547,10430
SMP598,2,6482,20390
SMP599,2,2661,9032
SMP600,2,2485,7727
SMP603,2,6652,22281
SMP604,2,5829,37508
SMP700m,4,3683,8932
SMP702m,4,15443,60566
SMP703m,14,15049,39550
SMP705m,8,7594,21019
SMP709m,2,10592,55103
SMP710m,7,6661,16655
SMP711m,2,1394,8526
SMP712m,2,2348,8171
SMP713m,3,4293,11168
SMP714m,6,9274,23845
SMP715m,4,5732,18767
SMP716m,4,1705,14128
SMP717m,5,5578,11270
SMP718m,2,1577,7790
SMP719m,8,8216,27962
SMP720m,2,3887,11420
SMP721m,8,4468,19357
SMP723m,11,7767,32948
SMP726m,8,7660,25024
SMP727m,2,2355,5288
SMP728m,5,3289,10696
SMP729,4,1206,6093
SMP729m,2,8328,25364
SMP730,4,1950,7819
SMP731,3,1923,4917
SMP732,2,1258,4589
SMP733,2,1020,3320
SMP734,7,5462,15715
SMP735,3,1342,4425
SMP736,1,508,1718
SMP737,6,2671,8115
SMP738,9,2805,12608
SMP739,8,3867,13147
SMP740,8,5204,29335
SMP741,8,3667,7049
SMP742,4,4269,23108
SMP743,4,3956,13294
SMP744,2,5533,27518
SMP745,2,1610,9900
SMP_unclear,2,815,6745
SMPp&v1B_M02,2,3961,4715
SNch01,35,12448,108646
SNch05,8,261,1609
SNch10,81,6909,47674
SNpp01,25,2172,19708
SNpp02,36,3012,31337
SNpp03,4,336,3301
SNpp04,4,954,14290
SNpp05,2,483,12637
SNpp06,4,1649,10489
SNpp07,12,756,26882
SNpp08,4,605,9593
SNpp09,4,2582,15863
SNpp10,7,958,22665
SNpp11,6,857,10696
SNpp12,2,982,13971
SNpp13,2,350,4617
SNpp14,6,278,9493
SNpp15,6,961,8234
SNpp16,13,2249,36161
SNpp17,12,2067,13961
SNpp18,18,3087,16184
SNpp19,35,2975,99834
SNpp20,6,430,6379
"SNpp20,SApp02",3,211,2301
SNpp21,4,467,7246
SNpp22,2,140,1334
SNpp23,16,1143,25570
SNpp24,4,1049,1744
SNpp25,7,3921,2492
SNpp26,2,178,3880
SNpp27,2,196,1885
SNpp28,17,4843,31630
"SNpp29,SNpp63",18,4981,36863
SNpp30,8,13167,69109
SNpp31,2,1519,18792
SNpp32,8,5581,54777
SNpp33,7,1333,31987
SNpp34,8,2067,5632
"SNpp34,SApp16",3,629,1752
SNpp35,6,506,11975
SNpp36,2,243,2741
SNpp37,7,929,12187
SNpp38,6,3781,8903
SNpp39,39,6586,56366
SNpp40,32,3762,67848
SNpp41,22,5555,33477
SNpp42,20,1537,9858
SNpp43,19,1437,25626
SNpp44,5,797,6245
SNpp45,53,9258,117055
SNpp46,2,255,1560
SNpp47,40,5270,34362
SNpp48,10,1250,19736
SNpp49,4,624,6816
SNpp50,62,7431,102424
SNpp51,32,3942,61600
SNpp52,43,5976,101506
SNpp53,13,5041,16176
SNpp55,7,913,9431
SNpp56,13,1199,9584
SNpp57,12,1408,9465
SNpp58,16,1492,19196
SNpp59,6,750,5710
SNpp60,41,7207,46836
SNpp61,10,2603,24396
SNpp62,9,3140,22126
SNppxx,80,14232,198237
SNta02,2,310,2733
"SNta02,SNta09",241,52323,216610
SNta03,39,8704,65592
SNta04,83,26285,116444
"SNta04,SNta11",53,13263,53090
SNta05,6,5251,28333
SNta06,10,2854,19503
SNta07,30,5849,44856
SNta10,4,4557,18636
SNta11,67,17379,86142
"SNta11,SNta14",42,16597,84954
SNta12,5,2765,12309
SNta13,6,6023,30955
SNta14,12,4621,29593
SNta18,55,13562,74020
SNta19,28,3030,20455
"SNta19,SNta37",13,2394,12999
SNta20,156,20671,158848
"SNta20,SNta29",1,28,200
SNta21,117,10177,139260
"SNta21,SNta38",2,309,3039
SNta22,5,943,6714
"SNta22,SNta23",3,444,2843
"SNta22,SNta33",8,2893,20934
SNta23,40,4329,31855
SNta24,1,50,404
SNta25,63,8562,72378
"SNta25,SNta30",8,1040,8642
SNta26,31,3754,38566
SNta27,47,4374,41492
"SNta27,SNta28",8,944,9189
SNta28,74,8552,87685
"SNta28,SNta29",1,24,235
"SNta28,SNta40",1,79,719
"SNta28,SNta44",8,1075,8796
SNta29,260,28053,288921
SNta30,65,8136,75309
SNta31,76,8517,54800
"SNta31,SNta34",1,50,407
SNta32,53,6764,40589
SNta33,25,6803,42746
SNta34,54,6611,47738
SNta35,43,4822,32688
SNta36,12,1547,9904
SNta37,228,35830,254313
SNta38,122,14112,126841
SNta39,23,1238,12704
SNta40,50,1694,24327
SNta41,54,3275,31390
SNta42,77,8715,83047
SNta43,73,8630,70107
SNta44,36,3274,30121
"SNta44,SNta45",1,46,394
SNta45,31,3297,25288
SNtaxx,19,1306,10798
SNxx01,21,7609,23841
SNxx02,25,5968,32177
SNxx03,186,37420,134249
SNxx04,130,33313,133087
SNxx05,18,2049,6324
SNxx06,37,4092,16793
SNxx07,27,9365,57524
SNxx08,5,810,14378
SNxx09,2,712,9299
SNxx10,6,1870,12194
SNxx11,11,6719,38085
SNxx14,66,17955,85434
SNxx15,10,298,28887
SNxx16,6,502,4346
SNxx17,6,862,17322
SNxx19,14,1051,21712
SNxx20,26,2476,41087
SNxx21,18,1218,19309
SNxx22,34,3672,21487
SNxx23,22,6479,63644
SNxx24,2,381,6990
SNxx25,10,3440,37121
SNxx26,12,1663,23766
"SNxx27,SNxx29",4,562,7711
SNxx28,6,849,13471
SNxx29,20,6119,76684
SNxx30,5,1489,12742
SNxx31,2,798,7044
SNxx32,2,171,5730
SNxx33,72,8956,101492
SNxxxx,102,3167,48219
STTMm,4,30278,638
SpsP,4,3580,13803
Sternal adductor MN,6,11490,904
Sternal anterior rotator MN,12,109772,2313
Sternal posterior rotator MN,22,136511,6125
Sternotrochanter MN,14,140149,2625
T1,1777,406118,14860
T2,1630,946498,1337721
T2a,1872,602142,1648162
T3,1940,479239,993533
T4_unclear,4,519,1421
T4a,1684,424348,982880
T4b,1690,428979,807410
T4c,1778,418619,967303
T4d,1709,385024,828661
T5a,1664,382085,1063521
T5a_unclear,1,89,186
T5b,1715,406476,853389
T5c,1720,411738,1012447
T5d,1620,361695,845360
TN1a_a,2,3808,7231
TN1a_b,2,3319,6023
TN1a_c,2,3353,5743
TN1a_d,2,3147,7790
TN1a_e,2,4079,7840
TN1a_f,4,5797,14670
TN1a_g,4,6078,12947
TN1a_h,2,4581,8499
TN1a_i,2,4526,7292
TN1c_a,5,3778,15792
TN1c_b,2,1754,8276
TN1c_c,4,2747,17530
TN1c_d,2,1258,6155
TPMN1,48,6090,51777
TPMN2,12,1962,30107
TRN_VP1m,11,4992,30514
TRN_VP2,7,3579,27739
TRN_VP3a,6,5253,47576
TRN_VP3b,1,324,2757
TTMn,2,6816,1844
Ta depressor MN,9,2190,386
Ta levator MN,5,7100,67
Tergopleural/Pleural promotor MN,8,55764,649
Tergotr. MN,12,63268,996
Ti extensor MN,12,77784,2379
Ti flexor MN,37,62509,3203
Tlp11,68,83807,137901
Tlp12,139,184154,257561
Tlp13,115,197257,244615
Tlp14,58,157928,186168
Tm1,1777,699326,3150376
Tm12,967,296911,590150
Tm16,396,237215,577517
Tm2,1766,677382,2113531
Tm20,1762,387238,1374657
Tm23,33,51824,80017
Tm24,245,252730,217358
Tm26,103,54226,97043
Tm29,544,168081,418623
Tm3,2054,778312,2948021
Tm30,124,75029,120685
Tm31,120,60885,258332
Tm32,125,173012,181364
Tm33,280,98061,190550
Tm34,174,56768,151266
Tm35,86,22479,113197
Tm36,155,65770,160167
Tm37,559,237090,717089
Tm38,223,108872,370450
Tm39,426,147038,491221
Tm3_unclear,1,224,414
Tm4,1670,747025,2129885
Tm40,180,57407,145590
Tm5Y,898,418751,1092921
Tm5a,624,143701,496965
Tm5b,522,143881,446942
Tm5c,750,207280,730601
Tm6,1526,750480,792627
Tm9,1771,208247,827450
TmY10,552,245818,714242
TmY13,432,248175,589566
TmY14,477,792210,267496
TmY15,209,407516,544145
TmY16,168,246864,282291
TmY17,395,277280,718693
TmY18,1367,464852,706009
TmY19a,86,260787,323499
TmY19b,36,175103,144273
TmY20,343,225144,362645
TmY21,372,207899,524628
TmY3,824,623162,706523
TmY4,562,306865,518777
TmY5a,1364,977765,1517513
TmY9a,471,191002,567969
TmY9b,515,192348,523741
TmY_unclear,4,1831,3659
Tm_unclear,4,2538,5389
Tr extensor MN,11,27557,1499
Tr flexor MN,35,99732,2395
TuBu01,10,6588,6901
TuBu02,12,4058,11897
TuBu03,23,8522,14753
TuBu04,12,4943,7326
TuBu05,11,7205,3836
TuBu06,10,9611,5262
TuBu07,21,12125,10388
TuBu08,21,14248,11382
TuBu09,21,10428,9269
TuBu10,15,8160,7831
TuTuA_1,2,27798,31969
TuTuA_2,2,33602,31963
TuTuB_a,2,11478,11150
TuTuB_b,2,5796,5922
V1,2,6309,9615
VA1d_adPN,6,22157,81459
VA1d_vPN,2,3520,10150
VA1v_adPN,8,24867,76080
VA1v_vPN,4,10933,26199
VA2_adPN,2,24788,88136
VA3_adPN,4,14460,60720
VA4_lPN,2,11202,42915
VA5_lPN,6,13252,54777
VA6_adPN,2,20243,64592
VA7l_adPN,2,9472,38457
VA7m_lPN,6,9761,38883
VC1_lPN,2,14351,47803
VC2_lPN,2,10908,40670
VC3_adPN,7,22180,55502
VC4_adPN,6,15867,51361
VC5_lvPN,6,18679,64831
VCH,2,56803,59359
VES001,2,12750,40036
VES002,2,7587,36663
VES003,2,6172,23722
VES004,2,5136,20897
VES005,2,15405,31246
VES007,2,11345,26464
VES010,2,3971,21512
VES011,2,6626,9696
VES012,2,9813,32377
VES013,2,8713,30445
VES014,2,4658,26310
VES016,2,4678,15298
VES017,2,4341,23070
VES018,2,8775,14098
VES019,6,8019,21228
VES020,6,8736,22086
VES021,5,5505,14982
VES022,11,27923,43270
VES023,7,6397,24232
VES024_a,4,1798,6940
VES024_b,2,1245,3736
VES025,2,5641,31773
VES027,2,3248,16011
VES030,2,3710,20739
VES031,7,9743,36794
VES032,2,2229,8909
VES033,7,4871,26101
VES034_b,8,6414,28407
VES037,8,2378,18536
VES039,2,1651,7319
VES040,2,3418,15925
VES041,2,41417,67193
VES043,2,4134,19859
VES045,2,14510,26546
VES046,2,6904,14656
VES047,2,8461,19871
VES048,2,7899,15019
VES049,6,9817,27487
VES050,4,2360,15662
VES051,4,3761,13115
VES052,4,3686,12840
VES053,2,16306,27449
VES054,2,7225,15845
VES056,2,5480,35413
VES057,2,3241,10906
VES058,2,4718,17287
VES059,2,8305,11678
VES063,4,10510,66466
VES064,2,13618,38805
VES065,2,3106,10464
VES067,2,6155,16399
VES070,2,4123,17936
VES071,2,4589,11836
VES072,2,7022,13758
VES073,2,4843,18159
VES074,2,7008,24508
VES075,2,8669,30483
VES076,2,4112,11239
VES077,2,4078,13502
VES078,2,4380,15195
VES079,2,4802,17851
VES085_a,2,6880,16428
VES085_b,2,7055,29511
VES087,4,20947,34084
VES088,2,16138,30552
VES089,2,14146,24398
VES090,2,2146,15100
VES091,2,4547,18440
VES092,2,23597,35763
VES093_a,2,1323,3252
VES093_b,4,1866,4656
VES093_c,2,762,2419
VES094,2,3113,8630
VES095,2,4522,5174
VES096,2,4390,4753
VES097,4,9661,12227
VES098,2,4302,7538
VES099,2,4081,8389
VES100,2,3294,5073
VES101,6,6483,10911
VES102,2,1699,3714
VES103,4,4051,8784
VES104,2,11567,27689
VES105,2,1371,12866
VES106,2,4805,17726
VES107,4,6169,11343
VES108,1,2877,15722
VES109,2,1906,4840
VES200m,12,21007,64612
VES202m,7,12246,34948
VES203m,6,9189,22955
VES204m,6,8152,20944
VES205m,2,4648,10272
VES206m,7,5811,19588
VL1_ilPN,2,17915,39777
VL1_vPN,2,3543,16252
VL2a_adPN,2,20134,65462
VL2a_vPN,6,8003,11611
VL2p_adPN,2,22372,84490
VL2p_vPN,4,4700,11416
VLP_TBD1,2,2016,7156
VM1_lPN,2,8539,30375
VM2_adPN,3,7838,31076
VM3_adPN,4,14821,61053
VM4_adPN,2,6657,27217
VM4_lvPN,6,9135,20665
VM5d_adPN,12,30034,63735
VM5v_adPN,5,16538,34785
VM6_adPN,2,18136,50956
VM6_lvPN,6,1614,9547
VM7d_adPN,7,19374,63719
VM7v_adPN,3,9529,31954
VP1d+VP4_l2PN1,2,14428,49967
VP1d+VP4_l2PN2,2,11127,39966
VP1d_il2PN,2,7821,24061
VP1l+VP3_ilPN,2,4897,29445
VP1l+_lvPN,9,3543,20399
VP1m+VP2_lvPN1,2,1608,8581
VP1m+VP2_lvPN2,8,4754,23543
VP1m+VP5_ilPN,2,5581,22681
VP1m+_lvPN,4,3037,14080
VP1m_l2PN,2,10434,51872
VP2+VC5_l2PN,2,3803,13665
VP2+Z_lvPN,4,3761,23976
VP2+_adPN,2,1904,17951
VP2_adPN,1,6933,27126
VP2_l2PN,2,3223,19540
VP3+VP1l_ivPN,2,8685,36057
VP3+_l2PN,6,14217,32614
VP3+_vPN,2,1498,6090
VP4+VL1_l2PN,2,7192,24979
VP4+_vPN,2,1660,20293
VP4_vPN,2,3003,20917
VP5+VP3_l2PN,2,4598,10087
VP5+Z_adPN,2,5174,27023
VS,18,190783,29426
VST1,5,9368,8322
VST2,7,20331,19416
VSm,4,35290,26698
V_ilPN,2,17671,66060
V_l2PN,2,4908,24601
WED001,10,7455,29814
WED002,16,6266,31472
WED004,10,3997,16568
WED006,2,7436,37423
WED007,2,12010,26118
WED008,2,3488,9607
WED009,6,3853,17608
WED010,6,4121,11183
WED011,2,1020,16185
WED012,5,4090,11046
WED013,1,564,2199
WED014,4,2058,7164
WED015,9,9789,19688
WED016,2,3522,9681
WED017,2,2509,10478
WED018,2,2425,11895
WED020_a,2,2144,2803
WED020_b,3,2752,6209
WED022,2,1726,5543
WED023,6,3408,7829
WED024,4,3195,8775
WED025,6,4394,7454
WED026,6,4278,11686
WED028,6,3286,7692
WED029,4,1997,4641
WED030_a,12,5298,12399
WED030_b,12,7966,12430
WED031,9,6785,13915
WED032,8,3021,8169
WED033,14,4327,13548
WED034,6,3053,13702
WED035,10,3888,19995
WED037,8,2665,12036
WED038,16,6536,19122
WED039,5,2926,7153
WED040_a,15,5158,17723
WED040_b,4,1737,3721
WED040_c,2,646,2714
WED041,6,1690,5048
WED042,10,6068,19764
WED044,2,1293,2621
WED045,2,2901,11980
WED046,2,10781,20198
WED047,4,9033,16917
WED051,2,2731,7292
WED055_a,2,2365,4025
WED055_b,8,9746,15821
WED056,12,14162,18655
WED057,21,15320,25860
WED060,4,10291,24652
WED061,4,6383,18837
WED063_a,4,3924,15350
WED063_b,7,8471,29059
WED065,4,3869,10114
WED066,1,1152,3978
WED069,2,5391,18581
WED070,2,3950,11241
WED071,2,2742,17594
WED072,6,18489,34147
WED074,4,4279,22095
WED075,2,13868,24296
WED076,2,6177,24968
WED077,4,4764,19871
WED078,2,1296,8585
WED079,2,2776,6358
WED080,2,5228,10169
WED081,2,2625,13299
WED082,4,4066,20029
WED083,2,1131,5646
WED084,2,977,4343
WED085,2,2309,4133
WED089,2,2398,9659
WED091,2,1996,7669
WED092,10,25487,134377
WED093,4,6416,26310
WED094,5,6552,20009
WED095,5,5088,13541
WED096,10,6060,32988
WED097,4,2824,10314
WED098,5,4329,14811
WED099,3,3174,5861
WED100,4,4833,10966
WED101,5,2149,13133
WED102,4,1830,8043
WED103,12,3924,13278
WED104,2,15665,39977
WED106,4,7227,18471
WED107,2,12237,36927
WED108,2,3979,20042
WED109,2,6969,8827
WED111,4,5686,17948
WED114,5,6977,19055
WED116,2,11837,4881
WED117,8,13082,33678
WED118,12,9604,37348
WED119,2,8078,31699
WED121,2,3588,17228
WED122,2,3647,8544
WED124,2,2770,5630
WED125,3,5897,8928
WED127,3,3726,8542
WED128,8,5365,17247
WED129,4,2625,6259
WED130,2,774,2328
WED131,4,981,2997
WED132,4,3981,11749
WED143_a,8,4987,22083
WED143_b,4,1995,10701
WED143_c,12,6608,26112
WED143_d,5,3493,10112
WED144,3,2153,6816
WED145,9,5283,20045
WED146_a,2,3579,5685
WED146_b,2,1839,3656
WED146_c,2,1895,4854
WED151,2,1420,6357
WED152,2,1579,5171
WED153,6,3831,13034
WED154,2,702,3636
WED155,4,1467,5559
WED157,6,1550,9961
WED159,4,2160,6664
WED161,5,2030,7540
WED162,9,2795,12723
WED163,10,5019,15631
WED164,13,5483,17505
WED165,2,5245,12052
WED166_a,4,5695,16161
WED166_d,12,10836,36114
WED167,6,4501,15989
WED168,8,3822,23789
WED181,2,1257,19760
WED182,2,5656,19623
WED183,2,1561,3491
WED184,2,12470,47707
WED185,1,6546,13556
WED187,2,5480,13211
WED188,1,2936,6529
WED189,1,4510,6480
WED190,1,7186,18249
WED191,2,8280,16837
WED192,3,1317,5350
WED193,2,6769,29277
WED194,2,3274,14130
WED195,2,8828,46688
WED196,1,5405,22352
WED197,2,1066,4155
WED198,2,1365,3878
WED199,2,1195,2812
WED200,2,1251,2924
WED201,8,6496,13477
WED202,2,2007,3332
WED203,2,20843,20556
WED204,5,3059,6256
WED205,2,1372,3428
WED206,4,3611,6701
WED207,6,6134,9999
WED208,2,3992,22888
WED209,2,2646,19892
WED210,2,8739,31120
WED26,4,2491,7571
WEDPN10A,2,2596,8494
WEDPN10B,2,2097,6579
WEDPN11,2,3641,25293
WEDPN12,2,5535,26759
WEDPN14,6,3592,16931
WEDPN16_d,6,6015,33746
WEDPN17_a1,7,2913,19672
WEDPN17_a2,4,1926,13370
WEDPN17_b,6,2431,12004
WEDPN17_c,9,5401,16364
WEDPN18,3,1872,4909
WEDPN1A,10,11372,13975
WEDPN1B,2,1192,2344
WEDPN2A,6,3573,11589
WEDPN2B_a,2,2630,8073
WEDPN2B_b,2,2654,7745
WEDPN3,6,4879,17730
WEDPN4,2,6144,16606
WEDPN5,2,3831,14095
WEDPN6A,8,5044,15327
WEDPN6B,8,4024,12033
WEDPN6C,5,1819,5747
WEDPN7A,7,4991,9465
WEDPN7B,8,3975,11021
WEDPN7C,5,3858,8955
WEDPN8B,11,1917,17804
WEDPN8C,13,7448,42282
WEDPN8D,5,2949,18358
WEDPN9,2,5786,30529
WG1,96,22313,47974
WG2,97,21483,63283
WG3,96,30378,96387
WG4,96,42549,104773
Y11,153,269916,297084
Y12,186,187428,256681
Y13,193,211935,272161
Y14,208,107567,247615
Y3,627,827445,1195673
Y_unclear,1,631,1065
Z_lvPNm1,9,8609,35443
Z_vPNml1,2,2507,14818
aDT4,4,1037,14342
aIPg1,8,12011,38532
aIPg10,4,10847,22005
aIPg2,6,10734,26759
aIPg4,2,2790,9395
aIPg5,6,12090,32142
aIPg6,5,11452,16408
aIPg7,7,10145,24008
aIPg8,3,5606,9875
aIPg9,3,4305,14849
aIPg_m1,4,8371,33988
aIPg_m2,4,7459,30168
aIPg_m3,2,3499,9505
aIPg_m4,2,12957,23442
aMe1,4,5755,11693
aMe10,3,3565,12701
aMe12,6,15760,39747
aMe13,2,2960,12721
aMe15,2,5265,21214
aMe17a,2,4603,45482
aMe17b,5,7681,35022
aMe17c,4,12848,114287
aMe17e,2,7131,67989
aMe2,8,2526,15693
aMe20,2,8100,35600
aMe22,2,2007,12231
aMe23,2,2307,9351
aMe24,2,7213,22604
aMe25,2,3865,17744
aMe26,6,11139,58543
aMe3,2,3952,33664
aMe30,5,17690,29136
aMe4,19,18289,121426
aMe5,42,24030,59021
aMe6a,2,2366,6796
aMe6b,2,2411,6272
aMe6c,3,4024,6924
aMe8,4,5965,20953
aMe9,4,14173,29648
aMe_TBD1,2,8031,52199
aMe_unclear,1,326,999
aPhM1,21,3712,21610
aPhM2a,5,2552,46966
aPhM2b,2,598,10965
aPhM3,5,1633,21459
aPhM4,2,1079,16759
aPhM5,4,1429,20433
aSP-g3Am,2,5453,14065
aSP10A_a,6,10487,30666
aSP10A_b,10,10389,42709
aSP10B,11,21168,47153
aSP10C_a,9,5622,23537
aSP10C_b,6,4757,19846
aSP22,2,19724,68793
b1 MN,2,25122,947
b2 MN,2,29316,358
b3 MN,2,22338,372
claw_tpGRN,50,7092,41327
dCal1,2,23481,21893
dMS10,2,4449,11145
dMS2,20,52742,22204
dMS5,2,6797,24578
dMS9,2,8154,36027
dPR1,2,15845,32908
dorsal_tpGRN,10,1065,21664
hDVM MN,2,4481,12
hDeltaA,12,50360,43585
hDeltaB,19,46924,100030
hDeltaC,20,44208,32806
hDeltaD,8,21258,32075
hDeltaE,8,30389,30323
hDeltaF,8,35910,30351
hDeltaG,8,28991,32378
hDeltaH,8,29199,31518
hDeltaI,17,36955,31654
hDeltaJ,31,37986,36743
hDeltaK,31,26794,10429
hDeltaL,11,36765,38147
hDeltaM,8,25294,27689
hg1 MN,2,34374,257
hg2 MN,2,11440,233
hg3 MN,2,29987,707
hg4 MN,2,29680,187
hi1 MN,2,4468,57
hi2 MN,4,9116,55
hiii2 MN,2,4155,128
i1 MN,2,27585,517
i2 MN,2,34092,292
iii1 MN,2,15570,189
iii3 MN,2,9954,287
il3LN6,2,106658,88067
l-LNv,8,8657,11973
l2LN19,4,4893,9550
l2LN20,5,5125,9057
l2LN21,2,4144,5071
l2LN22,3,4767,7977
l2LN23,4,6265,12251
lLN10,2,5989,13667
lLN12A,10,3622,13029
lLN13,6,2913,9801
lLN14,2,435,935
lLN15,7,2943,13102
lLN1_a,2,15770,20316
lLN1_bc,30,265593,314934
lLN2F_a,4,114016,106900
lLN2F_b,4,163707,166336
lLN2P_a,7,90130,96779
lLN2P_b,12,94623,106434
lLN2P_c,9,78833,79426
lLN2R_a,6,22250,30172
lLN2T_a,5,79533,72832
lLN2T_b,4,104399,68270
lLN2T_c,4,83942,71280
lLN2T_d,4,46904,47867
lLN2T_e,4,50845,54192
lLN2X02,6,27948,30119
lLN2X04,4,61640,55864
lLN2X05,4,45575,44239
lLN2X11,4,40889,55426
lLN2X12,11,78213,95989
lLN8,4,6328,12324
lLN9,6,2100,6711
ltm MN,21,8539,672
ltm1-tibia MN,9,7408,906
ltm2-femur MN,12,10713,1035
mAL4A,4,1911,6774
mAL4B,3,2986,7139
mAL4C,2,1348,4470
mAL4D,2,657,3959
mAL4E,4,1643,5697
mAL4F,6,1586,5777
mAL4G,4,1329,5049
mAL4H,2,3173,11582
mAL4I,4,2736,8834
mAL5A1,2,845,3878
mAL5A2,4,1942,9081
mAL5B,2,747,4550
mAL6,4,5337,19071
mALB1,2,12708,50411
mALB2,2,4420,20907
mALB3,4,4245,31210
mALB4,2,3525,22770
mALB5,2,4630,22864
mALD1,2,15234,61653
mALD3,2,6866,31021
mALD4,2,7973,24255
mAL_m1,12,25302,64392
mAL_m10,2,1802,5939
mAL_m11,2,6604,11654
mAL_m2a,4,6211,13881
mAL_m2b,6,14397,31055
mAL_m3a,3,2402,9384
mAL_m3b,8,6519,19778
mAL_m3c,10,6952,22532
mAL_m4,3,3710,13545
mAL_m5a,6,11846,28268
mAL_m5b,6,13831,30671
mAL_m5c,6,15805,29007
mAL_m6,8,5926,18760
mAL_m7,2,6052,12445
mAL_m8,16,27678,68385
mAL_m9,4,6876,16665
mesVUM-MJ,1,4540,48
oviIN,2,54593,128222
pC1_10a,2,4374,10902
pC1_10b,4,5024,12915
pC1_10c,4,8728,20926
pC1_10d,3,4013,11496
pC1_11a,2,6223,15682
pC1_11b,2,8040,17103
pC1_12a,2,3226,11647
pC1_12b,4,8343,29300
pC1_13a,2,2426,9413
pC1_13b,4,4451,16917
pC1_13c,2,2133,8716
pC1_14a,6,6395,20131
pC1_14b,2,2409,8245
pC1_15a,2,2566,8487
pC1_15b,2,3618,8029
pC1_15c,3,5470,11815
pC1_16a,5,7445,20578
pC1_16b,8,9477,28411
pC1_17a,3,3861,13729
pC1_17b,5,5465,12444
pC1_18a,2,3248,15386
pC1_18b,4,14721,34322
pC1_19,7,2710,10235
pC1_1a,7,8663,27428
pC1_1b,2,3897,8728
pC1_2a,4,6901,16978
pC1_2a/2b,1,1416,4094
pC1_2b,2,2844,9789
pC1_2c,2,3460,11703
pC1_3a,2,5491,15163
pC1_3b,2,5077,15955
pC1_3c,4,7453,23178
pC1_4a,6,15479,33773
pC1_4b,2,5177,15861
pC1_5a,2,2240,5505
pC1_5b,4,3600,11488
pC1_6a,6,5386,15744
pC1_6b,2,2264,6627
pC1_7a,4,4560,22567
pC1_7b,4,5054,19225
pC1_8a,2,1892,7548
pC1_8b,2,2841,8771
pC1_8c,2,2200,8603
pC1_9a,4,6896,20054
pC1_9b,2,2528,8651
pC1x_a,2,6682,24466
pC1x_b,2,11340,26469
pC1x_c,2,8243,32906
pC1x_d,2,10933,34916
pIP1,2,44429,87956
pIP10,2,22371,29848
pMP2,2,17398,26587
ps1 MN,2,33893,332
ps2 MN,2,16764,170
s-LNv,8,1750,5440
tp1 MN,2,17366,115
tp2 MN,2,19155,143
tpn MN,2,18520,109
v2LN30,2,44388,83799
v2LN31,2,6252,7382
v2LN32,2,1006,5734
v2LN33,4,8976,9025
v2LN34A,7,4690,12863
v2LN34B,3,948,2807
v2LN34C,2,2351,5335
v2LN34D,8,4643,7982
v2LN34E,7,2346,9770
v2LN34F,4,2962,8785
v2LN36,2,17269,18894
v2LN37,2,7813,19025
v2LN38,4,5322,8949
v2LN39a,4,987,6663
v2LN3A,4,9008,15256
v2LN3A1_a,2,2118,4756
v2LN3A1_b,9,15431,26719
v2LN4,6,5173,21258
v2LN40_2,4,8411,5347
v2LN41,4,2208,10328
v2LN42,7,6472,10171
v2LN46,10,4196,8536
v2LN47,5,2529,3144
v2LN49,4,2173,4901
v2LN5,3,8064,12436
v2LN50,7,3387,10081
v2LNX01,2,718,3734
vCal1,2,13332,17867
vCal2,2,9984,16061
vCal3,2,19297,32689
vDeltaA_a,70,15467,23444
vDeltaA_b,31,5903,11882
vDeltaB,31,9886,14181
vDeltaC,27,14459,13194
vDeltaD,21,14441,12175
vDeltaE,18,14583,12466
vDeltaF,18,14801,13741
vDeltaG,18,13403,13905
vDeltaH,9,6399,6187
vDeltaI_a,17,11857,11654
vDeltaI_b,20,11269,8724
vDeltaJ,11,5309,4200
vDeltaK,47,16542,14769
vDeltaL,37,12341,9606
vDeltaM,55,13711,16071
vLN24,4,14847,22032
vLN25,4,23861,16492
vLN26,2,1743,17072
vLN27,2,3013,6452
vLN28,2,3851,3731
vLN29,2,3404,3545
vMS11,14,12876,40369
vMS12_a,6,12603,17400
vMS12_b,2,4193,6493
vMS12_c,4,7236,10417
vMS12_d,4,6014,11056
vMS12_e,2,2359,3996
vMS13,2,891,12013
vMS16,2,2320,9114
vMS17,2,2170,10088
vPR6,8,13977,16875
vPR9_a,4,8993,12036
vPR9_b,2,3617,10684
vPR9_c,3,7558,13426
vpoEN,4,10240,21464
vpoIN,5,4277,14891
w-cHIN,14,55226,3993
