bodyId,type,instance,somaSide,nt
10043,ER5,ER5_L,L,gaba
10099,ExR6,ExR6_R,R,glutamate
10324,ExR1,ExR1_R,R,acetylcholine
10396,FB2F_a,FB2F_a_L,L,glutamate
10453,FB6A_a,FB6A_a_L,L,glutamate
10513,Delta7,Delta7(PB15)_L3R6_R,R,glutamate
10514,FB6A_c,FB6A_c_R,R,glutamate
10537,LNO2,LNO2_R,R,glutamate
10539,EPG,EPG(PB08)_R2,R,acetylcholine
10568,FB4L,FB4L_R,R,dopamine
10624,ExR5,ExR5_R,R,glutamate
10744,FB5A,FB5A_R,R,gaba
10817,PFNv,PFNv(PB05)_L4_C3,L,acetylcholine
10969,ExR4,ExR4_L,L,glutamate
11053,LPsP,LPsP(PB13)_L,L,acetylcholine
11083,FB6C_b,FB6C_b_R,R,glutamate
11184,Delta7,Delta7(PB15)_L1L9R8_R,R,glutamate
11197,FB6I,FB6I_L,L,glutamate
11255,FB1C,FB1C_L,L,dopamine
11307,EPG,EPG(PB08)_L4,L,acetylcholine
11326,ExR5,ExR5_R,R,glutamate
11340,ExR7,ExR7_R,R,acetylcholine
11433,ExR1,ExR1_L,L,acetylcholine
11497,LNO2,LNO2_L,L,glutamate
11503,EPG,EPG(PB08)_R8,R,acetylcholine
11512,hDeltaB,hDeltaB_08_C7,L,acetylcholine
11516,LCNOpm,LCNOpm(LAL-NO3pm)_L,L,glutamate
11557,PFL2,PFL2(PB12b)_L3_C7,L,acetylcholine
11605,ER5,ER5_R,R,gaba
11673,PFL2,PFL2(PB12b)_R4_C2,R,acetylcholine
11745,PFL1,PFL1(PB12a)_L1_C8_irreg,R,acetylcholine
11786,PFL1,PFL1(PB12a)_L6_C7,L,acetylcholine
11874,EPG,EPG(PB08)_L7,L,acetylcholine
11886,ExR1,ExR1_R,R,acetylcholine
11933,ER2_c,ER2_c_R,R,gaba
11987,EPG,EPG(PB08)_R5,R,acetylcholine
11989,EPG,EPG(PB08)_L5,L,acetylcholine
11994,FB5L,FB5L_R,R,glutamate
12059,ER5,ER5_R,R,gaba
12083,FB4B,FB4B_L,L,glutamate
12104,GLNO,GLNO(LAL-NO1)_L,L,unclear
12106,FB1G,FB1G_R,R,acetylcholine
12221,FB5A,FB5A_L,L,gaba
12248,FB6A_a,FB6A_a_R,R,glutamate
12311,FB5D,FB5D_R,R,glutamate
12333,FB4M,FB4M(PPM3-FB3/4-NO-DAN)_R,R,dopamine
12357,ER2_c,ER2_c_L,L,gaba
12358,PEN_a(PEN1),PEN_a(PB06a)_L3,L,acetylcholine
12359,LCNOpm,LCNOpm(LAL-NO3pm)_R,R,glutamate
12449,EPG,EPG(PB08)_L5,L,acetylcholine
12506,ExR6,ExR6_L,L,glutamate
12656,ExR1,ExR1_L,L,acetylcholine
12674,FB6C_a,FB6C_a_R,R,glutamate
12706,ExR3,ExR3_L,L,serotonin
12763,FB4K,FB4K_L,L,glutamate
12797,ER4m,ER4m_R,R,gaba
12802,FB4B,FB4B_R,R,glutamate
12844,FB3A,FB3A_L,L,glutamate
13031,PFL2,PFL2(PB12b)_R3_C3,R,acetylcholine
13033,FB5AB,FB5AB_L,L,acetylcholine
13058,FB1G,FB1G_L,L,acetylcholine
13094,ER4d,ER4d_R,R,gaba
13101,FB5AB,FB5AB_R,R,acetylcholine
13142,FB5A,FB5A_R,R,gaba
13217,EPG,EPG(PB08)_L8,L,acetylcholine
13316,FB5L,FB5L_L,L,glutamate
13392,hDeltaH,hDeltaH_14_C8,L,acetylcholine
13395,ER4m,ER4m_R,R,gaba
13411,FB8B,FB8B_L,L,glutamate
13417,hDeltaB,hDeltaB_03_C3,R,acetylcholine
13418,FB6D,FB6D_R,R,glutamate
13434,ER4m,ER4m_R,R,gaba
13490,PFL2,PFL2(PB12b)_L1_C5,L,acetylcholine
13559,FB4Y,FB4Y_L,L,serotonin
13650,FB4F_c,FB4F_c_L,L,glutamate
13732,hDeltaI,hDeltaI_07_C6,R,acetylcholine
13862,FB2I_a,FB2I_a_L,L,glutamate
13892,PFR_b,PFR_b(PB11b)_R1_C1_irreg,R,acetylcholine
13893,FB3C,FB3C_R,R,gaba
13902,FB2I_a,FB2I_a_L,L,glutamate
13914,hDeltaK,hDeltaK_07_C6c,R,acetylcholine
13985,ER4m,ER4m_L,L,gaba
13999,ER3w_c,ER3w_c_R,R,gaba
14120,FB2D,FB2D_R,R,glutamate
14222,FB7A,FB7A_R,R,glutamate
14284,ER5,ER5_R,R,gaba
14308,ER4m,ER4m_L,L,gaba
14420,FB4X,FB4X_R,R,glutamate
14434,FB4Y,FB4Y_R,R,serotonin
14464,ER6,ER6_L,L,gaba
14482,ER4m,ER4m_R,R,gaba
14507,EPG,EPG(PB08)_R7,R,acetylcholine
14509,Delta7,Delta7(PB15)_L4R6_R,R,glutamate
14540,FB6H,FB6H_R,R,unclear
14552,EL,EL_L,L,octopamine
14631,PFNp_c,PFNp_c,L,acetylcholine
14663,PFL1,PFL1(PB12a)_R7_C1,R,acetylcholine
14677,FB5I,FB5I_L,L,glutamate
14703,FB8F_a,FB8F_a_L,L,glutamate
14727,EPG,EPG(PB08)_L7,L,acetylcholine
14729,PFL2,PFL2(PB12b)_R1_C5,R,acetylcholine
14806,Delta7,Delta7(PB15)_L8R1R9_L,L,glutamate
14816,Delta7,Delta7(PB15)_L6R4_L,L,glutamate
14871,EL,EL_R,R,octopamine
14881,GLNO,GLNO(LAL-NO1)_R,R,unclear
14963,ER5,ER5_L,L,gaba
14975,hDeltaC,hDeltaC_01_C1,R,acetylcholine
15129,FB1I,FB1I_L,L,glutamate
15176,PEN_b(PEN2),PEN_b(PB06b)_R8,R,acetylcholine
15210,PFL3,PFL3(PB12c)_R2_C1_irreg,L,acetylcholine
15325,FB4C,FB4C_L,L,glutamate
15398,Delta7,Delta7(PB15)_L4R5_R,R,glutamate
15399,Delta7,Delta7(PB15)_L1L9R8_R,R,glutamate
15409,Delta7,Delta7(PB15)_L8R1R9_L,L,glutamate
15444,ER2_d,ER2_d_L,L,gaba
15458,ExR8,ExR8_L,L,acetylcholine
15495,Delta7,Delta7(PB15)_L3R6_R,R,glutamate
15616,EPG,EPG(PB08)_R3,R,acetylcholine
15654,Delta7,Delta7(PB15)_L8R1R9_L,L,glutamate
15674,LNOa,LNOa(LAL-NO3a)_L,L,glutamate
15713,EPG,EPG(PB08)_L6,L,acetylcholine
15768,FB3A,FB3A_R,R,glutamate
15837,Delta7,Delta7(PB15)_L1L9R8_R,R,glutamate
15839,Delta7,Delta7(PB15)_L1L9R8_R,R,glutamate
15851,Delta7,Delta7(PB15)_L6R4_L,L,glutamate
15888,FB4M,FB4M(PPM3-FB3/4-NO-DAN)_R,R,dopamine
15904,Delta7,Delta7(PB15)_L4R5_R,R,glutamate
15919,FB3A,FB3A_L,L,glutamate
15924,FB4G,FB4G_L,L,glutamate
15929,FB5AA,FB5AA_L,L,glutamate
15967,PFNa,PFNa(PB03)_R9_C1,R,acetylcholine
16008,PEG,PEG(PB07)_R1,R,acetylcholine
16100,FB6O,FB6O_L,L,glutamate
16110,Delta7,Delta7(PB15)_L3R6_R,R,glutamate
16158,hDeltaH,hDeltaH_12_C7,L,acetylcholine
16180,Delta7,Delta7(PB15)_L3R6_R,R,glutamate
16214,PFR_b,PFR_b(PB11b)_R6_C3,R,acetylcholine
16234,Delta7,Delta7(PB15)_L1L9R8_R,R,glutamate
16292,FB6E,FB6E_R,R,glutamate
16303,PFR_a,PFR_a(PB11a)_L6_C6,L,unclear
16315,FB6F,FB6F_L,L,glutamate
16343,ER4d,ER4d_R,R,gaba
16360,EPG,EPG(PB08)_L6,L,acetylcholine
16412,Delta7,Delta7(PB15)_L7R2_L,L,glutamate
16430,FB5H,FB5H_L,L,dopamine
16440,ER4m,ER4m_L,L,gaba
16476,Delta7,Delta7(PB15)_L7R2_L,L,glutamate
16540,Delta7,Delta7(PB15)_L2R7_R,R,glutamate
16553,Delta7,Delta7(PB15)_L5R4_L,L,glutamate
16598,ER3w_b,ER3w_b_R,R,gaba
16800,PFGs,PFGs(PB10)_L4_C4,L,unclear
16818,ER4d,ER4d_R,R,gaba
16869,Delta7,Delta7(PB15)_L7R3_L,L,glutamate
16908,FB4O,FB4O_R,R,glutamate
16973,FB2G_b,FB2G_b_R,R,glutamate
17000,PFL3,PFL3(PB12c)_L1_C3,L,acetylcholine
17016,LNO1,LNO1_R,R,gaba
17024,Delta7,Delta7(PB15)_L5R4_L,L,glutamate
17061,FB4L,FB4L_L,L,dopamine
17078,ER5,ER5_R,R,gaba
17143,Delta7,Delta7(PB15)_L2R7_R,R,glutamate
17171,ER5,ER5_R,R,gaba
17286,PFL3,PFL3(PB12c)_R1_C2_irreg,L,acetylcholine
17290,PFL3,PFL3(PB12c)_L6_C8,L,acetylcholine
17379,Delta7,Delta7(PB15)_L4R5_R,R,glutamate
17402,ER4m,ER4m_L,L,gaba
17419,ER6,ER6_R,R,gaba
17454,PEN_a(PEN1),PEN_a(PB06a)_L4,L,acetylcholine
17480,FB2D,FB2D_L,L,glutamate
17552,FB7A,FB7A_R,R,glutamate
17561,ER3m,ER3m_R,R,gaba
17591,ER4d,ER4d_R,R,gaba
17602,hDeltaL,hDeltaL_14_C12,L,acetylcholine
17679,ER2_d,ER2_d_R,R,gaba
17720,FB2B_b,FB2B_b_R,R,glutamate
17728,hDeltaC,hDeltaC_14_C12,L,acetylcholine
17738,FB2H_b,FB2H_b_R,R,glutamate
17749,FB2L,FB2L_L,L,glutamate
17753,Delta7,Delta7(PB15)_L7R3_L,L,glutamate
17759,FB5N,FB5N_R,R,glutamate
17763,FB6B,FB6B_L,L,glutamate
17780,hDeltaJ,hDeltaJ_04_C4,R,acetylcholine
17801,hDeltaA,hDeltaA_01_C1,R,acetylcholine
17804,Delta7,Delta7(PB15)_L7R2_L,L,glutamate
17816,hDeltaB,hDeltaB_01_C1,R,acetylcholine
17820,hDeltaB,hDeltaB_02_C2,R,acetylcholine
17874,hDeltaM,hDeltaM_C8,L,acetylcholine
17991,hDeltaA,hDeltaA_13_C11,L,acetylcholine
18030,vDeltaI_b,vDeltaI_b_C8,R,acetylcholine
18058,ER2_b,ER2_b_L,L,gaba
18065,FB6C_b,FB6C_b_R,R,glutamate
18113,FB6N,FB6N_L,L,glutamate
18156,ExR2,ExR2_L,L,dopamine
18178,FB2I_a,FB2I_a_L,L,glutamate
18221,FB2B_a,FB2B_a_R,R,unclear
18327,PFL3,PFL3(PB12c)_R2_C6,R,acetylcholine
18377,ER3w_b,ER3w_b_L,L,gaba
18419,PEN_a(PEN1),PEN_a(PB06a)_L7,L,acetylcholine
18422,FB6C_b,FB6C_b_L,L,glutamate
18437,FR1,FR1(FQ4)_C5_L,L,acetylcholine
18482,hDeltaD,hDeltaD_10_C6,L,acetylcholine
18504,PEN_a(PEN1),PEN_a(PB06a)_R7,R,acetylcholine
18508,ER2_c,ER2_c_L,L,gaba
18586,PFR_a,PFR_a(PB11a)_L4_C4,L,unclear
18625,PFL1,PFL1(PB12a)_R3_C6,R,acetylcholine
18633,ER5,ER5_L,L,gaba
18639,Delta7,Delta7(PB15)_L7R2_L,L,glutamate
18664,ER2_c,ER2_c_R,R,gaba
18666,FB4P_b,FB4P_b_L,L,glutamate
18670,PFR_b,PFR_b(PB11b)_R7_C2,R,acetylcholine
18733,ER2_c,ER2_c_L,L,gaba
18744,PEN_a(PEN1),PEN_a(PB06a)_L5,L,acetylcholine
18779,PEN_a(PEN1),PEN_a(PB06a)_R8,R,acetylcholine
18803,PFL3,PFL3(PB12c)_R1_C7,R,acetylcholine
18823,Delta7,Delta7(PB15)_L4R5_R,R,glutamate
18851,PFL3,PFL3(PB12c)_L1_C8_irreg,R,acetylcholine
18899,FB6G,FB6G_R,R,glutamate
18932,PEN_b(PEN2),PEN_b(PB06b)_R2,R,acetylcholine
18982,FB2D,FB2D_R,R,glutamate
19009,PFL3,PFL3(PB12c)_L2_C9_irreg,R,acetylcholine
19011,IbSpsP,IbSpsP(PB17)_L7,L,acetylcholine
19072,ER5,ER5_R,R,gaba
19100,hDeltaB,hDeltaB_10_C8,L,acetylcholine
19125,EPG,EPG(PB08)_R5,R,acetylcholine
19169,ER3m,ER3m_L,L,gaba
19189,PEN_a(PEN1),PEN_a(PB06a)_L2,L,acetylcholine
19238,FB7A,FB7A_R,R,glutamate
19266,FB4R,FB4R_L,L,glutamate
19269,PFL1,PFL1(PB12a)_R5_C4,R,acetylcholine
19323,ER4d,ER4d_R,R,gaba
19337,FB2I_a,FB2I_a_R,R,glutamate
19355,ER2_c,ER2_c_R,R,gaba
19367,PFGs,PFGs(PB10)_R2_C8,R,unclear
19373,FB4P_c,FB4P_c_R,R,glutamate
19410,ER4d,ER4d_L,L,gaba
19425,ER2_c,ER2_c_R,R,gaba
19443,PFR_a,PFR_a(PB11a)_R7_C3,R,unclear
19460,FB4P_c,FB4P_c_L,L,glutamate
19564,PFGs,PFGs(PB10)_R6_C4,R,unclear
19569,ER2_c,ER2_c_R,R,gaba
19602,hDeltaB,hDeltaB_05_C5,R,acetylcholine
19700,FB2I_a,FB2I_a_R,R,glutamate
19715,PFL2,PFL2(PB12b)_L4_C8,L,acetylcholine
19737,ER4d,ER4d_R,R,gaba
19760,PEN_b(PEN2),PEN_b(PB06b)_L8,L,acetylcholine
19791,ER4d,ER4d_L,L,gaba
19798,hDeltaG,hDeltaG_14_C8,L,acetylcholine
19807,ER2_c,ER2_c_L,L,gaba
19825,EPG,EPG(PB08)_R6,R,acetylcholine
19900,ER2_c,ER2_c_L,L,gaba
19917,ER2_c,ER2_c_R,R,gaba
19935,ER2_c,ER2_c_R,R,gaba
19974,FB2I_a,FB2I_a_R,R,glutamate
20007,PEG,PEG(PB07)_R8,R,acetylcholine
20026,ER5,ER5_L,L,gaba
20070,FR2,FR2_C2_L,L,acetylcholine
20231,hDeltaC,hDeltaC_10_C8,L,acetylcholine
20233,ExR7,ExR7_L,L,acetylcholine
20253,ER2_a,ER2_a_R,R,gaba
20279,PFL1,PFL1(PB12a)_R2_C7,R,acetylcholine
20317,ER2_c,ER2_c_L,L,gaba
20331,FB6B,FB6B_R,R,glutamate
20339,PFNm_b,PFNm_b_R9_C1,R,acetylcholine
20385,ER3a_a,ER3a_a_L,L,gaba
20404,ER4d,ER4d_L,L,gaba
20478,FB1D,FB1D_R,R,glutamate
20514,ER3d_d,ER3d_d_L,L,gaba
20520,hDeltaB,hDeltaB_11_C9,L,acetylcholine
20559,ER2_a,ER2_a_L,L,gaba
20565,hDeltaG,hDeltaG_01_C1,R,acetylcholine
20578,FB1D,FB1D_L,L,glutamate
20590,ER2_a,ER2_a_R,R,gaba
20605,ER2_a,ER2_a_L,L,gaba
20653,ER4d,ER4d_L,L,gaba
20664,ER2_a,ER2_a_R,R,gaba
20678,ER2_d,ER2_d_R,R,gaba
20715,EL,EL_L,L,octopamine
20781,PFGs,PFGs(PB10)_R5_C5,R,unclear
20792,hDeltaL,hDeltaL_08_C7,L,acetylcholine
20818,PEN_a(PEN1),PEN_a(PB06a)_L9,L,acetylcholine
20883,ER2_c,ER2_c_R,R,gaba
20906,FB2F_a,FB2F_a_R,R,glutamate
20925,FB6M,FB6M_R,R,glutamate
20945,ER2_c,ER2_c_R,R,gaba
20951,hDeltaC,hDeltaC_03_C3,R,acetylcholine
20969,hDeltaE,hDeltaE_13_C7,L,acetylcholine
20980,ER4d,ER4d_R,R,gaba
20997,FB2I_a,FB2I_a_L,L,glutamate
21018,hDeltaA,hDeltaA_04_C4,R,acetylcholine
21053,FB5AA,FB5AA_R,R,glutamate
21059,ER2_d,ER2_d_R,R,gaba
21179,ER2_a,ER2_a_R,R,gaba
21204,FB4D_a,FB4D_a_R,R,glutamate
21229,hDeltaD,hDeltaD_14_C8,L,acetylcholine
21277,ER2_a,ER2_a_R,R,gaba
21345,PFNd,PFNd(PB04)_R6_C4,R,acetylcholine
21449,ER2_c,ER2_c_R,R,gaba
21519,FB2A,FB2A_R,R,dopamine
21645,ER2_a,ER2_a_L,L,gaba
21664,ER3d_e,ER3d_e_R,R,gaba
21700,FB4R,FB4R_L,L,glutamate
21752,ER2_c,ER2_c_L,L,gaba
21785,FB1D,FB1D_R,R,glutamate
21882,ER2_a,ER2_a_L,L,gaba
21911,FB2D,FB2D_R,R,glutamate
21932,PEN_b(PEN2),PEN_b(PB06b)_L2,L,acetylcholine
22001,ER5,ER5_L,L,gaba
22083,FB4K,FB4K_L,L,glutamate
22084,EL,EL_L,L,octopamine
22086,hDeltaB,hDeltaB_13_C11,L,acetylcholine
22103,FB7H,FB7H_L,L,glutamate
22240,PEN_b(PEN2),PEN_b(PB06b)_R5,R,acetylcholine
22291,FB6V,FB6V_R,R,glutamate
22302,hDeltaM,hDeltaM_C3,R,acetylcholine
22343,FB2G_b,FB2G_b_R,R,glutamate
22446,hDeltaH,hDeltaH_11_C6,L,acetylcholine
22461,ER4d,ER4d_R,R,gaba
22521,FB5N,FB5N_L,L,glutamate
22644,ER3d_a,ER3d_a_R,R,gaba
22657,PFGs,PFGs(PB10)_L9_C9,L,unclear
22683,hDeltaM,hDeltaM_C7,L,acetylcholine
22700,FB4Q_a,FB4Q_a_R,R,glutamate
22721,FB2I_b,FB2I_b_R,R,glutamate
22766,FB6Z,FB6Z_L,L,glutamate
22835,PFNd,PFNd(PB04)_R9_C1,R,acetylcholine
22838,hDeltaH,hDeltaH_01_C1,R,acetylcholine
22844,FB8I,FB8I_L,L,glutamate
22884,ExR5,ExR5_L,L,glutamate
22923,hDeltaM,hDeltaM_C1,R,acetylcholine
23071,hDeltaE,hDeltaE_14_C8,L,acetylcholine
23080,ER4d,ER4d_R,R,gaba
23083,hDeltaK,hDeltaK_04_C4,R,acetylcholine
23090,hDeltaB,hDeltaB_04_C4,R,acetylcholine
23097,ER2_a,ER2_a_L,L,gaba
23159,PFL3,PFL3(PB12c)_R4_C4,R,acetylcholine
23163,ER3a_a,ER3a_a_R,R,gaba
23180,PFGs,PFGs(PB10)_L3_C3,L,unclear
23197,ER4d,ER4d_L,L,gaba
23231,hDeltaC,hDeltaC_04_C4,R,acetylcholine
23232,FB4D_c,FB4D_c_L,L,glutamate
23273,PEN_b(PEN2),PEN_b(PB06b)_L3,L,acetylcholine
23281,ExR5,ExR5_L,L,glutamate
23315,ER4d,ER4d_L,L,gaba
23325,GLNO,GLNO(LAL-NO1)_L,L,unclear
23359,hDeltaK,hDeltaK_12_C10,L,acetylcholine
23381,hDeltaD,hDeltaD_02_C2,R,acetylcholine
23419,FB3C,FB3C_L,L,gaba
23461,PFNa,PFNa(PB03)_R7_C4,R,acetylcholine
23473,FB5V_a,FB5V_a_R,R,glutamate
23520,ER4d,ER4d_L,L,gaba
23565,FB2E,FB2E_R,R,glutamate
23596,FB7I,FB7I_R,R,glutamate
23601,FB4Y,FB4Y_R,R,serotonin
23619,PEN_b(PEN2),PEN_b(PB06b)_R9,R,acetylcholine
23630,hDeltaC,hDeltaC_14_C12,L,acetylcholine
23643,FC3_c,FC3_c_C5_R,R,acetylcholine
23703,ER1_b,ER1_b_R,R,gaba
23779,PFGs,PFGs(PB10)_R9_C1,R,unclear
23800,FB6M,FB6M_R,R,glutamate
23812,FB4F_a,FB4F_a_L,L,glutamate
23846,FB4N,FB4N_R,R,glutamate
23858,hDeltaK,hDeltaK_14_C12a,L,acetylcholine
23859,ER3a_d,ER3a_d_R,R,gaba
23874,ER4d,ER4d_R,R,gaba
23986,hDeltaD,hDeltaD_13_C7,L,acetylcholine
24051,FB1J,FB1J_L,L,glutamate
24076,ER4d,ER4d_R,R,gaba
24088,FB4D_c,FB4D_c_R,R,glutamate
24093,ER3w_a,ER3w_a_R,R,gaba
24122,ER4d,ER4d_R,R,gaba
24153,hDeltaK,hDeltaK_05_C5,R,acetylcholine
24291,FB4O,FB4O_L,L,glutamate
24314,hDeltaK,hDeltaK_01_C1a,R,acetylcholine
24380,FB1D,FB1D_L,L,glutamate
24382,PEN_b(PEN2),PEN_b(PB06b)_R3,R,acetylcholine
24387,hDeltaF,hDeltaF_10_C5b,L,acetylcholine
24399,LNO1,LNO1_L,L,gaba
24436,FB5Y_a,FB5Y_a_L,L,glutamate
24459,ER4d,ER4d_L,L,gaba
24549,ER3w_c,ER3w_c_L,L,gaba
24567,FB7A,FB7A_L,L,glutamate
24671,hDeltaK,hDeltaK_01_C1b,R,acetylcholine
24683,PFNv,PFNv(PB05)_L5_C4,L,acetylcholine
24821,FB5Y_b,FB5Y_b_L,L,glutamate
24879,ER4d,ER4d_L,L,gaba
24933,FB2D,FB2D_L,L,glutamate
24963,hDeltaK,hDeltaK_05_C5,R,acetylcholine
25024,hDeltaK,hDeltaK_08_C7b,L,acetylcholine
25036,hDeltaK,hDeltaK_01_C1b,R,acetylcholine
25045,FR1,FR1(FQ4)_C3_L,L,acetylcholine
25131,FB2M_a,FB2M_a_L,L,glutamate
25137,hDeltaK,hDeltaK_08_C7c,L,acetylcholine
25176,hDeltaK,hDeltaK_02_C2,R,acetylcholine
25184,PEN_b(PEN2),PEN_b(PB06b)_L4,L,acetylcholine
25194,PFNa,PFNa(PB03)_L6_C5,L,acetylcholine
25203,ER3w_c,ER3w_c_L,L,gaba
25210,hDeltaH,hDeltaH_08_C5,L,acetylcholine
25297,ER3w_a,ER3w_a_R,R,gaba
25318,FB5C,FB5C_L,L,glutamate
25328,FB4F_b,FB4F_b_L,L,glutamate
25329,ER3d_c,ER3d_c_L,L,gaba
25334,FB6Z,FB6Z_R,R,glutamate
25359,ER3p_a,ER3p_a_R,R,gaba
25371,FB6G,FB6G_L,L,glutamate
25447,ER3w_c,ER3w_c_R,R,gaba
25494,ER3d_e,ER3d_e_L,L,gaba
25501,ER3w_b,ER3w_b_L,L,gaba
25509,FB2J_b,FB2J_b_L,L,glutamate
25529,FB2A,FB2A_L,L,dopamine
25530,FB2F_a,FB2F_a_R,R,glutamate
25549,PFR_b,PFR_b(PB11b)_R4_C5,R,acetylcholine
25554,FB4F_c,FB4F_c_R,R,glutamate
25709,ER2_c,ER2_c_L,L,gaba
25713,FB5K,FB5K_L,L,glutamate
25763,FB5N,FB5N_R,R,glutamate
25773,PFNv,PFNv(PB05)_L8_C7,L,acetylcholine
25792,PEN_a(PEN1),PEN_a(PB06a)_R4,R,acetylcholine
25797,ER4d,ER4d_L,L,gaba
25808,hDeltaC,hDeltaC_04_C4,R,acetylcholine
25841,ER3w_b,ER3w_b_L,L,gaba
25939,GLNO,GLNO(LAL-NO1)_R,R,unclear
25948,FB7L,FB7L_L,L,glutamate
25982,PFNd,PFNd(PB04)_L2_C1,L,acetylcholine
26038,PFL3,PFL3(PB12c)_L5_C7,L,acetylcholine
26064,hDeltaK,hDeltaK_04_C4,R,acetylcholine
26065,FB4R,FB4R_L,L,glutamate
26136,ER2_b,ER2_b_R,R,gaba
26242,hDeltaK,hDeltaK_02_C2,R,acetylcholine
26287,FB4C,FB4C_R,R,glutamate
26295,ER3m,ER3m_R,R,gaba
26316,FB3E,FB3E_R,R,gaba
26417,PEN_b(PEN2),PEN_b(PB06b)_L9,L,acetylcholine
26429,hDeltaK,hDeltaK_07_C6b,R,acetylcholine
26439,hDeltaF,hDeltaF_14_C6,L,acetylcholine
26443,PEG,PEG(PB07)_R5,R,acetylcholine
26488,PFL3,PFL3(PB12c)_R5_C3,R,acetylcholine
26665,FB4H,FB4H_L,L,glutamate
26666,FB5N,FB5N_L,L,glutamate
26673,ER3w_b,ER3w_b_L,L,gaba
26718,FB4F_c,FB4F_c_L,L,glutamate
26739,PFNd,PFNd(PB04)_R7_C3,R,acetylcholine
26794,FB2F_b,FB2F_b_R,R,glutamate
26798,ER1_a,ER1_a_L,L,gaba
26841,ER3a_a,ER3a_a_L,L,gaba
26843,ER3w_b,ER3w_b_R,R,gaba
26913,PFNd,PFNd(PB04)_R2_C8,R,acetylcholine
26939,ER3m,ER3m_R,R,gaba
26962,hDeltaJ,hDeltaJ_01_C1a,R,acetylcholine
27013,ER3m,ER3m_L,L,gaba
27043,ER3w_c,ER3w_c_R,R,gaba
27052,ER3d_d,ER3d_d_R,R,gaba
27106,hDeltaK,hDeltaK_03_C3,R,acetylcholine
27109,hDeltaB,hDeltaB_06_C6,R,acetylcholine
27119,FB4I,FB4I_L,L,glutamate
27133,hDeltaK,hDeltaK_03_C3,R,acetylcholine
27179,PFNv,PFNv(PB05)_L2_C1,L,acetylcholine
27191,PFNv,PFNv(PB05)_L9_C9,L,acetylcholine
27195,hDeltaM,hDeltaM_C2,R,acetylcholine
27210,FB4D_a,FB4D_a_L,L,glutamate
27213,PFNd,PFNd(PB04)_L7_C6,L,acetylcholine
27246,ER3d_d,ER3d_d_R,R,gaba
27269,ER3d_c,ER3d_c_L,L,gaba
27296,PEN_a(PEN1),PEN_a(PB06a)_R6,R,acetylcholine
27326,hDeltaJ,hDeltaJ_14_C12a,L,acetylcholine
27348,ER3m,ER3m_L,L,gaba
27422,FB5Y_a,FB5Y_a_R,R,glutamate
27425,hDeltaK,hDeltaK_13_C11,L,acetylcholine
27430,FB6U,FB6U_L,L,glutamate
27454,ER3d_c,ER3d_c_R,R,gaba
27460,PFNd,PFNd(PB04)_R5_C5,R,acetylcholine
27492,PFL2,PFL2(PB12b)_L3_C7,L,acetylcholine
27502,FC1E,FC1E_C4_L,L,acetylcholine
27618,PFNd,PFNd(PB04)_L3_C2,L,acetylcholine
27655,hDeltaJ,hDeltaJ_09_C7b,L,acetylcholine
27698,FB7B,FB7B_R,R,unclear
27736,FB2H_a,FB2H_a_L,L,glutamate
27761,FB2L,FB2L_L,L,glutamate
27770,ER3w_b,ER3w_b_R,R,gaba
27806,ER3p_a,ER3p_a_R,R,gaba
27850,ER3w_b,ER3w_b_R,R,gaba
27864,FB2J_c,FB2J_c_R,R,glutamate
27903,ER3d_d,ER3d_d_L,L,gaba
27926,hDeltaJ,hDeltaJ_14_C12b,L,acetylcholine
27985,PFNp_c,PFNp_c,L,acetylcholine
28074,hDeltaJ,hDeltaJ_04_C4,R,acetylcholine
28146,PFR_a,PFR_a(PB11a)_L7_C7,L,unclear
28190,PFNv,PFNv(PB05)_R5_C6,R,acetylcholine
28248,PFGs,PFGs(PB10)_R3_C7,R,unclear
28254,PFNv,PFNv(PB05)_R2_C9,R,acetylcholine
28258,hDeltaG,hDeltaG_07_C4,R,acetylcholine
28286,FB4O,FB4O_R,R,glutamate
28339,ER4d,ER4d_R,R,gaba
28346,FB1E_b,FB1E_b_L,L,glutamate
28364,FB5I,FB5I_R,R,glutamate
28418,hDeltaL,hDeltaL_01_C1,R,acetylcholine
28421,FB8H,FB8H_L,L,glutamate
28430,ER3m,ER3m_L,L,gaba
28468,FB8H,FB8H_L,L,glutamate
28559,PFNv,PFNv(PB05)_R8_C3,R,acetylcholine
28582,hDeltaE,hDeltaE_02_C2,R,acetylcholine
28619,FB2E,FB2E_L,L,glutamate
28627,ER3m,ER3m_L,L,gaba
28701,ER3d_b,ER3d_b_R,R,gaba
28767,PFGs,PFGs(PB10)_R8_C2,R,unclear
28782,hDeltaK,hDeltaK_10_C8,L,acetylcholine
28791,PEN_b(PEN2),PEN_b(PB06b)_R4,R,acetylcholine
29016,FB1B,FB1B_L,L,glutamate
29044,PFNa,PFNa(PB03)_R5_C6,R,acetylcholine
29046,ER3d_b,ER3d_b_R,R,gaba
29111,FB1E_b,FB1E_b_R,R,glutamate
29135,PEN_b(PEN2),PEN_b(PB06b)_R6,R,acetylcholine
29152,FB4Q_a,FB4Q_a_L,L,glutamate
29177,ER3d_b,ER3d_b_R,R,gaba
29261,PFNd,PFNd(PB04)_L6_C5,L,acetylcholine
29270,FB1A,FB1A_L,L,glutamate
29291,FB2M_b,FB2M_b_R,R,glutamate
29403,PFNa,PFNa(PB03)_L9_C9,L,acetylcholine
29493,PFNv,PFNv(PB05)_R7_C3,R,acetylcholine
29537,FB2B_a,FB2B_a_R,R,unclear
29545,ER3w_b,ER3w_b_R,R,gaba
29582,FB5C,FB5C_R,R,glutamate
29648,hDeltaK,hDeltaK_11_C9,L,acetylcholine
29674,FC2A,FC2A_C2_L,L,acetylcholine
29701,hDeltaJ,hDeltaJ_01_C1b,R,acetylcholine
29711,ER3a_b,ER3a_b_L,L,gaba
29713,EL,EL_R,R,octopamine
29791,ER3d_b,ER3d_b_L,L,gaba
29836,PFL3,PFL3(PB12c)_L4_C6,L,acetylcholine
29842,ER3m,ER3m_R,R,gaba
29978,FB7L,FB7L_R,R,glutamate
30068,hDeltaA,hDeltaA_10_C8,L,acetylcholine
30122,hDeltaF,hDeltaF_01_C1,R,acetylcholine
30171,ER3a_a,ER3a_a_R,R,gaba
30178,ER3d_b,ER3d_b_R,R,gaba
30181,PFR_b,PFR_b(PB11b)_L7_C8,L,acetylcholine
30190,vDeltaI_a,vDeltaI_a_C2,L,acetylcholine
30206,ER5,ER5_R,R,gaba
30225,FB5Y_b,FB5Y_b_R,R,glutamate
30234,PFNd,PFNd(PB04)_L5_C4,L,acetylcholine
30256,FB1E_a,FB1E_a_L,L,glutamate
30264,FB8H,FB8H_R,R,glutamate
30310,PEN_b(PEN2),PEN_b(PB06b)_R4,R,acetylcholine
30313,PFNv,PFNv(PB05)_L7_C7,L,acetylcholine
30329,hDeltaM,hDeltaM_C6,L,acetylcholine
30341,FB8B,FB8B_L,L,glutamate
30371,ER1_a,ER1_a_R,R,gaba
30405,FB3C,FB3C_L,L,gaba
30443,ER3a_c,ER3a_c_R,R,gaba
30522,ER3d_b,ER3d_b_R,R,gaba
30541,FB2D,FB2D_L,L,glutamate
30592,ER3d_b,ER3d_b_R,R,gaba
30602,FB8H,FB8H_R,R,glutamate
30653,PFGs,PFGs(PB10)_R4_C6,R,unclear
30674,ER3d_b,ER3d_b_R,R,gaba
30773,FB2E,FB2E_R,R,glutamate
30781,PFNd,PFNd(PB04)_R9_C1,R,acetylcholine
30805,hDeltaL,hDeltaL_07_C6,L,acetylcholine
30807,PEN_b(PEN2),PEN_b(PB06b)_L4,L,acetylcholine
30860,FB2I_a,FB2I_a_R,R,glutamate
30927,FB4P_a,FB4P_a_R,R,glutamate
30968,PFNd,PFNd(PB04)_R5_C5,R,acetylcholine
31022,FB6U,FB6U_R,R,glutamate
31051,ER3m,ER3m_R,R,gaba
31073,FB2F_b,FB2F_b_R,R,glutamate
31088,ER3p_a,ER3p_a_R,R,gaba
31121,ER3a_c,ER3a_c_L,L,gaba
31263,ER3d_b,ER3d_b_R,R,gaba
31336,FB2I_a,FB2I_a_L,L,glutamate
31499,FC3_c,FC3_c_C8_L,L,acetylcholine
31541,ER3d_d,ER3d_d_R,R,gaba
31585,FB7J,FB7J_L,L,glutamate
31627,PFR_b,PFR_b(PB11b)_L3_C4,L,acetylcholine
31656,hDeltaB,hDeltaB_11_C9,L,acetylcholine
31681,ER1_a,ER1_a_R,R,gaba
31684,ER3d_a,ER3d_a_R,R,gaba
31713,vDeltaM,vDeltaM_C4,R,acetylcholine
31715,hDeltaE,hDeltaE_01_C1,R,acetylcholine
31735,ER1_a,ER1_a_L,L,gaba
31756,PFNd,PFNd(PB04)_L9_C8,L,acetylcholine
31786,PFR_b,PFR_b(PB11b)_R3_C6,R,acetylcholine
31860,FB6K,FB6K_L,L,glutamate
31911,FB4F_c,FB4F_c_L,L,glutamate
31970,ER3a_d,ER3a_d_L,L,gaba
32051,hDeltaD,hDeltaD_01_C1,R,acetylcholine
32055,FB2H_a,FB2H_a_R,R,glutamate
32122,hDeltaC,hDeltaC_11_C9,L,acetylcholine
32258,PEN_b(PEN2),PEN_b(PB06b)_L9,L,acetylcholine
32300,PFNa,PFNa(PB03)_L5_C4,L,acetylcholine
32315,ER1_a,ER1_a_L,L,gaba
32338,IbSpsP,IbSpsP(PB17)_R5/6,R,acetylcholine
32393,IbSpsP,IbSpsP(PB17)_L8,L,acetylcholine
32432,hDeltaC,hDeltaC_13_C11,L,acetylcholine
32451,PFR_a,PFR_a(PB11a)_L8_C8,L,unclear
32520,PFNa,PFNa(PB03)_L2_C1,L,acetylcholine
32571,FB1E_a,FB1E_a_R,R,glutamate
32675,hDeltaB,hDeltaB_12_C10,L,acetylcholine
32699,FB2J_b,FB2J_b_R,R,glutamate
32718,hDeltaB,hDeltaB_12_C10,L,acetylcholine
32805,FB2B_a,FB2B_a_L,L,unclear
32810,FB2I_b,FB2I_b_L,L,glutamate
32976,FB7E,FB7E_R,R,glutamate
33125,FB2G_a,FB2G_a_R,R,glutamate
33191,FB4A_b,FB4A_b_L,L,glutamate
33204,FB1E_a,FB1E_a_R,R,glutamate
33293,PFR_a,PFR_a(PB11a)_R4_C6,R,unclear
33298,PFR_b,PFR_b(PB11b)_L6_C7,L,acetylcholine
33307,PFNv,PFNv(PB05)_L3_C2,L,acetylcholine
33325,PFNd,PFNd(PB04)_L3_C2,L,acetylcholine
33356,FC2B,FC2B_C2_L,L,acetylcholine
33382,FC2A,FC2A_C8_R,R,acetylcholine
33410,hDeltaC,hDeltaC_09_C7,R,acetylcholine
33552,PFR_a,PFR_a(PB11a)_R8_C2,R,unclear
33589,ER3d_b,ER3d_b_L,L,gaba
33598,PFR_b,PFR_b(PB11b)_R3_C7,R,acetylcholine
33911,ER3a_b,ER3a_b_R,R,gaba
33919,FB5X,FB5X_R,R,glutamate
34011,FB2B_b,FB2B_b_L,L,glutamate
34019,FC1D,FC1D_C2_R,R,acetylcholine
34038,ER3d_b,ER3d_b_L,L,gaba
34085,PFNa,PFNa(PB03)_L7_C6,L,acetylcholine
34106,FB3C,FB3C_R,R,gaba
34188,EL,EL_L,L,octopamine
34203,FC2B,FC2B_C1_R,R,acetylcholine
34226,PFNd,PFNd(PB04)_R3_C7,R,acetylcholine
34239,ER3a_a,ER3a_a_R,R,gaba
34392,SpsP,SpsP(PB16)_L,L,glutamate
34607,ER4d,ER4d_L,L,gaba
34652,ER1_b,ER1_b_L,L,gaba
34737,ER3a_b,ER3a_b_R,R,gaba
34750,hDeltaD,hDeltaD_05_C3,R,acetylcholine
34802,FC1B,FC1B_C8_R,R,acetylcholine
34900,LCNOp,LCNOp_L,L,glutamate
34909,FB4P_a,FB4P_a_L,L,glutamate
34922,ER3a_b,ER3a_b_R,R,gaba
34924,hDeltaB,hDeltaB_04_C4,R,acetylcholine
34949,PEN_a(PEN1),PEN_a(PB06a)_L4,L,acetylcholine
34972,FB8B,FB8B_R,R,glutamate
35013,PFNm_b,PFNm_b_R5_C6,R,acetylcholine
35018,FC1B,FC1B_C9_L,L,acetylcholine
35088,FB3C,FB3C_R,R,gaba
35129,FB2F_a,FB2F_a_R,R,glutamate
35267,FB2M_b,FB2M_b_L,L,glutamate
35277,FC2B,FC2B_C8_R,R,acetylcholine
35293,FB2A,FB2A_L,L,dopamine
35322,PFL3,PFL3(PB12c)_R1_C7,R,acetylcholine
35324,Delta7,Delta7(PB15)_L5R4_L,L,glutamate
35422,FB8H,FB8H_R,R,glutamate
35429,hDeltaJ,hDeltaJ_05_C5,R,acetylcholine
35450,FB4J,FB4J_L,L,glutamate
35461,PFNd,PFNd(PB04)_L7_C6,L,acetylcholine
35545,ER3a_a,ER3a_a_L,L,gaba
35588,SpsP,SpsP(PB16)_L,L,glutamate
35641,ER3d_c,ER3d_c_L,L,gaba
35738,FC1B,FC1B_C2_R,R,acetylcholine
35743,PEN_a(PEN1),PEN_a(PB06a)_R4,R,acetylcholine
35794,PFNd,PFNd(PB04)_R4_C6,R,acetylcholine
35865,PFNa,PFNa(PB03)_L4_C3,L,acetylcholine
35912,PFGs,PFGs(PB10)_L6_C6,L,unclear
35978,ER1_b,ER1_b_L,L,gaba
36059,hDeltaK,hDeltaK_10_C8,L,acetylcholine
36201,FC2A,FC2A_C4_L,L,acetylcholine
36205,hDeltaJ,hDeltaJ_04_C4,R,acetylcholine
36227,FC1A,FC1A_C6_L,L,acetylcholine
36235,ER1_c,ER1_c_L,L,gaba
36327,ER3a_a,ER3a_a_R,R,gaba
36384,ER1_b,ER1_b_R,R,gaba
36423,FB4L,FB4L_R,R,dopamine
36454,PFNa,PFNa(PB03)_R5_C6,R,acetylcholine
36470,FB4J,FB4J_R,R,glutamate
36524,ER2_a,ER2_a_L,L,gaba
36730,ER1_b,ER1_b_L,L,gaba
36785,FB5X,FB5X_L,L,glutamate
36928,ER3a_b,ER3a_b_L,L,gaba
37003,FB2F_d,FB2F_d_L,L,glutamate
37004,FC1C_a,FC1C_a_C8_L,L,acetylcholine
37058,ER1_b,ER1_b_R,R,gaba
37105,ER1_b,ER1_b_L,L,gaba
37142,PEN_a(PEN1),PEN_a(PB06a)_L6,L,acetylcholine
37437,ER3d_e,ER3d_e_L,L,gaba
37540,FB6Y,FB6Y_R,R,glutamate
37640,FB2J_a,FB2J_a_L,L,glutamate
37710,IbSpsP,IbSpsP(PB17)_L5/6,L,acetylcholine
37751,PFNd,PFNd(PB04)_R8_C2,R,acetylcholine
37758,ER3d_a,ER3d_a_R,R,gaba
37817,ER3d_e,ER3d_e_R,R,gaba
38001,ER3a_d,ER3a_d_L,L,gaba
38084,ER3m,ER3m_L,L,gaba
38182,FB4P_b,FB4P_b_L,L,glutamate
38268,ER1_b,ER1_b_R,R,gaba
38306,ER3d_a,ER3d_a_L,L,gaba
38334,PFNd,PFNd(PB04)_R3_C7,R,acetylcholine
38526,FB4F_a,FB4F_a_L,L,glutamate
38706,ExR2,ExR2_R,R,dopamine
38832,FC3_c,FC3_c_C1_R,R,acetylcholine
38835,FR1,FR1(FQ4)_C6_L,L,acetylcholine
39091,FB4P_a,FB4P_a_R,R,glutamate
39095,ER1_a,ER1_a_L,L,gaba
39233,FB7L,FB7L_L,L,glutamate
39385,hDeltaC,hDeltaC_03_C3,R,acetylcholine
39413,PEG,PEG(PB07)_L2,L,acetylcholine
39465,FB5E,FB5E_L,L,glutamate
39503,ER3p_a,ER3p_a_L,L,gaba
39538,FC2A,FC2A_C6_R,R,acetylcholine
39567,PFL1,PFL1(PB12a)_L5_C6,L,acetylcholine
39690,hDeltaE,hDeltaE_07_C4,L,acetylcholine
39753,PEG,PEG(PB07)_L8,L,acetylcholine
39798,ER5,ER5_L,L,gaba
39813,PEN_b(PEN2),PEN_b(PB06b)_L5,L,acetylcholine
39875,vDeltaC,vDeltaC_C4,L,acetylcholine
39879,IbSpsP,IbSpsP(PB17)_L4,L,acetylcholine
39883,hDeltaF,hDeltaF_07_C3,L,acetylcholine
39970,hDeltaC,hDeltaC_12_C10,L,acetylcholine
39984,IbSpsP,IbSpsP(PB17)_L5,L,acetylcholine
40037,PFNd,PFNd(PB04)_R4_C6,R,acetylcholine
40069,PFNd,PFNd(PB04)_L4_C3,L,acetylcholine
40179,FC2A,FC2A_C7_L,L,acetylcholine
40213,ER1_b,ER1_b_L,L,gaba
40390,PEN_b(PEN2),PEN_b(PB06b)_R7,R,acetylcholine
40458,FB7E,FB7E_L,L,glutamate
40558,ER3d_b,ER3d_b_L,L,gaba
40565,hDeltaK,hDeltaK_11_C9,L,acetylcholine
40768,EPGt,EPGt(PB09)_R9,R,acetylcholine
40802,FB6K,FB6K_L,L,glutamate
41052,PFNa,PFNa(PB03)_R9_C1,R,acetylcholine
41277,hDeltaJ,hDeltaJ_02_C2,R,acetylcholine
41331,FB5G_a,FB5G_a_L,L,glutamate
41385,FS2,FS2_C4_L,L,acetylcholine
41544,FB4R,FB4R_R,R,glutamate
41554,FB5P,FB5P_R,R,glutamate
41556,PFNa,PFNa(PB03)_R7_C4,R,acetylcholine
41559,FC2A,FC2A_C9_L,L,acetylcholine
41665,ER3a_c,ER3a_c_L,L,gaba
41715,hDeltaK,hDeltaK_14_C12b,L,acetylcholine
41743,hDeltaK,hDeltaK_14_C12b,L,acetylcholine
41849,PFNd,PFNd(PB04)_L9_C8,L,acetylcholine
41908,ER3a_a,ER3a_a_L,L,gaba
41941,FC2C,FC2C_C4_L,L,acetylcholine
42037,FB6Y,FB6Y_L,L,glutamate
42059,PEG,PEG(PB07)_L9,L,acetylcholine
42118,FC3_b,FC3_b_C3_L,L,acetylcholine
42231,hDeltaI,hDeltaI_14_C12,L,acetylcholine
42241,ER1_b,ER1_b_R,R,gaba
42264,ER3d_e,ER3d_e_R,R,gaba
42267,PFNd,PFNd(PB04)_L6_C5,L,acetylcholine
42332,IbSpsP,IbSpsP(PB17)_R9,R,acetylcholine
42392,PFNa,PFNa(PB03)_R8_C3,R,acetylcholine
42440,hDeltaG,hDeltaG_03_C2,R,acetylcholine
42509,ER1_a,ER1_a_R,R,gaba
42515,IbSpsP,IbSpsP(PB17)_L3,L,acetylcholine
42734,IbSpsP,IbSpsP(PB17)_L2,L,acetylcholine
42736,FC3_a,FC3_a_C8_L,L,acetylcholine
42739,hDeltaB,hDeltaB_03_C3,R,acetylcholine
42750,PFNd,PFNd(PB04)_L6_C5,L,acetylcholine
42793,FB4I,FB4I_R,R,glutamate
42835,PFNd,PFNd(PB04)_L4_C3,L,acetylcholine
42975,hDeltaA,hDeltaA_11_C9,L,acetylcholine
43028,FB3C,FB3C_R,R,gaba
43039,ER3d_d,ER3d_d_L,L,gaba
43040,FB2B_a,FB2B_a_L,L,unclear
43127,PFNd,PFNd(PB04)_R2_C8,R,acetylcholine
43161,hDeltaC,hDeltaC_02_C2,R,acetylcholine
43191,FB3C,FB3C_R,R,gaba
43212,ER3d_a,ER3d_a_L,L,gaba
43681,vDeltaG,vDeltaG_C2,L,acetylcholine
43683,ER3w_a,ER3w_a_R,R,gaba
43756,FB4M,FB4M(PPM3-FB3/4-NO-DAN)_L,L,dopamine
43814,FC1B,FC1B_C6_L,L,acetylcholine
43866,IbSpsP,IbSpsP(PB17)_L6,L,acetylcholine
43881,PFR_a,PFR_a(PB11a)_L5_C5,L,unclear
43909,FB5V_c,FB5V_c_L,L,glutamate
43928,FC1F,FC1F_C6_L,L,acetylcholine
43949,FB3E,FB3E_L,L,gaba
44004,FB2G_b,FB2G_b_L,L,glutamate
44010,ER3w_b,ER3w_b_L,L,gaba
44056,FS1A_a,FS1A_a_C7_R,R,acetylcholine
44127,ER3d_d,ER3d_d_R,R,gaba
44152,PFNa,PFNa(PB03)_L8_C7,L,acetylcholine
44256,PFGs,PFGs(PB10)_L5_C5,L,unclear
44422,ER3m,ER3m_L,L,gaba
44554,FC2B,FC2B_C8_R,R,acetylcholine
44669,PFNv,PFNv(PB05)_R4_C7,R,acetylcholine
44814,ER3m,ER3m_L,L,gaba
44830,ER3d_e,ER3d_e_R,R,gaba
44903,FB4M,FB4M(PPM3-FB3/4-NO-DAN)_L,L,dopamine
44909,ER5,ER5_L,L,gaba
44990,FS1B_b,FS1B_b_C2_L,L,acetylcholine
45024,FB1C,FB1C_R,R,dopamine
45134,ER3p_b,ER3p_b_L,L,gaba
45151,hDeltaF,hDeltaF_12_C5a,L,acetylcholine
45155,hDeltaE,hDeltaE_11_C6,L,acetylcholine
45282,PFNp_c,PFNp_c,R,acetylcholine
45343,FC2C,FC2C_C7_L,L,acetylcholine
45398,PFNa,PFNa(PB03)_L3_C2,L,acetylcholine
45427,EL,EL_R,R,octopamine
45483,FB3C,FB3C_L,L,gaba
45730,IbSpsP,IbSpsP(PB17)_L2,L,acetylcholine
45789,FC3_a,FC3_a_C9_L,L,acetylcholine
45839,ER3d_b,ER3d_b_L,L,gaba
45876,FC2A,FC2A_C7_R,R,acetylcholine
45969,PEG,PEG(PB07)_R9,R,acetylcholine
46008,FB4P_b,FB4P_b_R,R,glutamate
46073,EL,EL_R,R,octopamine
46089,ER3p_a,ER3p_a_L,L,gaba
46169,FC2A,FC2A_C1_L,L,acetylcholine
46185,FB8H,FB8H_L,L,glutamate
46209,FC3_b,FC3_b_C4_L,L,acetylcholine
46242,ER3w_a,ER3w_a_L,L,gaba
46262,ER3d_b,ER3d_b_L,L,gaba
46341,ER3w_b,ER3w_b_L,L,gaba
46358,PFNv,PFNv(PB05)_L4_C3,L,acetylcholine
46369,FB7G,FB7G_L,L,glutamate
46383,FB2J_c,FB2J_c_L,L,glutamate
46480,FB2F_c,FB2F_c_L,L,glutamate
46571,FB6C_b,FB6C_b_R,R,glutamate
46590,PFNd,PFNd(PB04)_L6_C5,L,acetylcholine
46603,FS1A_c,FS1A_c_C8_R,R,acetylcholine
46636,FB8I,FB8I_L,L,glutamate
46657,FB4D_b,FB4D_b_L,L,glutamate
46707,ER3w_a,ER3w_a_L,L,gaba
46764,EL,EL_R,R,octopamine
46809,FB2M_a,FB2M_a_R,R,glutamate
46943,FB7I,FB7I_R,R,glutamate
47036,ER3d_a,ER3d_a_R,R,gaba
47136,vDeltaK,vDeltaK_C3,R,acetylcholine
47186,ER3m,ER3m_R,R,gaba
47194,PFNa,PFNa(PB03)_R8_C3,R,acetylcholine
47262,FB7J,FB7J_R,R,glutamate
47271,ER3p_a,ER3p_a_L,L,gaba
47348,hDeltaJ,hDeltaJ_11_C9,L,acetylcholine
47369,PFNv,PFNv(PB05)_R6_C5,R,acetylcholine
47464,ER3d_d,ER3d_d_R,R,gaba
47528,PFNd,PFNd(PB04)_L4_C3,L,acetylcholine
47546,FB5O,FB5O_L,L,glutamate
47619,PFNa,PFNa(PB03)_R3_C8,R,acetylcholine
47687,PFNa,PFNa(PB03)_R8_C3,R,acetylcholine
47796,FC1A,FC1A_C1_R,R,acetylcholine
47850,FB5D,FB5D_L,L,glutamate
47859,ER3d_c,ER3d_c_R,R,gaba
47995,FB8G,FB8G_L,L,glutamate
47996,FC3_b,FC3_b_C1_R,R,acetylcholine
48096,ER3p_a,ER3p_a_L,L,gaba
48248,FC1A,FC1A_C8_R,R,acetylcholine
48277,FC1F,FC1F_C2_L,L,acetylcholine
48291,ER3w_b,ER3w_b_L,L,gaba
48318,ER3d_c,ER3d_c_L,L,gaba
48335,FB5M,FB5M_L,L,glutamate
48421,FB5F,FB5F_L,L,glutamate
48491,FR1,FR1(FQ4)_C6_R,R,acetylcholine
48524,FC1A,FC1A_C8_L,L,acetylcholine
48556,FC1D,FC1D_C9_L,L,acetylcholine
48558,FB2I_a,FB2I_a_R,R,glutamate
48583,FC3_a,FC3_a_C7_R,R,acetylcholine
48642,hDeltaG,hDeltaG_08_C5,L,acetylcholine
48667,PFNv,PFNv(PB05)_R3_C8,R,acetylcholine
48713,hDeltaL,hDeltaL_02_C2,R,acetylcholine
48956,ER3d_b,ER3d_b_R,R,gaba
49002,ER3p_a,ER3p_a_L,L,gaba
49053,vDeltaF,vDeltaF_C3,L,acetylcholine
49288,PFR_a,PFR_a(PB11a)_R3_C7,R,unclear
49378,ER3d_c,ER3d_c_R,R,gaba
49618,FB6Q,FB6Q_R,R,glutamate
49627,IbSpsP,IbSpsP(PB17)_L8,L,acetylcholine
49630,PFNv,PFNv(PB05)_L6_C5,L,acetylcholine
49839,PFNv,PFNv(PB05)_R6_C5,R,acetylcholine
49869,ER3p_b,ER3p_b_R,R,gaba
49952,hDeltaG,hDeltaG_04_C3,R,acetylcholine
50007,ER3p_a,ER3p_a_L,L,gaba
50327,hDeltaI,hDeltaI_09_C8,L,acetylcholine
50431,FC2C,FC2C_C8_R,R,acetylcholine
50461,FC2B,FC2B_C9_R,R,acetylcholine
50687,vDeltaG,vDeltaG_C3,R,acetylcholine
50694,ER3w_b,ER3w_b_L,L,gaba
50808,ER4d,ER4d_L,L,gaba
50885,FC2C,FC2C_C2_L,L,acetylcholine
50888,ER2_c,ER2_c_L,L,gaba
50891,FC3_a,FC3_a_C3_R,R,acetylcholine
50905,FC1E,FC1E_C1_R,R,acetylcholine
50952,IbSpsP,IbSpsP(PB17)_L6,L,acetylcholine
50984,PFNm_a,PFNm_a_R8_C3,R,acetylcholine
51159,EL,EL_R,R,octopamine
51365,PFNp_c,PFNp_c,R,acetylcholine
51382,ER3d_b,ER3d_b_L,L,gaba
51458,hDeltaJ,hDeltaJ_05_C5,R,acetylcholine
51509,PFNp_c,PFNp_c,R,acetylcholine
51519,FC1E,FC1E_C9_L,L,acetylcholine
51555,EL,EL_L,L,octopamine
51611,FC3_b,FC3_b_C2_R,R,acetylcholine
51619,PFNa,PFNa(PB03)_L5_C4,L,acetylcholine
51622,PFNm_a,PFNm_a_R7_C4,R,acetylcholine
51759,IbSpsP,IbSpsP(PB17)_L4,L,acetylcholine
51782,FC2C,FC2C_C2_R,R,acetylcholine
51844,FB1A,FB1A_R,R,glutamate
51891,FB6T,FB6T_L,L,glutamate
52027,FC3_a,FC3_a_C1_R,R,acetylcholine
52041,PFGs,PFGs(PB10)_L2_C2,L,unclear
52191,hDeltaK,hDeltaK_12_C10,L,acetylcholine
52253,FB2B_b,FB2B_b_L,L,glutamate
52304,vDeltaF,vDeltaF_C0,R,acetylcholine
52397,FB8I,FB8I_R,R,glutamate
52427,FC1A,FC1A_C4_L,L,acetylcholine
52579,hDeltaL,hDeltaL_05_C5,R,acetylcholine
52647,PFNa,PFNa(PB03)_R6_C5,R,acetylcholine
52649,FC3_a,FC3_a_C2_R,R,acetylcholine
52728,FB5M,FB5M_R,R,glutamate
52756,FB8C,FB8C_R,R,glutamate
52798,hDeltaL,hDeltaL_10_C8,L,acetylcholine
52832,ER3m,ER3m_R,R,gaba
52846,PFNa,PFNa(PB03)_R6_C5,R,acetylcholine
52903,PFNd,PFNd(PB04)_R6_C4,R,acetylcholine
52966,FC3_a,FC3_a_C2_R,R,acetylcholine
53043,PFNd,PFNd(PB04)_L5_C4,L,acetylcholine
53086,PEN_a(PEN1),PEN_a(PB06a)_L6,L,acetylcholine
53176,PFNa,PFNa(PB03)_R6_C5,R,acetylcholine
53352,FC1D,FC1D_C7_R,R,acetylcholine
53467,FB5P,FB5P_L,L,glutamate
53618,ER3p_b,ER3p_b_L,L,gaba
53675,SA3,SA3_bilateral_L,L,glutamate
53743,FB7L,FB7L_R,R,glutamate
53745,ER3p_a,ER3p_a_L,L,gaba
53755,PFR_a,PFR_a(PB11a)_R4_C6,R,unclear
53796,PFNp_c,PFNp_c,L,acetylcholine
53837,FC3_a,FC3_a_C6_L,L,acetylcholine
53991,FB7I,FB7I_L,L,glutamate
54176,vDeltaI_b,vDeltaI_b_C6,R,acetylcholine
54184,FC1A,FC1A_C3_L,L,acetylcholine
54283,FC1A,FC1A_C2_L,L,acetylcholine
54443,hDeltaA,hDeltaA_12_C10,L,acetylcholine
54578,FB7L,FB7L_L,L,glutamate
54597,ER1_a,ER1_a_L,L,gaba
54627,FS1A_a,FS1A_a_C2_R,R,acetylcholine
54642,vDeltaF,vDeltaF_C6,R,acetylcholine
54776,PFNd,PFNd(PB04)_R6_C4,R,acetylcholine
54907,vDeltaE,vDeltaE_C6,R,acetylcholine
54911,FC1F,FC1F_C7_L,L,acetylcholine
54912,ER3d_b,ER3d_b_L,L,gaba
55037,FC3_b,FC3_b_C8_R,R,acetylcholine
55049,FC3_c,FC3_c_C4_L,L,acetylcholine
55094,hDeltaD,hDeltaD_07_C4,L,acetylcholine
55109,vDeltaD,vDeltaD_C2,L,acetylcholine
55124,SpsP,SpsP(PB16)_R,R,glutamate
55143,hDeltaJ,hDeltaJ_03_C3,R,acetylcholine
55161,FB4O,FB4O_L,L,glutamate
55401,FC2A,FC2A_C9_R,R,acetylcholine
55415,FC2B,FC2B_C1_R,R,acetylcholine
55481,PFNp_c,PFNp_c,L,acetylcholine
55508,FB6K,FB6K_R,R,glutamate
55523,FB2G_b,FB2G_b_R,R,glutamate
55527,PEN_b(PEN2),PEN_b(PB06b)_R6,R,acetylcholine
55538,FC3_a,FC3_a_C5_L,L,acetylcholine
55630,EPGt,EPGt(PB09)_R9,R,acetylcholine
55789,FB2G_b,FB2G_b_L,L,glutamate
55887,SAF,SAF(FB9)_L,L,glutamate
55953,FB5V_c,FB5V_c_R,R,glutamate
56106,FC1E,FC1E_C7_R,R,acetylcholine
56146,FC1D,FC1D_C3_L,L,acetylcholine
56327,FB6P,FB6P_R,R,glutamate
56350,FB4O,FB4O_R,R,glutamate
56382,FC2A,FC2A_C6_L,L,acetylcholine
56466,FC3_a,FC3_a_C5_R,R,acetylcholine
56542,hDeltaK,hDeltaK_12_C10,L,acetylcholine
56545,FC3_b,FC3_b_C8_R,R,acetylcholine
56567,FB6X,FB6X_R,R,glutamate
56581,FC1D,FC1D_C4_R,R,acetylcholine
56607,FC3_b,FC3_b_C4_L,L,acetylcholine
56628,FB6R,FB6R_R,R,glutamate
56635,FC1E,FC1E_C1_R,R,acetylcholine
56695,FB3C,FB3C_L,L,gaba
56726,hDeltaL,hDeltaL_13_C11,L,acetylcholine
56799,FC1A,FC1A_C9_L,L,acetylcholine
56830,vDeltaF,vDeltaF_C3,R,acetylcholine
56839,FC3_b,FC3_b_C3_R,R,acetylcholine
56905,FC2C,FC2C_C9_L,L,acetylcholine
56993,ER3a_a,ER3a_a_L,L,gaba
57252,FS1A_c,FS1A_c_C3_L,L,acetylcholine
57278,FB6U,FB6U_R,R,glutamate
57309,FC1B,FC1B_C7_R,R,acetylcholine
57353,FB2F_c,FB2F_c_R,R,glutamate
57384,PFR_a,PFR_a(PB11a)_R5_C5,R,unclear
57536,PFNp_c,PFNp_c,L,acetylcholine
57587,FC3_a,FC3_a_C4_R,R,acetylcholine
57591,EPGt,EPGt(PB09)_L9,L,acetylcholine
57600,PFNm_b,PFNm_b_R7_C4,R,acetylcholine
57603,FC2C,FC2C_C9_L,L,acetylcholine
57625,hDeltaG,hDeltaG_12_C7,L,acetylcholine
57851,FB2G_a,FB2G_a_L,L,glutamate
57934,vDeltaF,vDeltaF_C9,R,acetylcholine
57935,FR1,FR1(FQ4)_C7_L,L,acetylcholine
58073,FC1D,FC1D_C8_R,R,acetylcholine
58113,FC1C_b,FC1C_C7_R,R,acetylcholine
58146,vDeltaH,vDeltaH_C3,R,acetylcholine
58243,FB5W_a,FB5W_a_L,L,glutamate
58244,vDeltaF,vDeltaF_C8,R,acetylcholine
58322,FS2,FS2_C2_L,L,acetylcholine
58335,FC3_b,FC3_b_C7_L,L,acetylcholine
58447,hDeltaC,hDeltaC_07_C6,R,acetylcholine
58552,FB4Q_c,FB4Q_c_R,R,glutamate
58561,PFGs,PFGs(PB10)_L8_C8,L,unclear
58565,FC1B,FC1B_C8_L,L,acetylcholine
58585,PFNm_a,PFNm_a_L8_C7,L,acetylcholine
58730,FR1,FR1(FQ4)_C2_R,R,acetylcholine
58834,EL,EL_R,R,octopamine
59018,vDeltaI_a,vDeltaI_a_C4,L,acetylcholine
59108,PFR_a,PFR_a(PB11a)_R6_C4,R,unclear
59176,vDeltaE,vDeltaE_C4,R,acetylcholine
59230,ER3m,ER3m_R,R,gaba
59275,vDeltaG,vDeltaG_C7,L,acetylcholine
59288,PFR_a,PFR_a(PB11a)_R3_C7,R,unclear
59337,ER3w_b,ER3w_b_L,L,gaba
59425,IbSpsP,IbSpsP(PB17)_R6,R,acetylcholine
59429,vDeltaG,vDeltaG_C6,R,acetylcholine
59434,vDeltaG,vDeltaG_C7,L,acetylcholine
59485,FB5G_c,FB5G_c_R,R,glutamate
59719,FC1D,FC1D_C1_R,R,acetylcholine
59735,PFNm_a,PFNm_a_R2_C9,R,acetylcholine
59806,FC3_c,FC3_c_C6_L,L,acetylcholine
59813,FC1D,FC1D_C6_L,L,acetylcholine
59846,FB4E_a,FB4E_a_L,L,glutamate
59929,FR2,FR2_C7_R,R,acetylcholine
59969,hDeltaA,hDeltaA_14_C12,L,acetylcholine
59983,PFNv,PFNv(PB05)_R4_C7,R,acetylcholine
59994,PFR_b,PFR_b(PB11b)_L4_C5,L,acetylcholine
60054,FB1E_a,FB1E_a_L,L,glutamate
60086,hDeltaJ,hDeltaJ_11_C9,L,acetylcholine
60215,FC1B,FC1B_C9_L,L,acetylcholine
60323,FC1A,FC1A_C3_R,R,acetylcholine
60361,PFNa,PFNa(PB03)_R4_C7,R,acetylcholine
60365,FB1A,FB1A_L,L,glutamate
60370,vDeltaE,vDeltaE_C8,R,acetylcholine
60381,FB7J,FB7J_R,R,glutamate
60449,PFNp_c,PFNp_c,R,acetylcholine
60474,FC3_b,FC3_b_C6_L,L,acetylcholine
60481,PFNp_a,PFNp_a,R,acetylcholine
60586,FC3_a,FC3_a_C2_L,L,acetylcholine
60670,FC2C,FC2C_C1_R,R,acetylcholine
61234,PFNp_c,PFNp_c,R,acetylcholine
61273,ER1_b,ER1_b_L,L,gaba
61278,vDeltaG,vDeltaG_C4,R,acetylcholine
61290,PFNp_c,PFNp_c,R,acetylcholine
61296,vDeltaG,vDeltaG_C4,L,acetylcholine
61398,FR1,FR1(FQ4)_C8_L,L,acetylcholine
61451,hDeltaL,hDeltaL_03_C3,R,acetylcholine
61553,PFR_a,PFR_a(PB11a)_R2_C8,R,unclear
61568,FC1D,FC1D_C3_R,R,acetylcholine
61590,EL,EL_R,R,octopamine
61704,FB2M_a,FB2M_a_L,L,glutamate
61731,FC3_c,FC3_c_C4_L,L,acetylcholine
61845,EL,EL_L,L,octopamine
61871,FB5Z,FB5Z_L,L,glutamate
61930,FC1C_b,FC1C_C3_R,R,acetylcholine
61978,FC1D,FC1D_C7_L,L,acetylcholine
62020,FB8I,FB8I_R,R,glutamate
62193,FB6P,FB6P_L,L,glutamate
62262,FC1C_b,FC1C_C3_L,L,acetylcholine
62443,FC1F,FC1F_C7_L,L,acetylcholine
62463,PFNa,PFNa(PB03)_L6_C5,L,acetylcholine
62570,FB6T,FB6T_L,L,glutamate
62712,FC1E,FC1E_C3_R,R,acetylcholine
62732,FB1D,FB1D_R,R,glutamate
62790,FS1A_a,FS1A_a_C8_R,R,acetylcholine
62821,FC1D,FC1D_C8_R,R,acetylcholine
62962,FC3_b,FC3_b_C8_R,R,acetylcholine
63122,FB5V_c,FB5V_c_L,L,glutamate
63179,hDeltaJ,hDeltaJ_02_C2,R,acetylcholine
63261,vDeltaG,vDeltaG_C6,L,acetylcholine
63277,hDeltaF,hDeltaF_05_C2b,R,acetylcholine
63324,vDeltaJ,vDeltaJ_C2,L,acetylcholine
63395,FB5W_a,FB5W_a_R,R,glutamate
63612,vDeltaE,vDeltaE_C3,L,acetylcholine
63635,vDeltaG,vDeltaG_C4,L,acetylcholine
63639,FB8E,FB8E_R,R,glutamate
63652,FS1B_a,FS1B_a_C8_L,L,acetylcholine
63782,ER3d_c,ER3d_c_L,L,gaba
63838,FC1D,FC1D_C9_L,L,acetylcholine
63998,FB3C,FB3C_R,R,gaba
64029,PFNa,PFNa(PB03)_L6_C5,L,acetylcholine
64139,FC1C_a,FC1C_a_C1_R,R,acetylcholine
64270,FC2C,FC2C_C8_L,L,acetylcholine
64298,PFNp_b,PFNp_b,L,acetylcholine
64325,FB6K,FB6K_R,R,glutamate
64365,FS2,FS2_C8_L,L,acetylcholine
64416,vDeltaE,vDeltaE_C3,R,acetylcholine
64464,FS1B_a,FS1B_a_C2_R,R,acetylcholine
64468,vDeltaK,vDeltaK_C3,R,acetylcholine
64541,PFNa,PFNa(PB03)_L4_C3,L,acetylcholine
64591,FC1E,FC1E_C4_L,L,acetylcholine
64684,FC3_c,FC3_c_C9_L,L,acetylcholine
64842,FC1E,FC1E_C1_R,R,acetylcholine
64956,FB7B,FB7B_L,L,unclear
65000,FB7D_b,FB7D_b_L,L,glutamate
65047,FB6X,FB6X_L,L,glutamate
65054,vDeltaL,vDeltaL_C6,R,acetylcholine
65085,vDeltaD,vDeltaD_C8,R,acetylcholine
65180,PFNm_a,PFNm_a_L2_C1,L,acetylcholine
65187,FB7K,FB7K_R,R,glutamate
65579,FC3_a,FC3_a_C4_R,R,acetylcholine
65657,vDeltaI_a,vDeltaI_a_C2,L,acetylcholine
65705,FB5Q,FB5Q_L,L,glutamate
65722,PFNp_e,PFNp_e,R,acetylcholine
65947,FC1F,FC1F_C4_L,L,acetylcholine
66205,FC3_c,FC3_c_C4_R,R,acetylcholine
66230,FS1A_a,FS1A_a_C1_R,R,acetylcholine
66246,vDeltaH,vDeltaH_C5,L,acetylcholine
66309,FC1D,FC1D_C6_L,L,acetylcholine
66342,FS1B_b,FS1B_b_C2_R,R,acetylcholine
66418,FC3_b,FC3_b_C9_L,L,acetylcholine
66479,FC1C_a,FC1C_a_C6_R,R,acetylcholine
66561,vDeltaI_b,vDeltaI_b_C0,R,acetylcholine
66644,hDeltaJ,hDeltaJ_10_C8,L,acetylcholine
66695,FB5D,FB5D_L,L,glutamate
66718,FB6T,FB6T_R,R,glutamate
66750,FC2C,FC2C_C4_R,R,acetylcholine
66823,FB1I,FB1I_R,R,glutamate
66841,PFNa,PFNa(PB03)_L9_C9,L,acetylcholine
66864,FS2,FS2_C8_R,R,acetylcholine
66977,FB5G_a,FB5G_a_R,R,glutamate
67006,FC1F,FC1F_C8_L,L,acetylcholine
67019,PFNa,PFNa(PB03)_R4_C7,R,acetylcholine
67024,FC1D,FC1D_C2_L,L,acetylcholine
67047,vDeltaG,vDeltaG_C9,R,acetylcholine
67055,hDeltaL,hDeltaL_04_C4,R,acetylcholine
67167,hDeltaA,hDeltaA_03_C3,R,acetylcholine
67174,ER1_a,ER1_a_R,R,gaba
67241,FB5Q,FB5Q_L,L,glutamate
67250,FC1B,FC1B_C7_L,L,acetylcholine
67303,FB8B,FB8B_R,R,glutamate
67361,FC2B,FC2B_C2_R,R,acetylcholine
67397,FB7M,FB7M_L,L,glutamate
67456,FC1B,FC1B_C4_L,L,acetylcholine
67598,PFNp_c,PFNp_c,L,acetylcholine
67717,FC1C_a,FC1C_a_C8_R,R,acetylcholine
67741,FC2B,FC2B_C6_R,R,acetylcholine
68039,FC1B,FC1B_C1_R,R,acetylcholine
68121,FC1F,FC1F_C3_L,L,acetylcholine
68196,SAF,SAF(FB9)_L,L,glutamate
68225,FB1F,FB1F_R,R,glutamate
68268,FB4P_a,FB4P_a_L,L,glutamate
68271,FC2B,FC2B_C7_L,L,acetylcholine
68360,FS4A,FS4A_C8_R,R,acetylcholine
68387,IbSpsP,IbSpsP(PB17)_L3,L,acetylcholine
68391,FB8F_b,FB8F_b_L,L,glutamate
68438,PFNp_a,PFNp_a,R,acetylcholine
68502,FC2C,FC2C_C1_L,L,acetylcholine
68579,FC2C,FC2C_C5_R,R,acetylcholine
68672,FB4Q_c,FB4Q_c_L,L,glutamate
68775,hDeltaD,hDeltaD_08_C5,L,acetylcholine
68834,FS2,FS2_C9_L,L,acetylcholine
68841,FB8C,FB8C_L,L,glutamate
68889,FR1,FR1(FQ4)_C1_R,R,acetylcholine
68917,FB5B,FB5B_R,R,glutamate
69064,PFR_a,PFR_a(PB11a)_R1_C1_irreg,L,unclear
69106,FC1E,FC1E_C2_R,R,acetylcholine
69262,PFNp_c,PFNp_c,R,acetylcholine
69315,FC1C_b,FC1C_C6_R,R,acetylcholine
69319,ER1_a,ER1_a_R,R,gaba
69343,FB6Q,FB6Q_L,L,glutamate
69454,ER3a_d,ER3a_d_L,L,gaba
69515,PFNd,PFNd(PB04)_R4_C6,R,acetylcholine
69541,PFNm_a,PFNm_a_R4_C7,R,acetylcholine
69599,PFNp_e,PFNp_e,L,acetylcholine
69684,FB5O,FB5O_R,R,glutamate
69704,hDeltaI,hDeltaI_02_C2,R,acetylcholine
69783,FC,FC1C(?)_C3_L,L,acetylcholine
69923,FC1F,FC1F_C1_R,R,acetylcholine
69938,IbSpsP,IbSpsP(PB17)_L9,L,acetylcholine
69954,hDeltaC,hDeltaC_05_C5,R,acetylcholine
70230,PFNp_c,PFNp_c,R,acetylcholine
70279,FB5W_a,FB5W_a_R,R,glutamate
70307,PFNa,PFNa(PB03)_L7_C6,L,acetylcholine
70329,hDeltaJ,hDeltaJ_07_C6a,R,acetylcholine
70533,PFNa,PFNa(PB03)_R7_C4,R,acetylcholine
70573,FB5G_c,FB5G_c_L,L,glutamate
70621,FS1A_a,FS1A_a_C4_L,L,acetylcholine
70713,vDeltaD,vDeltaD_C6,R,acetylcholine
70716,vDeltaI_b,vDeltaI_b_C5,L,acetylcholine
70894,PFNa,PFNa(PB03)_L4_C3,L,acetylcholine
71015,FC1E,FC1E_C3_R,R,acetylcholine
71018,vDeltaC,vDeltaC_C3,R,acetylcholine
71042,vDeltaI_a,vDeltaI_a_C3,L,acetylcholine
71081,FB5B,FB5B_R,R,glutamate
71154,vDeltaB,vDeltaB_C6,R,acetylcholine
71302,FS1A_b,FS1A_b_C2_R,R,acetylcholine
71363,FS2,FS2_C6_L,L,acetylcholine
71397,FC1C_b,FC1C_C8_R,R,acetylcholine
71503,ER1_c,ER1_c_R,R,gaba
71612,FS1B_a,FS1B_a_C2_R,R,acetylcholine
71718,FC3_b,FC3_b_C7_R,R,acetylcholine
71747,PFNm_a,PFNm_a_R6_C5,R,acetylcholine
71752,PFNp_a,PFNp_a,L,acetylcholine
71769,FB4R,FB4R_R,R,glutamate
71779,hDeltaL,hDeltaL_12_C10,L,acetylcholine
71855,FC2A,FC2A_C3_L,L,acetylcholine
71959,vDeltaJ,vDeltaJ_C7,R,acetylcholine
71991,IbSpsP,IbSpsP(PB17)_L9,L,acetylcholine
72133,vDeltaF,vDeltaF_C0,L,acetylcholine
72143,PFNp_c,PFNp_c,L,acetylcholine
72145,FB7C,FB7C_R,R,glutamate
72390,FC1E,FC1E_C8_R,R,acetylcholine
72430,FB2C,FB2C_R,R,glutamate
72472,PFNm_b,PFNm_b_R9_C1,R,acetylcholine
72491,ER1_c,ER1_c_R,R,gaba
72669,PFNp_e,PFNp_e,R,acetylcholine
72824,ER3a_a,ER3a_a_R,R,gaba
72892,FB5B,FB5B_L,L,glutamate
72902,FC1E,FC1E_C6_L,L,acetylcholine
72957,hDeltaJ,hDeltaJ_12_C10,L,acetylcholine
73110,FB6J,FB6J_R,R,glutamate
73112,FB8E,FB8E_L,L,glutamate
73114,PFNp_c,PFNp_c,R,acetylcholine
73244,FC1C_b,FC1C_C2_R,R,acetylcholine
73285,vDeltaB,vDeltaB_C7,L,acetylcholine
73312,FS1A_c,FS1A_c_C3_L,L,acetylcholine
73758,FB5J,FB5J_R,R,glutamate
73853,hDeltaI,hDeltaI_13_C11,L,acetylcholine
73908,vDeltaH,vDeltaH_C5,R,acetylcholine
74326,FC2B,FC2B_C8_L,L,acetylcholine
74349,FC3_c,FC3_c_C7_L,L,acetylcholine
74366,PFNp_c,PFNp_c,L,acetylcholine
74439,FS1A_c,FS1A_c_C9_L,L,acetylcholine
74480,FC2C,FC2C_C9_R,R,acetylcholine
74666,hDeltaE,hDeltaE_08_C5,L,acetylcholine
74669,FB7F,FB7F_L,L,glutamate
74836,PFNa,PFNa(PB03)_R3_C8,R,acetylcholine
74917,PFR_a,PFR_a(PB11a)_R5_C5,R,unclear
74988,PFNp_e,PFNp_e,L,acetylcholine
74990,FB1B,FB1B_L,L,glutamate
75125,FB8G,FB8G_R,R,glutamate
75141,vDeltaG,vDeltaG_C5,L,acetylcholine
75558,FC1A,FC1A_C5_R,R,acetylcholine
75581,FC1B,FC1B_C7_R,R,acetylcholine
75598,PFNa,PFNa(PB03)_R8_C3,R,acetylcholine
75614,FB5E,FB5E_R,R,glutamate
75651,PFNa,PFNa(PB03),R,acetylcholine
75669,vDeltaD,vDeltaD_C3,R,acetylcholine
75688,hDeltaJ,hDeltaJ_03_C3,R,acetylcholine
75724,PFNm_a,PFNm_a_R5_C6,R,acetylcholine
75781,vDeltaD,vDeltaD_C3,R,acetylcholine
75789,FB2C,FB2C_R,R,glutamate
76194,PEN_a(PEN1),PEN_a(PB06a)_R5,R,acetylcholine
76200,FB7E,FB7E_R,R,glutamate
76412,FB5K,FB5K_R,R,glutamate
76492,PFNp_c,PFNp_c,R,acetylcholine
76506,vDeltaI_a,vDeltaI_a_C6,R,acetylcholine
76845,FC1C_b,FC1C_C1_R,R,acetylcholine
76931,PFL1,PFL1(PB12a)_R4_C5,R,acetylcholine
76941,FS2,FS2_C2_R,R,acetylcholine
77025,FS3_c,FS3_c_C8_R,R,acetylcholine
77090,hDeltaM,hDeltaM_C5,L,acetylcholine
77211,PFNm_a,PFNm_a_R9_C1,R,acetylcholine
77246,FS1A_a,FS1A_a_C1_R,R,acetylcholine
77285,PFNa,PFNa(PB03)_L8_C7,L,acetylcholine
77311,FB2F_a,FB2F_a_L,L,glutamate
77360,PFNd,PFNd(PB04)_R6_C4,R,acetylcholine
77770,FC1E,FC1E_C7_L,L,acetylcholine
77801,PFNm_a,PFNm_a_R6_C5,R,acetylcholine
77821,vDeltaK,vDeltaK_C8,R,acetylcholine
77864,vDeltaC,vDeltaC_C5,R,acetylcholine
77911,FC3_a,FC3_a_C6_R,R,acetylcholine
78121,PFNp_c,PFNp_c,R,acetylcholine
78294,FB5Z,FB5Z_R,R,glutamate
78331,FB2L,FB2L_R,R,glutamate
78549,FC3_b,FC3_b_C3_R,R,acetylcholine
78577,FB5G_b,FB5G_b_L,L,glutamate
78718,FC1E,FC1E_C3_L,L,acetylcholine
79146,vDeltaE,vDeltaE_C0,L,acetylcholine
79204,FC2C,FC2C_C3_L,L,acetylcholine
79273,FB5X,FB5X_L,L,glutamate
79427,FB7I,FB7I_L,L,glutamate
79549,PFL3,PFL3(PB12c)_R7_C1,R,acetylcholine
79615,PFR_b,PFR_b(PB11b)_L1_C9_irreg,L,acetylcholine
79639,PFNm_a,PFNm_a_R3_C8,R,acetylcholine
79788,vDeltaJ,vDeltaJ_C0,R,acetylcholine
79839,hDeltaI,hDeltaI_11_C9,L,acetylcholine
79948,FB7E,FB7E_R,R,glutamate
80130,hDeltaC,hDeltaC_11_C9,L,acetylcholine
80388,PFNp_e,PFNp_e,L,acetylcholine
80415,FB4A_b,FB4A_b_R,R,glutamate
80453,PFNd,PFNd(PB04)_R4_C6,R,acetylcholine
80474,FB2G_b,FB2G_b_L,L,glutamate
80549,FB7H,FB7H_R,R,glutamate
80750,hDeltaJ,hDeltaJ_13_C11,L,acetylcholine
80867,ER1_a,ER1_a_R,R,gaba
80871,vDeltaC,vDeltaC_C6,R,acetylcholine
81159,PEG,PEG(PB07)_L5,L,acetylcholine
81176,FC1C_a,FC1C_a_C5_R,R,acetylcholine
81247,vDeltaI_b,vDeltaI_b_C3,R,acetylcholine
81334,FB8C,FB8C_R,R,glutamate
81417,vDeltaK,vDeltaK_C2,L,acetylcholine
81432,PFNa,PFNa(PB03)_L8_C7,L,acetylcholine
81527,vDeltaI_b,vDeltaI_b_C4,L,acetylcholine
81605,vDeltaC,vDeltaC_C7,L,acetylcholine
81910,vDeltaE,vDeltaE_C9,R,acetylcholine
82111,FB8G,FB8G_L,L,glutamate
82236,FC,FC1C(?)_C4_R,R,acetylcholine
82261,FB5X,FB5X_R,R,glutamate
82293,FC2B,FC2B_C5_L,L,acetylcholine
82342,FB4E_c,FB4E_c_L,L,glutamate
82613,hDeltaI,hDeltaI_06_C5,R,acetylcholine
82637,FC1C_b,FC1C_C5_R,R,acetylcholine
82772,PFNa,PFNa(PB03)_R4_C7,R,acetylcholine
82884,FC3_a,FC3_a_C7_L,L,acetylcholine
83319,FB5G_a,FB5G_a_L,L,glutamate
83388,FB7E,FB7E_L,L,glutamate
83473,vDeltaB,vDeltaB_C3,R,acetylcholine
83478,PFNp_c,PFNp_c,R,acetylcholine
83510,vDeltaB,vDeltaB_C3,L,acetylcholine
83709,FB7D_a,FB7D_a_R,R,glutamate
83804,FC1A,FC1A_C6_R,R,acetylcholine
83827,FB2F_c,FB2F_c_R,R,glutamate
84064,PFNp_c,PFNp_c,L,acetylcholine
84203,FB1F,FB1F_L,L,glutamate
84217,FB5X,FB5X_R,R,glutamate
84256,vDeltaH,vDeltaH_C5,R,acetylcholine
84296,FB3C,FB3C_L,L,gaba
84305,FB4Q_c,FB4Q_c_R,R,glutamate
84617,PFNp_a,PFNp_a,R,acetylcholine
84661,FB7I,FB7I_R,R,glutamate
84708,FC1C_b,FC1C_C6_L,L,acetylcholine
84758,EPG,EPG(PB08)_L7,L,acetylcholine
84766,FB7J,FB7J_L,L,glutamate
84873,hDeltaJ,hDeltaJ_08_C7a,L,acetylcholine
85234,vDeltaB,vDeltaB_C3,R,acetylcholine
85331,vDeltaB,vDeltaB_C2,L,acetylcholine
85400,FC2B,FC2B_C7_R,R,acetylcholine
85456,vDeltaB,vDeltaB_C5,L,acetylcholine
85527,FR1,FR1(FQ4)_C8_R,R,acetylcholine
85745,FC3_b,FC3_b_C1_R,R,acetylcholine
86000,vDeltaC,vDeltaC_C0,R,acetylcholine
86722,FS1A_a,FS1A_a_C7_R,R,acetylcholine
87121,FB5X,FB5X_L,L,glutamate
87610,FC1C_a,FC1C_a_C9_L,L,acetylcholine
87630,FC2B,FC2B_C3_L,L,acetylcholine
87815,FC3_c,FC3_c_C2_L,L,acetylcholine
88014,PFR_a,PFR_a(PB11a)_L4_C4,L,unclear
88289,FS3_a,FS3_a_C8_L,L,acetylcholine
88342,EPG,EPG(PB08)_L3,L,acetylcholine
88378,FS1B_b,FS1B_b_C3_L,L,acetylcholine
88578,vDeltaI_a,vDeltaI_a_C5,L,acetylcholine
88730,FS3_a,FS3_a_C2_R,R,acetylcholine
88795,FC1F,FC1F_C3_R,R,acetylcholine
88904,hDeltaE,hDeltaE_04_C3,R,acetylcholine
89048,FS3_a,FS3_a_C9_L,L,acetylcholine
89155,FB7G,FB7G_L,L,glutamate
89191,FB4D_b,FB4D_b_R,R,glutamate
89221,FS4C,FS4C_C1_R,R,acetylcholine
89635,FC2B,FC2B_C3_R,R,acetylcholine
89657,FC1C_a,FC1C_a_C4_L,L,acetylcholine
89937,FB5G_b,FB5G_b_R,R,glutamate
90155,FC1D,FC1D_C3_R,R,acetylcholine
90194,vDeltaI_b,vDeltaI_b_C7,R,acetylcholine
90201,vDeltaH,vDeltaH_C3,L,acetylcholine
90331,FC1C_a,FC1C_a_C2_R,R,acetylcholine
90386,vDeltaL,vDeltaL_C2,L,acetylcholine
90497,FC3_a,FC3_a_C3_L,L,acetylcholine
90574,PFR_a,PFR_a(PB11a)_L3_C3,L,unclear
90587,SAF,SAF(FB9)_R,R,glutamate
90634,hDeltaJ,hDeltaJ_12_C10,L,acetylcholine
90638,SAF,SAF(FB9)_L,L,glutamate
90697,FB8C,FB8C_L,L,glutamate
90896,FB5W_a,FB5W_a_L,L,glutamate
90924,vDeltaC,vDeltaC_C0,R,acetylcholine
91004,hDeltaJ,hDeltaJ_10_C8,L,acetylcholine
91269,vDeltaD,vDeltaD_C0,R,acetylcholine
91360,FS2,FS2_C2_R,R,acetylcholine
91507,FB5Z,FB5Z_L,L,glutamate
91537,FC2C,FC2C_C5_L,L,acetylcholine
91633,FB2K,FB2K_L,L,glutamate
91780,FS2,FS2_C1_R,R,acetylcholine
91820,FS1A_c,FS1A_c_C4_L,L,acetylcholine
91835,FB7D_b,FB7D_b_R,R,glutamate
91870,vDeltaI_b,vDeltaI_b_C7,L,acetylcholine
92081,FB6R,FB6R_L,L,glutamate
92115,SA3,SA3_bilateral_R,R,glutamate
92188,EPG,EPG(PB08)_R7,R,acetylcholine
92208,FS1B_b,FS1B_b_C1_R,R,acetylcholine
92330,hDeltaI,hDeltaI_05_C4,R,acetylcholine
92417,vDeltaJ,vDeltaJ_C7,L,acetylcholine
92446,FS1A_c,FS1A_c_C5_R,R,acetylcholine
92514,FC1A,FC1A_C4_R,R,acetylcholine
92517,FS1B_a,FS1B_a_C4_R,R,acetylcholine
92564,FB8E,FB8E_R,R,glutamate
92576,FB8G,FB8G_R,R,glutamate
92611,FC1A,FC1A_C5_L,L,acetylcholine
92664,FC1A,FC1A_C7_R,R,acetylcholine
92683,FB4A_a,FB4A_a_L,L,glutamate
92734,FB5G_a,FB5G_a_R,R,glutamate
92797,vDeltaA_b,vDeltaA_b_C2,L,acetylcholine
93067,FB4E_c,FB4E_c_R,R,glutamate
93186,PFNp_c,PFNp_c,L,acetylcholine
93284,vDeltaD,vDeltaD_C4,L,acetylcholine
93348,FB1E_a,FB1E_a_L,L,glutamate
93538,FS1B_a,FS1B_a_C8_R,R,acetylcholine
93886,FS2,FS2_C9_L,L,acetylcholine
94100,FC1F,FC1F_C6_R,R,acetylcholine
94152,vDeltaI_b,vDeltaI_b_C5,R,acetylcholine
94332,vDeltaB,vDeltaB_C2,L,acetylcholine
94391,P6-8P9,P6-8P9(PB14)_L,L,glutamate
94433,FR1,FR1(FQ4)_C1_L,L,acetylcholine
94487,IbSpsP,IbSpsP(PB17)_R5,R,acetylcholine
94528,FB4Q_b,FB4Q_b_L,L,glutamate
94739,FB7E,FB7E_L,L,glutamate
94805,FC1D,FC1D_C6_R,R,acetylcholine
94980,IbSpsP,IbSpsP(PB17)_R3,R,acetylcholine
95015,vDeltaI_b,vDeltaI_b_C3,R,acetylcholine
95025,FB4E_b,FB4E_b_R,R,glutamate
95207,FS1B_b,FS1B_b_C9_L,L,acetylcholine
95377,FS1A_b,FS1A_b_C6_R,R,acetylcholine
95713,FC2C,FC2C_C4_L,L,acetylcholine
95935,FB4Z_c,FB4Z_c_R,R,glutamate
96000,vDeltaA_b,vDeltaA_b_C3,R,acetylcholine
96115,FB6S,FB6S_L,L,glutamate
96116,FS4C,FS4C_C9_L,L,acetylcholine
96270,FB2K,FB2K_L,L,glutamate
96384,FC2B,FC2B_C5_R,R,acetylcholine
96745,FB6U,FB6U_L,L,glutamate
97083,PFNa,PFNa(PB03)_R2_C9,R,acetylcholine
97092,FS3_b,FS3_b_C1_R,R,acetylcholine
97122,FB2K,FB2K_R,R,glutamate
97443,FC2B,FC2B_C8_L,L,acetylcholine
97512,IbSpsP,IbSpsP(PB17)_R4/5,R,acetylcholine
97523,FB2K,FB2K_L,L,glutamate
97590,FB2L,FB2L_R,R,glutamate
97678,PFNv,PFNv(PB05)_L6_C5,L,acetylcholine
97946,vDeltaI_b,vDeltaI_b_C0,L,acetylcholine
98136,FB2K,FB2K_L,L,glutamate
98337,PFNa,PFNa(PB03)_R4_C7,R,acetylcholine
98374,vDeltaM,vDeltaM_C2,L,acetylcholine
98391,PFNa,PFNa(PB03)_L6_C5,L,acetylcholine
98430,PFNp_e,PFNp_e,L,acetylcholine
98457,vDeltaC,vDeltaC_C0,L,acetylcholine
98471,PFNp_a,PFNp_a,L,acetylcholine
98544,FR1,FR1(FQ4)_C4_R,R,acetylcholine
98874,PFNd,PFNd(PB04)_L8_C7,L,acetylcholine
99028,FB2J_a,FB2J_a_R,R,glutamate
99284,FS3_a,FS3_a_C1_R,R,acetylcholine
99299,FB2C,FB2C_L,L,glutamate
99346,FB2K,FB2K_R,R,glutamate
99513,FB7D_a,FB7D_a_L,L,glutamate
99693,vDeltaK,vDeltaK_C2,L,acetylcholine
99820,FC2B,FC2B_C4_L,L,acetylcholine
99942,PFNp_a,PFNp_a,R,acetylcholine
100217,FB3C,FB3C_R,R,gaba
100304,FB4E_a,FB4E_a_L,L,glutamate
100451,SAF,SAF(FB9)_R,R,glutamate
100513,SA2_a,SA2_a_cont_L,L,glutamate
100586,FB4A_a,FB4A_a_L,L,glutamate
100809,PEG,PEG(PB07)_L7,L,acetylcholine
100824,vDeltaK,vDeltaK_C0,R,acetylcholine
101011,FC2C,FC2C_C6_R,R,acetylcholine
101052,FB4E_b,FB4E_b_R,R,glutamate
101125,PFNm_a,PFNm_a_R2_C9,R,acetylcholine
101212,FS1A_c,FS1A_c_C2_R,R,acetylcholine
101406,FB9A,FB9A_L,L,glutamate
101508,FB1B,FB1B_R,R,glutamate
101515,FB7F,FB7F_L,L,glutamate
101552,vDeltaF,vDeltaF_C7,L,acetylcholine
101754,FS1B_b,FS1B_b_C8_R,R,acetylcholine
101791,PFNp_e,PFNp_e,L,acetylcholine
101821,FS2,FS2_C3_R,R,acetylcholine
101898,PFNa,PFNa(PB03)_L4_C3,L,acetylcholine
102209,PFNa,PFNa(PB03)_L4_C3,L,acetylcholine
102316,FB3D,FB3D_R,R,glutamate
102359,vDeltaK,vDeltaK_C0,L,acetylcholine
102416,vDeltaK,vDeltaK_C3,R,acetylcholine
102438,FB7D_b,FB7D_b_R,R,glutamate
102689,PFNv,PFNv(PB05)_R9_C1,R,acetylcholine
102878,FB8I,FB8I_R,R,glutamate
102956,FB7D_a,FB7D_a_L,L,glutamate
103107,SA3,SA3_bilateral_L,L,glutamate
103306,FB2F_d,FB2F_d_L,L,glutamate
103466,FC2B,FC2B_C2_L,L,acetylcholine
103482,FC1F,FC1F_C8_R,R,acetylcholine
103526,FS1A_c,FS1A_c_C4_R,R,acetylcholine
103598,FS1B_b,FS1B_b_C4_L,L,acetylcholine
104007,FB5S,FB5S_R,R,glutamate
104220,FR1,FR1(FQ4)_C5_R,R,acetylcholine
104306,ER3a_a,ER3a_a_L,L,gaba
104316,SA3,SA3_bilateral_L,L,glutamate
104389,FS4B,FS4B_C9_L,L,acetylcholine
104473,PFNp_b,PFNp_b,R,acetylcholine
104593,FB2F_c,FB2F_c_L,L,glutamate
104985,FB6N,FB6N_R,R,glutamate
105012,SA2_b,SA2_b_cont_L,L,glutamate
105072,vDeltaC,vDeltaC_C3,L,acetylcholine
105078,FB6J,FB6J_R,R,glutamate
105369,FS4C,FS4C_C9_L,L,acetylcholine
105406,vDeltaI_a,vDeltaI_a_C6,L,acetylcholine
105436,FB5V_a,FB5V_a_R,R,glutamate
105582,SA2_a,SA2_a_cont_L,L,glutamate
105664,FS1A_c,FS1A_c_C3_R,R,acetylcholine
105775,FB4E_a,FB4E_a_L,L,glutamate
105904,FB2K,FB2K_L,L,glutamate
106016,vDeltaA_b,vDeltaA_b_C0,L,acetylcholine
106180,SA1_b,SA1_b_R,R,glutamate
106292,FC1D,FC1D_C4_R,R,acetylcholine
106414,FB7G,FB7G_R,R,glutamate
106494,FS4A,FS4A_C1_R,R,acetylcholine
106495,FC2B,FC2B_C6_R,R,acetylcholine
106555,vDeltaJ,vDeltaJ_C0,L,acetylcholine
106593,FB5V_c,FB5V_c_L,L,glutamate
106856,FS1A_b,FS1A_b_C6_L,L,acetylcholine
107195,EPG,EPG(PB08)_L5,L,acetylcholine
107492,FS1B_a,FS1B_a_C4_L,L,acetylcholine
107497,PFNp_e,PFNp_e,R,acetylcholine
107521,FC3_b,FC3_b_C2_L,L,acetylcholine
107571,PFNm_b,PFNm_b_L8_C7,L,acetylcholine
107690,FC2B,FC2B_C4_L,L,acetylcholine
108042,PFNp_b,PFNp_b,R,acetylcholine
108286,FC2C,FC2C_C7_R,R,acetylcholine
108332,PFNp_a,PFNp_a,L,acetylcholine
108415,hDeltaJ,hDeltaJ_09_C7b,L,acetylcholine
108478,PFL3,PFL3(PB12c)_L1_C3,L,acetylcholine
108566,SA3,SA3_bilateral_R,R,glutamate
108585,FB8I,FB8I_L,L,glutamate
108643,FC1E,FC1E_C6_R,R,acetylcholine
108738,vDeltaI_a,vDeltaI_a_C0,R,acetylcholine
108860,FB5V_a,FB5V_a_L,L,glutamate
109669,FB2K,FB2K_R,R,glutamate
109752,FC2C,FC2C_C9_R,R,acetylcholine
109806,PFNm_b,PFNm_b_L9_C9,L,acetylcholine
109866,hDeltaC,hDeltaC_12_C10,L,acetylcholine
110007,FB7C,FB7C_L,L,glutamate
110276,PFNp_b,PFNp_b,R,acetylcholine
110323,FC1B,FC1B_C3_R,R,acetylcholine
110382,SA2_a,SA2_a_cont_L,L,glutamate
110439,PFNp_c,PFNp_c,L,acetylcholine
110451,FB7D_b,FB7D_b_L,L,glutamate
110756,vDeltaF,vDeltaF_C0,R,acetylcholine
111108,PFNa,PFNa(PB03)_R6_C5,R,acetylcholine
111244,FC1F,FC1F_C5_R,R,acetylcholine
111460,FS3_c,FS3_c_C1_R,R,acetylcholine
111593,vDeltaK,vDeltaK_C3,L,acetylcholine
111693,vDeltaL,vDeltaL_C7,L,acetylcholine
111837,vDeltaM,vDeltaM_C0,R,acetylcholine
112039,PFNp_a,PFNp_a,R,acetylcholine
112156,FB8F_a,FB8F_a_L,L,glutamate
112250,PFNp_c,PFNp_c,R,acetylcholine
112339,FS1A_a,FS1A_a_C3_R,R,acetylcholine
112377,PFNp_b,PFNp_b,R,acetylcholine
112402,vDeltaM,vDeltaM_C0,R,acetylcholine
112466,FB2C,FB2C_R,R,glutamate
112530,vDeltaE,vDeltaE_C4,L,acetylcholine
112562,vDeltaK,vDeltaK_C5,R,acetylcholine
112723,PFNp_e,PFNp_e,R,acetylcholine
112756,PFNp_e,PFNp_e,R,acetylcholine
112888,FC2C,FC2C_C8_L,L,acetylcholine
112940,FC1E,FC1E_C5_L,L,acetylcholine
113148,FB5S,FB5S_R,R,glutamate
113398,FC1B,FC1B_C4_R,R,acetylcholine
113489,PFNp_a,PFNp_a,R,acetylcholine
113500,FC3_b,FC3_b_C5_L,L,acetylcholine
113512,vDeltaL,vDeltaL_C3,L,acetylcholine
113544,FS4C,FS4C_C7_R,R,acetylcholine
113565,FB8F_a,FB8F_a_R,R,glutamate
113588,FB5T,FB5T_L,L,glutamate
113840,FB4A_a,FB4A_a_R,R,glutamate
113924,FB5U,FB5U_R,R,glutamate
114009,FC1B,FC1B_C5_R,R,acetylcholine
114050,PFNa,PFNa(PB03),R,acetylcholine
114213,FB4A_a,FB4A_a_R,R,glutamate
114379,vDeltaK,vDeltaK_C4,L,acetylcholine
114392,FB6S,FB6S_L,L,glutamate
114426,PFNm_b,PFNm_b_R9_C1,R,acetylcholine
114480,FS4B,FS4B_C8_R,R,acetylcholine
114624,SA1_c,SA1_c_R,R,glutamate
114647,PFNm_b,PFNm_b_L3_C2,L,acetylcholine
114924,SA2_c,SA2_c_cont_L,L,glutamate
115046,FS3_b,FS3_b_C8_L,L,acetylcholine
115198,P6-8P9,P6-8P9(PB14)_L,L,glutamate
115260,PFNa,PFNa(PB03)_L2_C1,L,acetylcholine
115261,FC2C,FC2C_C6_L,L,acetylcholine
115521,FB6R,FB6R_L,L,glutamate
115546,FB4E_a,FB4E_a_R,R,glutamate
115572,vDeltaL,vDeltaL_C2,L,acetylcholine
115622,SA1_a,SA1_a_R,R,glutamate
115624,PFNa,PFNa(PB03)_R4_C7,R,acetylcholine
115674,FC2C,FC2C_C4_R,R,acetylcholine
115704,FB5S,FB5S_R,R,glutamate
115826,SA2_b,SA2_b_cont_L,L,glutamate
115953,FS4A,FS4A_C9_L,L,acetylcholine
116185,FB8F_a,FB8F_a_R,R,glutamate
116200,FB5P,FB5P_R,R,glutamate
116303,vDeltaE,vDeltaE_C1,L,acetylcholine
116424,vDeltaL,vDeltaL_C3,R,acetylcholine
116777,PFNp_e,PFNp_e,L,acetylcholine
117040,FB8F_a,FB8F_a_R,R,glutamate
117121,FB3C,FB3C_L,L,gaba
117172,vDeltaM,vDeltaM_C0,R,acetylcholine
117356,FC1E,FC1E_C2_L,L,acetylcholine
117521,FS2,FS2_C2_R,R,acetylcholine
117590,SAF,SAF(FB9)_L,L,glutamate
117868,SAF,SAF(FB9)_R,R,glutamate
117879,PFNp_b,PFNp_b,R,acetylcholine
117972,vDeltaB,vDeltaB_C1,L,acetylcholine
118288,PFNm_b,PFNm_b_R2_C9,R,acetylcholine
118318,FB6S,FB6S_L,L,glutamate
118375,FS2,FS2_C2_L,L,acetylcholine
118431,vDeltaK,vDeltaK_C5,L,acetylcholine
118617,FC1D,FC1D_C5_R,R,acetylcholine
118715,vDeltaE,vDeltaE_C7,R,acetylcholine
118960,FB8F_a,FB8F_a_L,L,glutamate
118973,PFNm_b,PFNm_b_R8_C3,R,acetylcholine
118980,PFNa,PFNa(PB03)_L2_C1,L,acetylcholine
119544,FC2C,FC2C_C6_L,L,acetylcholine
119668,FC1D,FC1D_C7_L,L,acetylcholine
119776,vDeltaM,vDeltaM_C2,L,acetylcholine
119819,FC2C,FC2C_C8_L,L,acetylcholine
119833,vDeltaG,vDeltaG_C5,R,acetylcholine
119860,FB5V_c,FB5V_c_R,R,glutamate
120165,FS1A_c,FS1A_c_C3_R,R,acetylcholine
120524,FS4C,FS4C_C1_R,R,acetylcholine
120591,FC1C_b,FC1C_C4_R,R,acetylcholine
120773,vDeltaH,vDeltaH_C7,R,acetylcholine
120798,FB8F_b,FB8F_b_L,L,glutamate
120915,FS1B_b,FS1B_b_C5_L,L,acetylcholine
121031,FB2C,FB2C_L,L,glutamate
121084,FB5S,FB5S_L,L,glutamate
121377,vDeltaF,vDeltaF_C5,R,acetylcholine
121578,IbSpsP,IbSpsP(PB17)_R2,R,acetylcholine
121794,vDeltaE,vDeltaE_C2,L,acetylcholine
121959,hDeltaJ,hDeltaJ_08_C7a,L,acetylcholine
121970,FB8E,FB8E_L,L,glutamate
121996,FS3_d,FS3_C8_R,R,acetylcholine
122132,PFNp_c,PFNp_c,R,acetylcholine
122167,FC2C,FC2C_C7_R,R,acetylcholine
122334,FC2C,FC2C_C7_L,L,acetylcholine
122727,vDeltaB,vDeltaB_C8,R,acetylcholine
122745,FB5U,FB5U_R,R,glutamate
123047,hDeltaI,hDeltaI_12_C10,L,acetylcholine
123127,PFNa,PFNa(PB03)_L6_C5,L,acetylcholine
123199,FB6S,FB6S_R,R,glutamate
123248,FB4E_b,FB4E_b_L,L,glutamate
123377,IbSpsP,IbSpsP(PB17)_R6/7,R,acetylcholine
123428,PFNp_e,PFNp_e,R,acetylcholine
123675,FS4C,FS4C_C4_L,L,acetylcholine
123681,FB7C,FB7C_L,L,glutamate
124027,FB5S,FB5S_L,L,glutamate
124099,PFNp_b,PFNp_b,R,acetylcholine
124313,PFNm_b,PFNm_b_L9_C9,L,acetylcholine
124358,FB8D,FB8D_R,R,glutamate
124466,PFNm_b,PFNm_b_L7_C6,L,acetylcholine
124469,vDeltaH,vDeltaH_C0,L,acetylcholine
124472,vDeltaA_b,vDeltaA_b_C1,L,acetylcholine
124489,SAF,SAF(FB9)_R,R,glutamate
124536,vDeltaM,vDeltaM_C2,R,acetylcholine
124562,FC2C,FC2C_C5_L,L,acetylcholine
124659,hDeltaI,hDeltaI_04_C4,R,acetylcholine
124948,vDeltaM,vDeltaM_C3,R,acetylcholine
125114,FB6S,FB6S_R,R,glutamate
125225,FS4A,FS4A_C1_R,R,acetylcholine
125272,FS1B_a,FS1B_a_C3_R,R,acetylcholine
125273,PFNm_b,PFNm_b_R8_C3,R,acetylcholine
125294,vDeltaC,vDeltaC_C7,R,acetylcholine
125369,FB6L,FB6L_R,R,unclear
125399,vDeltaA_b,vDeltaA_b_C2,L,acetylcholine
125443,FB8F_b,FB8F_b_R,R,glutamate
125531,vDeltaG,vDeltaG_C1,L,acetylcholine
125566,FS3_b,FS3_b_C9_L,L,acetylcholine
125592,FS4C,FS4C_C3_R,R,acetylcholine
125729,PFNm_b,PFNm_b_R5_C6,R,acetylcholine
125940,PFNp_b,PFNp_b,R,acetylcholine
126061,hDeltaI,hDeltaI_05_C4,R,acetylcholine
126393,FB2F_d,FB2F_d_R,R,glutamate
126426,P6-8P9,P6-8P9(PB14)_R,R,glutamate
126496,vDeltaK,vDeltaK_C0,L,acetylcholine
126699,FS3_d,FS3_C8_L,L,acetylcholine
126963,vDeltaI_a,vDeltaI_a_C7,R,acetylcholine
127066,vDeltaL,vDeltaL_C5,L,acetylcholine
127158,FS4A,FS4A_C1_R,R,acetylcholine
127208,vDeltaM,vDeltaM_C0,R,acetylcholine
127422,vDeltaF,vDeltaF_C5,R,acetylcholine
127493,vDeltaM,vDeltaM_C4,L,acetylcholine
127510,vDeltaD,vDeltaD_C3,L,acetylcholine
127661,FC2C,FC2C_C6_R,R,acetylcholine
127690,FB7C,FB7C_R,R,glutamate
128010,FB9A,FB9A_L,L,glutamate
128164,SA2_b,SA2_b_cont_L,L,glutamate
128516,FB6J,FB6J_L,L,glutamate
128552,IbSpsP,IbSpsP(PB17)_R4,R,acetylcholine
128694,vDeltaD,vDeltaD_C4,R,acetylcholine
128738,vDeltaM,vDeltaM_C9,R,acetylcholine
128825,FB5B,FB5B_L,L,glutamate
129715,PFNa,PFNa(PB03)_L4_C3,L,acetylcholine
129748,PFNm_b,PFNm_b_L8_C7,L,acetylcholine
129772,vDeltaL,vDeltaL_C3,R,acetylcholine
129780,FC3_b,FC3_b_C3_L,L,acetylcholine
129790,FC1F,FC1F_C5_L,L,acetylcholine
129936,vDeltaF,vDeltaF_C6,L,acetylcholine
129971,PFNp_a,PFNp_a,R,acetylcholine
130007,FC1B,FC1B_C2_L,L,acetylcholine
130104,FC1E,FC1E_C5_R,R,acetylcholine
130122,FB7M,FB7M_R,R,glutamate
130144,FS4A,FS4A_C8_R,R,acetylcholine
130175,FB8G,FB8G_L,L,glutamate
130366,vDeltaL,vDeltaL_C0,R,acetylcholine
130460,vDeltaC,vDeltaC_C9,R,acetylcholine
130466,SA3,SA3_bilateral_L,L,glutamate
130557,FS3_c,FS3_c_C6_L,L,acetylcholine
130835,FC1C_b,FC1C_C4_L,L,acetylcholine
130897,vDeltaM,vDeltaM_C3,L,acetylcholine
130971,hDeltaI,hDeltaI_12_C10,L,acetylcholine
131124,IbSpsP,IbSpsP(PB17)_R8/9,R,acetylcholine
131142,PFNp_c,PFNp_c,R,acetylcholine
131237,FS4C,FS4C_C6_R,R,acetylcholine
131273,FC2A,FC2A_C5_R,R,acetylcholine
131313,EPG,EPG(PB08)_R6,R,acetylcholine
131537,PFNp_c,PFNp_c,R,acetylcholine
131570,FB8D,FB8D_L,L,glutamate
131734,FB8F_b,FB8F_b_L,L,glutamate
131748,FR1,FR1(FQ4)_C7_R,R,acetylcholine
131902,vDeltaL,vDeltaL_C3,L,acetylcholine
131984,FC1C_b,FC1C_C5_L,L,acetylcholine
132121,vDeltaH,vDeltaH_C4,R,acetylcholine
132143,vDeltaD,vDeltaD_C7,R,acetylcholine
132371,FS4C,FS4C_C4_R,R,acetylcholine
132382,PFNp_e,PFNp_e,L,acetylcholine
132482,FC2C,FC2C_C9_L,L,acetylcholine
132650,FB7D_a,FB7D_a_R,R,glutamate
132828,PFNp_c,PFNp_c,R,acetylcholine
132898,PFNp_c,PFNp_c,L,acetylcholine
132995,vDeltaC,vDeltaC_C9,R,acetylcholine
133002,PFNp_e,PFNp_e,L,acetylcholine
133079,PFNp_a,PFNp_a,L,acetylcholine
133373,FS1A_b,FS1A_b_C6_L,L,acetylcholine
133390,vDeltaL,vDeltaL_C0,L,acetylcholine
133601,FB4X,FB4X_L,L,glutamate
133645,PFNp_c,PFNp_c,L,acetylcholine
133712,vDeltaM,vDeltaM_C7,R,acetylcholine
133846,vDeltaC,vDeltaC_C2,L,acetylcholine
133953,FC1C_b,FC1C_C4_R,R,acetylcholine
134100,vDeltaJ,vDeltaJ_C4,R,acetylcholine
134107,FS1A_a,FS1A_a_C6_R,R,acetylcholine
134118,FR2,FR2_C2_R,R,acetylcholine
134322,FS1A_c,FS1A_c_C7_L,L,acetylcholine
134390,PFNp_c,PFNp_c,L,acetylcholine
134653,vDeltaB,vDeltaB_C0,R,acetylcholine
134768,vDeltaA_a,vDeltaA_a(AB)_C0,L,acetylcholine
134802,FS4A,FS4A_C2_R,R,acetylcholine
134848,vDeltaM,vDeltaM_C4,L,acetylcholine
135084,FC1C_b,FC1C_C9_L,L,acetylcholine
135201,PFNp_b,PFNp_b,L,acetylcholine
135453,PFNm_a,PFNm_a_L4_C3,L,acetylcholine
135454,FS1A_b,FS1A_b_C7_L,L,acetylcholine
135721,vDeltaH,vDeltaH_C7,R,acetylcholine
136113,vDeltaG,vDeltaG_C7,R,acetylcholine
136159,FB5U,FB5U_L,L,glutamate
136469,FS1B_b,FS1B_b_C4_R,R,acetylcholine
136667,FB8G,FB8G_R,R,glutamate
136981,vDeltaI_a,vDeltaI_a_C8,R,acetylcholine
137084,vDeltaG,vDeltaG_C5,L,acetylcholine
137299,FC2A,FC2A_C5_L,L,acetylcholine
137378,vDeltaA_a,vDeltaA_a(AB)_C3,R,acetylcholine
137597,vDeltaI_a,vDeltaI_a_C5,R,acetylcholine
137777,vDeltaI_a,vDeltaI_a_C5,L,acetylcholine
137936,FB6S,FB6S_R,R,glutamate
137949,vDeltaD,vDeltaD_C1,L,acetylcholine
137990,FC2B,FC2B_C3_L,L,acetylcholine
138011,FS1A_a,FS1A_a_C2_L,L,acetylcholine
138121,FC1A,FC1A_C2_R,R,acetylcholine
138167,vDeltaB,vDeltaB_C0,R,acetylcholine
138220,FR2,FR2_C1_R,R,acetylcholine
138592,FS1B_a,FS1B_a_C6_L,L,acetylcholine
138785,PFNp_e,PFNp_e,R,acetylcholine
139382,FB4A_a,FB4A_a_L,L,glutamate
139590,FB8F_b,FB8F_b_L,L,glutamate
139612,PFNp_b,PFNp_b,R,acetylcholine
139657,vDeltaG,vDeltaG_C0,R,acetylcholine
139763,FC2C,FC2C_C2_R,R,acetylcholine
139866,vDeltaC,vDeltaC_C5,R,acetylcholine
139925,FS1A_a,FS1A_a_C7_L,L,acetylcholine
140134,vDeltaI_a,vDeltaI_a_C7,L,acetylcholine
140308,PFNp_b,PFNp_b,R,acetylcholine
140436,vDeltaA_b,vDeltaA_b_C1,L,acetylcholine
140558,FB4E_b,FB4E_b_L,L,glutamate
140609,PFNp_c,PFNp_c,L,acetylcholine
140688,PFNp_e,PFNp_e,R,acetylcholine
140727,SA3,SA3_bilateral_R,R,glutamate
140787,FC2B,FC2B_C1_L,L,acetylcholine
140794,FC2C,FC2C_C3_R,R,acetylcholine
140820,FB2F_d,FB2F_d_R,R,glutamate
140831,PFNp_a,PFNp_a,L,acetylcholine
140877,vDeltaE,vDeltaE_C5,L,acetylcholine
141044,vDeltaA_a,vDeltaA_a(AB)_C0,R,acetylcholine
141161,FB4Z_c,FB4Z_c_R,R,glutamate
141295,PFNm_b,PFNm_b_R3_C8,R,acetylcholine
141430,FC2C,FC2C_C3_R,R,acetylcholine
141499,vDeltaD,vDeltaD_C5,R,acetylcholine
141939,vDeltaE,vDeltaE_C7,L,acetylcholine
142155,FS4A,FS4A_C9_L,L,acetylcholine
142427,vDeltaA_a,vDeltaA_a(AB)_C0,R,acetylcholine
142689,hDeltaI,hDeltaI_11_C9,L,acetylcholine
142805,vDeltaB,vDeltaB_C4,R,acetylcholine
142911,vDeltaE,vDeltaE_C5,R,acetylcholine
143023,FB8F_b,FB8F_b_R,R,glutamate
143106,vDeltaB,vDeltaB_C4,L,acetylcholine
143371,vDeltaB,vDeltaB_C4,L,acetylcholine
143387,vDeltaI_b,vDeltaI_b_C7,R,acetylcholine
143586,vDeltaC,vDeltaC_C1,L,acetylcholine
144052,PFNp_a,PFNp_a,L,acetylcholine
144110,PFNp_a,PFNp_a,L,acetylcholine
144163,PFNp_e,PFNp_e,L,acetylcholine
144164,PFNp_b,PFNp_b,R,acetylcholine
144165,vDeltaA_a,vDeltaA_a(AB)_C2,L,acetylcholine
144251,PFNp_c,PFNp_c,R,acetylcholine
144488,FC1C_a,FC1C_a_C2_L,L,acetylcholine
144553,FB6J,FB6J_L,L,glutamate
144604,FS2,FS2_C6_R,R,acetylcholine
144697,vDeltaA_a,vDeltaA_a(AB)_C7,L,acetylcholine
144908,vDeltaB,vDeltaB_C6,L,acetylcholine
144997,FC1C_a,FC1C_a_C6_L,L,acetylcholine
145031,FS4C,FS4C_C7_L,L,acetylcholine
145037,vDeltaK,vDeltaK_C1,L,acetylcholine
145039,PFNa,PFNa(PB03)_L9_C9,L,acetylcholine
145195,FB5S,FB5S_R,R,glutamate
145229,FB4Z_b,FB4Z_b_R,R,glutamate
145234,PFNp_b,PFNp_b,L,acetylcholine
145408,vDeltaM,vDeltaM_C5,L,acetylcholine
145530,vDeltaI_b,vDeltaI_b_C5,R,acetylcholine
145547,PFNa,PFNa(PB03)_L6_C5,L,acetylcholine
145577,SA1_b,SA1_b_R,R,glutamate
145592,FS2,FS2_C7_R,R,acetylcholine
145879,vDeltaE,vDeltaE_C0,R,acetylcholine
145889,vDeltaC,vDeltaC_C7,L,acetylcholine
145920,FB6L,FB6L_L,L,unclear
146172,FS4A,FS4A_C1_R,R,acetylcholine
146190,FR2,FR2_C1_L,L,acetylcholine
146261,FS1A_b,FS1A_b_C7_R,R,acetylcholine
146366,FB5U,FB5U_L,L,glutamate
146404,vDeltaF,vDeltaF_C2,L,acetylcholine
146524,FS1A_c,FS1A_c_C8_L,L,acetylcholine
146667,FR2,FR2_C8_R,R,acetylcholine
146988,PFNp_b,PFNp_b,R,acetylcholine
147036,PFNp_a,PFNp_a,R,acetylcholine
147142,PFNm_b,PFNm_b_R4_C7,R,acetylcholine
147151,vDeltaB,vDeltaB_C6,L,acetylcholine
147211,PFNp_a,PFNp_a,L,acetylcholine
147267,FS4C,FS4C_C2_R,R,acetylcholine
147285,SA1_b,SA1_b_R,R,glutamate
147334,vDeltaC,vDeltaC_C4,R,acetylcholine
147399,FC1C_b,FC1C_C9_L,L,acetylcholine
147541,vDeltaD,vDeltaD_C7,R,acetylcholine
147665,vDeltaF,vDeltaF_C7,R,acetylcholine
147744,vDeltaA_a,vDeltaA_a(AB)_C9,R,acetylcholine
147832,PFNa,PFNa(PB03)_L7_C6,L,acetylcholine
147909,PFNp_b,PFNp_b,L,acetylcholine
147925,FS1B_a,FS1B_a_C6_R,R,acetylcholine
147927,FB4Z_a,FB4Z_a_R,R,glutamate
147957,vDeltaF,vDeltaF_C5,L,acetylcholine
148054,vDeltaD,vDeltaD_C5,L,acetylcholine
148117,vDeltaM,vDeltaM_C3,L,acetylcholine
148220,FS1B_b,FS1B_b_C2_L,L,acetylcholine
148290,vDeltaJ,vDeltaJ_C8,R,acetylcholine
148291,FS4B,FS4B_C2_L,L,acetylcholine
148295,PFNp_e,PFNp_e,L,acetylcholine
148416,vDeltaB,vDeltaB_C3,L,acetylcholine
148473,PFNp_b,PFNp_b,L,acetylcholine
148515,IbSpsP,IbSpsP(PB17)_R8,R,acetylcholine
148713,PFNp_c,PFNp_c,L,acetylcholine
148726,FB5R,FB5R_R,R,glutamate
148749,FB5S,FB5S_L,L,glutamate
148789,FB8E,FB8E_L,L,glutamate
148829,FS1A_b,FS1A_b_C4_L,L,acetylcholine
148830,FC2C,FC2C_C5_R,R,acetylcholine
148833,FS4C,FS4C_C3_R,R,acetylcholine
148905,vDeltaC,vDeltaC_C5,R,acetylcholine
149088,FS3_a,FS3_a_C2_L,L,acetylcholine
149160,FC1C_a,FC1C_a_C7_L,L,acetylcholine
149200,PFNp_b,PFNp_b,L,acetylcholine
149414,PFNm_a,PFNm_a_R4_C7,R,acetylcholine
149469,vDeltaG,vDeltaG_C3,L,acetylcholine
149501,PFNm_b,PFNm_b_R3_C8,R,acetylcholine
149707,FB9A,FB9A_R,R,glutamate
149740,FC2B,FC2B_C9_L,L,acetylcholine
149817,vDeltaD,vDeltaD_C5,R,acetylcholine
149891,FB5W_b,FB5W_b_L,L,glutamate
149966,vDeltaI_b,vDeltaI_b_C3,L,acetylcholine
150112,PFNp_b,PFNp_b,L,acetylcholine
150364,PFNm_b,PFNm_b_L5_C4,L,acetylcholine
150382,PFNp_d,PFNp_d,L,acetylcholine
150450,PFNp_e,PFNp_e,R,acetylcholine
150676,PFNp_b,PFNp_b,R,acetylcholine
150878,vDeltaC,vDeltaC_C8,R,acetylcholine
150957,FB6J,FB6J_L,L,glutamate
151041,vDeltaI_b,vDeltaI_b_C6,L,acetylcholine
151050,FB4Z_b,FB4Z_b_R,R,glutamate
151069,vDeltaI_b,vDeltaI_b_C1,L,acetylcholine
151100,SA2_c,SA2_c_cont_L,L,glutamate
151341,vDeltaL,vDeltaL_C0,R,acetylcholine
151501,FB9A,FB9A_R,R,glutamate
151502,vDeltaC,vDeltaC_C6,L,acetylcholine
151536,vDeltaC,vDeltaC_C7,R,acetylcholine
151537,vDeltaM,vDeltaM_C5,L,acetylcholine
151618,FB9A,FB9A_L,L,glutamate
151641,PFNp_a,PFNp_a,R,acetylcholine
151739,FC2C,FC2C_C2_R,R,acetylcholine
151777,vDeltaF,vDeltaF_C1,L,acetylcholine
151820,FC1C_a,FC1C_a_C3_R,R,acetylcholine
151904,vDeltaJ,vDeltaJ_C3,L,acetylcholine
151927,FS4C,FS4C_C2_R,R,acetylcholine
151976,vDeltaA_b,vDeltaA_b_C0,L,acetylcholine
152120,FS2,FS2_C1_R,R,acetylcholine
152133,FS4C,FS4C_C3_L,L,acetylcholine
152259,vDeltaJ,vDeltaJ_C6,L,acetylcholine
152295,vDeltaA_a,vDeltaA_a(AB)_C3,R,acetylcholine
152338,vDeltaC,vDeltaC_C5,L,acetylcholine
152346,FC1E,FC1E_C7_L,L,acetylcholine
152649,PFNp_b,PFNp_b,L,acetylcholine
152672,FS1B_b,FS1B_b_C7_L,L,acetylcholine
152687,vDeltaI_a,vDeltaI_a_C9,R,acetylcholine
152767,FS4B,FS4B_C8_L,L,acetylcholine
152776,vDeltaA_a,vDeltaA_a(AB)_C4,L,acetylcholine
152910,FB9A,FB9A_R,R,glutamate
153318,PFNp_b,PFNp_b,L,acetylcholine
153344,vDeltaB,vDeltaB_C5,R,acetylcholine
153367,PFNp_b,PFNp_b,L,acetylcholine
153375,PFNm_b,PFNm_b_L5_C4,L,acetylcholine
153424,vDeltaA_a,vDeltaA_a(AB)_C9,R,acetylcholine
153440,FB9C,FB9C_R,R,glutamate
153441,FC2C,FC2C_C5_L,L,acetylcholine
153527,FS4A,FS4A_C9_L,L,acetylcholine
153543,PFNp_a,PFNp_a,L,acetylcholine
153558,FC2C,FC2C_C5_R,R,acetylcholine
153927,FS1B_b,FS1B_b_C6_R,R,acetylcholine
153928,FB9C,FB9C_L,L,glutamate
153938,FS1A_c,FS1A_c_C1_R,R,acetylcholine
153999,FB5S,FB5S_L,L,glutamate
154212,FB5R,FB5R_L,L,glutamate
154239,PFNp_b,PFNp_b,R,acetylcholine
154293,vDeltaG,vDeltaG_C8,R,acetylcholine
154386,FB8A,FB8A_L,L,glutamate
154646,FS1A_b,FS1A_b_C5_R,R,acetylcholine
154748,PFNp_a,PFNp_a,L,acetylcholine
154764,FB8F_b,FB8F_b_R,R,glutamate
154816,vDeltaK,vDeltaK_C6,R,acetylcholine
154825,FB9C,FB9C_L,L,glutamate
154955,PFNp_b,PFNp_b,R,acetylcholine
155188,FB4Z_a,FB4Z_a_R,R,glutamate
155194,FR2,FR2_C5_L,L,acetylcholine
155214,vDeltaA_b,vDeltaA_b_C6,L,acetylcholine
155238,PFNm_a,PFNm_a_L4_C3,L,acetylcholine
155275,FS2,FS2_C8_R,R,acetylcholine
155286,vDeltaL,vDeltaL_C4,L,acetylcholine
155307,PFNp_b,PFNp_b,R,acetylcholine
155385,PFNm_a,PFNm_a_L6_C5,L,acetylcholine
155619,FS1A_b,FS1A_b_C2_L,L,acetylcholine
155668,vDeltaD,vDeltaD_C6,L,acetylcholine
155691,vDeltaC,vDeltaC_C3,L,acetylcholine
155872,FC1D,FC1D_C3_L,L,acetylcholine
155930,PFNp_b,PFNp_b,R,acetylcholine
156005,FS3_b,FS3_b_C2_R,R,acetylcholine
156045,FS4A,FS4A_C5_R,R,acetylcholine
156116,PFNp_b,PFNp_b,L,acetylcholine
156190,FB5S,FB5S_L,L,glutamate
156221,FS4A,FS4A_C9_L,L,acetylcholine
156233,FB9C,FB9C_L,L,glutamate
156380,FS4A,FS4A_C6_L,L,acetylcholine
156453,FS2,FS2_C4_R,R,acetylcholine
156581,PFNp_b,PFNp_b,L,acetylcholine
156696,PFNm_b,PFNm_b_R4_C7,R,acetylcholine
156699,PFNp_b,PFNp_b,R,acetylcholine
156843,PFNp_b,PFNp_b,L,acetylcholine
156876,FS4C,FS4C_C3_L,L,acetylcholine
156955,FS1A_c,FS1A_c_C2_L,L,acetylcholine
156986,FS2,FS2_C3_L,L,acetylcholine
157170,PFNp_a,PFNp_a,L,acetylcholine
157201,vDeltaA_b,vDeltaA_b_C3,L,acetylcholine
157558,vDeltaB,vDeltaB_C7,R,acetylcholine
157584,FR2,FR2_C4_L,L,acetylcholine
157585,FS1B_b,FS1B_b_C7_R,R,acetylcholine
157652,FS3_a,FS3_a_C2_R,R,acetylcholine
157670,FS4A,FS4A_C4_L,L,acetylcholine
157747,PFNp_b,PFNp_b,L,acetylcholine
157838,FR2,FR2_C9_L,L,acetylcholine
157931,FS4A,FS4A_C2_R,R,acetylcholine
157936,vDeltaA_a,vDeltaA_a(AB)_C7,R,acetylcholine
157950,vDeltaB,vDeltaB_C5,L,acetylcholine
158003,PFNp_b,PFNp_b,R,acetylcholine
158145,FS4B,FS4B_C1_R,R,acetylcholine
158252,FR2,FR2_C7_L,L,acetylcholine
158352,vDeltaL,vDeltaL_C6,L,acetylcholine
158363,FC,FC1C(?)_C8_L,L,acetylcholine
158417,PFNp_b,PFNp_b,R,acetylcholine
158552,PFNp_e,PFNp_e,L,acetylcholine
158562,vDeltaJ,vDeltaJ_C5,L,acetylcholine
158590,FS3_c,FS3_c_C5_L,L,acetylcholine
158596,PFNp_b,PFNp_b,L,acetylcholine
158622,vDeltaL,vDeltaL_C5,L,acetylcholine
158691,FS2,FS2_C1_R,R,acetylcholine
158774,vDeltaK,vDeltaK_C1,R,acetylcholine
158908,FB9C,FB9C_R,R,glutamate
158958,PFNp_d,PFNp_d,R,acetylcholine
159021,FS3_c,FS3_c_C4_L,L,acetylcholine
159201,FR2,FR2_C3_L,L,acetylcholine
159252,vDeltaC,vDeltaC_C5,L,acetylcholine
159401,FS2,FS2_C6_R,R,acetylcholine
159635,PFNp_c,PFNp_c,L,acetylcholine
159660,vDeltaB,vDeltaB_C4,R,acetylcholine
159766,PFNp_a,PFNp_a,R,acetylcholine
159797,vDeltaA_a,vDeltaA_a(AB)_C4,L,acetylcholine
159849,FS3_a,FS3_a_C8_R,R,acetylcholine
159866,FB4Z_b,FB4Z_b_L,L,glutamate
159950,PFNp_a,PFNp_a,R,acetylcholine
159956,vDeltaA_a,vDeltaA_a(AB)_C4,R,acetylcholine
159958,FS3_a,FS3_a_C4_L,L,acetylcholine
160024,vDeltaE,vDeltaE_C3,L,acetylcholine
160026,FS4B,FS4B_C1_R,R,acetylcholine
160143,vDeltaA_a,vDeltaA_a(AB)_C9,R,acetylcholine
160209,FS4C,FS4C_C8_L,L,acetylcholine
160253,vDeltaI_b,vDeltaI_b_C3,L,acetylcholine
160287,vDeltaA_a,vDeltaA_a(AB)_C1,L,acetylcholine
160355,FR2,FR2_C6_R,R,acetylcholine
160425,FS4C,FS4C_C7_L,L,acetylcholine
160427,FS1B_b,FS1B_b_C3_R,R,acetylcholine
160441,vDeltaI_a,vDeltaI_a_C3,L,acetylcholine
160445,PFNp_a,PFNp_a,R,acetylcholine
160453,FS3_c,FS3_c_C8_L,L,acetylcholine
160503,PFNp_a,PFNp_a,L,acetylcholine
160742,FS4B,FS4B_C9_L,L,acetylcholine
160818,vDeltaM,vDeltaM_C3,L,acetylcholine
160829,PFNp_b,PFNp_b,L,acetylcholine
160831,FS4C,FS4C_C6_L,L,acetylcholine
160865,FB9C,FB9C_L,L,glutamate
161028,PFNp_a,PFNp_a,R,acetylcholine
161038,vDeltaK,vDeltaK_C4,R,acetylcholine
161080,FS3_c,FS3_c_C4_R,R,acetylcholine
161155,vDeltaK,vDeltaK_C4,R,acetylcholine
161333,vDeltaA_a,vDeltaA_a(AB)_C1,L,acetylcholine
161462,vDeltaC,vDeltaC_C3,L,acetylcholine
161574,FS1A_c,FS1A_c_C7_R,R,acetylcholine
161641,FS2,FS2_C7_R,R,acetylcholine
161646,vDeltaM,vDeltaM_C5,L,acetylcholine
161730,FS3_d,FS3_C1_R,R,acetylcholine
162006,PFNp_a,PFNp_a,R,acetylcholine
162061,vDeltaA_a,vDeltaA_a(AB)_C8,R,acetylcholine
162128,FB9C,FB9C_R,R,glutamate
162135,vDeltaM,vDeltaM_C8,R,acetylcholine
162148,vDeltaA_a,vDeltaA_a(AB)_C0,R,acetylcholine
162170,PFNp_d,PFNp_d,R,acetylcholine
162206,vDeltaK,vDeltaK_C2,L,acetylcholine
162211,FB5Z,FB5Z_R,R,glutamate
162290,vDeltaL,vDeltaL_C0,L,acetylcholine
162458,PFNp_b,PFNp_b,R,acetylcholine
162496,SA1_a,SA1_a_R,R,glutamate
162599,FB4Z_a,FB4Z_a_R,R,glutamate
162680,FS3_a,FS3_a_C4_R,R,acetylcholine
162733,FS2,FS2_C9_L,L,acetylcholine
162861,PFNp_b,PFNp_b,R,acetylcholine
162882,PFNp_b,PFNp_b,L,acetylcholine
162917,PFNp_b,PFNp_b,L,acetylcholine
163081,FS3_d,FS3_C2_R,R,acetylcholine
163253,PFNp_a,PFNp_a,L,acetylcholine
163279,vDeltaK,vDeltaK_C6,R,acetylcholine
163351,vDeltaF,vDeltaF_C0,L,acetylcholine
163353,FS3_b,FS3_b_C2_L,L,acetylcholine
163407,vDeltaB,vDeltaB_C7,R,acetylcholine
163602,FB6L,FB6L_L,L,unclear
163633,PFNp_b,PFNp_b,R,acetylcholine
163640,FS2,FS2_C5_R,R,acetylcholine
163675,vDeltaA_b,vDeltaA_b_C5,L,acetylcholine
163733,vDeltaK,vDeltaK_C0,L,acetylcholine
163748,PFNp_a,PFNp_a,R,acetylcholine
163832,PFNm_b,PFNm_b_R6_C5,R,acetylcholine
163929,FS2,FS2_C6_L,L,acetylcholine
164050,vDeltaL,vDeltaL_C4,R,acetylcholine
164057,PFNp_b,PFNp_b,R,acetylcholine
164104,FS3_d,FS3_C2_R,R,acetylcholine
164124,vDeltaK,vDeltaK_C1,L,acetylcholine
164158,PFNp_b,PFNp_b,R,acetylcholine
164170,FS4B,FS4B_C2_L,L,acetylcholine
164224,PFNm_a,PFNm_a_L9_C9,L,acetylcholine
164248,PFNp_b,PFNp_b,L,acetylcholine
164254,FS2,FS2_C5_L,L,acetylcholine
164287,vDeltaA_b,vDeltaA_b_C5,R,acetylcholine
164318,PFNp_a,PFNp_a,L,acetylcholine
164466,vDeltaK,vDeltaK_C9,R,acetylcholine
164504,vDeltaM,vDeltaM_C0,L,acetylcholine
164791,FS3_d,FS3_C9_L,L,acetylcholine
164808,PFNp_a,PFNp_a,R,acetylcholine
164853,FS4B,FS4B_C5_R,R,acetylcholine
164856,FS2,FS2_C2_L,L,acetylcholine
164863,FB4Z_a,FB4Z_a_L,L,glutamate
164922,vDeltaA_a,vDeltaA_a(AB)_C5,R,acetylcholine
165017,FS4A,FS4A_C9_L,L,acetylcholine
165145,PFNp_b,PFNp_b,R,acetylcholine
165152,FS1A_a,FS1A_a_C3_R,R,acetylcholine
165160,vDeltaB,vDeltaB_C7,R,acetylcholine
165208,FS1A_b,FS1A_b_C1_R,R,acetylcholine
165227,vDeltaE,vDeltaE_C5,L,acetylcholine
165374,vDeltaK,vDeltaK_C7,L,acetylcholine
165485,vDeltaK,vDeltaK_C5,L,acetylcholine
165623,vDeltaK,vDeltaK_C7,R,acetylcholine
165646,vDeltaK,vDeltaK_C9,R,acetylcholine
165700,PFNp_b,PFNp_b,R,acetylcholine
165754,FS4A,FS4A_C7_L,L,acetylcholine
165774,PFNp_b,PFNp_b,L,acetylcholine
165868,vDeltaK,vDeltaK_C7,R,acetylcholine
166071,PFNp_b,PFNp_b,L,acetylcholine
166236,PFNp_a,PFNp_a,L,acetylcholine
166266,FS3_c,FS3_c_C3_R,R,acetylcholine
166333,FS4C,FS4C_C8_R,R,acetylcholine
166439,vDeltaM,vDeltaM_C3,R,acetylcholine
166564,vDeltaM,vDeltaM_C4,R,acetylcholine
166595,PFNp_b,PFNp_b,R,acetylcholine
166767,PFNp_a,PFNp_a,R,acetylcholine
166794,PFNp_a,PFNp_a,L,acetylcholine
166967,PFNp_d,PFNp_d,R,acetylcholine
166976,FB4Z_c,FB4Z_c_L,L,glutamate
167155,vDeltaD,vDeltaD_C9,L,acetylcholine
167173,FS4A,FS4A_C8_L,L,acetylcholine
167231,vDeltaK,vDeltaK_C5,R,acetylcholine
167339,PFNp_b,PFNp_b,L,acetylcholine
167394,PFNp_b,PFNp_b,L,acetylcholine
167648,vDeltaL,vDeltaL_C5,R,acetylcholine
167712,PFNp_b,PFNp_b,R,acetylcholine
167799,PFNp_b,PFNp_b,R,acetylcholine
167903,FS3_a,FS3_a_C6_R,R,acetylcholine
167908,vDeltaM,vDeltaM_C6,R,acetylcholine
167931,PFNp_d,PFNp_d,L,acetylcholine
168043,PFNp_b,PFNp_b,L,acetylcholine
168102,FS4A,FS4A_C8_R,R,acetylcholine
168182,vDeltaA_a,vDeltaA_a(AB)_C7,L,acetylcholine
168294,vDeltaL,vDeltaL_C1,L,acetylcholine
168378,vDeltaA_b,vDeltaA_b_C7,R,acetylcholine
168400,vDeltaL,vDeltaL_C5,R,acetylcholine
168481,FR2,FR2_C3_R,R,acetylcholine
168535,vDeltaA_b,vDeltaA_b_C5,R,acetylcholine
168653,vDeltaL,vDeltaL_C7,R,acetylcholine
168680,vDeltaM,vDeltaM_C7,L,acetylcholine
168683,FS4A,FS4A_C8_L,L,acetylcholine
168823,FS4A,FS4A_C2_L,L,acetylcholine
168836,FR2,FR2_C6_L,L,acetylcholine
169061,vDeltaM,vDeltaM_C7,L,acetylcholine
169090,FS4A,FS4A_C8_L,L,acetylcholine
169143,PFNp_b,PFNp_b,R,acetylcholine
169145,FS2,FS2_C4_R,R,acetylcholine
169158,PFNp_d,PFNp_d,L,acetylcholine
169169,vDeltaA_a,vDeltaA_a(AB)_C3,L,acetylcholine
169192,PFNp_b,PFNp_b,L,acetylcholine
169226,FS2,FS2_C4_R,R,acetylcholine
169272,PFNp_b,PFNp_b,L,acetylcholine
169365,FS3_c,FS3_c_C6_L,L,acetylcholine
169508,vDeltaA_b,vDeltaA_b_C3,L,acetylcholine
169667,PFNm_b,PFNm_b_L4_C3,L,acetylcholine
169821,vDeltaL,vDeltaL_C4,R,acetylcholine
169954,vDeltaA_b,vDeltaA_b_C4,R,acetylcholine
169985,vDeltaK,vDeltaK_C7,L,acetylcholine
170133,FS3_a,FS3_a_C7_L,L,acetylcholine
170139,vDeltaA_b,vDeltaA_b_C5,R,acetylcholine
170246,PFNp_b,PFNp_b,L,acetylcholine
170356,vDeltaM,vDeltaM_C5,R,acetylcholine
170385,PFNp_e,PFNp_e,R,acetylcholine
170407,FB4Z_c,FB4Z_c_L,L,glutamate
170458,vDeltaK,vDeltaK_C3,L,acetylcholine
170528,PFNp_b,PFNp_b,L,acetylcholine
170539,FC2A,FC2A_C4_R,R,acetylcholine
170777,vDeltaA_a,vDeltaA_a(AB)_C5,R,acetylcholine
170798,vDeltaL,vDeltaL_C7,L,acetylcholine
170829,FR2,FR2_C4_R,R,acetylcholine
170838,FS4A,FS4A_C2_R,R,acetylcholine
170865,PFNp_a,PFNp_a,R,acetylcholine
170981,vDeltaA_a,vDeltaA_a(AB)_C7,R,acetylcholine
171009,FS2,FS2_C3_R,R,acetylcholine
171053,vDeltaK,vDeltaK_C5,R,acetylcholine
171066,vDeltaB,vDeltaB_C9,R,acetylcholine
171142,PFNp_b,PFNp_b,L,acetylcholine
171227,vDeltaM,vDeltaM_C1,L,acetylcholine
171324,PFNp_b,PFNp_b,L,acetylcholine
171367,vDeltaM,vDeltaM_C7,R,acetylcholine
171389,vDeltaA_a,vDeltaA_a(AB)_C2,L,acetylcholine
171392,vDeltaB,vDeltaB_C0,L,acetylcholine
171455,FS2,FS2_C3_R,R,acetylcholine
171511,vDeltaB,vDeltaB_C1,L,acetylcholine
171554,vDeltaL,vDeltaL_C7,R,acetylcholine
171575,FS1B_a,FS1B_a_C7_L,L,acetylcholine
171579,vDeltaC,vDeltaC_C5,L,acetylcholine
171584,vDeltaA_a,vDeltaA_a(AB)_C4,R,acetylcholine
171585,vDeltaB,vDeltaB_C3,L,acetylcholine
171676,vDeltaL,vDeltaL_C7,R,acetylcholine
171780,FR2,FR2_C5_R,R,acetylcholine
171804,PFNp_a,PFNp_a,R,acetylcholine
171862,PFNp_a,PFNp_a,R,acetylcholine
171879,FS2,FS2_C7_L,L,acetylcholine
171881,vDeltaK,vDeltaK_C7,R,acetylcholine
171935,FS2,FS2_C2_R,R,acetylcholine
172013,FS4B,FS4B_C8_L,L,acetylcholine
172128,vDeltaA_a,vDeltaA_a(AB)_C3,R,acetylcholine
172232,vDeltaA_b,vDeltaA_b_C6,R,acetylcholine
172349,FS1B_b,FS1B_b_C5_L,L,acetylcholine
172429,FS3_d,FS3_C2_L,L,acetylcholine
172442,vDeltaL,vDeltaL_C6,L,acetylcholine
172508,PFNp_b,PFNp_b,L,acetylcholine
172614,FS4A,FS4A_C1_R,R,acetylcholine
172666,FB4Z_a,FB4Z_a_L,L,glutamate
172829,PFNp_b,PFNp_b,R,acetylcholine
172908,FS3_d,FS3_C3_R,R,acetylcholine
173003,vDeltaK,vDeltaK_C3,L,acetylcholine
173006,FS4B,FS4B_C3_R,R,acetylcholine
173025,FS4A,FS4A_C4_L,L,acetylcholine
173055,PFNm_a,PFNm_a_L6_C5,L,acetylcholine
173097,vDeltaA_a,vDeltaA_a(AB)_C3,R,acetylcholine
173160,vDeltaC,vDeltaC_C0,L,acetylcholine
173198,vDeltaA_a,vDeltaA_a(AB)_C5,R,acetylcholine
173205,FB5R,FB5R_L,L,glutamate
173257,PFNp_d,PFNp_d,R,acetylcholine
173292,vDeltaM,vDeltaM_C7,L,acetylcholine
173503,FS4C,FS4C_C5_R,R,acetylcholine
173511,FS3_d,FS3_C4_L,L,acetylcholine
173565,PFNp_a,PFNp_a,R,acetylcholine
173604,FS3_a,FS3_a_C5_R,R,acetylcholine
173672,PFNp_b,PFNp_b,R,acetylcholine
173725,vDeltaF,vDeltaF_C4,R,acetylcholine
173749,vDeltaA_b,vDeltaA_b_C7,L,acetylcholine
173853,FS3_b,FS3_b_C3_R,R,acetylcholine
173868,PFNp_a,PFNp_a,R,acetylcholine
173877,vDeltaM,vDeltaM_C7,R,acetylcholine
173979,FS4B,FS4B_C7_L,L,acetylcholine
174035,vDeltaB,vDeltaB_C5,R,acetylcholine
174168,vDeltaJ,vDeltaJ_C1,L,acetylcholine
174241,FS4C,FS4C_C2_L,L,acetylcholine
174299,vDeltaK,vDeltaK_C4,L,acetylcholine
174319,FS2,FS2_C7_L,L,acetylcholine
174342,vDeltaK,vDeltaK_C7,R,acetylcholine
174350,FS1A_c,FS1A_c_C6_R,R,acetylcholine
174381,FS4C,FS4C_C7_L,L,acetylcholine
174511,PFNp_e,PFNp_e,R,acetylcholine
174514,vDeltaK,vDeltaK_C6,L,acetylcholine
174567,vDeltaL,vDeltaL_C7,R,acetylcholine
174569,PFNp_b,PFNp_b,R,acetylcholine
174630,FS4B,FS4B_C4_R,R,acetylcholine
174644,vDeltaA_a,vDeltaA_a(AB)_C2,L,acetylcholine
174667,FS4A,FS4A_C2_R,R,acetylcholine
174777,vDeltaM,vDeltaM_C6,R,acetylcholine
174789,PFNp_b,PFNp_b,R,acetylcholine
174792,vDeltaL,vDeltaL_C1,L,acetylcholine
175169,vDeltaM,vDeltaM_C5,L,acetylcholine
175174,vDeltaL,vDeltaL_C5,R,acetylcholine
175188,FS4A,FS4A_C8_L,L,acetylcholine
175200,PFNp_a,PFNp_a,R,acetylcholine
175309,PFNp_b,PFNp_b,L,acetylcholine
175340,vDeltaM,vDeltaM_C5,L,acetylcholine
175360,FS4A,FS4A_C8_L,L,acetylcholine
175504,vDeltaB,vDeltaB_C7,R,acetylcholine
175628,FS4A,FS4A_C7_L,L,acetylcholine
175680,PFNp_b,PFNp_b,L,acetylcholine
175704,vDeltaA_b,vDeltaA_b_C7,R,acetylcholine
175775,FS3_a,FS3_a_C3_R,R,acetylcholine
175842,PFNp_a,PFNp_a,L,acetylcholine
176231,FS4C,FS4C_C5_R,R,acetylcholine
176297,vDeltaA_a,vDeltaA_a(AB)_C6,R,acetylcholine
176343,PFNp_b,PFNp_b,L,acetylcholine
176438,vDeltaA_a,vDeltaA_a(AB)_C0,R,acetylcholine
176534,vDeltaA_a,vDeltaA_a(AB)_C3,L,acetylcholine
176645,PFNp_d,PFNp_d,R,acetylcholine
176721,vDeltaK,vDeltaK_C3,L,acetylcholine
176873,vDeltaM,vDeltaM_C4,L,acetylcholine
176934,vDeltaA_a,vDeltaA_a_C5,L,acetylcholine
176956,vDeltaA_b,vDeltaA_b_C4,L,acetylcholine
176983,FS3_c,FS3_c_C3_L,L,acetylcholine
177129,vDeltaM,vDeltaM_C2,R,acetylcholine
177137,FS1B_b,FS1B_b_C6_L,L,acetylcholine
177153,PFNm_b,PFNm_b_L4_C3,L,acetylcholine
177278,vDeltaL,vDeltaL_C9,R,acetylcholine
177539,FS3_b,FS3_b_C6_R,R,acetylcholine
177548,PFNp_b,PFNp_b,R,acetylcholine
177642,PFNp_a,PFNp_a,R,acetylcholine
177658,FS4A,FS4A_C2_L,L,acetylcholine
177705,vDeltaM,vDeltaM_C6,R,acetylcholine
177717,PFNp_a,PFNp_a,R,acetylcholine
177756,vDeltaM,vDeltaM_C3,L,acetylcholine
177762,PFNm_a,PFNm_a_L3_C2,L,acetylcholine
177962,PFNp_b,PFNp_b,L,acetylcholine
178022,FS4A,FS4A_C6_R,R,acetylcholine
178092,PFNp_b,PFNp_b,L,acetylcholine
178115,PFNp_b,PFNp_b,L,acetylcholine
178181,PFNp_b,PFNp_b,R,acetylcholine
178234,vDeltaM,vDeltaM_C8,R,acetylcholine
178236,FS3_d,FS3_C3_L,L,acetylcholine
178237,FS3_b,FS3_b_C8_L,L,acetylcholine
178252,FS3_d,FS3_C2_R,R,acetylcholine
178346,PFNp_b,PFNp_b,R,acetylcholine
178552,FS4A,FS4A_C3_L,L,acetylcholine
178567,vDeltaK,vDeltaK_C5,L,acetylcholine
178620,vDeltaA_b,vDeltaA_b_C8,R,acetylcholine
178668,FS2,FS2_C8_L,L,acetylcholine
178714,vDeltaA_b,vDeltaA_b_C5,L,acetylcholine
178721,FS3_c,FS3_c_C7_L,L,acetylcholine
178760,vDeltaA_b,vDeltaA_b_C3,L,acetylcholine
178839,PFNp_a,PFNp_a,R,acetylcholine
178957,vDeltaA_a,vDeltaA_a(AB)_C4,R,acetylcholine
178976,vDeltaA_a,vDeltaA_a(AB)_C3,L,acetylcholine
179051,vDeltaB,vDeltaB_C8,R,acetylcholine
179073,vDeltaA_a,vDeltaA_a(AB)_C7,R,acetylcholine
179090,PFNp_d,PFNp_d,L,acetylcholine
179121,vDeltaA_a,vDeltaA_a(AB)_C5,R,acetylcholine
179200,PFNp_b,PFNp_b,R,acetylcholine
179246,FS2,FS2_C5_R,R,acetylcholine
179308,PFNp_d,PFNp_d,L,acetylcholine
179432,FS4B,FS4B_C4_L,L,acetylcholine
179453,vDeltaA_a,vDeltaA_a(AB)_C3,L,acetylcholine
179523,vDeltaA_a,vDeltaA_a(AB)_C7,R,acetylcholine
179605,FS3_d,FS3_C7_R,R,acetylcholine
179749,vDeltaM,vDeltaM_C0,L,acetylcholine
179771,PFNp_b,PFNp_b,R,acetylcholine
180020,PFNp_b,PFNp_b,R,acetylcholine
180064,vDeltaL,vDeltaL_C6,L,acetylcholine
180075,PFNp_b,PFNp_b,L,acetylcholine
180111,FS3_a,FS3_a_C7_R,R,acetylcholine
180207,FS1B_a,FS1B_a_C1_R,R,acetylcholine
180368,vDeltaA_b,vDeltaA_b_C6,R,acetylcholine
180461,PFNp_b,PFNp_b,L,acetylcholine
180542,vDeltaA_a,vDeltaA_a(AB)_C5,R,acetylcholine
180783,FS3_d,FS3_C4_L,L,acetylcholine
181096,FS4A,FS4A_C3_L,L,acetylcholine
181099,FS2,FS2_C5_L,L,acetylcholine
181149,PFNp_a,PFNp_a,L,acetylcholine
181296,vDeltaL,vDeltaL_C5,L,acetylcholine
181476,FS3_d,FS3_C7_L,L,acetylcholine
181510,vDeltaA_a,vDeltaA_a(AB)_C8,R,acetylcholine
181511,PFNp_a,PFNp_a,L,acetylcholine
181512,vDeltaM,vDeltaM_C5,R,acetylcholine
181513,PFNp_a,PFNp_a,R,acetylcholine
181566,vDeltaA_a,vDeltaA_a(AB)_C9,R,acetylcholine
181584,vDeltaA_a,vDeltaA_a(AB)_C5,R,acetylcholine
181891,PFNp_b,PFNp_b,L,acetylcholine
181953,PFNp_a,PFNp_a,R,acetylcholine
182003,FS3_b,FS3_b_C8_R,R,acetylcholine
182048,vDeltaA_a,vDeltaA_a(AB)_C5,L,acetylcholine
182052,FS4B,FS4B_C3_L,L,acetylcholine
182236,vDeltaM,vDeltaM_C5,R,acetylcholine
182250,FS4A,FS4A_C4_L,L,acetylcholine
182269,PFNm_b,PFNm_b_L7_C6,L,acetylcholine
182290,vDeltaA_b,vDeltaA_b_C9,R,acetylcholine
182391,FS4B,FS4B_C2_R,R,acetylcholine
182773,PFNp_b,PFNp_b,R,acetylcholine
182824,PFNp_b,PFNp_b,L,acetylcholine
183054,PFNp_b,PFNp_b,L,acetylcholine
183111,vDeltaA_a,vDeltaA_a(AB)_C5,L,acetylcholine
183446,PFNp_d,PFNp_d,L,acetylcholine
183471,PFNp_d,PFNp_d,L,acetylcholine
183579,vDeltaK,vDeltaK_C9,R,acetylcholine
183634,PFNp_b,PFNp_b,R,acetylcholine
183656,vDeltaM,vDeltaM_C3,L,acetylcholine
183789,vDeltaK,vDeltaK_C5,L,acetylcholine
183813,PFNp_d,PFNp_d,R,acetylcholine
183874,PFNp_b,PFNp_b,L,acetylcholine
184227,PFNp_b,PFNp_b,L,acetylcholine
184274,PFNp_b,PFNp_b,L,acetylcholine
184426,vDeltaM,vDeltaM_C6,L,acetylcholine
184446,FB4Z_a,FB4Z_a_L,L,glutamate
184456,FS3_b,FS3_b_C5_L,L,acetylcholine
184476,vDeltaA_a,vDeltaA_a(AB)_C4,L,acetylcholine
184662,FS3_b,FS3_b_C7_L,L,acetylcholine
184745,PFNp_a,PFNp_a,L,acetylcholine
184788,FS4A,FS4A_C7_R,R,acetylcholine
184914,PFNp_a,PFNp_a,L,acetylcholine
185024,FS4A,FS4A_C6_L,L,acetylcholine
185098,PFNp_a,PFNp_a,L,acetylcholine
185203,PFNp_b,PFNp_b,R,acetylcholine
185216,PFNp_d,PFNp_d,R,acetylcholine
185332,PFNp_b,PFNp_b,L,acetylcholine
185447,PFNp_b,PFNp_b,R,acetylcholine
185635,PFNp_b,PFNp_b,L,acetylcholine
185711,vDeltaA_b,vDeltaA_b_C6,R,acetylcholine
185797,vDeltaA_a,vDeltaA_a(AB)_C7,L,acetylcholine
185836,vDeltaA_a,vDeltaA_a(AB)_C0,L,acetylcholine
185934,PFNp_b,PFNp_b,R,acetylcholine
186014,PFNp_b,PFNp_b,L,acetylcholine
186070,PFNp_b,PFNp_b,R,acetylcholine
186163,PFNp_b,PFNp_b,L,acetylcholine
186295,PFNp_a,PFNp_a,L,acetylcholine
186378,vDeltaA_b,vDeltaA_b_C3,L,acetylcholine
186592,PFNp_a,PFNp_a,R,acetylcholine
186813,PFNp_a,PFNp_a,R,acetylcholine
186822,vDeltaA_a,vDeltaA_a(AB)_C6,L,acetylcholine
186896,vDeltaK,vDeltaK_C8,R,acetylcholine
186900,vDeltaA_a,vDeltaA_a(AB)_C4,L,acetylcholine
187052,PFNp_b,PFNp_b_L,L,acetylcholine
187078,vDeltaM,vDeltaM_C6,L,acetylcholine
187098,vDeltaA_a,vDeltaA_a(AB)_C3,L,acetylcholine
187211,PFNp_b,PFNp_b,R,acetylcholine
187227,FS4B,FS4B_C8_L,L,acetylcholine
187351,FS3_d,FS3_C7_R,R,acetylcholine
187401,vDeltaA_b,vDeltaA_b_C7,L,acetylcholine
188199,vDeltaA_b,vDeltaA_b_C0,R,acetylcholine
188280,vDeltaD,vDeltaD_C5,L,acetylcholine
188325,FS3_b,FS3_b_C5_L,L,acetylcholine
188466,FS4A,FS4A_C7_L,L,acetylcholine
188519,FR2,FR2_C9_R,R,acetylcholine
188526,PFNp_d,PFNp_d,L,acetylcholine
188659,vDeltaA_b,vDeltaA_b_C5,L,acetylcholine
188720,PFNp_a,PFNp_a,L,acetylcholine
188823,vDeltaK,vDeltaK_C5,R,acetylcholine
189011,FS2,FS2_C3_R,R,acetylcholine
189054,PFNp_b,PFNp_b,R,acetylcholine
189055,PFNp_d,PFNp_d,R,acetylcholine
189203,vDeltaK,vDeltaK_C3,L,acetylcholine
189258,FS3_d,FS3_C5_R,R,acetylcholine
189356,FS4A,FS4A_C4_R,R,acetylcholine
189526,FS4A,FS4A_C6_R,R,acetylcholine
189608,FS4A,FS4A_C2_L,L,acetylcholine
189634,PFNp_b,PFNp_b,L,acetylcholine
189718,FS4A,FS4A_C6_R,R,acetylcholine
189905,PFNp_b,PFNp_b,L,acetylcholine
189926,PFNp_b,PFNp_b,R,acetylcholine
189949,PFNp_a,PFNp_a,L,acetylcholine
189993,vDeltaA_a,vDeltaA_a(AB)_C1,L,acetylcholine
190073,PFNp_b,PFNp_b,R,acetylcholine
190098,PFNp_b,PFNp_b,R,acetylcholine
190208,vDeltaM,vDeltaM_C0,L,acetylcholine
190295,vDeltaA_a,vDeltaA_a(AB)_C9,R,acetylcholine
190325,FS3_d,FS3_C3_L,L,acetylcholine
190400,PFNp_b,PFNp_b,R,acetylcholine
190416,FS3_d,FS3_C9_L,L,acetylcholine
190589,FS4C,FS4C_C5_L,L,acetylcholine
190783,vDeltaA_a,vDeltaA_a(AB)_C1,L,acetylcholine
190935,PFNp_a,PFNp_a,L,acetylcholine
191259,PFNp_d,PFNp_d,L,acetylcholine
191479,PFNp_a,PFNp_a,R,acetylcholine
191537,PFNp_b,PFNp_b,R,acetylcholine
191542,PFNp_b,PFNp_b,R,acetylcholine
191593,vDeltaA_a,vDeltaA_a(AB)_C5,L,acetylcholine
191647,PFNp_b,PFNp_b,L,acetylcholine
191658,PFNp_d,PFNp_d,L,acetylcholine
191750,vDeltaL,vDeltaL_C8,R,acetylcholine
191842,PFNp_d,PFNp_d,L,acetylcholine
191925,FS4A,FS4A_C5_R,R,acetylcholine
191926,vDeltaM,vDeltaM_C3,L,acetylcholine
192086,FS4A,FS4A_C6_L,L,acetylcholine
192098,vDeltaM,vDeltaM_C7,L,acetylcholine
192268,PFNp_a,PFNp_a,L,acetylcholine
192382,PFNp_b,PFNp_b,L,acetylcholine
192491,vDeltaA_a,vDeltaA_a(AB)_C8,R,acetylcholine
192595,FS4A,FS4A_C3_L,L,acetylcholine
192705,FS4A,FS4A_C5_L,L,acetylcholine
192736,vDeltaA_a,vDeltaA_a(AB)_C5,L,acetylcholine
193075,FS4B,FS4B_C5_L,L,acetylcholine
193259,vDeltaK,vDeltaK_C7,L,acetylcholine
193364,vDeltaL,vDeltaL_C5,R,acetylcholine
193573,vDeltaA_a,vDeltaA_a(AB)_C5,L,acetylcholine
193682,PFNp_d,PFNp_d,R,acetylcholine
193713,PFNp_b,PFNp_b,L,acetylcholine
193942,FS4A,FS4A_C7_L,L,acetylcholine
193965,PFNp_a,PFNp_a,L,acetylcholine
194050,FS4B,FS4B_C5_L,L,acetylcholine
194136,vDeltaA_a,vDeltaA_a(AB)_C8,R,acetylcholine
194176,FS3_b,FS3_b_C5_R,R,acetylcholine
194305,vDeltaA_a,vDeltaA_a(AB)_C8,R,acetylcholine
194333,PFNp_b,PFNp_b,R,acetylcholine
194350,PFNp_b,PFNp_b,R,acetylcholine
194486,FS3_d,FS3_C3_R,R,acetylcholine
194491,PFNm_a,PFNm_a_L3_C2,L,acetylcholine
194511,PFNp_b,PFNp_b,L,acetylcholine
194601,PFNp_b,PFNp_b,L,acetylcholine
194604,PFNp_b,PFNp_b,L,acetylcholine
194655,FS2,FS2_C7_L,L,acetylcholine
194727,vDeltaA_a,vDeltaA_a(AB)_C6,L,acetylcholine
194795,PFNp_b,PFNp_b,R,acetylcholine
195138,PFNp_d,PFNp_d,R,acetylcholine
195150,PFNp_e,PFNp_e,L,acetylcholine
195151,PFNp_b,PFNp_b,L,acetylcholine
195467,PFNp_b,PFNp_b,L,acetylcholine
195587,PFNp_d,PFNp_d,R,acetylcholine
195664,PFNp_a,PFNp_a,R,acetylcholine
196104,PFNp_b,PFNp_b,L,acetylcholine
196199,FS4A,FS4A_C4_R,R,acetylcholine
196296,PFNp_b,PFNp_b,L,acetylcholine
196388,vDeltaL,vDeltaL_C5,L,acetylcholine
196397,PFNp_a,PFNp_a,R,acetylcholine
196482,SA3,SA3_bilateral_R,R,glutamate
196662,PFNp_b,PFNp_b,R,acetylcholine
196901,FS3_c,FS3_c_C7_R,R,acetylcholine
197172,PFNp_b,PFNp_b,L,acetylcholine
197180,FS4A,FS4A_C3_R,R,acetylcholine
197321,PFNp_b,PFNp_b,L,acetylcholine
197565,FS3_b,FS3_b_C6_L,L,acetylcholine
197575,FS3_d,FS3_C4_R,R,acetylcholine
197863,FS4A,FS4A_C3_R,R,acetylcholine
198030,vDeltaA_a,vDeltaA_a(AB)_C6,R,acetylcholine
198031,PFNp_d,PFNp_d,R,acetylcholine
198243,vDeltaM,vDeltaM_C2,L,acetylcholine
198252,vDeltaA_a,vDeltaA_a(AB)_C4,L,acetylcholine
198364,FS3_d,FS3_C5_L,L,acetylcholine
198844,PFNp_b,PFNp_b,L,acetylcholine
199106,FS3_d,FS3_C6_L,L,acetylcholine
199436,SA1_b,SA1_b_R,R,glutamate
199798,PFNp_c,PFNp_c,L,acetylcholine
199972,vDeltaA_a,vDeltaA_a(AB)_C6,R,acetylcholine
200208,PFNp_b,PFNp_b,L,acetylcholine
200345,PFNp_d,PFNp_d,L,acetylcholine
200627,PFNp_a,PFNp_a,L,acetylcholine
200851,vDeltaA_a,vDeltaA_a(AB)_C6,R,acetylcholine
200962,FS3_d,FS3_C5_R,R,acetylcholine
201759,FS4A,FS4A_C4_R,R,acetylcholine
201774,vDeltaA_a,vDeltaA_a(AB)_C9,L,acetylcholine
201797,PFNp_d,PFNp_d,L,acetylcholine
201868,FS4B,FS4B_C7_L,L,acetylcholine
202238,PFNp_d,PFNp_d,R,acetylcholine
202506,PFNp_a,PFNp_a,R,acetylcholine
203142,PFNp_b,PFNp_b,R,acetylcholine
203227,FS3_d,FS3_C5_L,L,acetylcholine
203801,FS4B,FS4B_C8_R,R,acetylcholine
204229,FS3_d,FS3_C4_R,R,acetylcholine
204447,FS4A,FS4A_C5_R,R,acetylcholine
204540,PFNp_b,PFNp_b,L,acetylcholine
204770,vDeltaA_a,vDeltaA_a(AB)_C6,L,acetylcholine
204879,vDeltaM,vDeltaM_C9,R,acetylcholine
205330,FS3_d,FS3_C6_R,R,acetylcholine
206573,FS4A,FS4A_C5_L,L,acetylcholine
208105,FS4B,FS4B_C6_L,L,acetylcholine
208160,SA2_b,SA2_b_cont_L,L,glutamate
209528,vDeltaK,vDeltaK_C7,R,acetylcholine
209643,FS4C,FS4C_C2_R,R,acetylcholine
209767,vDeltaA_a,vDeltaA_a(AB)_C3,L,acetylcholine
210166,PFNp_d,PFNp_d,R,acetylcholine
210246,vDeltaM,vDeltaM_C7,L,acetylcholine
210391,FS3_d,FS3_C7_L,L,acetylcholine
210510,FS4A,FS4A_C5_L,L,acetylcholine
210840,PFNp_b,PFNp_b,R,acetylcholine
211310,PFNp_b,PFNp_b,R,acetylcholine
211994,PFNp_b,PFNp_b,L,acetylcholine
212370,PFNp_b,PFNp_b,R,acetylcholine
212879,FS1A_b,FS1A_b_C5_L,L,acetylcholine
214925,FS3_d,FS3_C3_R,R,acetylcholine
215284,FB6R,FB6R_R,R,glutamate
216592,FB9C,FB9C_R,R,glutamate
216873,vDeltaA_a,vDeltaA_a(AB)_C7,R,acetylcholine
217691,PFNp_b,PFNp_b,R,acetylcholine
219656,SA1_b,SA1_b_R,R,glutamate
220958,FB5J,FB5J_L,L,glutamate
222034,FS4A,FS4A_C3_R,R,acetylcholine
224128,PFNp_b,PFNp_b,R,acetylcholine
224456,FS4A,FS4A_C7_R,R,acetylcholine
227350,FS4C,FS4C_C4_R,R,acetylcholine
230056,FS4B,FS4B_C7_R,R,acetylcholine
231168,FB4Z_a,FB4Z_a_R,R,glutamate
233026,FB7C,FB7C_R,R,glutamate
235972,FS4B,FS4B_C6_L,L,acetylcholine
236418,vDeltaK,vDeltaK_C0,R,acetylcholine
236557,FC2C,FC2C_C3_R,R,acetylcholine
238044,FS1A_a,FS1A_a_C2_L,L,acetylcholine
241046,FC2B,FC2B_C4_R,R,acetylcholine
248193,FS3_d,FS3_C1_R,R,acetylcholine
249693,FS1A_a,FS1A_a_C8_L,L,acetylcholine
252044,FS4B,FS4B_C7_R,R,acetylcholine
256623,FS1B_a,FS1B_a_C9_L,L,acetylcholine
258715,IbSpsP,IbSpsP(PB17)_R9,R,acetylcholine
258998,FS4A,FS4A_C2_R,R,acetylcholine
259750,PFNp_b,PFNp_b,R,acetylcholine
262715,FS4C,FS4C_C6_L,L,acetylcholine
264828,FB6S,FB6S_L,L,glutamate
269054,PFNp_d,PFNp_d,R,acetylcholine
270968,FS2,FS2_C8_L,L,acetylcholine
273774,PFNm_b,PFNm_b_L2_C1,L,acetylcholine
280345,PFNp_a,PFNp_a,L,acetylcholine
284058,FS1B_a,FS1B_a_C8_L,L,acetylcholine
290285,vDeltaM,vDeltaM_C5,R,acetylcholine
294178,EL,EL_L,L,octopamine
298502,FB4E_a,FB4E_a_R,R,glutamate
300334,FB5W_b,FB5W_b_L,L,glutamate
300336,FS4B,FS4B_C6_R,R,acetylcholine
302843,FS4B,FS4B_C9_L,L,acetylcholine
307621,FS1A_c,FS1A_c_C5_L,L,acetylcholine
310736,FS4A,FS4A_C4_R,R,acetylcholine
358638,FS3_d,FS3_C8_L,L,acetylcholine
361803,FB2K,FB2K_R,R,glutamate
434891,Delta7,Delta7(PB15)_L3R7_R,R,glutamate
454614,ER4m,ER4m_L,L,gaba
485278,FB4H,FB4H_R,R,glutamate
511777,ER3a_b,ER3a_b_L,L,gaba
511778,EL,EL_L,L,octopamine
511841,Delta7,Delta7(PB15)_L2R7_R,R,glutamate
511842,PFL2,PFL2(PB12b)_L2_C6,L,acetylcholine
511844,PEG,PEG(PB07)_L1,L,acetylcholine
511846,PFR_a,PFR_a(PB11a)_L6_C6,L,unclear
511847,vDeltaE,vDeltaE_C7,R,acetylcholine
511857,ER1_c,ER1_c_L,L,gaba
512041,FB4F_a,FB4F_a_R,R,glutamate
512042,FB4F_c,FB4F_c_R,R,glutamate
512179,PFR_a,PFR_a(PB11a)_L1_C9_irreg,R,unclear
512305,EPG,EPG(PB08)_R8,R,acetylcholine
512319,ER6,ER6_L,L,gaba
512362,hDeltaB,hDeltaB_09_C7,L,acetylcholine
512513,EPG,EPG(PB08)_R1,R,acetylcholine
512514,EPG,EPG(PB08)_L1,L,acetylcholine
512515,ER3a_a,ER3a_a_L,L,gaba
512606,ER3w_c,ER3w_c_L,L,gaba
512607,ER3p_a,ER3p_a_R,R,gaba
512608,ER3d_b,ER3d_b_R,R,gaba
512716,FB6M,FB6M_L,L,glutamate
512717,FB6M,FB6M_L,L,glutamate
512793,PEG,PEG(PB07)_L6,L,acetylcholine
512927,PEN_a(PEN1),PEN_a(PB06a)_R2,R,acetylcholine
512928,EPG,EPG(PB08)_R3,R,acetylcholine
513032,PFL3,PFL3(PB12c)_L5_C7,L,acetylcholine
513033,EPG,EPG(PB08)_L8,L,acetylcholine
513034,PFL2,PFL2(PB12b)_L5_C9,L,acetylcholine
513217,LNO1,LNO1_L,L,gaba
513266,PFL3,PFL3(PB12c)_R3_C5,R,acetylcholine
513283,PEN_a(PEN1),PEN_a(PB06a)_L8,L,acetylcholine
513284,EPG,EPG(PB08)_R3,R,acetylcholine
513346,ER3w_b,ER3w_b_R,R,gaba
513376,FB4O,FB4O_R,R,glutamate
513379,ER5,ER5_R,R,gaba
513463,EPG,EPG(PB08)_R2,R,acetylcholine
513464,EPG,EPG(PB08)_R8,R,acetylcholine
513517,EPG,EPG(PB08)_L4,L,acetylcholine
513518,PFR_a,PFR_a(PB11a)_R6_C4,R,unclear
513520,EPG,EPG(PB08)_R6,R,acetylcholine
513662,FB7G,FB7G_R,R,glutamate
513678,ER3w_b,ER3w_b_R,R,gaba
513702,hDeltaB,hDeltaB_14_C12,L,acetylcholine
513703,FC3_a,FC3_a_C8_L,L,acetylcholine
514042,ER2_b,ER2_b_L,L,gaba
514043,IbSpsP,IbSpsP(PB17)_R4,R,acetylcholine
514044,IbSpsP,IbSpsP(PB17)_R8,R,acetylcholine
514045,PEN_a(PEN1),PEN_a(PB06a)_R3,R,acetylcholine
514125,PEN_b(PEN2),PEN_b(PB06b)_L6,L,acetylcholine
514126,EPG,EPG(PB08)_R5,R,acetylcholine
514180,ER3p_b,ER3p_b_R,R,gaba
514184,hDeltaK,hDeltaK_08_C7a,L,acetylcholine
514405,PEN_a(PEN1),PEN_a(PB06a)_R6,R,acetylcholine
514689,FB5C,FB5C_R,R,glutamate
514690,FB5W_a,FB5W_a_R,R,glutamate
514803,ER2_b,ER2_b_L,L,gaba
514997,ExR8,ExR8_R,R,acetylcholine
515130,hDeltaA,hDeltaA_07_C6,L,acetylcholine
515192,hDeltaB,hDeltaB_07_C6,R,acetylcholine
515193,PFR_a,PFR_a(PB11a)_L1_C9_irreg,R,unclear
515194,FB6W,FB6W_L,L,glutamate
515221,FB4G,FB4G_R,R,glutamate
515232,hDeltaI,hDeltaI_01_C1,R,acetylcholine
515233,FC2B,FC2B_C2_R,R,acetylcholine
515234,hDeltaA,hDeltaA_08_C7,L,acetylcholine
515294,Delta7,Delta7(PB15)_L5R4_L,L,glutamate
515295,PFNd,PFNd(PB04)_R8_C2,R,acetylcholine
515298,hDeltaJ,hDeltaJ_03_C3,R,acetylcholine
515332,FS4B,FS4B_C4_L,L,acetylcholine
515463,FB3A,FB3A_R,R,glutamate
515464,PFNd,PFNd(PB04)_L8_C7,L,acetylcholine
515528,FB7K,FB7K_R,R,glutamate
515675,EPG,EPG(PB08)_R1,R,acetylcholine
515687,FB6F,FB6F_R,R,glutamate
515702,vDeltaI_a,vDeltaI_a_C1,L,acetylcholine
515760,ER4m,ER4m_R,R,gaba
515761,ER3p_a,ER3p_a_R,R,gaba
515810,FB2M_a,FB2M_a_R,R,glutamate
515933,ExR2,ExR2_R,R,dopamine
515959,FC3_c,FC3_c_C3_R,R,acetylcholine
515960,hDeltaG,hDeltaG_11_C6,L,acetylcholine
515961,Delta7,Delta7(PB15)_L6R3_L,L,glutamate
515963,hDeltaM,hDeltaM_C4,R,acetylcholine
515966,hDeltaH,hDeltaH_07_C4,R,acetylcholine
516110,ER6,ER6_R,R,gaba
516663,PFR_b,PFR_b(PB11b)_L5_C6,L,acetylcholine
516666,hDeltaH,hDeltaH_03_C2,R,acetylcholine
516919,hDeltaA,hDeltaA_05_C5,R,acetylcholine
516944,ER5,ER5_L,L,gaba
517012,FB6C_b,FB6C_b_L,L,glutamate
517013,FB7K,FB7K_L,L,glutamate
517059,ER2_a,ER2_a_L,L,gaba
517264,ER3w_a,ER3w_a_R,R,gaba
517417,Delta7,Delta7(PB15)_L6R3_L,L,glutamate
517418,PFNd,PFNd(PB04)_R7_C3,R,acetylcholine
517512,ExR2,ExR2_L,L,dopamine
517548,FB4Y,FB4Y_L,L,serotonin
517602,ER3p_a,ER3p_a_R,R,gaba
517603,ER3d_d,ER3d_d_R,R,gaba
517726,LCNOp,LCNOp_R,R,glutamate
517747,SA1_a,SA1_a_R,R,glutamate
517763,EL,EL_L,L,octopamine
518194,PEN_b(PEN2),PEN_b(PB06b)_R9,R,acetylcholine
518220,LNOa,LNOa(LAL-NO3a)_R,R,glutamate
518375,PFL2,PFL2(PB12b)_R3_C3,R,acetylcholine
518378,PFL3,PFL3(PB12c)_R5_C3,R,acetylcholine
518519,FC1B,FC1B_C6_R,R,acetylcholine
518520,FC1B,FC1B_C5_L,L,acetylcholine
518521,FC1D,FC1D_C4_L,L,acetylcholine
518604,FR1,FR1(FQ4)_C9_R,R,acetylcholine
518606,FC2A,FC2A_C8_L,L,acetylcholine
518607,PFNa,PFNa(PB03)_R9_C1,R,acetylcholine
518608,PFNa,PFNa(PB03)_R4_C7,R,acetylcholine
518609,PFNa,PFNa(PB03)_R2_C9,R,acetylcholine
518644,FB5T,FB5T_R,R,glutamate
518690,ER1_b,ER1_b_R,R,gaba
518704,hDeltaC,hDeltaC_06_C6,R,acetylcholine
518706,FS2,FS2_C4_L,L,acetylcholine
518715,FB2F_b,FB2F_b_L,L,glutamate
518779,hDeltaC,hDeltaC_01_C1,R,acetylcholine
518830,PFR_b,PFR_b(PB11b)_R1_C8,R,acetylcholine
518831,hDeltaH,hDeltaH_04_C3,R,acetylcholine
518980,vDeltaA_a,vDeltaA_a(AB)_C2,L,acetylcholine
519140,EPG,EPG(PB08)_L1,L,acetylcholine
519144,EPG,EPG(PB08)_L8,L,acetylcholine
519328,EPG,EPG(PB08)_L3,L,acetylcholine
519329,ER3a_d,ER3a_d_R,R,gaba
519331,Delta7,Delta7(PB15)_L3R7_R,R,glutamate
519332,Delta7,Delta7(PB15)_L2R7_R,R,glutamate
519346,PFL3,PFL3(PB12c)_L7_C9,L,acetylcholine
519347,ER4m,ER4m_R,R,gaba
519348,PFL1,PFL1(PB12a)_L3_C4,L,acetylcholine
519349,PFL1,PFL1(PB12a)_R1_C2_irreg,L,acetylcholine
519350,PFL1,PFL1(PB12a)_L4_C5,L,acetylcholine
519351,PFL3,PFL3(PB12c)_L4_C5,L,acetylcholine
519354,FC3_c,FC3_c_C5_L,L,acetylcholine
519358,FC2B,FC2B_C4_R,R,acetylcholine
519359,FC3_b,FC3_b_C6_R,R,acetylcholine
519508,FB6I,FB6I_R,R,glutamate
519941,EPG,EPG(PB08)_L3,L,acetylcholine
520210,ExR8,ExR8_R,R,acetylcholine
520338,FB4N,FB4N_L,L,glutamate
520435,FB5A,FB5A_L,L,gaba
520437,vDeltaI_b,vDeltaI_b_C5,R,acetylcholine
520468,ExR3,ExR3_R,R,serotonin
520573,PFL2,PFL2(PB12b)_R5_C1,R,acetylcholine
520575,PEG,PEG(PB07)_R7,R,acetylcholine
520579,PFL1,PFL1(PB12a)_R6_C3,R,acetylcholine
520581,EPG,EPG(PB08)_R4,R,acetylcholine
520582,FB5W_a,FB5W_a_L,L,glutamate
520727,FB4K,FB4K_R,R,glutamate
520811,PFL3,PFL3(PB12c)_R6_C2,R,acetylcholine
520812,EPG,EPG(PB08)_R8,R,acetylcholine
520817,ExR4,ExR4_R,R,glutamate
520818,EPG,EPG(PB08)_L4,L,acetylcholine
521409,EPG,EPG(PB08)_L8,L,acetylcholine
521528,ER5,ER5_L,L,gaba
521534,ER5,ER5_L,L,gaba
521535,ER5,ER5_L,L,gaba
521584,FB1H,FB1H(NO2/3)_L,L,dopamine
521634,PFNd,PFNd(PB04)_L2_C1,L,acetylcholine
521635,PFR_b,PFR_b(PB11b)_L3_C3,L,acetylcholine
521637,PFR_a,PFR_a(PB11a)_R1_C1_irreg,L,unclear
521644,hDeltaC,hDeltaC_08_C7,L,acetylcholine
521646,hDeltaI,hDeltaI_08_C7,L,acetylcholine
521812,EPG,EPG(PB08)_R7,R,acetylcholine
521813,EPG,EPG(PB08)_L2,L,acetylcholine
521814,PEN_a(PEN1),PEN_a(PB06a)_R9,R,acetylcholine
521975,FB5Q,FB5Q_R,R,glutamate
522745,ER2_c,ER2_c_L,L,gaba
522759,ER3d_d,ER3d_d_L,L,gaba
522790,FB2B_b,FB2B_b_R,R,glutamate
522806,ER3d_c,ER3d_c_R,R,gaba
522853,PFL2,PFL2(PB12b)_R2_C4,R,acetylcholine
522855,FS1A_b,FS1A_b_C4_R,R,acetylcholine
522972,ExR7,ExR7_R,R,acetylcholine
522973,PEG,PEG(PB07)_L3,L,acetylcholine
522974,ExR8,ExR8_L,L,acetylcholine
522991,ExR7,ExR7_L,L,acetylcholine
522992,PEG,PEG(PB07)_R2,R,acetylcholine
522993,PFGs,PFGs(PB10)_R1_C1_irreg,L,unclear
522994,Delta7,Delta7(PB15)_L6R3_L,L,glutamate
523032,PFL3,PFL3(PB12c)_L2_C4,L,acetylcholine
523034,PFL1,PFL1(PB12a)_L7_C9,L,acetylcholine
523035,ER3a_a,ER3a_a_R,R,gaba
523036,PFL1,PFL1(PB12a)_L2_C3,L,acetylcholine
523578,FB6A_b,FB6A_b_L,L,glutamate
523775,FB2A,FB2A_R,R,dopamine
523776,FB1C,FB1C_R,R,dopamine
523786,EPG,EPG(PB08)_R4,R,acetylcholine
523788,ER3w_a,ER3w_a_R,R,gaba
523806,PEG,PEG(PB07)_R6,R,acetylcholine
523807,PEG,PEG(PB07)_L4,L,acetylcholine
523816,ER1_b,ER1_b_L,L,gaba
524067,FB4K,FB4K_R,R,glutamate
524068,ER3d_b,ER3d_b_L,L,gaba
524073,EPG,EPG(PB08)_L2,L,acetylcholine
524074,Delta7,Delta7(PB15)_L5R4_L,L,glutamate
524075,ER2_d,ER2_d_L,L,gaba
524270,PFNd,PFNd(PB04)_L4_C3,L,acetylcholine
524351,PFR_a,PFR_a(PB11a)_R2_C8,R,unclear
524596,hDeltaA,hDeltaA_02_C2,R,acetylcholine
524612,FB4A_a,FB4A_a_R,R,glutamate
524654,PFGs,PFGs(PB10)_R7_C3,R,unclear
524655,FR1,FR1(FQ4)_C3_R,R,acetylcholine
524717,PEN_b(PEN2),PEN_b(PB06b)_L6,L,acetylcholine
524795,FB4F_b,FB4F_b_R,R,glutamate
524876,hDeltaB,hDeltaB_03_C3,R,acetylcholine
524945,hDeltaJ,hDeltaJ_06_C6b,R,acetylcholine
524946,hDeltaJ,hDeltaJ_07_C6a,R,acetylcholine
524947,hDeltaJ,hDeltaJ_06_C6b,R,acetylcholine
524977,FC2C,FC2C_C3_L,L,acetylcholine
525061,PFGs,PFGs(PB10)_L7_C7,L,unclear
525062,PEG,PEG(PB07)_R3,R,acetylcholine
525063,FB6O,FB6O_R,R,glutamate
525066,FB4F_c,FB4F_c_R,R,glutamate
525224,FC3_b,FC3_b_C6_R,R,acetylcholine
525364,FB7F,FB7F_R,R,glutamate
525393,FB4R,FB4R_R,R,glutamate
525448,FB5F,FB5F_R,R,glutamate
525836,FB7K,FB7K_L,L,glutamate
525858,FB1A,FB1A_R,R,glutamate
526085,PFR_a,PFR_a(PB11a)_L3_C3,L,unclear
526143,ER3w_b,ER3w_b_L,L,gaba
526285,FB6S,FB6S_R,R,glutamate
526388,P6-8P9,P6-8P9(PB14)_R,R,glutamate
526406,FC2A,FC2A_C2_R,R,acetylcholine
526548,EL,EL_R,R,octopamine
526552,ER3w_b,ER3w_b_R,R,gaba
526637,FB6E,FB6E_L,L,glutamate
526638,FB6C_a,FB6C_a_L,L,glutamate
526639,FB6H,FB6H_L,L,unclear
526642,FB2H_b,FB2H_b_L,L,glutamate
526934,PFNm_a,PFNm_a_R6_C5,R,acetylcholine
527048,FR1,FR1(FQ4)_C9_L,L,acetylcholine
527150,ER3d_a,ER3d_a_L,L,gaba
527199,ER3d_e,ER3d_e_L,L,gaba
527297,ER5,ER5_R,R,gaba
527427,FB6V,FB6V_L,L,glutamate
527475,PFR_a,PFR_a(PB11a)_L2_C2,L,unclear
527653,ER4d,ER4d_L,L,gaba
529018,FB5B,FB5B_L,L,glutamate
529127,FB6D,FB6D_L,L,glutamate
529128,FB6C_b,FB6C_b_L,L,glutamate
529129,FB6A_b,FB6A_b_R,R,glutamate
529142,hDeltaK,hDeltaK_11_C9,L,acetylcholine
529175,hDeltaI,hDeltaI_03_C3,R,acetylcholine
529207,ER3p_a,ER3p_a_R,R,gaba
529253,FC3_c,FC3_c_C3_L,L,acetylcholine
529266,FC2C,FC2C_C2_L,L,acetylcholine
529318,Delta7,Delta7(PB15)_L4R5_R,R,glutamate
529330,ER3d_b,ER3d_b_L,L,gaba
529385,PEN_b(PEN2),PEN_b(PB06b)_L7,L,acetylcholine
529453,FC1E,FC1E_C8_L,L,acetylcholine
529826,ER3a_a,ER3a_a_R,R,gaba
529847,ER3m,ER3m_L,L,gaba
529992,FC2C,FC2C_C1_R,R,acetylcholine
530033,FB2E,FB2E_L,L,glutamate
530071,PFL3,PFL3(PB12c)_L3_C5,L,acetylcholine
530339,ER3d_d,ER3d_d_L,L,gaba
530445,FC2B,FC2B_C6_L,L,acetylcholine
530449,FR1,FR1(FQ4)_C4_L,L,acetylcholine
530880,FR1,FR1(FQ4)_C2_L,L,acetylcholine
531009,PFR_b,PFR_b(PB11b)_L1_C2,L,acetylcholine
531073,FC2C,FC2C_C9_R,R,acetylcholine
531755,PFR_a,PFR_a(PB11a)_L2_C2,L,unclear
532023,FB7L,FB7L_R,R,glutamate
532124,FB5V_a,FB5V_a_L,L,glutamate
532637,ER3m,ER3m_R,R,gaba
532704,FC2A,FC2A_C1_R,R,acetylcholine
532800,PFR_b,PFR_b(PB11b)_R5_C4,R,acetylcholine
533062,ER3a_a,ER3a_a_L,L,gaba
533103,FB1H,FB1H(NO2/3)_R,R,dopamine
533123,FB4Q_b,FB4Q_b_R,R,glutamate
533135,PFNp_c,PFNp_c,L,acetylcholine
533223,FB4F_a,FB4F_a_R,R,glutamate
533434,hDeltaJ,hDeltaJ_12_C10,L,acetylcholine
533435,FC3_c,FC3_c_C8_R,R,acetylcholine
533436,FC2C,FC2C_C7_L,L,acetylcholine
533725,Delta7,Delta7(PB15)_L8R1R9_L,L,glutamate
533727,IbSpsP,IbSpsP(PB17)_R7,R,acetylcholine
533943,FB7A,FB7A_L,L,glutamate
533944,hDeltaF,hDeltaF_08_C4,L,acetylcholine
533946,FB6A_c,FB6A_c_L,L,glutamate
534560,FC1B,FC1B_C4_R,R,acetylcholine
534561,FC1B,FC1B_C3_L,L,acetylcholine
534662,FC2C,FC2C_C8_R,R,acetylcholine
534834,PFNp_c,PFNp_c,R,acetylcholine
535042,FB8A,FB8A_R,R,glutamate
535053,FB7F,FB7F_R,R,glutamate
535056,hDeltaI,hDeltaI_11_C9,L,acetylcholine
535072,FS2,FS2_C3_L,L,acetylcholine
535098,FC1A,FC1A_C9_L,L,acetylcholine
535099,FC1B,FC1B_C8_L,L,acetylcholine
535347,PEG,PEG(PB07)_R4,R,acetylcholine
535488,PFNa,PFNa(PB03)_R2_C9,R,acetylcholine
535910,FS4C,FS4C_C8_L,L,acetylcholine
535972,vDeltaD,vDeltaD_C7,L,acetylcholine
536057,FB4L,FB4L_L,L,dopamine
536058,FB5V_a,FB5V_a_L,L,glutamate
536208,FB5H,FB5H_R,R,dopamine
536264,hDeltaK,hDeltaK_13_C11,L,acetylcholine
536354,FC1C_b,FC1C_C8_R,R,acetylcholine
536355,hDeltaJ,hDeltaJ_13_C11,L,acetylcholine
536360,PFNa,PFNa(PB03)_L3_C2,L,acetylcholine
536441,FB5Q,FB5Q_R,R,glutamate
536443,FB6W,FB6W_R,R,glutamate
537128,FC2C,FC2C_C1_L,L,acetylcholine
539227,FB1C,FB1C_L,L,dopamine
539328,PFGs,PFGs(PB10)_L1_C9_irreg,R,unclear
539675,vDeltaI_a,vDeltaI_a_C0,L,acetylcholine
539830,FB8F_b,FB8F_b_L,L,glutamate
540248,FC1A,FC1A_C7_L,L,acetylcholine
540382,FB5B,FB5B_R,R,glutamate
541409,PFNp_b,PFNp_b,R,acetylcholine
541412,SpsP,SpsP(PB16)_R,R,glutamate
541755,PFR_a,PFR_a(PB11a)_L5_C5,L,unclear
541855,hDeltaK,hDeltaK_07_C6a,R,acetylcholine
542246,FC1D,FC1D_C2_L,L,acetylcholine
542590,FC3_c,FC3_c_C7_R,R,acetylcholine
542782,FC1B,FC1B_C2_R,R,acetylcholine
542805,FC1D,FC1D_C8_L,L,acetylcholine
543298,FC1D,FC1D_C8_L,L,acetylcholine
543404,FB8F_a,FB8F_a_R,R,glutamate
543465,vDeltaD,vDeltaD_C0,L,acetylcholine
543495,FC1F,FC1F_C2_R,R,acetylcholine
543506,EPGt,EPGt(PB09)_L9,L,acetylcholine
544358,FC1B,FC1B_C6_R,R,acetylcholine
544496,ER3a_c,ER3a_c_R,R,gaba
544687,PFNa,PFNa(PB03)_L8_C7,L,acetylcholine
544759,FS1A_b,FS1A_b_C9_L,L,acetylcholine
545381,FC1E,FC1E_C7_R,R,acetylcholine
545857,FS3_c,FS3_c_C3_L,L,acetylcholine
546044,FC2C,FC2C_C3_R,R,acetylcholine
546594,PFNp_b,PFNp_b,L,acetylcholine
547298,FR2,FR2_C8_L,L,acetylcholine
548294,PFNp_c,PFNp_c,L,acetylcholine
548469,FS1A_c,FS1A_c_C8_R,R,acetylcholine
548890,FS4B,FS4B_C3_R,R,acetylcholine
549033,FS3_a,FS3_a_C9_L,L,acetylcholine
549508,IbSpsP,IbSpsP(PB17)_R2,R,acetylcholine
549582,FB5P,FB5P_L,L,glutamate
549620,FC1E,FC1E_C2_R,R,acetylcholine
549729,vDeltaI_b,vDeltaI_b_C4,R,acetylcholine
550199,vDeltaD,vDeltaD_C7,R,acetylcholine
550577,FC1F,FC1F_C2_L,L,acetylcholine
550660,FC2C,FC2C_C7_R,R,acetylcholine
550769,FC1C_b,FC1C_C2_L,L,acetylcholine
551404,FC2C,FC2C_C6_L,L,acetylcholine
552768,FS1A_a,FS1A_a_C9_L,L,acetylcholine
552966,vDeltaM,vDeltaM_C6,R,acetylcholine
553721,PFNp_b,PFNp_b,L,acetylcholine
553847,PFNp_c,PFNp_c,R,acetylcholine
554008,FB6T,FB6T_R,R,glutamate
555342,LPsP,LPsP(PB13)_R,R,acetylcholine
556346,EPG,EPG(PB08)_L6,L,acetylcholine
556347,EPG,EPG(PB08)_R4,R,acetylcholine
556502,LNO1,LNO1_R,R,gaba
556700,vDeltaI_b,vDeltaI_b_C9,R,acetylcholine
557395,hDeltaF,hDeltaF_03_C2a,R,acetylcholine
558033,vDeltaL,vDeltaL_C4,L,acetylcholine
560327,FC2A,FC2A_C3_R,R,acetylcholine
561332,FB2F_a,FB2F_a_L,L,glutamate
565219,vDeltaM,vDeltaM_C8,R,acetylcholine
565465,FB7A,FB7A_L,L,glutamate
565876,FS1A_a,FS1A_a_C3_L,L,acetylcholine
565971,FB1J,FB1J_R,R,glutamate
567101,PFL3,PFL3(PB12c)_R3_C5,R,acetylcholine
568155,Delta7,Delta7(PB15)_L8R1R9_L,L,glutamate
568471,hDeltaK,hDeltaK_04_C4,R,acetylcholine
568502,ER5,ER5_R,R,gaba
571291,FC1D,FC1D_C5_L,L,acetylcholine
575576,vDeltaL,vDeltaL_C8,R,acetylcholine
577526,FS3_d,FS3_C7_L,L,acetylcholine
580251,vDeltaM,vDeltaM_C0,L,acetylcholine
580329,FB4Z_a,FB4Z_a_L,L,glutamate
580497,FB8F_b,FB8F_b_R,R,glutamate
580653,FB1B,FB1B_R,R,glutamate
580761,vDeltaA_b,vDeltaA_b_C6,L,acetylcholine
580819,FB5R,FB5R_R,R,glutamate
581422,FB5V_a,FB5V_a_R,R,glutamate
588507,FB5W_b,FB5W_b_R,R,glutamate
934913,FS3_c,FS3_c_C5_R,R,acetylcholine
