body_pre,body_post,weight
12091,12104,528
12091,10969,439
12091,23325,438
12055,25939,434
12055,14881,398
12091,11053,360
12055,555342,292
10479,11497,282
10603,10537,268
12055,520817,247
12091,18156,226
15274,11497,179
12091,517512,162
12091,555342,156
12055,38706,153
13418,10187,143
12055,515933,140
529127,10187,136
12055,11053,134
19478,10537,127
529127,287884,124
13418,287884,112
15274,15919,111
19478,12844,109
19478,15919,104
19478,515463,100
519940,15919,97
15274,12844,97
533946,10187,92
519940,12844,91
519940,34392,82
46571,10187,81
15274,515463,75
519940,35588,74
19478,15768,72
10545,12844,71
10514,10187,70
10545,15919,68
533946,287884,68
12091,38706,66
12336,15919,65
12301,15768,64
37313,541412,61
10514,287884,61
529128,10187,59
15274,15768,59
112156,512326,58
12055,10099,57
12055,517512,57
15458,12055,56
521584,287884,55
12336,12844,55
533103,287884,53
10110,10099,53
37313,15768,53
522974,12055,52
10453,10187,51
12336,34392,51
12055,18156,51
520210,12091,49
46571,287884,48
10110,12506,48
12091,12844,48
10479,12844,48
10072,555342,47
10453,287884,47
68889,13428,46
37313,515463,46
529129,11327,46
527048,11618,45
521584,10187,45
10041,12506,44
12091,515933,44
529129,10187,44
519616,13033,44
533103,10187,44
37313,55124,44
12301,55124,44
11083,10187,43
514997,12091,43
12336,35588,42
12301,515463,40
555342,10072,39
555342,10011,38
14705,13101,37
10997,15768,37
10041,10099,37
11618,25763,37
118960,512326,36
287884,21519,36
12091,12083,35
10187,22446,35
11083,287884,35
523578,11900,35
10997,15919,35
529129,287884,35
287884,521584,35
11053,10011,34
14703,512326,34
10187,521584,34
287884,518831,33
517012,10187,33
287884,25210,33
10011,555342,33
10110,555342,33
12301,541412,33
529128,287884,32
10072,11053,32
12091,14464,32
287884,523775,32
11053,10072,31
10187,25318,31
10603,515463,31
12902,108860,31
12091,12506,31
287884,11516,31
10041,555342,31
287884,514689,30
10187,533103,30
10187,523775,30
287884,25318,30
12248,10187,29
10453,66934,29
10545,515463,29
10187,515966,29
287884,533103,29
10110,38706,28
14182,23846,28
62570,11900,28
12902,536058,28
10041,11053,28
10187,25529,28
517012,287884,28
287884,22923,28
287884,29582,28
523578,287884,28
10997,12844,27
10479,15919,27
10479,10969,27
10187,16158,27
520435,287884,27
12091,15919,27
513376,287884,27
10545,15768,27
287884,19602,27
287884,14434,27
10011,11053,27
134118,519616,27
519508,10187,26
68391,512326,26
287884,17061,26
48491,13428,26
22083,10187,26
523578,10187,26
12055,15768,26
523775,10187,26
10187,12311,26
13428,26666,26
287884,23090,25
580497,14225,25
287884,35293,25
18065,10187,25
120798,512326,25
19478,11497,25
10187,21053,25
10997,515463,25
10187,536057,25
10187,514689,25
10187,516666,25
523775,287884,25
12091,512319,25
146667,519616,24
287884,32675,24
287884,34900,24
287884,34924,24
287884,47850,24
287884,22838,24
287884,517726,24
287884,524876,24
69343,512326,24
10187,17874,24
10187,11497,24
10187,15929,24
10187,68268,24
287884,17820,23
12221,287884,23
287884,13559,23
13142,287884,23
10187,14434,23
10187,21519,23
18422,10187,23
35293,287884,23
25529,10187,23
287884,17816,22
287884,32718,22
287884,12311,22
10187,19602,22
10187,25210,22
15924,13428,22
10187,66695,22
18065,287884,22
12055,12844,22
13428,22521,22
533946,66934,22
287884,13101,21
287884,10568,21
287884,17480,21
287884,25529,21
287884,516666,21
170829,519616,21
19478,10099,21
529707,10537,21
10187,22302,21
10187,22923,21
79615,10168,21
62570,512326,21
10110,11053,21
10187,13392,21
160355,519616,20
10603,15768,20
47850,287884,20
10187,32675,20
10187,30653,20
10187,23090,20
15274,10537,20
10187,12844,20
10568,10187,20
12055,515463,20
12055,512793,20
287884,518779,20
10514,200973,20
287884,19100,20
287884,22683,20
12091,15768,20
12091,20007,20
287884,11512,20
10041,15674,19
287884,513702,19
12674,10187,19
287884,15325,19
69343,11900,19
287884,13418,19
10187,517548,19
36423,10187,19
10187,29582,19
15888,287884,19
10110,515933,19
10041,10969,18
520435,10187,18
19974,10187,18
12091,515463,18
12091,535347,18
12055,39413,18
10187,10568,18
10187,12706,18
519508,287884,18
10187,17820,18
287884,22086,18
287884,12359,18
287884,30927,18
287884,27109,18
10187,524876,17
10187,30541,17
10187,34909,17
10187,35293,17
10187,22838,17
10187,22086,17
10187,43161,17
10187,10514,17
21053,10187,17
55161,287884,17
519616,57851,17
15274,34392,17
10603,555342,17
10603,520817,17
287884,515966,17
287884,515463,17
287884,536057,17
48558,10187,17
287884,28248,17
287884,66695,17
287884,21053,17
59929,519616,17
287884,13392,16
287884,15929,16
536057,10187,16
12221,10187,16
287884,49288,16
287884,23601,16
287884,17874,16
287884,22302,16
287884,20520,16
287884,22446,16
12248,287884,16
10744,10187,16
10187,533946,16
10187,27195,16
10187,23601,16
98544,13428,16
10453,170450,16
12055,39753,16
12055,81159,16
519616,518715,15
519616,35267,15
519616,61704,15
55161,11752,15
66695,10187,15
38706,12091,15
25318,287884,15
17421,12359,15
543404,14225,15
22923,287884,15
25371,66934,15
10187,515463,15
287884,19443,15
287884,15888,15
10041,18156,15
287884,42739,15
287884,39091,15
287884,31656,15
10041,12844,15
10187,36423,15
10187,35912,15
287884,12844,15
10041,15919,15
10187,12333,15
10187,19100,15
10187,17061,15
287884,517548,15
287884,515963,15
48558,287884,15
10110,517512,15
287884,75614,15
287884,44903,15
10110,34900,15
31336,287884,15
12091,523806,15
25529,287884,15
49618,11327,14
138220,519616,14
17061,287884,14
10187,52728,14
10187,39385,14
10187,47850,14
10187,77090,14
44903,10187,14
10187,11516,14
10187,11512,14
514689,287884,14
10187,31656,14
10187,32718,14
10187,15325,14
10187,25808,14
10997,21519,14
10187,20231,14
10187,20951,14
18422,287884,14
113565,14225,14
12091,522992,14
517726,10187,14
12055,15919,14
16908,287884,14
11618,48421,14
10110,10537,14
188519,519616,14
10041,517512,14
10041,38706,14
168481,519616,14
536057,287884,14
31336,10187,14
19974,287884,14
10514,544359,14
287884,15768,14
287884,13417,14
10479,11053,14
287884,102689,14
287884,27195,14
287884,30313,14
287884,28767,14
15310,581422,14
287884,29493,14
287884,29701,14
287884,39465,14
12902,581422,14
12091,16008,13
24291,287884,13
529808,11516,13
24291,10187,13
24291,11752,13
287884,59983,13
287884,60086,13
10187,539328,13
10187,517726,13
10187,525061,13
287884,16158,13
10187,512362,13
287884,25773,13
287884,27179,13
287884,511842,13
287884,512362,13
10187,11083,13
10187,28146,13
10187,27109,13
10187,15919,13
10187,15768,13
10187,17816,13
10187,32122,13
10187,34924,13
25549,10168,13
10744,287884,13
10041,10537,13
57935,11618,13
515221,11618,13
10041,515933,13
10110,18156,13
10110,11497,13
13428,48421,13
21519,287884,13
18156,12055,13
38706,12055,13
15929,10187,13
12333,10187,13
15310,108860,13
155194,14705,13
162733,515048,13
10187,527427,12
10187,518831,12
10187,515192,12
10187,22291,12
10187,22683,12
10187,25713,12
287884,11497,12
287884,10514,12
10187,20520,12
287884,10537,12
10187,42739,12
10187,28767,12
10187,29493,12
10187,29701,12
10187,15888,12
10187,13417,12
287884,516919,12
287884,522993,12
287884,77090,12
287884,23630,12
10997,11053,12
287884,20781,12
287884,30653,12
287884,28190,12
12248,200973,12
56350,287884,12
529808,11497,12
11083,544359,12
16214,10168,12
12333,287884,12
532800,10168,12
21519,10187,12
15310,63122,12
104220,13428,12
12055,10537,12
12858,10537,12
11497,10187,12
94433,11618,12
43756,287884,12
517726,287884,12
10110,91633,12
15929,287884,12
10110,15674,12
10110,10969,12
517512,12055,12
10041,520817,12
10041,515463,12
13142,10187,12
68268,10187,12
10072,15409,12
11197,10187,12
10568,287884,12
171780,519616,12
117040,14225,12
522790,12688,12
12674,287884,11
10041,517726,11
10041,15768,11
29582,287884,11
287884,43881,11
287884,28254,11
287884,27191,11
287884,24683,11
287884,26065,11
287884,35912,11
287884,80750,11
287884,11673,11
287884,13033,11
287884,22291,11
287884,23779,11
287884,20231,11
287884,20951,11
287884,533946,11
523807,12055,11
287884,525224,11
287884,513518,11
13428,48335,11
12763,10187,11
38835,11618,11
68268,287884,11
10072,533725,11
521635,10168,11
10545,25529,11
10110,12359,11
12311,10187,11
10110,25939,11
10110,517726,11
10110,520817,11
518604,13428,11
18156,12091,11
25371,520403,11
14705,31073,11
11618,33919,11
524655,13428,11
66695,287884,11
12091,26443,11
85527,13428,11
10187,75614,11
10187,75688,11
28286,287884,11
515933,12091,11
10187,42118,11
10187,44256,11
10187,44669,11
10187,529127,11
10187,513702,11
10187,511846,11
10187,515960,11
10187,521637,11
10187,20565,11
10187,24436,11
10187,22884,11
10187,19367,11
10187,30329,11
10187,13033,11
10187,30068,11
28286,14182,10
10011,434891,10
13862,287884,10
14521,549508,10
46571,200973,10
18670,10168,10
519616,521584,10
287884,524654,10
287884,529127,10
287884,525061,10
287884,515298,10
287884,521637,10
287884,72430,10
287884,69064,10
287884,16303,10
287884,15919,10
287884,44256,10
287884,46209,10
287884,36423,10
287884,59108,10
287884,48667,10
287884,19564,10
287884,23281,10
287884,17728,10
287884,30329,10
287884,27430,10
287884,27655,10
10997,23800,10
10041,11497,10
10041,12221,10
150034,41743,10
150034,17874,10
12311,287884,10
22884,10187,10
512793,12055,10
10011,543506,10
10185,12506,10
10168,12333,10
10168,13559,10
10185,105436,10
15924,11618,10
10110,99346,10
10110,518220,10
10072,40768,10
49618,14225,10
10072,131313,10
519947,11497,10
18436,10537,10
18436,549508,10
11618,36785,10
15344,43866,10
15344,42515,10
10187,13418,10
10187,13559,10
34011,10187,10
10187,518779,10
10187,515298,10
10187,531755,10
10187,541755,10
10187,526085,10
10187,33293,10
10187,43756,10
10187,39465,10
10187,39091,10
10187,19564,10
10187,28559,10
10187,53837,10
10187,51611,10
10187,47546,10
10187,49288,10
10187,59288,10
12055,523807,10
13428,108860,10
39753,12055,10
517012,66934,10
10453,143120,10
10453,520403,10
56350,14182,10
524067,287884,10
12055,17419,10
17874,10187,10
21053,287884,10
12902,23473,10
14705,525448,9
14705,515810,9
38832,10187,9
14705,46809,9
15310,532124,9
15310,536058,9
15310,15924,9
25045,11618,9
15325,287884,9
59929,11752,9
46209,287884,9
62443,287884,9
12248,17155,9
35293,10187,9
553201,518704,9
553201,34750,9
553201,19564,9
547298,14705,9
10187,58561,9
10187,59983,9
10187,46571,9
10187,41277,9
10187,52041,9
10187,49839,9
10187,69954,9
10187,513518,9
10187,542590,9
10187,529128,9
10187,527475,9
524351,10187,9
10187,16303,9
10187,18586,9
10187,17728,9
10187,12083,9
10187,32432,9
10187,30927,9
13033,287884,9
10187,26962,9
10187,30781,9
10187,27326,9
10187,28254,9
10187,26666,9
10187,27213,9
10187,28248,9
519616,25131,9
519616,36785,9
18437,11618,9
11618,22521,9
11618,87121,9
522790,287884,9
536443,287884,9
556502,287884,9
11618,581422,9
75789,287884,9
18899,36624,9
10011,16540,9
10011,16180,9
12083,287884,9
53755,10187,9
104220,91391,9
61398,11618,9
11083,200973,9
13428,36785,9
287884,12333,9
287884,11326,9
287884,14677,9
287884,521644,9
287884,526085,9
287884,90574,9
287884,84873,9
287884,542590,9
287884,30541,9
287884,32451,9
287884,27106,9
287884,33307,9
287884,16800,9
287884,57278,9
287884,57384,9
287884,72957,9
287884,80130,9
287884,68268,9
287884,52649,9
10997,555342,9
12902,105436,9
12902,63122,9
51891,512326,9
10110,14881,9
10110,15919,9
10110,109669,9
22083,287884,9
10110,74917,9
10110,82342,9
529707,533727,9
529707,123377,9
513376,10187,9
39091,10187,9
16430,287884,9
15344,71991,9
524067,10187,9
287884,67741,8
287884,67167,8
287884,88014,8
287884,35429,8
287884,34909,8
287884,28258,8
287884,27422,8
287884,34011,8
287884,32122,8
287884,43161,8
287884,44669,8
287884,42440,8
287884,46358,8
287884,47528,8
287884,149469,8
287884,529129,8
287884,514184,8
287884,520468,8
10050,12706,8
10011,13217,8
10011,11184,8
24436,10187,8
10011,16553,8
10011,15839,8
10537,287884,8
10041,99346,8
10041,556502,8
10041,34900,8
10041,11516,8
12674,200973,8
287884,14975,8
287884,24436,8
287884,22657,8
287884,22884,8
287884,17991,8
287884,20565,8
287884,23180,8
287884,13490,8
287884,11557,8
568155,10072,8
520727,287884,8
14705,80415,8
11618,52728,8
31911,10187,8
19651,19011,8
10545,23800,8
30927,287884,8
14521,59425,8
14521,533727,8
23846,10187,8
520210,10041,8
517548,10187,8
36227,287884,8
159401,515048,8
12902,15924,8
17720,287884,8
150034,27326,8
13862,10187,8
10110,98136,8
10110,15768,8
10110,12104,8
10110,33293,8
10110,28146,8
10110,23325,8
55161,10187,8
18899,544359,8
117521,21145,8
188519,518137,8
535072,515048,8
526638,10187,8
71363,515048,8
515933,12055,8
12055,520818,8
12055,524073,8
27195,287884,8
15888,10187,8
36423,287884,8
33598,10168,8
29152,287884,8
513354,25529,8
516663,10168,8
516663,10175,8
18065,544359,8
522790,10187,8
163929,515048,8
514997,10479,8
514997,10545,8
28286,10187,8
536443,10187,8
519616,24436,8
519616,33191,8
519616,24821,8
519616,79273,8
519616,520338,8
10185,108860,8
514689,10187,8
10072,15495,8
10072,16553,8
525224,10187,8
10072,52903,8
23601,10187,8
10187,11326,8
10187,14975,8
10187,14120,8
10187,33410,8
10187,34011,8
10187,38832,8
10187,23231,8
10187,23779,8
10187,20781,8
10187,28258,8
10187,27191,8
10187,28190,8
10187,27492,8
10187,27430,8
10187,524654,8
10187,526638,8
10187,512179,8
10187,520468,8
10187,511842,8
10187,66644,8
10187,71769,8
10187,74917,8
10187,48667,8
10187,44903,8
10187,58447,8
10187,59969,8
10187,57278,8
10187,134100,8
10187,91870,8
10187,102689,8
15344,39984,8
542590,10187,8
12091,520575,8
529707,549508,8
43756,10187,8
30181,10168,8
522974,10852,8
518706,515048,8
15310,105436,8
10175,15888,8
10175,532124,8
12858,12359,7
10453,17155,7
10453,12542,7
18899,547260,7
10652,17061,7
33298,10168,7
533435,287884,7
542590,287884,7
553201,55094,7
65705,519616,7
158252,14705,7
17419,12055,7
19460,11752,7
19460,287884,7
12902,13650,7
12055,516110,7
87815,287884,7
515194,10187,7
10175,43756,7
10168,44903,7
10168,23473,7
52027,287884,7
51611,10187,7
22683,287884,7
42118,10187,7
52427,287884,7
16303,287884,7
56350,10187,7
39879,10011,7
39879,10072,7
16430,11752,7
12248,544359,7
13902,10187,7
10185,12802,7
10185,25328,7
10187,523578,7
10187,524067,7
10187,536208,7
10187,525224,7
10187,529129,7
10187,516919,7
10187,533434,7
10187,146366,7
10187,121031,7
10187,120773,7
10187,515234,7
10187,17720,7
10187,19443,7
10187,13490,7
10187,27926,7
10187,28074,7
10187,25773,7
10187,24933,7
10187,23846,7
10187,23630,7
10187,19798,7
10187,21018,7
10187,23281,7
10187,10537,7
10187,11673,7
10187,70716,7
10187,71959,7
10187,108415,7
10187,109866,7
10187,42440,7
10187,35429,7
10187,39538,7
10187,33552,7
10187,38526,7
10187,38334,7
10187,57384,7
10187,48642,7
10187,47348,7
10187,55143,7
10187,53755,7
121031,10187,7
25371,48113,7
44903,287884,7
48248,10187,7
14434,10187,7
25554,10187,7
11618,525448,7
11618,512041,7
11618,515221,7
11618,17759,7
14705,23846,7
46571,17155,7
10011,519331,7
10011,524073,7
10011,17753,7
10011,17804,7
10011,11307,7
10011,14509,7
10011,15495,7
10011,15399,7
10011,14727,7
10041,12104,7
10041,520435,7
10041,513217,7
10041,23325,7
10041,27492,7
24399,10187,7
11900,47850,7
10110,30541,7
10110,12083,7
10110,12844,7
10110,11516,7
10110,105904,7
10110,102316,7
10110,49288,7
10110,524351,7
10110,511846,7
10110,513518,7
523806,12091,7
14182,25763,7
14222,547260,7
15487,22083,7
519616,87121,7
519616,65705,7
519616,44903,7
519616,48421,7
10072,529318,7
10072,55630,7
10072,17804,7
518604,91391,7
23281,529808,7
23281,17421,7
15310,23473,7
15274,12506,7
529707,128552,7
529707,514044,7
39091,287884,7
13428,15924,7
13428,133601,7
13428,87121,7
13428,521584,7
38526,10187,7
270968,21145,7
59994,10168,7
31627,10168,7
75789,10187,7
512319,12091,7
58730,13428,7
58730,138585,7
287884,17720,7
287884,13142,7
287884,12248,7
287884,12221,7
287884,10453,7
287884,10817,7
287884,11083,7
287884,39385,7
287884,36205,7
287884,31911,7
287884,32432,7
287884,48642,7
287884,50327,7
287884,52728,7
287884,21204,7
287884,23231,7
287884,18422,7
287884,18586,7
287884,18982,7
287884,27492,7
287884,27926,7
287884,29537,7
287884,29152,7
287884,31499,7
287884,127422,7
287884,90634,7
287884,62962,7
287884,54176,7
287884,52027,7
287884,55049,7
287884,55161,7
287884,77911,7
287884,81527,7
287884,69954,7
287884,71769,7
287884,533435,7
287884,536264,7
287884,536443,7
287884,518704,7
287884,519508,7
287884,515960,7
287884,527427,7
19651,42515,7
19651,71991,7
39465,10187,7
31786,10168,7
530880,11618,7
17016,287884,7
10997,35293,7
529128,528100,7
17061,10187,7
554008,11327,6
23281,55210,6
23281,287884,6
20070,14705,6
68889,91391,6
26443,12091,6
19443,287884,6
26287,10187,6
68834,515048,6
169145,515048,6
11557,10041,6
31786,15310,6
24399,287884,6
24567,528100,6
171009,515048,6
66864,21145,6
11618,533103,6
11618,84217,6
13031,10041,6
11601,12802,6
19651,50952,6
19651,49627,6
75614,10187,6
75614,287884,6
25318,10187,6
10545,20925,6
10545,555342,6
144604,515048,6
10545,35293,6
18436,121578,6
11497,287884,6
21671,21519,6
19238,553201,6
32675,287884,6
79615,10110,6
85527,138585,6
81159,12055,6
20997,287884,6
11005,11497,6
32805,10187,6
10969,12091,6
82884,10187,6
71363,21145,6
12311,524069,6
12902,532124,6
12902,520435,6
12902,23812,6
12902,106593,6
12902,12333,6
30541,336850,6
146667,11752,6
10603,45024,6
12858,517726,6
87815,10187,6
131748,13428,6
12091,45969,6
30225,287884,6
18899,200973,6
72430,287884,6
33552,10187,6
22291,10187,6
117521,515048,6
22302,10187,6
15924,61360,6
10168,520338,6
515463,287884,6
17720,10187,6
15693,65187,6
52253,287884,6
13892,10175,6
10187,31786,6
10187,43881,6
10187,22083,6
10187,17991,6
10187,18221,6
10187,27422,6
10187,22835,6
10187,24399,6
10187,91004,6
10187,90634,6
10187,80130,6
10187,55161,6
10187,56830,6
10187,60086,6
10187,65047,6
10187,57587,6
10187,59806,6
10187,10453,6
10187,10624,6
10187,14729,6
10187,13058,6
10187,13101,6
10187,143387,6
10187,145920,6
10187,113840,6
10187,536443,6
10187,524351,6
10187,515193,6
10187,515295,6
10187,521644,6
10187,512717,6
10187,515959,6
10187,517418,6
515221,139280,6
515221,152044,6
515234,10187,6
10175,15325,6
10175,44903,6
533943,66934,6
515295,10187,6
10185,106593,6
10185,119860,6
10185,515933,6
10185,63122,6
15310,13559,6
15310,13142,6
10479,11255,6
43881,287884,6
43928,10187,6
15458,10603,6
14222,28434,6
535347,12091,6
535098,10187,6
14182,26065,6
14182,17759,6
10110,93067,6
10110,513217,6
10110,361803,6
10110,522853,6
238044,10175,6
530449,11618,6
38334,10187,6
13559,287884,6
529808,15674,6
17421,17016,6
10278,36423,6
58335,287884,6
287884,16430,6
287884,17780,6
287884,18803,6
287884,18065,6
287884,16908,6
287884,26666,6
287884,26718,6
287884,26962,6
287884,28559,6
287884,28146,6
287884,19715,6
287884,19798,6
287884,24933,6
287884,11503,6
13428,15325,6
13428,12083,6
13428,33919,6
13418,200973,6
17155,10453,6
287884,132121,6
287884,87630,6
287884,87815,6
287884,524945,6
287884,520573,6
287884,536355,6
287884,531755,6
287884,517012,6
287884,515221,6
287884,42835,6
287884,52041,6
287884,47546,6
287884,47369,6
287884,33552,6
287884,32976,6
287884,40069,6
287884,66644,6
287884,63179,6
287884,61553,6
287884,75688,6
287884,74917,6
287884,73908,6
287884,69684,6
287884,53837,6
287884,61278,6
287884,58447,6
287884,56545,6
38182,10187,6
17024,10072,6
59288,287884,6
531009,10168,6
258715,10072,6
62790,12902,6
527427,287884,6
16430,11900,6
526638,518072,6
57278,287884,6
529253,287884,6
529253,10187,6
39413,12055,6
56905,12902,6
529127,143120,6
175459,15929,6
14705,33125,6
14705,30225,6
14705,84217,6
14705,125114,6
14705,524612,6
10072,17024,6
48421,519616,6
10072,15654,6
10072,16869,6
10072,14806,6
10072,14509,6
10072,11184,6
48421,97990,6
10072,519331,6
10072,513517,6
10072,524074,6
10072,522994,6
10072,520581,6
10072,511841,6
10011,88342,6
10072,92188,6
519947,11516,6
10041,13031,6
10041,11433,6
10041,11557,6
10011,556346,6
10041,17016,6
178101,24291,6
10041,93067,6
10011,519144,6
10041,513034,6
520727,10187,6
14521,32338,6
14521,38706,6
14521,97512,6
519616,92683,6
48248,287884,6
49288,287884,6
10011,15904,6
10011,10513,6
10011,11989,6
10011,12449,6
14434,287884,6
10050,520468,6
47546,10187,6
46571,12542,6
18065,547260,6
47850,162050,6
46571,224205,6
29582,10187,5
56839,287884,5
10997,523775,5
529128,66934,5
13650,10187,5
57278,10187,5
129430,24291,5
526638,170450,5
521584,519616,5
520210,10545,5
520210,10479,5
527427,10187,5
513354,13058,5
513354,40213,5
29261,287884,5
11005,513217,5
10041,91633,5
10041,30541,5
10041,24399,5
16430,13428,5
10041,524351,5
10041,12359,5
12248,224205,5
30968,10187,5
565876,12902,5
10011,15409,5
10011,14806,5
76941,21145,5
59806,10187,5
30781,10187,5
530880,196622,5
485278,11618,5
10011,115198,5
10011,519140,5
10011,515294,5
10011,513283,5
10011,512514,5
59425,10072,5
10011,533725,5
287884,522853,5
287884,523578,5
287884,524947,5
287884,525066,5
287884,524067,5
287884,513034,5
287884,513376,5
287884,220958,5
287884,511846,5
287884,515193,5
287884,515192,5
287884,524351,5
287884,543495,5
17155,112156,5
24683,287884,5
75558,10187,5
287884,41715,5
287884,41277,5
287884,33410,5
287884,49952,5
287884,49630,5
287884,50687,5
287884,49839,5
287884,52304,5
287884,52253,5
287884,43756,5
287884,45024,5
287884,48583,5
287884,23232,5
287884,25549,5
287884,26038,5
287884,24291,5
287884,24399,5
287884,25137,5
287884,25763,5
287884,21911,5
287884,29836,5
287884,30805,5
287884,33293,5
287884,26488,5
287884,25808,5
287884,28074,5
287884,27425,5
287884,92664,5
287884,97678,5
287884,97443,5
287884,103482,5
287884,108415,5
287884,91004,5
287884,156005,5
287884,160253,5
287884,121794,5
287884,124469,5
287884,145530,5
287884,146366,5
287884,135721,5
287884,58146,5
287884,63635,5
287884,61296,5
287884,61731,5
287884,59969,5
287884,54642,5
287884,55143,5
287884,54443,5
287884,55789,5
287884,56327,5
287884,57309,5
287884,56839,5
287884,78331,5
287884,79788,5
287884,82613,5
287884,67456,5
287884,72133,5
75581,10187,5
75581,287884,5
287884,16973,5
287884,10624,5
287884,13862,5
287884,13058,5
287884,12802,5
287884,12706,5
14705,15888,5
14705,26794,5
14705,521975,5
14705,75789,5
11618,536443,5
11618,79273,5
11618,108860,5
11618,26287,5
11618,66695,5
12542,543404,5
24436,287884,5
131748,91391,5
30181,196622,5
30181,10175,5
30329,287884,5
529707,94980,5
529707,258715,5
512326,62570,5
529808,34900,5
134118,11752,5
30541,525787,5
30653,10187,5
38706,10041,5
10110,16214,5
10110,16303,5
10110,59288,5
10110,59108,5
10110,57384,5
10110,61553,5
10110,515463,5
10110,521637,5
10110,512179,5
517512,12091,5
14182,19266,5
11326,287884,5
523578,66934,5
15458,10204,5
52253,10187,5
23846,287884,5
42332,10072,5
23800,544359,5
517012,520403,5
48667,287884,5
90497,287884,5
10072,512927,5
10072,512305,5
10072,519328,5
10072,518194,5
10072,513463,5
10072,515294,5
10072,126426,5
94433,196622,5
10072,11307,5
10072,10513,5
10072,14816,5
10072,18639,5
43814,287884,5
519349,10050,5
519350,529419,5
49627,10011,5
94980,10011,5
111244,10187,5
10100,22884,5
15409,10072,5
519616,92081,5
519616,128825,5
519616,114392,5
519616,121031,5
519616,139382,5
23281,513354,5
15310,517548,5
15310,520435,5
15310,106593,5
15344,42734,5
525224,287884,5
28190,287884,5
28190,10187,5
10187,13142,5
10187,12248,5
10187,12221,5
10187,13031,5
10187,25763,5
10187,24683,5
10187,25328,5
10187,25554,5
10187,23858,5
10187,24671,5
10187,29836,5
10187,26287,5
10187,27179,5
10187,17749,5
10187,22657,5
10187,21911,5
10187,23232,5
10187,21204,5
10187,82293,5
10187,84256,5
10187,68889,5
10187,125531,5
10187,121959,5
10187,132121,5
10187,136113,5
10187,133601,5
10187,126963,5
10187,94100,5
10187,97678,5
10187,42975,5
10187,40037,5
10187,40069,5
10187,47369,5
10187,49952,5
10187,35267,5
10187,30225,5
10187,31860,5
10187,60474,5
10187,66561,5
10187,66418,5
10187,53467,5
10187,57851,5
10187,53991,5
47996,10187,5
28248,287884,5
10185,10969,5
10185,515221,5
10185,26665,5
10185,42793,5
515194,287884,5
10175,12333,5
515221,12902,5
53837,10187,5
47850,119499,5
47850,10187,5
521635,10175,5
11083,17155,5
14521,42332,5
13892,10168,5
121794,287884,5
14521,94980,5
14521,514044,5
24088,10187,5
10187,154293,5
10187,145530,5
10187,155619,5
10187,148290,5
10187,149966,5
10187,151041,5
10187,518704,5
10187,519508,5
10187,522993,5
10187,522853,5
10187,539227,5
10187,532800,5
10187,533435,5
10187,523032,5
10187,525066,5
10187,530071,5
10187,515232,5
10187,515963,5
25371,60930,5
48524,10187,5
89155,12542,5
27430,512326,5
116185,14225,5
48491,138585,5
48491,91391,5
15904,10072,5
41385,515048,5
10168,43756,5
10168,76412,5
10168,15325,5
10168,21911,5
10168,536057,5
10168,99299,5
97512,10072,5
524503,123377,5
519947,15919,5
12055,519328,5
12055,84758,5
155194,14182,5
17820,287884,5
67456,287884,5
547298,14182,5
554008,14225,5
10624,10187,5
10624,287884,5
181099,515048,5
155275,515048,5
12844,287884,5
553201,16800,5
553201,20969,5
533946,143120,5
533943,528100,5
146190,14705,5
533435,10187,5
18899,178945,5
168836,14705,5
238044,12902,5
35738,10187,5
536208,11327,5
18436,148515,5
18436,97512,5
12763,287884,5
65579,287884,5
19443,10187,5
61398,196622,5
19478,55124,5
19478,38526,5
71718,287884,5
12902,12221,5
12902,517548,5
74349,10187,5
12902,27119,5
12902,25328,5
12902,119860,5
19651,43866,5
157838,14705,5
68889,152428,5
68889,138585,5
68889,126900,5
13312,101406,5
264828,11900,5
171780,577933,5
13428,13650,5
13428,24291,5
13428,21700,5
13428,525448,5
34909,10187,5
157584,14705,5
69684,10187,5
12802,287884,5
169226,21145,5
66644,287884,5
11326,86431,4
11327,12311,4
11327,23846,4
26718,287884,4
43127,10187,4
43040,10187,4
14212,21785,4
26665,13428,4
15344,68387,4
15344,69938,4
518519,10187,4
26287,11618,4
69064,287884,4
15310,15888,4
15310,13650,4
15310,12333,4
15310,512041,4
15310,38526,4
15310,23812,4
15310,119860,4
15310,515221,4
15325,10187,4
518604,152428,4
12902,13559,4
12902,533223,4
12902,38526,4
12902,26665,4
12902,42793,4
12902,14434,4
12902,515221,4
92664,287884,4
11340,152997,4
11340,518137,4
159201,14182,4
159201,14705,4
23090,10187,4
17804,10011,4
42118,287884,4
33293,10187,4
17816,287884,4
15693,20906,4
18899,29565,4
53043,287884,4
515959,10187,4
70764,12106,4
88795,10187,4
27492,10041,4
15768,10187,4
113500,287884,4
42734,10011,4
517548,287884,4
10110,536058,4
10110,531755,4
69704,10187,4
112888,152385,4
10110,12802,4
10110,13142,4
10110,11255,4
10110,43866,4
10110,32451,4
10110,33552,4
10110,88014,4
10110,100304,4
10110,24399,4
10110,26287,4
535053,128076,4
14182,536443,4
516919,287884,4
517012,12542,4
175459,83388,4
10545,536057,4
10545,523775,4
10545,512717,4
10041,567101,4
10545,17061,4
521584,174672,4
18156,10041,4
104220,126900,4
10041,13490,4
10041,12706,4
10041,100304,4
10041,511842,4
10041,520573,4
10041,518375,4
10041,14881,4
10041,25939,4
10041,23601,4
10050,21519,4
18422,143120,4
47850,161153,4
47850,11752,4
520146,520435,4
25318,66934,4
25318,519616,4
521637,10187,4
14521,555342,4
25371,528100,4
25371,149869,4
25371,32865,4
18436,533727,4
18436,128552,4
10011,513284,4
10011,513463,4
170829,577933,4
10011,568155,4
10011,521813,4
10011,522994,4
10011,519941,4
10011,26417,4
67006,10187,4
10011,18639,4
10011,17143,4
10011,15713,4
10011,16412,4
10011,15398,4
10011,16476,4
10011,15837,4
10011,15851,4
10011,17379,4
10011,11874,4
10011,14816,4
66695,161153,4
66695,174672,4
11618,23473,4
11618,105436,4
11618,12763,4
11618,12311,4
11618,518644,4
11618,536208,4
46358,287884,4
34900,287884,4
14705,71081,4
14705,27422,4
14705,84305,4
14705,215284,4
520575,12091,4
520573,10041,4
10080,44903,4
95025,10187,4
108860,11734,4
26065,178101,4
26065,74743,4
26065,69722,4
26065,162050,4
95523,34011,4
10072,11989,4
10072,15616,4
10072,11987,4
10072,17143,4
10072,16412,4
10072,15851,4
10072,15904,4
10072,16476,4
10072,15837,4
10072,19125,4
10072,18779,4
10072,520812,4
10072,523786,4
10072,568155,4
10072,514126,4
10072,512513,4
10072,517417,4
10072,526388,4
522974,10603,4
522992,12091,4
518830,10168,4
518830,91391,4
161641,21145,4
109752,12902,4
68834,21145,4
14464,12091,4
11752,19266,4
178668,515048,4
18113,287884,4
18113,10187,4
25509,10187,4
25554,287884,4
48421,117782,4
68039,10187,4
519616,529018,4
519616,526637,4
519616,170829,4
519616,100586,4
519616,18113,4
519616,13316,4
519616,14677,4
519616,38182,4
536208,10187,4
536208,14182,4
25773,287884,4
107521,287884,4
18065,12542,4
18548,98136,4
38835,139378,4
17421,10537,4
17421,518220,4
79549,10041,4
10278,520468,4
529808,24399,4
529808,513217,4
131124,10072,4
78549,287884,4
78549,10187,4
530449,196622,4
58730,91391,4
30313,287884,4
12311,152044,4
57384,10187,4
29537,10187,4
553201,133953,4
529129,14225,4
128552,10072,4
19478,34392,4
19478,520817,4
12674,553201,4
532800,91391,4
529707,514043,4
512716,11227,4
57587,287884,4
529516,25318,4
529516,15929,4
12542,112156,4
12542,529129,4
60086,287884,4
532124,287884,4
287884,35322,4
287884,38334,4
287884,34226,4
287884,34203,4
287884,35794,4
287884,41743,4
287884,42975,4
287884,38526,4
287884,26913,4
287884,25554,4
287884,25713,4
287884,31756,4
287884,28286,4
287884,28364,4
287884,27460,4
287884,30968,4
287884,29261,4
287884,63261,4
287884,62193,4
287884,57252,4
287884,56382,4
287884,57587,4
287884,57625,4
287884,59288,4
287884,70329,4
287884,67250,4
287884,70716,4
287884,48558,4
287884,48335,4
287884,56830,4
287884,47136,4
287884,51458,4
287884,45789,4
287884,46571,4
287884,46383,4
287884,53755,4
287884,12763,4
287884,13031,4
287884,14120,4
287884,13892,4
287884,10744,4
287884,17000,4
287884,17738,4
287884,17749,4
287884,22835,4
287884,22083,4
287884,20997,4
287884,18851,4
287884,19974,4
287884,20331,4
287884,14729,4
287884,15924,4
31499,287884,4
287884,139382,4
287884,141939,4
287884,149966,4
287884,120165,4
287884,116200,4
287884,115704,4
287884,113489,4
287884,114213,4
287884,129936,4
287884,124027,4
287884,512179,4
287884,513703,4
287884,512716,4
287884,173725,4
287884,77311,4
287884,75789,4
287884,82884,4
287884,96384,4
287884,99820,4
287884,98874,4
287884,110756,4
287884,109866,4
287884,91633,4
287884,97590,4
287884,96115,4
287884,88795,4
287884,89191,4
287884,556502,4
287884,521646,4
287884,520338,4
287884,520579,4
287884,520811,4
287884,517418,4
287884,518830,4
287884,533434,4
287884,533223,4
287884,536208,4
287884,549729,4
287884,540382,4
287884,539227,4
287884,530071,4
287884,526639,4
287884,526637,4
10799,518220,4
13428,517548,4
13428,581422,4
13428,14677,4
13428,58243,4
13428,79273,4
13428,91507,4
13428,140558,4
13428,119860,4
13428,25763,4
13428,19460,4
13428,19266,4
13428,23812,4
13428,26665,4
10799,15674,4
10799,11497,4
17155,13418,4
59108,287884,4
13559,10187,4
19651,51759,4
61398,139378,4
61553,287884,4
16908,10187,4
511846,10187,4
30541,287884,4
10185,14881,4
10185,18156,4
10185,43756,4
10185,38706,4
54283,10187,4
10187,29674,4
10187,28364,4
10187,30968,4
10187,31022,4
10187,31911,4
10187,24821,4
10187,23159,4
10187,23643,4
10187,26665,4
10187,26439,4
10187,41554,4
10187,39970,4
10187,42231,4
10187,37751,4
10187,32451,4
10187,36059,4
10187,36205,4
10187,34226,4
10187,14677,4
10187,12674,4
10187,11994,4
10187,12506,4
10187,18670,4
10187,17801,4
10187,16430,4
10187,16214,4
10187,17780,4
10187,16800,4
85527,152428,4
54184,10187,4
514997,10041,4
40768,10072,4
150034,539328,4
150034,87610,4
71718,10187,4
16180,10072,4
32805,287884,4
10187,78549,4
10187,80415,4
10187,82884,4
10187,81247,4
10187,73908,4
10187,69684,4
10187,77911,4
10187,75789,4
10187,94152,4
10187,101212,4
10187,101552,4
10187,96384,4
10187,108643,4
10187,87815,4
10187,88014,4
10187,84873,4
10187,92683,4
10187,90574,4
10187,56607,4
10187,54642,4
10187,54283,4
10187,54911,4
10187,57625,4
10187,59108,4
10187,58146,4
10187,56542,4
10187,48524,4
10187,50687,4
10187,52966,4
10187,52649,4
10187,52191,4
10187,51458,4
10187,52253,4
10187,52304,4
10187,63324,4
10187,71042,4
10187,69064,4
10187,59994,4
10187,57934,4
10187,59429,4
10187,59434,4
10187,63179,4
10187,62193,4
10187,515221,4
10187,515233,4
10187,511847,4
10187,513217,4
10187,517012,4
10187,515702,4
10187,513376,4
10187,220958,4
10187,512041,4
10187,536355,4
10187,567101,4
10187,520573,4
10187,520579,4
10187,520435,4
10187,524596,4
10187,530449,4
10187,125369,4
10187,123047,4
10187,128825,4
10187,131748,4
10187,114392,4
10187,110756,4
10187,121794,4
10187,122745,4
10187,114009,4
10187,118715,4
10187,118375,4
10187,160441,4
10187,160024,4
10187,140877,4
10187,137597,4
13902,287884,4
514689,17155,4
36227,10187,4
524655,91391,4
10652,512717,4
17738,287884,4
41544,90902,4
41544,86156,4
194655,515048,4
11197,287884,4
12055,522973,4
12055,37058,4
12055,11874,4
12055,11886,4
12055,20925,4
12091,514044,4
12091,44903,4
12091,97512,4
12091,14507,4
10175,10568,4
10175,13559,4
515221,137595,4
515232,10187,4
533946,170450,4
515193,10187,4
10175,72430,4
10168,12083,4
10168,23846,4
10168,108860,4
10168,121031,4
10168,581422,4
41385,21145,4
12248,142528,4
513354,54597,4
513354,35293,4
513354,11497,4
527048,206851,4
72430,10187,4
17552,553201,4
56799,150034,4
19373,14182,4
10997,520817,4
10997,20925,4
56607,287884,4
32451,287884,4
513217,287884,4
12706,10187,4
55161,11618,4
55161,174672,4
55161,196030,4
84305,287884,4
526638,143120,4
21345,10187,4
11618,549582,3
11618,525066,3
11618,115546,3
11618,113588,3
11618,101052,3
11618,119860,3
11618,75614,3
11618,82261,3
11618,55953,3
11618,46008,3
11618,26666,3
11618,28286,3
11618,14420,3
11618,14434,3
24821,10187,3
24821,287884,3
102689,287884,3
103482,287884,3
25045,196622,3
104220,138585,3
104713,513376,3
25210,10187,3
25318,178101,3
25318,175459,3
25318,161153,3
98544,138585,3
98544,91391,3
105365,513376,3
25371,115617,3
25371,512326,3
25549,10110,3
106495,13428,3
11752,26065,3
11752,21700,3
23779,287884,3
23779,10187,3
25763,10187,3
23630,287884,3
23601,287884,3
11428,35267,3
11428,32699,3
11428,30773,3
26065,287884,3
94433,139378,3
94100,10187,3
93886,515048,3
26287,10168,3
26287,152044,3
26287,157767,3
26287,287884,3
26287,524069,3
23281,10187,3
26439,287884,3
111244,287884,3
92611,10187,3
11340,523553,3
11327,25763,3
22982,26798,3
112530,287884,3
11921,139382,3
11921,521584,3
90896,13428,3
27109,287884,3
27210,287884,3
115546,10187,3
115674,553201,3
11227,29111,3
11227,28346,3
27422,10187,3
88795,287884,3
27460,287884,3
22302,287884,3
22291,200973,3
22291,29565,3
27655,287884,3
117521,10187,3
27736,10187,3
12055,11307,3
12055,15458,3
12055,13217,3
12055,23800,3
12055,100809,3
118318,11900,3
22086,287884,3
22086,10187,3
27926,10187,3
12083,10187,3
12091,11326,3
12091,11255,3
12091,520581,3
12091,520812,3
12091,523786,3
21911,287884,3
28146,10187,3
28254,10187,3
28258,10187,3
85527,91391,3
28364,287884,3
21700,65886,3
21700,39617,3
21671,523775,3
21671,72491,3
125114,11327,3
29152,10187,3
21231,13142,3
21204,10187,3
126963,287884,3
11005,518220,3
11005,36423,3
10997,512716,3
10997,36423,3
10997,18156,3
10997,17061,3
10997,10568,3
29493,10187,3
29537,287884,3
29582,529512,3
12301,12333,3
20925,10080,3
12311,178487,3
29701,10187,3
10969,10110,3
129563,56350,3
80453,10187,3
12333,12902,3
129936,287884,3
130007,287884,3
131313,10041,3
131748,138585,3
30313,10187,3
78331,287884,3
30541,10187,3
134118,518137,3
77911,287884,3
568155,10011,3
77090,287884,3
136113,10187,3
136159,287884,3
567101,10041,3
12506,162050,3
30927,10187,3
20049,12106,3
12542,12674,3
12542,15929,3
12542,25371,3
12542,46571,3
12542,116185,3
12542,117040,3
75688,287884,3
75688,10187,3
75558,287884,3
10799,513217,3
10799,17061,3
10799,12706,3
140787,10187,3
31656,287884,3
74669,512326,3
19700,10187,3
31786,10175,3
19651,39879,3
19651,37710,3
74349,287884,3
19478,12506,3
19478,10969,3
12674,150034,3
19460,174672,3
19460,161153,3
19460,10187,3
146190,14182,3
553201,161080,3
553201,115674,3
553201,178552,3
553201,32432,3
553201,19825,3
12706,10041,3
12706,10050,3
12706,10735,3
12706,287884,3
19266,174672,3
19238,516044,3
72133,287884,3
72133,10187,3
549582,10187,3
150034,22657,3
150034,56905,3
150034,63838,3
150034,164791,3
71769,113001,3
71769,86156,3
10677,20925,3
19090,71991,3
152776,553201,3
33293,287884,3
33298,10175,3
33307,287884,3
18899,224205,3
33356,12902,3
33382,13428,3
12858,14881,3
12858,515463,3
156005,287884,3
156453,21145,3
69954,10187,3
69923,10187,3
156955,152385,3
157838,14182,3
157838,259089,3
543506,10011,3
158252,14182,3
69515,287884,3
12902,10744,3
12902,23601,3
12902,31911,3
158691,515048,3
12902,43756,3
12902,48421,3
12902,512041,3
12902,520338,3
159201,83852,3
10603,523776,3
18670,15310,3
18666,10187,3
34011,287884,3
18586,10187,3
68502,12902,3
68387,10072,3
163640,21145,3
68268,519616,3
164104,66934,3
34226,287884,3
164170,544359,3
165152,12902,3
10555,12706,3
18436,514044,3
18436,123377,3
18436,32338,3
18422,17155,3
10545,11053,3
67456,10187,3
169145,21145,3
169226,515048,3
67250,287884,3
13033,10187,3
170829,11752,3
170829,147184,3
171879,515048,3
171935,21145,3
66864,515048,3
34909,287884,3
66750,553201,3
66718,14225,3
66695,523382,3
66695,119499,3
66695,11618,3
18221,287884,3
18221,10187,3
174319,190297,3
66418,10187,3
175459,15325,3
18065,180403,3
18065,36624,3
18065,28434,3
536208,529512,3
536208,287884,3
65579,10187,3
10479,38706,3
10479,23325,3
535098,287884,3
17874,287884,3
535053,17155,3
535053,14225,3
64684,287884,3
64416,287884,3
17820,10187,3
17816,10187,3
534561,287884,3
534560,287884,3
533946,17155,3
533943,149869,3
533943,143120,3
63635,287884,3
63635,10187,3
63612,287884,3
62821,287884,3
17552,142528,3
17552,28434,3
13312,28468,3
13312,153928,3
62262,287884,3
218843,16315,3
17480,287884,3
62193,10187,3
226452,12506,3
61731,287884,3
61731,10187,3
235972,544359,3
61398,206851,3
61278,287884,3
249693,10168,3
13418,21145,3
13418,544359,3
13428,12221,3
13428,13559,3
13428,16430,3
13428,12763,3
13428,26718,3
13428,47850,3
13428,43909,3
13428,61871,3
13428,68268,3
13428,90896,3
13428,100586,3
13428,105775,3
13428,106593,3
13428,518644,3
13428,520727,3
13428,520582,3
13428,549582,3
13428,539227,3
60586,10187,3
287884,12083,3
287884,14420,3
287884,13914,3
287884,14663,3
287884,16292,3
287884,17759,3
287884,17290,3
287884,17801,3
287884,19367,3
287884,19460,3
287884,19269,3
287884,19337,3
287884,21018,3
287884,23083,3
287884,22521,3
287884,22700,3
287884,24821,3
287884,25024,3
287884,23643,3
287884,24963,3
287884,26739,3
287884,27119,3
287884,27618,3
287884,27326,3
37710,10072,3
287884,28418,3
287884,27213,3
287884,30234,3
287884,30225,3
287884,29648,3
287884,30405,3
287884,31073,3
287884,31860,3
287884,32055,3
287884,33298,3
287884,32805,3
287884,33356,3
287884,36470,3
287884,43127,3
287884,44004,3
287884,47348,3
287884,48713,3
287884,47996,3
287884,49053,3
287884,50461,3
287884,53467,3
287884,53043,3
287884,56466,3
287884,58335,3
287884,58561,3
287884,59429,3
287884,59806,3
287884,58244,3
287884,63652,3
287884,63612,3
287884,63324,3
287884,66561,3
287884,65047,3
287884,67717,3
287884,67361,3
287884,67047,3
287884,68121,3
287884,69515,3
287884,69704,3
287884,71042,3
287884,71959,3
287884,68917,3
287884,71363,3
287884,72145,3
287884,75669,3
287884,74988,3
287884,73853,3
287884,79839,3
287884,79549,3
287884,80415,3
287884,78549,3
287884,81417,3
287884,79615,3
287884,82293,3
287884,80474,3
287884,85234,3
287884,83388,3
287884,83473,3
287884,84305,3
287884,85527,3
287884,88578,3
287884,89937,3
287884,90497,3
287884,94433,3
287884,92611,3
287884,99299,3
287884,106555,3
287884,113840,3
287884,121377,3
287884,120798,3
287884,130557,3
287884,136113,3
287884,134322,3
287884,133002,3
287884,133601,3
287884,128694,3
287884,138592,3
287884,137777,3
287884,147665,3
287884,140787,3
287884,142911,3
287884,140134,3
287884,149740,3
287884,154212,3
287884,148749,3
287884,158562,3
287884,160427,3
287884,151777,3
287884,151050,3
287884,160441,3
287884,174350,3
287884,173565,3
287884,172666,3
287884,169145,3
287884,169985,3
287884,170246,3
287884,168400,3
287884,215284,3
287884,511847,3
287884,512305,3
287884,512042,3
287884,513266,3
287884,515234,3
287884,515959,3
287884,518375,3
287884,518520,3
287884,520812,3
287884,520437,3
287884,519351,3
287884,521975,3
287884,522790,3
287884,521634,3
287884,524795,3
287884,524596,3
287884,522972,3
287884,527475,3
287884,524655,3
287884,543404,3
287884,541755,3
287884,535053,3
287884,550577,3
287884,539328,3
287884,536441,3
287884,556700,3
60474,10187,3
60365,11900,3
17155,106414,3
17155,113565,3
17155,101515,3
17155,51891,3
17155,46571,3
60215,287884,3
59275,10187,3
59108,10110,3
16908,14182,3
511847,10187,3
512042,287884,3
58565,10187,3
58335,10187,3
38835,196622,3
512305,10072,3
512326,118960,3
10278,555342,3
10278,523775,3
10278,59425,3
10278,12706,3
10278,12333,3
10278,10568,3
529808,12506,3
57935,206851,3
529707,94487,3
529707,148515,3
529707,121578,3
529707,97512,3
529707,59425,3
529707,32338,3
39091,152044,3
57587,10187,3
529512,29582,3
57384,10110,3
529419,518220,3
529419,523775,3
57278,184778,3
529129,529512,3
529129,200973,3
529128,32865,3
529128,12542,3
529127,515048,3
529127,11900,3
16540,10072,3
56830,287884,3
56799,287884,3
934913,515048,3
56567,152385,3
513354,43040,3
513354,39095,3
513354,32805,3
513376,14182,3
16430,519616,3
16430,512326,3
513463,10011,3
513463,12091,3
513518,10187,3
527048,14182,3
40037,10187,3
513702,287884,3
513703,10187,3
16303,10187,3
55508,10187,3
514043,10011,3
514044,10072,3
16214,91391,3
16214,10175,3
55049,287884,3
54907,287884,3
54776,10187,3
13892,111665,3
16110,10072,3
514689,11327,3
10187,556700,3
10187,556346,3
10187,549582,3
10187,539675,3
10187,533123,3
10187,530445,3
10187,530880,3
10187,526639,3
10187,525063,3
10187,523036,3
10187,524945,3
10187,522855,3
10187,522790,3
10187,513266,3
10187,518520,3
10187,518375,3
10187,515130,3
10187,512042,3
10187,270968,3
10187,180020,3
10187,180207,3
10187,158691,3
10187,156453,3
10187,152687,3
10187,145195,3
10187,140134,3
10187,140558,3
10187,136159,3
10187,127422,3
10187,121377,3
10187,115521,3
10187,115704,3
10187,113924,3
10187,113588,3
10187,106555,3
10187,108478,3
10187,99299,3
10187,95025,3
10187,99028,3
10187,92330,3
10187,88378,3
10187,84217,3
10187,81910,3
10187,80750,3
10187,79839,3
10187,81527,3
10187,80453,3
10187,79549,3
10187,76506,3
10187,75781,3
10187,76412,3
10187,74349,3
10187,75141,3
10187,71302,3
10187,72892,3
10187,72957,3
10187,70713,3
10187,72133,3
10187,68121,3
10187,67361,3
10187,64416,3
10187,61278,3
10187,61871,3
10187,58565,3
10187,61704,3
10187,58322,3
10187,56726,3
10187,56545,3
10187,58243,3
10187,59275,3
10187,58730,3
10187,55538,3
10187,55630,3
10187,55789,3
10187,56466,3
10187,54443,3
10187,52798,3
10187,50327,3
10187,48583,3
10187,48713,3
10187,48335,3
10187,48558,3
10187,46369,3
10187,47528,3
10187,43127,3
10187,43040,3
10187,42736,3
10187,40768,3
10187,35738,3
10187,35794,3
10187,32805,3
10187,35277,3
10187,34203,3
10187,35322,3
10187,33919,3
10187,30190,3
10187,31336,3
10187,32055,3
10187,30313,3
10187,29152,3
10187,28286,3
10187,27736,3
10187,26316,3
10187,27655,3
10187,27425,3
10187,24963,3
10187,24291,3
10187,26065,3
10187,27106,3
10187,26913,3
10187,25137,3
10187,23812,3
10187,23083,3
10187,21345,3
10187,23180,3
10187,20792,3
10187,19715,3
10187,18803,3
10187,19460,3
10187,18327,3
10187,18851,3
10187,17000,3
10187,17480,3
10187,15924,3
10187,14663,3
10187,14727,3
10187,12763,3
10187,12106,3
10187,11557,3
10187,11786,3
10187,11340,3
525393,152044,3
525393,86156,3
525393,10187,3
10185,581422,3
10185,520468,3
10185,26065,3
10185,23601,3
10185,12083,3
54184,287884,3
525066,287884,3
525066,10187,3
53991,143120,3
10175,521584,3
10175,520435,3
10175,517548,3
10175,113588,3
10175,106593,3
10175,78331,3
10175,48335,3
10175,48421,3
10175,34909,3
10175,33298,3
10175,23846,3
10175,23601,3
10175,18982,3
10175,14434,3
10175,13142,3
10175,12221,3
515221,13428,3
53837,287884,3
515463,10187,3
10168,533103,3
10168,532124,3
10168,520435,3
10168,521584,3
10168,517548,3
10168,512041,3
10168,171575,3
10168,105436,3
10168,79273,3
10168,79615,3
10168,67241,3
10168,66695,3
10168,55953,3
10168,35293,3
10168,31681,3
10168,23601,3
10168,18982,3
10168,17749,3
10168,17061,3
10168,15888,3
10168,13033,3
15929,519616,3
15929,48113,3
41544,10187,3
53467,10187,3
524654,10187,3
524503,533727,3
15839,10072,3
516110,12055,3
52728,10187,3
15768,287884,3
52649,287884,3
52304,10187,3
52253,198758,3
516663,12902,3
15654,10072,3
52027,10187,3
51891,11900,3
517012,528100,3
517012,518072,3
10120,41544,3
10120,12311,3
42734,10072,3
42739,287884,3
42835,287884,3
14182,28364,3
14182,536208,3
517512,10041,3
10110,556502,3
10110,522991,3
10110,520468,3
10110,520573,3
10110,515193,3
10110,511842,3
10110,513034,3
10110,115546,3
10110,69064,3
10110,59846,3
10110,53755,3
10110,43881,3
10110,27119,3
10110,25549,3
10110,19443,3
10110,17016,3
10110,13490,3
10110,12706,3
10110,11557,3
43040,287884,3
14212,139590,3
14212,131734,3
14212,535042,3
15458,10852,3
43161,10187,3
14222,29565,3
14222,544359,3
15409,10011,3
518519,287884,3
518521,287884,3
15344,45730,3
15344,37710,3
15344,32393,3
15344,11255,3
15325,53285,3
15325,13428,3
518604,126900,3
518644,10187,3
518704,10187,3
15310,539227,3
15310,532800,3
15310,524795,3
15310,42793,3
15310,44903,3
15310,68268,3
15310,43756,3
15310,27119,3
15310,34900,3
15310,25328,3
15310,23601,3
15310,17061,3
15310,12221,3
518779,10187,3
518779,287884,3
522972,523553,3
49839,287884,3
519140,10011,3
522853,10110,3
15210,10041,3
519328,10072,3
519354,10187,3
519359,287884,3
10072,521813,3
10072,519140,3
10072,514045,3
10072,514405,3
10072,515961,3
10072,519941,3
10072,512928,3
10072,434891,3
10072,107195,3
10072,88342,3
10072,77360,3
10072,54776,3
10072,35324,3
10072,27296,3
10072,19825,3
10072,17753,3
10072,16540,3
10072,17379,3
10072,16180,3
10072,15399,3
10072,11503,3
10072,12358,3
10072,10539,3
519508,215931,3
519616,13058,3
519616,15325,3
519616,17061,3
519616,17749,3
519616,17763,3
519616,25529,3
519616,37003,3
519616,47546,3
519616,72892,3
519616,94528,3
519616,103306,3
519616,115521,3
519616,118318,3
519616,133601,3
519616,220958,3
519616,533946,3
519616,561332,3
48642,10187,3
521975,14705,3
519947,11053,3
519947,513217,3
519947,520435,3
14975,287884,3
14509,10072,3
10050,519349,3
10050,44903,3
14521,94487,3
14521,128552,3
14521,121578,3
14521,514043,3
47850,11618,3
521644,10187,3
14540,14225,3
45343,12902,3
520338,287884,3
10041,531755,3
10041,518378,3
10041,513518,3
10041,513266,3
10041,514997,3
10041,105904,3
10041,79549,3
10041,59846,3
10041,49288,3
10041,43866,3
10041,39984,3
10041,45024,3
10041,23159,3
10041,17000,3
10041,17290,3
10041,16360,3
10041,15458,3
10041,14729,3
10041,10744,3
520468,10278,3
520468,10185,3
45789,10187,3
45789,287884,3
14729,10110,3
10011,519332,3
10011,517763,3
10011,517417,3
10011,514045,3
10011,513033,3
10011,107195,3
10011,100809,3
10011,41849,3
10011,31756,3
10011,18823,3
10011,16360,3
10011,15654,3
46571,544359,3
46571,547260,3
46209,10187,3
14705,533103,3
14705,523775,3
14705,126393,3
14705,97590,3
14705,68917,3
14705,72430,3
14705,55523,3
14705,56327,3
14705,58552,3
14705,35129,3
14705,29582,3
14705,29537,3
14705,28364,3
14705,20331,3
14705,14420,3
14705,12106,3
14705,10568,3
46369,12542,3
14703,32865,2
14705,16973,2
14705,22343,2
14705,21053,2
14705,25530,2
14705,33919,2
14705,32571,2
14705,37540,2
14705,73758,2
14705,56628,2
14705,75614,2
14705,114213,2
14705,514689,2
14705,522790,2
14663,10168,2
14727,10011,2
520817,12055,2
520811,10041,2
14806,10072,2
520582,287884,2
520582,10187,2
520581,10041,2
520468,10187,2
520468,10050,2
520338,10187,2
521584,10175,2
521584,11618,2
521584,11752,2
521584,13428,2
521584,11900,2
521584,48113,2
14540,10187,2
520182,13862,2
521646,287884,2
520146,13559,2
14521,258715,2
14521,131124,2
14521,514997,2
519947,34392,2
519947,24399,2
519947,12506,2
519947,12844,2
519940,513217,2
519940,536057,2
521813,10011,2
15042,36423,2
521975,192245,2
519616,520582,2
519616,512717,2
519616,264828,2
519616,91507,2
519616,90896,2
519616,77311,2
519616,61871,2
519616,68672,2
519616,69343,2
519616,65047,2
519616,42037,2
519616,46636,2
519616,43756,2
519616,39465,2
519616,35450,2
519616,31860,2
519616,25713,2
519616,15929,2
519616,10396,2
14420,287884,2
519508,17155,2
519354,287884,2
519331,10072,2
519328,12055,2
522790,164279,2
522855,146058,2
519140,12055,2
522972,10185,2
522972,10110,2
522972,287884,2
522974,10204,2
522974,513354,2
522993,287884,2
518830,15310,2
15310,10099,2
15310,10969,2
15310,10744,2
15310,12083,2
15310,12359,2
15310,15325,2
15310,17016,2
15310,21700,2
15310,23846,2
15310,31786,2
15310,31911,2
15310,33598,2
15310,33552,2
15310,45024,2
15310,61553,2
15310,59108,2
15310,105775,2
15310,100304,2
15310,87121,2
15310,115546,2
15310,512179,2
15310,533103,2
518604,138585,2
15325,74743,2
15325,519616,2
15344,19011,2
15344,39879,2
15344,49627,2
518520,10187,2
523382,26065,2
523382,16908,2
523553,12506,2
523578,512326,2
14225,113565,2
14225,68917,2
14222,553201,2
14222,224205,2
14212,565465,2
14212,517013,2
14212,252044,2
14212,160026,2
14212,162496,2
14212,125443,2
14212,114624,2
14212,106180,2
14212,62732,2
14212,53675,2
14212,28421,2
14212,28468,2
14212,27698,2
15487,55508,2
517512,10110,2
517418,10187,2
517417,10072,2
517417,10011,2
14182,55161,2
14182,15888,2
523786,10072,2
517013,14212,2
517012,32865,2
517012,17155,2
523942,524067,2
15654,10011,2
15693,114624,2
15693,219656,2
524351,287884,2
515963,287884,2
515963,10187,2
515959,287884,2
515933,10110,2
524503,42515,2
524503,39879,2
524503,50952,2
15851,10011,2
15888,11618,2
524655,126900,2
15919,10187,2
15924,15310,2
15924,86431,2
15929,117782,2
15929,175459,2
515464,10187,2
524876,287884,2
515298,287884,2
515295,287884,2
515294,10072,2
515221,139378,2
515221,10185,2
525061,10187,2
525061,287884,2
525063,10187,2
515048,529018,2
515048,31860,2
515048,25318,2
514997,18436,2
525364,287884,2
525393,47196,2
514690,10187,2
514690,13428,2
525448,11560,2
525448,152385,2
525448,325731,2
13892,196622,2
13892,12902,2
16214,10187,2
16214,15310,2
526085,10187,2
526085,11327,2
514126,12091,2
526285,11327,2
526285,12542,2
16292,10187,2
526638,287884,2
526639,10187,2
526639,66934,2
526639,287884,2
526934,10187,2
513662,10187,2
527048,196622,2
513518,287884,2
513518,10110,2
513517,10072,2
16412,10011,2
16430,10187,2
16430,529516,2
513376,157134,2
513376,11618,2
513354,536057,2
513354,15674,2
513354,30541,2
513354,31121,2
513354,26798,2
513354,17480,2
513354,12706,2
513354,11745,2
513354,11255,2
527475,287884,2
16476,10072,2
513217,519947,2
513217,529808,2
529128,143120,2
529128,170450,2
529128,520403,2
529129,12542,2
529129,224205,2
16553,10072,2
529318,10072,2
529419,10537,2
512717,287884,2
512717,10187,2
512716,170450,2
512716,12542,2
529512,12311,2
529512,24051,2
529512,21053,2
529512,514689,2
529516,47850,2
529516,520468,2
512514,10011,2
13650,287884,2
529707,131124,2
529707,555342,2
512362,10187,2
529808,11053,2
529808,12104,2
529808,13058,2
529808,35588,2
529808,37105,2
529808,97523,2
529808,98136,2
529808,512717,2
512326,533946,2
512326,264828,2
512319,90678,2
512179,10187,2
512042,10187,2
512041,10187,2
530449,139280,2
511847,287884,2
511846,287884,2
511842,10041,2
16908,13428,2
530880,139378,2
530880,206851,2
17000,10041,2
17016,10187,2
13490,10110,2
300334,519616,2
17155,14222,2
17155,23596,2
17155,46369,2
17155,57278,2
17155,74669,2
17155,123199,2
17155,116185,2
17155,139590,2
17155,526638,2
17155,527427,2
17155,529129,2
531755,10187,2
531755,287884,2
287884,567101,2
287884,560327,2
287884,561332,2
287884,552966,2
287884,550660,2
287884,552768,2
287884,536058,2
287884,542782,2
287884,534662,2
287884,535056,2
287884,535099,2
287884,534561,2
287884,544358,2
287884,533135,2
287884,530880,2
287884,529128,2
287884,529142,2
287884,530445,2
287884,525063,2
287884,524270,2
287884,523032,2
287884,523776,2
287884,521814,2
287884,520727,2
287884,518606,2
287884,518378,2
287884,519354,2
287884,519358,2
287884,519359,2
287884,518519,2
287884,515232,2
287884,515464,2
287884,515194,2
287884,514690,2
287884,515233,2
287884,514405,2
287884,514126,2
287884,248193,2
287884,249693,2
287884,264828,2
287884,197575,2
287884,198844,2
287884,199798,2
287884,212879,2
287884,241046,2
287884,195150,2
287884,194655,2
287884,185934,2
287884,169226,2
287884,182773,2
287884,179749,2
287884,178181,2
287884,176873,2
287884,177539,2
287884,184456,2
287884,175200,2
287884,165152,2
287884,165208,2
287884,164254,2
287884,158774,2
287884,162006,2
287884,162211,2
287884,158252,2
287884,160831,2
287884,159401,2
287884,154293,2
287884,153999,2
287884,151904,2
287884,156190,2
287884,154816,2
287884,155188,2
287884,163351,2
287884,151041,2
287884,151069,2
287884,148829,2
287884,147957,2
287884,148290,2
287884,149160,2
287884,146524,2
287884,146190,2
287884,146261,2
287884,145229,2
287884,144488,2
287884,142689,2
287884,141161,2
287884,147211,2
287884,137084,2
287884,132143,2
287884,136159,2
287884,135454,2
287884,133373,2
287884,132995,2
287884,128825,2
287884,130007,2
287884,123047,2
287884,123199,2
287884,126963,2
287884,125729,2
287884,125114,2
287884,131748,2
287884,125272,2
287884,124562,2
287884,118715,2
287884,122745,2
287884,120915,2
287884,120773,2
287884,119833,2
287884,113500,2
287884,112250,2
287884,113924,2
287884,118375,2
287884,117040,2
287884,114009,2
287884,115261,2
287884,112562,2
287884,104985,2
287884,106292,2
287884,105775,2
287884,105904,2
287884,110323,2
287884,108860,2
287884,108286,2
287884,107492,2
287884,107521,2
287884,100586,2
287884,99513,2
287884,100217,2
287884,101754,2
287884,101212,2
287884,101552,2
287884,99028,2
287884,98430,2
287884,104220,2
287884,103526,2
287884,96116,2
287884,98337,2
287884,102316,2
287884,95713,2
287884,93886,2
287884,95377,2
287884,92517,2
287884,90194,2
287884,92330,2
287884,92417,2
287884,91780,2
287884,85400,2
287884,81910,2
287884,84256,2
287884,83478,2
287884,81247,2
287884,79427,2
287884,79146,2
287884,78577,2
287884,75558,2
287884,75781,2
287884,78294,2
287884,77821,2
287884,80453,2
287884,77246,2
287884,74349,2
287884,73758,2
287884,72892,2
287884,71718,2
287884,71302,2
287884,68438,2
287884,71081,2
287884,70621,2
287884,69106,2
287884,68502,2
287884,68271,2
287884,68039,2
287884,66479,2
287884,65947,2
287884,65579,2
287884,65657,2
287884,66246,2
287884,65705,2
287884,64325,2
287884,63395,2
287884,60449,2
287884,61451,2
287884,61871,2
287884,59994,2
287884,59846,2
287884,61590,2
287884,61704,2
287884,60586,2
287884,60370,2
287884,59434,2
287884,58322,2
287884,56607,2
287884,56628,2
287884,55523,2
287884,55538,2
287884,54907,2
287884,55037,2
287884,54627,2
287884,54776,2
287884,52966,2
287884,51782,2
287884,50891,2
287884,48491,2
287884,48248,2
287884,46809,2
287884,46590,2
287884,43949,2
287884,46169,2
287884,42793,2
287884,43040,2
287884,41554,2
287884,38835,2
287884,40802,2
287884,39883,2
287884,39538,2
287884,39970,2
287884,37640,2
287884,36059,2
287884,35267,2
287884,35277,2
287884,35738,2
287884,37004,2
287884,35743,2
287884,33125,2
287884,30781,2
287884,30860,2
287884,31627,2
287884,30068,2
287884,30181,2
287884,31336,2
287884,27761,2
287884,26242,2
287884,26287,2
287884,25176,2
287884,25328,2
287884,25045,2
287884,27133,2
287884,22721,2
287884,24153,2
287884,23846,2
287884,20906,2
287884,19373,2
287884,19700,2
287884,18899,2
287884,18779,2
287884,18670,2
287884,18625,2
287884,18666,2
287884,18221,2
287884,17016,2
287884,14507,2
287884,14703,2
287884,13902,2
287884,13732,2
287884,13650,2
287884,13316,2
287884,12506,2
287884,12106,2
287884,11994,2
287884,11987,2
287884,11745,2
13428,532124,2
13428,524067,2
13428,520338,2
13428,131748,2
13428,98544,2
13428,85527,2
13428,70279,2
13428,68672,2
13428,68889,2
13428,66695,2
13428,65047,2
13428,44903,2
13428,59846,2
13428,34900,2
13428,34909,2
13428,39465,2
13428,31911,2
13428,27119,2
13428,26065,2
13428,24933,2
13428,22083,2
13428,17759,2
13428,14434,2
270968,515048,2
270968,151013,2
270968,14705,2
13417,287884,2
264828,529516,2
264828,10187,2
262715,14705,2
532124,15310,2
13392,10187,2
241046,287884,2
17379,10011,2
231168,10187,2
230802,34011,2
226708,26287,2
17421,12106,2
17421,515463,2
17421,520210,2
17421,555342,2
17421,556502,2
532800,15310,2
220958,287884,2
220958,10187,2
13316,207122,2
13316,287884,2
13312,139590,2
13312,114924,2
13312,110382,2
13312,105012,2
13312,68391,2
13312,64956,2
13312,53675,2
13312,46185,2
13312,27736,2
533103,11618,2
533103,11327,2
533103,144126,2
533725,10011,2
533727,10072,2
13259,44903,2
533943,10187,2
533943,32865,2
533943,48113,2
197565,66934,2
17720,242429,2
17759,13428,2
17801,10187,2
534560,10187,2
534561,10187,2
535053,10187,2
535072,21145,2
17991,287884,2
182391,14212,2
181476,184778,2
536208,14225,2
536208,11618,2
18065,17155,2
18065,200973,2
178721,174384,2
178487,12506,2
178487,26287,2
178101,55161,2
13101,287884,2
13101,10187,2
177539,287884,2
176934,553201,2
18156,10110,2
175459,512716,2
175459,94739,2
175459,87121,2
175459,14677,2
175459,11433,2
18178,287884,2
13068,555342,2
173511,200973,2
13058,287884,2
172013,544359,2
171935,515048,2
171780,11752,2
171584,553201,2
171389,553201,2
170539,10187,2
170133,580579,2
169674,520727,2
169365,190297,2
168481,518137,2
168481,577933,2
539830,512326,2
18422,12542,2
18422,48113,2
18422,170450,2
18436,94487,2
18436,258715,2
18436,131124,2
18436,514997,2
18436,555342,2
18436,523776,2
540248,10187,2
540382,14225,2
165187,43040,2
165152,154230,2
164254,184778,2
164254,21145,2
164254,10187,2
163951,32805,2
18548,11497,2
18548,11516,2
18548,10969,2
162733,14225,2
162211,10187,2
18670,75922,2
160453,190297,2
160441,10187,2
160355,147184,2
160355,287884,2
160355,11752,2
160026,11227,2
159401,519616,2
159201,192245,2
159201,523942,2
12902,524795,2
12902,518644,2
12902,513217,2
12902,97523,2
12902,79273,2
12902,55953,2
12902,43909,2
12902,36423,2
12902,34900,2
12902,34909,2
12902,18666,2
12902,15888,2
12902,11497,2
12902,12802,2
12902,10969,2
12902,12311,2
543495,287884,2
158252,160277,2
157838,92324,2
157584,523942,2
156453,515048,2
156233,553201,2
544358,287884,2
12858,556502,2
12858,38706,2
12858,15768,2
12858,10099,2
155194,259089,2
544759,151013,2
544759,154230,2
18899,28434,2
12844,10187,2
154646,13259,2
154230,524067,2
18982,10187,2
545857,174384,2
152997,12506,2
12802,10187,2
547298,160277,2
547298,92324,2
19090,42515,2
19090,42734,2
19090,50952,2
19090,522974,2
19100,287884,2
548469,10753,2
150034,256623,2
150034,536208,2
150034,165017,2
150034,135084,2
150034,105369,2
150034,23779,2
149740,287884,2
149160,287884,2
19266,11752,2
19266,69722,2
550660,12902,2
147665,10187,2
147541,10187,2
147399,152019,2
19337,10187,2
12706,513354,2
12706,10639,2
19367,10187,2
19373,287884,2
19373,178487,2
146667,147184,2
146404,287884,2
146261,10175,2
553201,34972,2
553201,35422,2
553201,27425,2
553201,66750,2
553201,128694,2
553201,136469,2
553201,154825,2
553201,156233,2
553201,532800,2
553201,536264,2
553201,204229,2
146190,259089,2
146190,192245,2
146190,92324,2
145530,10187,2
19460,13428,2
145229,287884,2
145229,10187,2
12674,142528,2
19478,13142,2
19478,45024,2
19478,541412,2
19478,556502,2
19564,10187,2
19564,287884,2
12644,18156,2
143387,10187,2
19651,39984,2
19651,68387,2
19651,45730,2
19700,287884,2
19715,10041,2
556346,10011,2
140787,11618,2
140558,10187,2
140134,10187,2
12542,143023,2
12542,113565,2
12542,120798,2
12542,101515,2
12542,83319,2
12542,12706,2
12542,12248,2
20007,12091,2
137990,12902,2
137936,11327,2
20070,14182,2
20070,92324,2
136981,10187,2
565465,66934,2
565465,528100,2
12506,65886,2
12506,10110,2
20233,151993,2
135721,10187,2
135084,150034,2
135084,10175,2
20331,287884,2
12449,10072,2
134100,10187,2
133953,10187,2
133601,287884,2
133601,10187,2
133019,533103,2
131748,126900,2
131313,10072,2
128825,287884,2
12301,555342,2
12301,10537,2
21018,287884,2
21053,14225,2
21053,14705,2
21053,29565,2
21053,105365,2
126699,200973,2
21145,26287,2
21145,181099,2
21231,13490,2
21231,99346,2
12248,28434,2
12248,12542,2
125272,523553,2
125114,544359,2
21345,287884,2
123681,553201,2
123377,10072,2
123199,14225,2
21671,10568,2
21671,29537,2
21671,27864,2
21671,71503,2
21671,69319,2
21700,69722,2
21700,152056,2
121578,10072,2
121377,10187,2
121031,287884,2
120773,10187,2
12109,11886,2
21911,10187,2
119833,10187,2
12104,10110,2
12104,12091,2
119499,27210,2
12091,520210,2
12091,549508,2
12091,522974,2
12091,55630,2
12091,35978,2
12091,24399,2
12091,14881,2
12091,19825,2
12091,15458,2
12091,11516,2
12091,12656,2
12091,12706,2
12091,12359,2
22083,126900,2
22083,157257,2
118375,515048,2
118375,21145,2
12055,522974,2
12055,521409,2
12055,521813,2
12055,512514,2
12055,511844,2
12055,68387,2
12055,26287,2
12055,12359,2
117521,14225,2
22291,152385,2
22291,287884,2
115521,287884,2
11994,10187,2
11994,14705,2
22521,10187,2
22521,11752,2
11989,10011,2
11964,11255,2
114392,11900,2
22683,10187,2
114009,10187,2
113588,10187,2
113489,287884,2
22835,10187,2
113148,10187,2
112888,21145,2
22884,287884,2
22884,513354,2
11921,44903,2
11921,13559,2
22923,10187,2
22982,17480,2
22982,24933,2
22982,25529,2
22982,35293,2
22982,34652,2
22982,512716,2
11900,79273,2
11900,66695,2
11900,25318,2
11900,26665,2
11900,12359,2
23090,287884,2
23231,10187,2
23231,287884,2
23232,10187,2
23281,12858,2
23281,90678,2
110323,10187,2
109669,287884,2
109624,12221,2
109624,18666,2
23596,200973,2
23643,10187,2
23800,17421,2
11752,533103,2
11752,26666,2
105664,10175,2
105365,56350,2
105365,26287,2
104985,287884,2
104985,10187,2
104713,56350,2
104593,10187,2
24291,11734,2
24291,147184,2
24291,161153,2
11673,10110,2
103526,135287,2
103466,12902,2
24567,66934,2
11618,532124,2
11618,524067,2
11618,521584,2
11618,520727,2
11618,512042,2
11618,300334,2
11618,485278,2
101821,515048,2
11618,84305,2
11618,70279,2
11618,56327,2
11618,34909,2
11618,43909,2
11618,45024,2
11618,39091,2
11618,41544,2
11618,28364,2
11618,24088,2
11618,19373,2
11618,16908,2
11618,15888,2
11618,13559,2
11618,14677,2
11618,12106,2
11618,11994,2
101552,287884,2
101552,10187,2
101515,512326,2
24933,10187,2
24933,287884,2
25045,206851,2
99820,10168,2
99820,11618,2
11560,17738,2
25131,287884,2
25210,287884,2
98874,287884,2
25318,11752,2
25318,12542,2
25318,158372,2
25334,36624,2
98471,287884,2
11516,529808,2
11512,287884,2
25509,287884,2
25763,12902,2
25763,287884,2
95523,524067,2
95015,287884,2
26065,10187,2
26065,11752,2
26065,152056,2
94805,287884,2
94487,10072,2
94433,139280,2
93886,287884,2
26287,113001,2
26287,141615,2
26287,174672,2
26287,170467,2
26287,184778,2
26287,197920,2
93284,287884,2
26488,10110,2
92664,10187,2
11340,151993,2
92330,287884,2
11327,533103,2
11327,525448,2
11327,536208,2
11327,518644,2
11327,58552,2
11327,41554,2
11327,22291,2
11327,17759,2
11326,22982,2
11326,10187,2
26665,11921,2
26665,39617,2
26666,10187,2
26666,287884,2
91633,287884,2
11307,10011,2
11307,10072,2
91391,15929,2
26962,287884,2
90634,287884,2
90574,287884,2
90497,10187,2
90194,287884,2
27109,10187,2
90155,10187,2
27179,287884,2
27210,11752,2
27213,10187,2
89657,12569,2
27326,10187,2
89155,528100,2
11227,216592,2
11227,108585,2
11227,30264,2
27430,48113,2
27430,287884,2
88730,190297,2
27618,287884,2
88014,287884,2
88014,10187,2
27655,10187,2
11197,119763,2
11197,17155,2
11197,11900,2
11197,12542,2
27864,287884,2
28074,287884,2
86156,525393,2
28146,287884,2
28248,10187,2
28254,287884,2
85527,519616,2
28286,152044,2
85400,287884,2
84708,10168,2
28559,287884,2
11083,553201,2
11083,28434,2
84305,10187,2
84217,190635,2
28767,287884,2
83804,287884,2
29152,150034,2
82111,529516,2
11005,555342,2
11005,536057,2
11005,38268,2
11005,35293,2
11005,24399,2
11005,17061,2
11005,17016,2
10997,512717,2
10997,80415,2
29582,17155,2
29582,146058,2
80750,287884,2
29701,287884,2
10969,86431,2
80453,287884,2
79615,10175,2
30068,10187,2
30068,287884,2
30122,287884,2
30181,12902,2
30181,10110,2
30225,10187,2
30234,287884,2
30329,10187,2
30405,10187,2
10898,12802,2
30541,163883,2
30541,168080,2
77770,10187,2
77090,10187,2
30860,287884,2
77025,580579,2
76941,515048,2
10817,10187,2
10799,520468,2
10799,41665,2
10799,36384,2
10799,11255,2
10799,10537,2
75141,287884,2
31627,10175,2
74917,15310,2
74917,10187,2
74669,12542,2
31756,287884,2
31786,10187,2
31786,12902,2
31786,287884,2
31860,287884,2
74326,12902,2
10753,68672,2
10753,13033,2
32338,10072,2
72957,287884,2
72902,10168,2
32432,10187,2
32699,287884,2
71769,10187,2
10677,128552,2
10677,42332,2
10677,36423,2
10677,12706,2
10677,10624,2
71363,14225,2
10652,19011,2
33191,287884,2
70764,13058,2
33298,196622,2
33316,12706,2
33316,32810,2
33552,287884,2
33598,10175,2
33598,15310,2
33598,12902,2
33598,91391,2
33598,183567,2
69684,287884,2
69515,10187,2
69343,204930,2
10603,42332,2
10603,18156,2
69106,287884,2
68889,10187,2
68579,12902,2
34203,13428,2
34226,10187,2
68121,10187,2
10545,522974,2
10545,21519,2
10545,11497,2
67241,519616,2
67047,10187,2
34924,10187,2
34924,287884,2
66695,11752,2
66418,287884,2
35129,287884,2
66309,10187,2
66205,287884,2
66205,10187,2
65947,287884,2
65947,10187,2
35322,10110,2
35324,10011,2
35324,10072,2
35461,287884,2
65047,10187,2
35743,287884,2
64684,10187,2
35912,287884,2
64464,519616,2
10453,528100,2
64365,10753,2
64325,287884,2
64325,10187,2
64139,287884,2
63652,10753,2
63395,287884,2
36470,10187,2
36470,287884,2
63261,287884,2
62790,230802,2
62790,10175,2
62570,529516,2
62193,287884,2
61978,10187,2
61930,135578,2
61871,10187,2
61398,135171,2
37313,12333,2
37313,15888,2
61296,10187,2
60586,287884,2
37710,10011,2
60474,287884,2
37751,10187,2
60323,287884,2
60086,10187,2
59994,111665,2
59994,10175,2
59994,10187,2
38182,287884,2
59429,10187,2
38334,287884,2
59108,10187,2
38526,287884,2
38706,10110,2
38835,139280,2
38835,14182,2
38835,206851,2
58146,287884,2
10278,97512,2
10278,71991,2
10278,37710,2
10278,31681,2
10278,21519,2
10278,19011,2
10278,15888,2
57935,196622,2
57934,287884,2
39091,178487,2
57625,10187,2
57384,287884,2
57309,287884,2
57278,200973,2
57278,14225,2
57252,14182,2
39465,287884,2
39538,10187,2
39538,287884,2
56839,10187,2
56545,287884,2
56545,10187,2
56466,287884,2
56466,10187,2
56327,287884,2
56327,10187,2
39970,10187,2
39984,10011,2
40069,287884,2
55789,10187,2
55538,287884,2
55538,10187,2
55415,12902,2
55415,10187,2
55210,12506,2
55161,162050,2
55161,83277,2
55161,11900,2
55161,13428,2
55037,287884,2
54911,287884,2
54911,10187,2
40802,287884,2
54642,287884,2
54627,152385,2
10187,934913,2
10187,555342,2
10187,568471,2
10187,561332,2
10187,550199,2
10187,543506,2
10187,535056,2
10187,534560,2
10187,536264,2
10187,532704,2
10187,533223,2
10187,530033,2
10187,529018,2
10187,526637,2
10187,527048,2
10187,524612,2
10187,529142,2
10187,529253,2
10187,526406,2
10187,524947,2
10187,521975,2
10187,523776,2
10187,520727,2
10187,522991,2
10187,519359,2
10187,520338,2
10187,518715,2
10187,519351,2
10187,518830,2
10187,515464,2
10187,515687,2
10187,515810,2
10187,515194,2
10187,514184,2
10187,511778,2
10187,514126,2
10187,513703,2
10187,513032,2
10187,298502,2
10187,231168,2
10187,264828,2
10187,205330,2
10187,197565,2
10187,177717,2
10187,174511,2
10187,173511,2
10187,175200,2
10187,173725,2
10187,171455,2
10187,163351,2
10187,163353,2
10187,170829,2
10187,170133,2
10187,167908,2
10187,167155,2
10187,164863,2
10187,154646,2
10187,161641,2
10187,155668,2
10187,159766,2
10187,153999,2
10187,154212,2
10187,148829,2
10187,151777,2
10187,151069,2
10187,140787,2
10187,140820,2
10187,142911,2
10187,138011,2
10187,136981,2
10187,137084,2
10187,138592,2
10187,135721,2
10187,135454,2
10187,134322,2
10187,131237,2
10187,129780,2
10187,130007,2
10187,128516,2
10187,129936,2
10187,126061,2
10187,124027,2
10187,117356,2
10187,118431,2
10187,116303,2
10187,112156,2
10187,115261,2
10187,113500,2
10187,113148,2
10187,111244,2
10187,110323,2
10187,107690,2
10187,107492,2
10187,104985,2
10187,105406,2
10187,101052,2
10187,97443,2
10187,104220,2
10187,98874,2
10187,98544,2
10187,97946,2
10187,98136,2
10187,98374,2
10187,95207,2
10187,92611,2
10187,92664,2
10187,90497,2
10187,89635,2
10187,89191,2
10187,86722,2
10187,87630,2
10187,85527,2
10187,85400,2
10187,84305,2
10187,83388,2
10187,83319,2
10187,79615,2
10187,81417,2
10187,79948,2
10187,77360,2
10187,78294,2
10187,78331,2
10187,79146,2
10187,76941,2
10187,72430,2
10187,71779,2
10187,70329,2
10187,70573,2
10187,73758,2
10187,72669,2
10187,69704,2
10187,71081,2
10187,68438,2
10187,67741,2
10187,69343,2
10187,65947,2
10187,67167,2
10187,64684,2
10187,65579,2
10187,66246,2
10187,65657,2
10187,65705,2
10187,62570,2
10187,63998,2
10187,64325,2
10187,62020,2
10187,61731,2
10187,61451,2
10187,62790,2
10187,61553,2
10187,61296,2
10187,58552,2
10187,60670,2
10187,57252,2
10187,56628,2
10187,56327,2
10187,56350,2
10187,54176,2
10187,54184,2
10187,55049,2
10187,54627,2
10187,53043,2
10187,50461,2
10187,47796,2
10187,48248,2
10187,47996,2
10187,46590,2
10187,46809,2
10187,46603,2
10187,44004,2
10187,45789,2
10187,43928,2
10187,43681,2
10187,41544,2
10187,42750,2
10187,40458,2
10187,41743,2
10187,41849,2
10187,41715,2
10187,38835,2
10187,40179,2
10187,39233,2
10187,37003,2
10187,37640,2
10187,35461,2
10187,36470,2
10187,36227,2
10187,32810,2
10187,31627,2
10187,33307,2
10187,30256,2
10187,31499,2
10187,30773,2
10187,28418,2
10187,29537,2
10187,29261,2
10187,28782,2
10187,27460,2
10187,26242,2
10187,25982,2
10187,26038,2
10187,27133,2
10187,26739,2
10187,26064,2
10187,26488,2
10187,25045,2
10187,23473,2
10187,23596,2
10187,25176,2
10187,23359,2
10187,22521,2
10187,21700,2
10187,19974,2
10187,19125,2
10187,19269,2
10187,18666,2
10187,18437,2
10187,17738,2
10187,17759,2
10187,17763,2
10187,18422,2
10187,18065,2
10187,16908,2
10187,15713,2
10187,15210,2
10187,14540,2
10187,13650,2
10187,12802,2
10187,11987,2
10187,11989,2
10187,11745,2
10187,11197,2
10187,11255,2
10187,10817,2
10187,10324,2
10185,556502,2
10185,524795,2
10185,520817,2
10185,517726,2
10185,512042,2
10185,155188,2
10185,45024,2
10185,31911,2
10185,23473,2
10185,15924,2
10185,13559,2
10185,13142,2
10185,12221,2
10185,12333,2
10185,11340,2
10185,11053,2
10185,10568,2
10185,10537,2
41052,287884,2
54283,287884,2
54176,287884,2
53991,66934,2
10175,549582,2
10175,523775,2
10175,520338,2
10175,520727,2
10175,516663,2
10175,238044,2
10175,165152,2
10175,153938,2
10175,146261,2
10175,112339,2
10175,105664,2
10175,103526,2
10175,87121,2
10175,73758,2
10175,68917,2
10175,68672,2
10175,62790,2
10175,58552,2
10175,51782,2
10175,53467,2
10175,46809,2
10175,36423,2
10175,30541,2
10175,30225,2
10175,24933,2
10175,25713,2
10175,15924,2
10175,10744,2
41277,10187,2
53755,287884,2
10168,556502,2
10168,536441,2
10168,520727,2
10168,99346,2
10168,91820,2
10168,75789,2
10168,70621,2
10168,73758,2
10168,72430,2
10168,65705,2
10168,61704,2
10168,63122,2
10168,46809,2
10168,45024,2
10168,43040,2
10168,39091,2
10168,39465,2
10168,34909,2
10168,33191,2
10168,32805,2
10168,31911,2
10168,26665,2
10168,23812,2
10168,19266,2
10168,18666,2
10168,17480,2
10168,16214,2
10168,16430,2
10168,14434,2
10168,13142,2
10168,12506,2
10168,11497,2
10168,10744,2
10168,10568,2
41544,47196,2
41544,104713,2
41544,184778,2
53352,287884,2
52903,287884,2
52903,10187,2
52728,287884,2
42231,287884,2
52397,11227,2
42267,287884,2
52253,138822,2
52253,239873,2
52253,273182,2
52253,66934,2
52253,60930,2
52253,32865,2
42515,10011,2
10120,514689,2
10120,512041,2
10120,45024,2
10120,23601,2
10120,14434,2
10120,12802,2
10110,567101,2
10110,541755,2
10110,526085,2
10110,523032,2
10110,523776,2
42975,287884,2
10110,108478,2
10110,79615,2
10110,45024,2
10110,35588,2
10110,28248,2
10110,23473,2
10110,15458,2
10110,15325,2
10110,15210,2
10110,14729,2
10110,13031,2
10110,11886,2
10110,11673,2
43127,287884,2
50687,287884,2
10100,67303,2
10100,43866,2
10100,23281,2
10099,552362,2
50461,287884,2
50461,150034,2
43681,287884,2
43881,10187,2
44004,11618,2
49630,287884,2
10080,12763,2
10072,556347,2
10072,520811,2
10072,520818,2
10072,522853,2
10072,523806,2
10072,524073,2
10072,513520,2
10072,525062,2
10072,513464,2
10072,519332,2
10072,520575,2
10072,512514,2
10072,123377,2
10072,76194,2
10072,75598,2
10072,55527,2
10072,55124,2
10072,47528,2
10072,37710,2
10072,33325,2
10072,30807,2
10072,28559,2
10072,26913,2
10072,27460,2
10072,22835,2
10072,20007,2
10072,17454,2
10072,18504,2
10072,15839,2
10072,16234,2
10072,14871,2
44669,10187,2
48642,287884,2
48583,287884,2
48583,10187,2
48491,126900,2
48421,147184,2
48421,161153,2
48421,94922,2
48277,287884,2
48277,10187,2
10050,549508,2
10050,522972,2
10050,123377,2
10050,97512,2
10050,59425,2
10050,36423,2
10050,34392,2
10050,10568,2
47850,174672,2
47850,12542,2
47546,287884,2
47546,117782,2
10041,535347,2
10041,526085,2
10041,520468,2
10041,519351,2
10041,102316,2
10041,97523,2
10041,98136,2
10041,71991,2
47528,287884,2
10041,46008,2
10041,33552,2
10041,34188,2
10041,30181,2
10041,26665,2
10041,25549,2
10041,26488,2
10041,23473,2
10041,19443,2
10041,18851,2
10041,18327,2
10041,15888,2
10041,15210,2
10041,12802,2
10041,12083,2
10041,11745,2
10041,11673,2
10041,11255,2
47369,10187,2
45730,10011,2
46008,287884,2
10011,529385,2
10011,525061,2
10011,523786,2
10011,522973,2
10011,520818,2
10011,521409,2
10011,520581,2
10011,515961,2
10011,515675,2
10011,513517,2
10011,513034,2
10011,513032,2
10011,512513,2
10011,511841,2
10011,156116,2
10011,94391,2
10011,84758,2
10011,81159,2
10011,57591,2
10011,53086,2
10011,39567,2
10011,34949,2
10011,35324,2
10011,32258,2
10011,28248,2
10011,22657,2
10011,22240,2
10011,20781,2
10011,20818,2
10011,18932,2
10011,19125,2
10011,18744,2
10011,16869,2
10011,16110,2
10011,16234,2
10011,17024,2
10011,16008,2
10011,10539,2
10011,11987,2
46571,144678,2
46571,142528,2
46369,17155,1
46369,143120,1
46369,287884,1
46369,553201,1
46383,287884,1
46185,11227,1
46571,178945,1
46571,529512,1
46590,10187,1
46603,152044,1
46657,10187,1
46657,287884,1
46073,10187,1
46008,111665,1
46008,10187,1
45969,12091,1
46809,287884,1
45876,519616,1
46943,200973,1
47196,16908,1
47196,71769,1
47196,525393,1
47348,10187,1
45483,287884,1
45483,150034,1
45483,11752,1
47528,10187,1
47546,107986,1
47546,138585,1
47546,175459,1
47546,151013,1
47796,10187,1
47796,287884,1
47850,13428,1
47850,87177,1
47850,138629,1
47850,108429,1
47850,175459,1
47850,230802,1
47850,519616,1
47850,529516,1
47850,533294,1
45151,10187,1
47995,553201,1
47996,287884,1
45024,137595,1
45024,102936,1
45024,114522,1
45024,11618,1
45024,10187,1
48335,287884,1
44903,11752,1
48421,119499,1
48421,94250,1
48421,95523,1
48421,151133,1
48421,162050,1
48556,150034,1
44669,287884,1
44554,13428,1
44554,10168,1
49043,41544,1
49043,19373,1
49043,113840,1
44256,287884,1
44256,10011,1
49288,10187,1
43909,287884,1
43814,10187,1
49952,287884,1
50327,287884,1
50431,175459,1
50461,10187,1
50687,10187,1
50891,287884,1
50905,152997,1
50952,10011,1
43040,181924,1
43040,168020,1
43040,152291,1
43040,10175,1
42975,10187,1
51458,287884,1
42835,10187,1
51519,10168,1
51519,150034,1
51519,287884,1
51611,287884,1
42750,287884,1
42750,10187,1
42736,287884,1
42736,10187,1
51759,10072,1
51782,10187,1
51782,287884,1
52041,287884,1
42440,287884,1
42440,10187,1
52253,108429,1
52253,119763,1
52253,204930,1
52253,162116,1
52253,168020,1
52253,159158,1
52253,147857,1
52253,150828,1
52253,153931,1
52253,528100,1
52427,10187,1
52579,13068,1
52649,10187,1
42059,12055,1
52966,10187,1
52966,287884,1
41849,287884,1
41849,10187,1
53043,10187,1
41715,287884,1
53285,21700,1
53285,55161,1
41556,10187,1
53467,287884,1
41554,192245,1
41544,133019,1
41544,139280,1
41544,146418,1
41544,129563,1
53675,14212,1
41385,10753,1
53755,10110,1
41331,175459,1
53991,12542,1
53991,512326,1
53991,528100,1
54443,287884,1
54627,175964,1
54776,287884,1
40768,287884,1
54911,142660,1
55037,10187,1
55161,91391,1
55161,94250,1
55161,161153,1
55161,151133,1
55161,153931,1
55161,156046,1
40565,10187,1
40458,10187,1
55508,287884,1
55523,10187,1
40179,10187,1
40069,10187,1
40037,287884,1
56350,135290,1
56350,154230,1
56350,178487,1
56350,242429,1
56350,523942,1
56382,287884,1
56567,10187,1
56567,287884,1
56567,184778,1
56581,287884,1
56607,10187,1
56628,10187,1
56635,10187,1
56799,10187,1
39567,14182,1
39567,10168,1
56905,150034,1
39465,230802,1
39465,519616,1
39465,162050,1
39465,75922,1
57252,10175,1
57278,909818,1
39385,287884,1
57309,10187,1
57384,15310,1
57384,91391,1
57384,515048,1
39091,104713,1
39091,12902,1
57934,10187,1
57935,14705,1
57935,139378,1
57935,14182,1
58073,10187,1
58113,10168,1
58113,152997,1
58146,10187,1
58243,11618,1
58243,287884,1
58244,10187,1
38835,14705,1
38832,287884,1
58322,10187,1
58322,515048,1
58322,519616,1
58322,190297,1
38706,10479,1
38706,10545,1
58552,10187,1
58561,10187,1
58565,287884,1
58730,126900,1
38526,13428,1
59108,15310,1
59275,287884,1
59288,10110,1
59425,10011,1
59429,287884,1
59485,287884,1
59813,10187,1
59846,76362,1
59929,577933,1
59969,10187,1
59983,287884,1
59994,10110,1
59994,12902,1
60215,10187,1
37845,19323,1
61278,10187,1
37313,20925,1
37313,23800,1
61398,139280,1
61553,10041,1
61553,10168,1
61845,115868,1
61871,11618,1
61871,94922,1
61871,230802,1
61871,287884,1
61871,525787,1
61978,152019,1
37004,10168,1
36785,97990,1
36785,94250,1
36785,94922,1
62570,515048,1
36730,513354,1
62712,10187,1
62731,513376,1
62790,175964,1
62962,287884,1
63179,287884,1
36470,86156,1
36384,529419,1
36384,21671,1
63652,14182,1
63652,10168,1
63652,11560,1
63838,10187,1
36205,287884,1
36059,10187,1
64365,21145,1
64464,523553,1
64591,10168,1
64591,287884,1
64956,512326,1
65047,10168,1
65047,158372,1
65187,287884,1
35588,10050,1
35588,10603,1
65524,34011,1
35450,287884,1
35429,287884,1
35429,10187,1
65705,87177,1
65705,117782,1
65705,287884,1
65705,175459,1
65886,26065,1
35322,10041,1
66230,12902,1
66230,14705,1
66246,10187,1
66479,135578,1
66479,287884,1
35018,287884,1
66561,10187,1
34972,553201,1
66695,13428,1
66695,117782,1
66695,157257,1
66695,158372,1
66695,162050,1
66695,178101,1
34909,519616,1
34909,117782,1
34909,119499,1
34909,131607,1
34900,10168,1
66864,10187,1
66864,529516,1
66864,519616,1
66934,10453,1
34802,287884,1
66977,10187,1
67006,287884,1
67024,10187,1
67047,287884,1
67167,10187,1
67167,287884,1
67241,11752,1
67241,525787,1
67250,10187,1
67361,13428,1
67361,287884,1
67717,287884,1
67741,10187,1
34392,12336,1
68268,39617,1
68268,69722,1
68268,60273,1
68387,10011,1
68391,10187,1
68438,287884,1
68502,10168,1
68672,287884,1
34019,287884,1
34011,95523,1
68834,519616,1
68889,519616,1
68917,287884,1
33919,14182,1
69064,10187,1
69064,12109,1
69064,12902,1
69106,10187,1
69343,12542,1
69684,14705,1
69684,14182,1
69684,152385,1
69684,242429,1
69704,287884,1
69722,41544,1
69722,539227,1
33598,287884,1
33598,10110,1
69783,10187,1
69923,287884,1
69954,287884,1
33410,287884,1
33410,10187,1
70279,10187,1
70279,13428,1
70279,242429,1
33325,10187,1
33316,526642,1
33316,71991,1
33316,27736,1
33316,28364,1
33316,19700,1
33316,12358,1
33298,90902,1
33298,111665,1
33298,12902,1
33298,11327,1
33298,10187,1
33293,10110,1
33293,10168,1
70533,287884,1
70573,10175,1
70573,519616,1
70621,523942,1
70621,175964,1
70716,287884,1
70764,96115,1
70764,112156,1
33191,10187,1
33125,10187,1
71302,14182,1
71302,135287,1
71363,10187,1
71363,512326,1
71612,519616,1
71752,287884,1
71769,10168,1
71769,10175,1
71769,13428,1
71769,10185,1
71769,12902,1
71769,90902,1
71769,65559,1
71769,146418,1
71769,137595,1
71769,111665,1
71769,184778,1
71769,520384,1
32810,10187,1
32805,170467,1
32805,512326,1
32718,287884,1
32675,10187,1
72145,200973,1
72491,10278,1
32451,10110,1
32451,10187,1
32432,287884,1
72892,10187,1
72892,519616,1
32393,10011,1
72957,10187,1
73112,553201,1
73312,10753,1
73758,10187,1
73908,10187,1
73908,287884,1
31911,287884,1
74326,10187,1
31860,10187,1
31786,91391,1
31756,10187,1
74743,24291,1
74743,25549,1
31656,10187,1
74917,10110,1
31627,287884,1
31627,111665,1
75141,10187,1
31499,10187,1
75614,133019,1
75614,150034,1
75614,178487,1
75614,184778,1
75614,226708,1
75781,10187,1
76362,521584,1
76412,10187,1
76412,12902,1
76412,122062,1
76412,133019,1
76412,135171,1
76412,147591,1
76412,174862,1
31073,10187,1
31022,184778,1
31022,10187,1
30968,287884,1
30927,524069,1
30927,90902,1
76845,10187,1
76845,10168,1
76931,515048,1
76941,519616,1
77246,190635,1
30781,287884,1
77360,10187,1
77911,10187,1
30541,577933,1
30541,518137,1
30541,158651,1
30541,98265,1
30541,126501,1
30541,10041,1
78294,10187,1
78294,287884,1
78294,175964,1
78294,152385,1
78331,10187,1
78577,512326,1
30341,553201,1
79146,10187,1
79146,287884,1
30181,287884,1
30181,139378,1
30181,15310,1
30181,10187,1
79549,10187,1
79549,11752,1
79615,12902,1
79615,15310,1
79615,91391,1
79615,287884,1
80750,10187,1
29582,544359,1
29582,90902,1
29582,36624,1
29582,11618,1
29582,14225,1
81176,152997,1
29537,139706,1
29537,144678,1
29537,21671,1
29493,287884,1
81527,10187,1
81910,287884,1
29291,287884,1
29291,10187,1
82111,147857,1
82236,154230,1
82236,519616,1
82236,523553,1
82293,287884,1
82342,10185,1
82613,10187,1
83388,13428,1
83388,117782,1
83473,553201,1
83827,287884,1
28767,10187,1
83852,24088,1
84217,14705,1
84217,105362,1
84217,92324,1
84217,152044,1
84217,192245,1
28619,10187,1
84256,10187,1
84661,10187,1
84758,10011,1
84873,287884,1
28364,10187,1
28364,11618,1
85400,12902,1
28286,190635,1
28286,196985,1
28286,147591,1
28286,14705,1
28286,11618,1
85527,126900,1
85745,10187,1
28146,10041,1
86066,140558,1
86156,19373,1
86156,56350,1
86156,55161,1
86156,71769,1
86156,533103,1
28074,10187,1
86722,10753,1
27926,287884,1
87121,10168,1
87121,117782,1
87121,152056,1
27761,287884,1
87610,10168,1
87610,150034,1
87610,152019,1
27736,11428,1
88014,10168,1
88289,909818,1
88342,10011,1
27492,10110,1
88578,287884,1
27460,10187,1
88730,137539,1
27430,10187,1
27422,287884,1
89048,190297,1
89155,287884,1
89191,287884,1
89657,10168,1
89657,10187,1
27195,10187,1
27191,287884,1
27191,10187,1
27179,10187,1
90155,287884,1
90331,10187,1
90634,10187,1
90678,521584,1
26962,10187,1
90896,11618,1
90896,287884,1
90896,174672,1
90896,161153,1
90896,147184,1
90902,41544,1
90902,71769,1
26913,287884,1
91004,287884,1
91360,519616,1
91391,87121,1
91391,549582,1
91391,521584,1
91507,10187,1
91507,158372,1
91507,147184,1
91507,287884,1
91537,10187,1
26739,287884,1
91780,21145,1
91780,200973,1
91780,580579,1
91820,10753,1
91870,10187,1
26666,91391,1
26666,13428,1
26666,11618,1
26665,287884,1
26665,15310,1
26665,10187,1
92115,15693,1
92188,10072,1
92188,12091,1
92417,287884,1
92514,10187,1
92514,287884,1
92517,10753,1
92517,160277,1
92683,10187,1
92683,287884,1
92734,146058,1
92797,553201,1
93067,552362,1
26316,10187,1
93538,10753,1
26287,580579,1
26287,552362,1
26287,515048,1
26287,196622,1
26287,206851,1
26287,226708,1
26287,178487,1
26287,161596,1
26287,163194,1
26287,163951,1
26287,146058,1
26287,152019,1
26287,137595,1
26287,122062,1
26287,115868,1
26287,105365,1
26287,108576,1
26287,12902,1
93886,10753,1
93886,21145,1
26242,10187,1
94100,287884,1
94250,52253,1
94433,105365,1
94433,135171,1
94433,14182,1
94433,206851,1
94487,10011,1
94739,143120,1
94739,519616,1
94739,529516,1
94805,10187,1
26065,144625,1
26065,126900,1
26065,91391,1
26065,39617,1
26065,11900,1
26065,10175,1
26065,10185,1
94980,10072,1
26038,10110,1
95207,14212,1
25982,10187,1
95377,519616,1
95377,523942,1
25948,14212,1
95523,12763,1
95523,14677,1
95523,18221,1
95523,22083,1
95523,140558,1
95713,14705,1
95713,287884,1
96115,11752,1
96115,32865,1
96115,66934,1
96115,528100,1
96115,287884,1
96115,512326,1
96115,151013,1
25763,11618,1
96497,521584,1
25713,152428,1
25713,519616,1
25713,207122,1
25713,138585,1
25713,107285,1
25713,10753,1
25713,10168,1
25549,15310,1
97443,11618,1
97443,12902,1
97512,10011,1
97590,287884,1
97678,287884,1
98136,10110,1
98136,287884,1
25371,287884,1
25371,143120,1
25371,145749,1
25371,119763,1
25371,12542,1
98544,152428,1
98544,126900,1
98554,21700,1
98554,521584,1
25328,287884,1
25328,10187,1
25318,529516,1
25318,515048,1
25318,135287,1
25318,138629,1
25318,168020,1
25318,147184,1
25318,94922,1
25318,11900,1
98874,10187,1
99284,553201,1
99299,10187,1
99513,287884,1
25137,287884,1
99942,10187,1
25045,139280,1
25045,14182,1
25036,287884,1
100304,10187,1
100304,287884,1
24933,519947,1
24933,336850,1
24933,10175,1
101011,287884,1
101406,553201,1
101515,12542,1
101515,528100,1
101821,14225,1
101821,580579,1
24683,10187,1
102689,10187,1
24567,17155,1
102936,533103,1
103255,10099,1
103306,287884,1
103482,10187,1
103526,184778,1
104007,10187,1
104220,152428,1
24291,577933,1
24291,523382,1
24291,198758,1
24291,519616,1
24291,515048,1
24291,152428,1
24291,157257,1
24291,117782,1
24291,119499,1
24291,11618,1
24291,13428,1
104473,287884,1
104713,16908,1
104713,28286,1
104713,24088,1
104713,41544,1
104713,55161,1
104713,71769,1
104713,512041,1
105365,11255,1
105365,55161,1
105365,525066,1
105369,11227,1
24088,110653,1
24088,72601,1
24088,83852,1
105436,10185,1
105436,287884,1
105447,11255,1
105664,154230,1
106180,14212,1
106292,10187,1
106292,287884,1
23850,104985,1
23846,531133,1
106856,135287,1
106856,154230,1
23812,287884,1
23800,12902,1
107195,12055,1
107492,10753,1
107492,11752,1
107521,10187,1
107690,10187,1
107690,287884,1
23703,17421,1
108042,287884,1
23643,287884,1
23630,10187,1
23619,287884,1
23601,102936,1
23601,10168,1
23596,553201,1
23596,224205,1
23596,14705,1
23596,14225,1
108415,10187,1
108478,21231,1
23565,10187,1
108643,287884,1
108860,13428,1
108860,65886,1
108860,196622,1
23473,287884,1
23473,10168,1
23461,287884,1
23419,150034,1
109624,34909,1
109624,106593,1
109624,113588,1
109752,13428,1
109866,10187,1
110323,287884,1
23281,524503,1
23281,136144,1
23281,103255,1
23232,518137,1
23232,519616,1
23232,136024,1
23232,287884,1
110756,10187,1
110756,150034,1
110756,287884,1
23180,287884,1
23159,519947,1
23159,10041,1
23083,13068,1
111665,34909,1
22982,536057,1
22982,522974,1
22982,523816,1
22982,511857,1
22982,40213,1
22982,31121,1
22982,15458,1
22982,12706,1
22982,11053,1
112339,580579,1
112562,10187,1
112723,10187,1
22884,21671,1
113067,12763,1
22838,287884,1
22835,287884,1
113398,287884,1
113544,14212,1
113544,10187,1
22766,273182,1
113840,10187,1
113840,287884,1
113924,10187,1
22721,287884,1
114213,287884,1
22700,287884,1
22700,10187,1
114392,10187,1
114392,287884,1
114392,515048,1
115046,200973,1
115261,11618,1
22521,287884,1
115572,287884,1
115674,12902,1
115868,31073,1
22446,10187,1
115953,14705,1
116185,17155,1
116200,10187,1
116200,14705,1
116200,287884,1
22343,224160,1
22291,529512,1
22291,28434,1
22291,17155,1
22291,14705,1
22291,11618,1
118318,12542,1
118318,529516,1
118318,204930,1
118318,287884,1
118318,515048,1
118617,287884,1
22083,252045,1
22083,138585,1
22083,11752,1
22083,13428,1
118960,287884,1
118960,920537,1
119499,26287,1
119499,12506,1
119499,47850,1
119833,287884,1
119860,111665,1
21911,10168,1
120259,520727,1
120768,41544,1
120773,287884,1
121084,10187,1
121794,10187,1
21700,162050,1
21700,144625,1
21700,212160,1
21700,126501,1
21700,126900,1
21700,74743,1
21700,11752,1
21700,10187,1
121959,10187,1
21671,556502,1
21671,523036,1
21671,520468,1
21671,42509,1
21671,42241,1
21671,30371,1
21671,23703,1
21671,23800,1
21671,21053,1
21671,21911,1
21671,18982,1
21671,12106,1
21671,12802,1
122167,287884,1
122334,287884,1
122745,10187,1
123199,14705,1
123199,200973,1
123248,10187,1
123377,11214,1
123675,11227,1
124027,287884,1
124469,287884,1
125080,524067,1
125114,14705,1
125114,170467,1
125114,200973,1
125272,10753,1
125531,287884,1
125566,287884,1
21231,520573,1
21231,523032,1
21231,361803,1
21231,93067,1
21231,12359,1
21231,10099,1
21229,553201,1
21204,287884,1
21204,14182,1
126426,10072,1
21145,525063,1
21145,520468,1
21145,144604,1
21145,194655,1
21145,173604,1
21145,111460,1
21145,125114,1
21145,91360,1
21145,68225,1
21145,29582,1
21145,27761,1
21145,25318,1
126699,10187,1
126699,287884,1
127422,10187,1
127422,287884,1
21053,529512,1
21053,180403,1
21053,108576,1
21053,28434,1
21053,11618,1
21053,12542,1
127661,10175,1
127661,175459,1
21018,10187,1
20951,287884,1
128552,10011,1
20925,10041,1
20925,10187,1
20925,11227,1
20906,287884,1
20906,10187,1
129430,55161,1
129430,48335,1
129563,39091,1
129563,24291,1
129563,28286,1
129563,513376,1
129780,10187,1
129780,142660,1
129790,10187,1
20781,10011,1
130007,10187,1
131124,524503,1
131273,10187,1
131570,14212,1
20578,14212,1
20565,287884,1
20565,10187,1
132121,10187,1
132382,287884,1
20520,287884,1
133601,13428,1
133601,74743,1
133953,287884,1
134107,230802,1
134265,80415,1
134802,14212,1
135084,10187,1
135171,26065,1
135287,43040,1
135287,524067,1
20279,10168,1
135454,12902,1
20233,515048,1
20233,10185,1
20231,10187,1
136024,25131,1
136144,533103,1
136981,287884,1
137084,10187,1
137084,287884,1
137373,34011,1
137373,59846,1
137378,553201,1
20070,192245,1
137777,10187,1
137777,287884,1
20049,520468,1
20049,523578,1
137936,10187,1
137990,10168,1
137990,553201,1
138011,14705,1
138121,10187,1
138220,11752,1
138220,53285,1
138585,22521,1
138585,47546,1
138592,10187,1
138629,21700,1
138822,52253,1
138822,72892,1
138822,521584,1
139378,20070,1
139378,56350,1
139378,94433,1
139382,287884,1
139590,66934,1
139590,512326,1
139657,10187,1
139657,287884,1
139763,287884,1
139925,10168,1
139925,519616,1
140877,287884,1
19798,287884,1
19798,10187,1
19715,529808,1
19715,10110,1
19715,21231,1
142660,13101,1
142660,152346,1
142689,287884,1
19651,69938,1
19651,32393,1
19651,42734,1
19651,11053,1
19651,11497,1
142898,22083,1
142911,10187,1
143120,17720,1
143120,39233,1
143120,529128,1
19602,10187,1
19564,553201,1
144315,24291,1
144488,287884,1
144604,21145,1
144604,519616,1
144678,524067,1
144997,10168,1
144997,10175,1
145022,12763,1
145022,524067,1
145031,12569,1
19478,513217,1
145148,11255,1
19460,577933,1
19460,162050,1
19460,94250,1
19460,97990,1
19460,135287,1
19460,126900,1
19460,107285,1
19460,11618,1
145530,287884,1
145592,10187,1
145592,21145,1
145592,515048,1
146404,10187,1
146603,28286,1
146667,126501,1
146667,518137,1
146774,89191,1
19373,144315,1
19373,152044,1
19373,192245,1
19373,12902,1
19373,10168,1
19373,10187,1
19367,287884,1
147184,22083,1
19337,287884,1
147399,10187,1
147399,150034,1
147399,135578,1
147957,287884,1
148290,10187,1
148515,10072,1
19266,162050,1
19266,105447,1
19266,65886,1
19266,74743,1
19266,14182,1
19266,10187,1
19238,544359,1
148829,117782,1
148829,519616,1
149160,10187,1
149160,152019,1
149707,553201,1
149740,12902,1
149869,34011,1
149891,287884,1
150034,25328,1
150034,28767,1
150034,33552,1
150034,36423,1
150034,17728,1
150034,20781,1
150034,22084,1
150034,70329,1
150034,74439,1
150034,68834,1
150034,56799,1
150034,42231,1
150034,45483,1
150034,48556,1
150034,79615,1
150034,125566,1
150034,132482,1
150034,513034,1
150034,513464,1
150034,515192,1
150034,518604,1
150034,524946,1
150034,194176,1
150034,157838,1
150034,543506,1
150957,10187,1
150983,79615,1
151013,52253,1
151041,10187,1
19100,10187,1
151100,11227,1
151100,287884,1
151133,35267,1
19090,18156,1
19090,11497,1
19090,15458,1
151341,287884,1
151501,15693,1
151777,287884,1
151904,287884,1
152044,26287,1
152056,43040,1
152120,10187,1
152120,515048,1
152259,287884,1
152346,287884,1
152687,10187,1
152687,150034,1
152767,544359,1
19009,18548,1
18982,287884,1
153891,13058,1
153928,11227,1
153938,14182,1
153999,10187,1
154212,10187,1
154230,18221,1
154293,10187,1
154293,287884,1
154387,56695,1
154387,84296,1
154387,524067,1
154646,152385,1
154764,14225,1
18899,529512,1
18899,10187,1
18899,12542,1
155194,10187,1
155275,10753,1
155275,21145,1
155619,10175,1
155619,192245,1
155619,151013,1
155668,10187,1
155872,287884,1
155930,287884,1
156453,529512,1
156696,287884,1
18823,10011,1
157257,11255,1
18803,287884,1
157584,14182,1
157767,32805,1
157767,524067,1
157838,192245,1
157838,523942,1
158252,192245,1
158252,92324,1
158562,287884,1
158651,32805,1
158651,43040,1
158691,10187,1
158774,10187,1
159201,160277,1
159201,259089,1
159201,92324,1
159401,21145,1
159866,287884,1
159958,580579,1
160024,287884,1
160209,14212,1
160277,17720,1
160355,518137,1
160355,91391,1
160427,14225,1
160441,287884,1
18670,76362,1
18670,10187,1
18670,10041,1
18670,10072,1
18670,10110,1
18666,287884,1
18666,117782,1
18666,119499,1
18666,91875,1
18666,15310,1
161079,43040,1
161080,529512,1
18639,10011,1
161574,10753,1
161641,515048,1
162050,26287,1
162050,12506,1
162050,133601,1
162211,14705,1
162211,142898,1
162211,184778,1
162733,21145,1
18586,287884,1
18586,12902,1
163081,21145,1
163081,553201,1
163194,43040,1
163194,29537,1
163194,29582,1
163351,10187,1
163602,553201,1
163602,287884,1
163640,151013,1
163640,515048,1
18548,520435,1
18548,522853,1
18548,19715,1
18548,13031,1
18548,12506,1
18548,11557,1
163929,21145,1
163929,10187,1
163951,43040,1
164254,10753,1
164254,515048,1
164791,150034,1
164856,151013,1
164863,287884,1
165152,10175,1
165152,523942,1
165227,10187,1
165646,287884,1
166266,168080,1
18437,206851,1
18437,139280,1
18437,139378,1
18436,520210,1
18436,515933,1
18436,94980,1
18422,528100,1
18422,66934,1
166976,10187,1
167155,10187,1
167908,287884,1
168481,11752,1
168481,147184,1
168836,14182,1
169145,14225,1
169145,151013,1
169145,529516,1
169169,553201,1
169226,151013,1
170246,287884,1
170407,287884,1
170450,96115,1
170450,512716,1
170539,53285,1
170539,91391,1
170829,518137,1
170829,134869,1
170829,138585,1
170865,287884,1
171009,10753,1
171009,519616,1
171455,529512,1
171575,11560,1
171881,287884,1
171935,553201,1
172508,287884,1
18221,238644,1
18221,168020,1
18221,10168,1
173725,10187,1
174255,12763,1
174299,10187,1
174319,580579,1
174319,515048,1
174350,175964,1
174384,22083,1
174384,520727,1
174630,11227,1
174630,13312,1
174644,553201,1
174672,12506,1
174777,10187,1
174792,10187,1
18178,10187,1
175232,35267,1
175459,11255,1
175459,10396,1
175459,40458,1
175459,30541,1
175459,22521,1
175459,25318,1
175459,22083,1
175459,50431,1
175459,47546,1
175459,44903,1
175459,53467,1
175459,67241,1
175459,65705,1
175459,72892,1
175459,70573,1
175459,90896,1
175459,91507,1
175459,134107,1
175459,156005,1
175459,163929,1
175459,526639,1
175459,249693,1
175459,284058,1
18156,529808,1
18156,513354,1
18156,18436,1
18156,12858,1
18156,10603,1
175964,27422,1
176534,553201,1
176721,287884,1
177278,287884,1
177603,22083,1
18113,519616,1
18113,178101,1
18113,152428,1
177717,10187,1
178101,19460,1
178101,16908,1
178101,34909,1
178101,26065,1
178101,26666,1
178101,149891,1
178181,287884,1
178237,909818,1
178487,28286,1
178487,24291,1
178487,521584,1
178668,21145,1
178668,10187,1
178957,553201,1
179771,287884,1
180020,10187,1
180111,515048,1
180403,19443,1
180403,19564,1
180403,521812,1
180783,66934,1
181099,21145,1
181099,519616,1
182003,200973,1
182048,553201,1
182773,287884,1
17991,10187,1
183567,22521,1
184456,66934,1
184476,553201,1
185934,287884,1
186163,287884,1
187052,287884,1
187227,544359,1
188519,11752,1
189011,10187,1
189011,515048,1
189054,10187,1
189258,287884,1
190297,160453,1
190297,512717,1
190416,529516,1
17763,519616,1
194176,150034,1
17759,287884,1
17759,11618,1
17759,10187,1
194655,519616,1
194655,175459,1
195664,10187,1
17738,15693,1
17738,10187,1
17728,10187,1
196901,909818,1
17720,157767,1
17720,115617,1
196985,12506,1
197565,10187,1
197575,553201,1
198507,100586,1
200627,287884,1
200962,529516,1
203682,31073,1
17602,287884,1
17602,10187,1
207122,13316,1
207122,133601,1
207463,12763,1
207463,18221,1
212160,22083,1
212160,25318,1
212160,47850,1
212160,66695,1
212879,10175,1
212879,105362,1
213743,22343,1
213743,34011,1
217737,33191,1
217737,100586,1
17480,10168,1
224500,114213,1
17421,541412,1
17421,533103,1
17421,518690,1
17421,520817,1
17421,514997,1
17421,105436,1
17421,361803,1
17421,78331,1
17421,42241,1
17421,36384,1
17421,37058,1
17421,21911,1
17421,25939,1
17421,20925,1
17421,10099,1
226452,21911,1
226452,22083,1
226452,522790,1
226708,12506,1
226708,524067,1
230802,62193,1
17379,10072,1
238044,190635,1
238044,519616,1
238644,18221,1
239873,12763,1
241046,553201,1
249693,523942,1
249693,152385,1
17290,10041,1
17286,10041,1
264828,12542,1
287884,10539,1
287884,10396,1
287884,11433,1
287884,11786,1
287884,11874,1
287884,11886,1
287884,12674,1
287884,14631,1
287884,14871,1
287884,15176,1
287884,15210,1
287884,16100,1
287884,16315,1
287884,18327,1
287884,18030,1
287884,18178,1
287884,18437,1
287884,19125,1
287884,19825,1
287884,21345,1
287884,20792,1
287884,20715,1
287884,22343,1
287884,21700,1
287884,23159,1
287884,24314,1
287884,23800,1
287884,23812,1
287884,23858,1
287884,24088,1
287884,23596,1
287884,23619,1
287884,23419,1
287884,24387,1
287884,24671,1
287884,25371,1
287884,25131,1
287884,25509,1
287884,25530,1
287884,26794,1
287884,26316,1
287884,26439,1
287884,27296,1
287884,27985,1
287884,28782,1
287884,29111,1
287884,29291,1
287884,28791,1
287884,31022,1
287884,32300,1
287884,31786,1
287884,33919,1
287884,34106,1
287884,33325,1
287884,33382,1
287884,35865,1
287884,35461,1
287884,35129,1
287884,34802,1
287884,36201,1
287884,36227,1
287884,37540,1
287884,38182,1
287884,39233,1
287884,40565,1
287884,40458,1
287884,40037,1
287884,42118,1
287884,42231,1
287884,42267,1
287884,41849,1
287884,41331,1
287884,41385,1
287884,41544,1
287884,42736,1
287884,42750,1
287884,43928,1
287884,43814,1
287884,44152,1
287884,45151,1
287884,45282,1
287884,45398,1
287884,44554,1
287884,45483,1
287884,46943,1
287884,46603,1
287884,46657,1
287884,45876,1
287884,48421,1
287884,48556,1
287884,48277,1
287884,50431,1
287884,49618,1
287884,51844,1
287884,51611,1
287884,50885,1
287884,53352,1
287884,52903,1
287884,52579,1
287884,52798,1
287884,52191,1
287884,52427,1
287884,54184,1
287884,54283,1
287884,53796,1
287884,53743,1
287884,54911,1
287884,55630,1
287884,55401,1
287884,55508,1
287884,56542,1
287884,56726,1
287884,56799,1
287884,56146,1
287884,56350,1
287884,57851,1
287884,58585,1
287884,58730,1
287884,57934,1
287884,59018,1
287884,60215,1
287884,60481,1
287884,60054,1
287884,61930,1
287884,61398,1
287884,61234,1
287884,62262,1
287884,62570,1
287884,62020,1
287884,64365,1
287884,64464,1
287884,64468,1
287884,63998,1
287884,63838,1
287884,65000,1
287884,65054,1
287884,66718,1
287884,66205,1
287884,66230,1
287884,66309,1
287884,66977,1
287884,67024,1
287884,67055,1
287884,67241,1
287884,68360,1
287884,69923,1
287884,69599,1
287884,69783,1
287884,69262,1
287884,69315,1
287884,71015,1
287884,71752,1
287884,71779,1
287884,72902,1
287884,71855,1
287884,73110,1
287884,73114,1
287884,74326,1
287884,74439,1
287884,74669,1
287884,76412,1
287884,76506,1
287884,76194,1
287884,75581,1
287884,75141,1
287884,77285,1
287884,77211,1
287884,76941,1
287884,79204,1
287884,77770,1
287884,77360,1
287884,80388,1
287884,81176,1
287884,83319,1
287884,82772,1
287884,84758,1
287884,83827,1
287884,84217,1
287884,88378,1
287884,91820,1
287884,92208,1
287884,91507,1
287884,90201,1
287884,90331,1
287884,89155,1
287884,89635,1
287884,95025,1
287884,94100,1
287884,94152,1
287884,94528,1
287884,93284,1
287884,92683,1
287884,92734,1
287884,96745,1
287884,96270,1
287884,95935,1
287884,98471,1
287884,97946,1
287884,102359,1
287884,102416,1
287884,101791,1
287884,101052,1
287884,98544,1
287884,103306,1
287884,104473,1
287884,104007,1
287884,108478,1
287884,108566,1
287884,108738,1
287884,107690,1
287884,108042,1
287884,106495,1
287884,105369,1
287884,105406,1
287884,109669,1
287884,110007,1
287884,110276,1
287884,111837,1
287884,114050,1
287884,114379,1
287884,114392,1
287884,113544,1
287884,113565,1
287884,112402,1
287884,112466,1
287884,116777,1
287884,115572,1
287884,115674,1
287884,116303,1
287884,115546,1
287884,115046,1
287884,118960,1
287884,118973,1
287884,118431,1
287884,118617,1
287884,117521,1
287884,118318,1
287884,119819,1
287884,119860,1
287884,119668,1
287884,121959,1
287884,121996,1
287884,122334,1
287884,121031,1
287884,121084,1
287884,125369,1
287884,125566,1
287884,124948,1
287884,126393,1
287884,125940,1
287884,126061,1
287884,130835,1
287884,131537,1
287884,129780,1
287884,127493,1
287884,128738,1
287884,132828,1
287884,133079,1
287884,132382,1
287884,131984,1
287884,133953,1
287884,134100,1
287884,137299,1
287884,137597,1
287884,138011,1
287884,144052,1
287884,144110,1
287884,140877,1
287884,139657,1
287884,145195,1
287884,145592,1
287884,144604,1
287884,147925,1
287884,147927,1
287884,148473,1
287884,146988,1
287884,147036,1
287884,147267,1
287884,150364,1
287884,148726,1
287884,149414,1
287884,153938,1
287884,154646,1
287884,154748,1
287884,152687,1
287884,153375,1
287884,153527,1
287884,152259,1
287884,152346,1
287884,151536,1
287884,157584,1
287884,157585,1
287884,155275,1
287884,155286,1
287884,155668,1
287884,156380,1
287884,156696,1
287884,162170,1
287884,162599,1
287884,162861,1
287884,161080,1
287884,161574,1
287884,161730,1
287884,159660,1
287884,159866,1
287884,159958,1
287884,160355,1
287884,161028,1
287884,161038,1
287884,158352,1
287884,158590,1
287884,158622,1
287884,164124,1
287884,164248,1
287884,164808,1
287884,164863,1
287884,163602,1
287884,163640,1
287884,166794,1
287884,166967,1
287884,167155,1
287884,167173,1
287884,165145,1
287884,166266,1
287884,166595,1
287884,166767,1
287884,172908,1
287884,173160,1
287884,173205,1
287884,173257,1
287884,173853,1
287884,173868,1
287884,170798,1
287884,170829,1
287884,171575,1
287884,171881,1
287884,172013,1
287884,170133,1
287884,170407,1
287884,170458,1
287884,170539,1
287884,168043,1
287884,168481,1
287884,168683,1
287884,175174,1
287884,175309,1
287884,174792,1
287884,173877,1
287884,174168,1
287884,174319,1
287884,174511,1
287884,174567,1
287884,174789,1
287884,183446,1
287884,183656,1
287884,183789,1
287884,183813,1
287884,184662,1
287884,185024,1
287884,179771,1
287884,180064,1
287884,180111,1
287884,180207,1
287884,181512,1
287884,178237,1
287884,178252,1
287884,178721,1
287884,179246,1
287884,179605,1
287884,176721,1
287884,177642,1
287884,177717,1
287884,188526,1
287884,188823,1
287884,190073,1
287884,188325,1
287884,185332,1
287884,186896,1
287884,187052,1
287884,197321,1
287884,195664,1
287884,194176,1
287884,194486,1
287884,194491,1
287884,194795,1
287884,195587,1
287884,190935,1
287884,191542,1
287884,191658,1
287884,192086,1
287884,192098,1
287884,192705,1
287884,209528,1
287884,210840,1
287884,200627,1
287884,252044,1
287884,256623,1
287884,231168,1
287884,290285,1
287884,298502,1
287884,307621,1
287884,269054,1
287884,270968,1
287884,280345,1
287884,512319,1
287884,513217,1
287884,512717,1
287884,513662,1
287884,513463,1
287884,515130,1
287884,514045,1
287884,515687,1
287884,515295,1
287884,518220,1
287884,516663,1
287884,519140,1
287884,519144,1
287884,518521,1
287884,518706,1
287884,518715,1
287884,520435,1
287884,519346,1
287884,520582,1
287884,521635,1
287884,521812,1
287884,522991,1
287884,523034,1
287884,522855,1
287884,525364,1
287884,525393,1
287884,524612,1
287884,524946,1
287884,529175,1
287884,529253,1
287884,526406,1
287884,527048,1
287884,530449,1
287884,529992,1
287884,531009,1
287884,532704,1
287884,532800,1
287884,532124,1
287884,533436,1
287884,541855,1
287884,543465,1
287884,540248,1
287884,537128,1
287884,546044,1
287884,554008,1
287884,549620,1
287884,557395,1
287884,580819,1
287884,581422,1
294178,10187,1
294178,12109,1
298502,10187,1
17155,580497,1
17155,565971,1
17155,539830,1
17155,533946,1
17155,525364,1
17155,519508,1
17155,517012,1
17155,514689,1
17155,131570,1
17155,125443,1
17155,120798,1
17155,121970,1
17155,125114,1
17155,117040,1
17155,118960,1
17155,89155,1
17155,79427,1
17155,69343,1
17155,64325,1
17155,62570,1
17155,49618,1
17155,39233,1
17155,31860,1
17155,29582,1
17155,25334,1
17155,19238,1
17155,18899,1
17155,18065,1
17155,15929,1
17155,14703,1
17155,13033,1
17155,12311,1
17155,11197,1
17155,10514,1
300334,11618,1
300334,65524,1
17143,10011,1
307621,10175,1
341512,520727,1
17061,10050,1
17061,10168,1
17016,10041,1
434891,10011,1
434891,10072,1
17000,10110,1
16973,287884,1
485278,12902,1
485278,133019,1
485278,146418,1
485278,287884,1
16908,175964,1
16908,162050,1
16908,110653,1
16908,90867,1
16908,14705,1
511841,10011,1
511841,10072,1
511842,10110,1
16869,10011,1
512041,12902,1
16800,287884,1
512179,10110,1
512179,10168,1
512179,150034,1
512179,287884,1
512305,12091,1
512326,25529,1
512326,15929,1
512326,13033,1
512326,14703,1
512326,37003,1
512326,27761,1
512326,60365,1
512326,69343,1
512326,71363,1
512326,93886,1
512326,112156,1
512326,148220,1
512326,160453,1
512326,171935,1
512326,190416,1
512326,184662,1
512326,517012,1
512326,525836,1
512326,526639,1
512326,529018,1
512326,529128,1
512513,10011,1
512513,10072,1
512514,12055,1
512716,66934,1
512716,520403,1
512716,287884,1
512717,10799,1
512717,55210,1
512717,529808,1
512928,10072,1
16540,10011,1
513034,10041,1
513034,10110,1
513217,10168,1
513217,10187,1
513217,19478,1
513266,10041,1
513266,18548,1
513354,10969,1
513354,22884,1
513354,24399,1
513354,17061,1
513354,34011,1
513354,34392,1
513354,32315,1
513354,41665,1
513354,35588,1
513354,61273,1
513354,512717,1
513354,520579,1
513376,14705,1
513376,49043,1
513376,47196,1
513376,104713,1
513376,152019,1
16430,529512,1
16430,207122,1
16430,175459,1
16430,162050,1
16430,151133,1
16430,145371,1
16430,138585,1
16430,74743,1
16430,61360,1
16430,55210,1
16430,12542,1
16430,11618,1
16430,10168,1
513463,10072,1
513464,150034,1
513662,14225,1
513662,178945,1
16360,10011,1
513702,10187,1
513703,287884,1
16315,287884,1
16315,11227,1
16292,553201,1
16292,287884,1
514126,10072,1
16234,10072,1
16214,287884,1
16214,75922,1
16214,10110,1
514689,14705,1
514689,11560,1
514689,37845,1
514689,152044,1
514689,178945,1
514690,10168,1
514690,11618,1
514690,111665,1
514690,175964,1
16100,529516,1
514997,10269,1
514997,12588,1
514997,12858,1
515048,13101,1
515048,14420,1
515048,25131,1
515048,26287,1
515048,61704,1
515048,69343,1
515048,76941,1
515048,169145,1
515048,181099,1
515048,144604,1
515048,521584,1
515048,525063,1
515048,264828,1
16008,12091,1
515193,10041,1
515193,287884,1
515194,519616,1
515221,14182,1
515221,135171,1
515221,174862,1
515221,287884,1
515221,520384,1
515233,13428,1
515463,10603,1
515464,287884,1
515528,14212,1
15929,920537,1
15929,528100,1
15929,512326,1
15929,155916,1
15929,143120,1
15929,53285,1
15929,11900,1
15929,12542,1
15924,519616,1
15924,287884,1
15924,126900,1
15924,105447,1
15924,107285,1
15924,11752,1
15919,287884,1
15919,19478,1
15919,10603,1
15904,10011,1
515687,14212,1
515687,10187,1
515687,287884,1
15888,137595,1
15888,12902,1
15888,10185,1
515810,287884,1
15851,10072,1
515933,10041,1
515933,10185,1
515933,10997,1
515960,10187,1
515960,287884,1
515966,287884,1
15713,10011,1
15693,535042,1
15693,158908,1
15693,162496,1
15693,152910,1
15693,147285,1
15693,149707,1
15693,151501,1
15693,125443,1
15693,92115,1
15693,90587,1
15693,68225,1
15693,32055,1
15693,27864,1
15693,19238,1
15693,17552,1
516663,10011,1
516663,10072,1
517012,149869,1
517012,170450,1
15616,12091,1
517512,10185,1
517512,513354,1
517548,74743,1
15495,10072,1
15487,90697,1
15487,68841,1
517726,10041,1
517726,10185,1
517763,12109,1
15458,15274,1
15399,10011,1
15398,10011,1
518375,21231,1
518520,287884,1
518521,10187,1
15344,50952,1
15344,44903,1
15344,18156,1
15325,512326,1
15325,183567,1
15325,168080,1
15325,126900,1
15325,107285,1
15325,91391,1
15325,76362,1
15325,11752,1
15325,11618,1
15325,10168,1
518606,11618,1
518608,287884,1
518706,21145,1
518706,14225,1
15310,524351,1
15310,523776,1
15310,521584,1
15310,518644,1
15310,518830,1
15310,517726,1
15310,515193,1
15310,513217,1
15310,485278,1
15310,140558,1
15310,95025,1
15310,97523,1
15310,99346,1
15310,101052,1
15310,123248,1
15310,91633,1
15310,82342,1
15310,55953,1
15310,48421,1
15310,59846,1
15310,38182,1
15310,39091,1
15310,49288,1
15310,35450,1
15310,33298,1
15310,30927,1
15310,24399,1
15310,22521,1
15310,22083,1
15310,25318,1
15310,25713,1
15310,19373,1
15310,16303,1
15310,18670,1
15310,12106,1
15310,11516,1
15310,10568,1
518715,287884,1
518830,10110,1
518830,10175,1
518831,10187,1
15274,541412,1
15274,555342,1
15274,556502,1
15274,55124,1
15274,12083,1
15274,23601,1
15274,14434,1
15274,12802,1
15274,10969,1
15274,11053,1
15274,10099,1
519328,10011,1
519351,10041,1
519351,10110,1
519358,10168,1
519358,12902,1
519358,553201,1
519359,10187,1
519508,11327,1
519508,14225,1
519508,21145,1
519508,114661,1
519616,12706,1
519616,16430,1
519616,26665,1
519616,27430,1
519616,27761,1
519616,29152,1
519616,34011,1
519616,35293,1
519616,39233,1
519616,47850,1
519616,53467,1
519616,55789,1
519616,67241,1
519616,62570,1
519616,70573,1
519616,71612,1
519616,78577,1
519616,80474,1
519616,83388,1
519616,79427,1
519616,96115,1
519616,97523,1
519616,107492,1
519616,131273,1
519616,160355,1
519616,188519,1
519616,171780,1
519616,300334,1
519616,515194,1
519616,523578,1
519616,526642,1
15042,536057,1
15042,520468,1
15042,123377,1
15042,51759,1
15042,11326,1
15042,10568,1
519940,512717,1
519941,12055,1
519947,12221,1
519947,18156,1
519947,23325,1
519947,27119,1
519947,34900,1
519947,35588,1
519947,517548,1
519947,522974,1
14975,10187,1
520146,11255,1
520146,48335,1
520182,13902,1
520182,19700,1
520182,27736,1
520182,22721,1
520182,30860,1
520182,32055,1
520182,64325,1
520210,10677,1
520210,10269,1
520210,12588,1
520210,17421,1
14881,12055,1
520435,90678,1
520437,10187,1
520468,10080,1
520468,10100,1
520468,10168,1
520468,12091,1
520468,14694,1
520468,19478,1
520468,157767,1
520468,287884,1
520468,529512,1
520468,529516,1
520573,10110,1
520575,287884,1
14816,10011,1
520812,10072,1
520817,10110,1
520817,11327,1
14729,10041,1
14705,536443,1
14705,533123,1
14705,536208,1
14705,536441,1
14705,526285,1
14705,523776,1
14705,514690,1
14705,513376,1
14705,162211,1
14705,130122,1
14705,123199,1
14705,112466,1
14705,116200,1
14705,104985,1
14705,82261,1
14705,76412,1
14705,78331,1
14705,69684,1
14705,56350,1
14705,56567,1
14705,57278,1
14705,53743,1
14705,45024,1
14705,41385,1
14705,32976,1
14705,29291,1
14705,25763,1
14705,26287,1
14705,22700,1
14705,21204,1
14705,17720,1
14705,17738,1
14705,17759,1
14705,14434,1
14705,12311,1
14705,11994,1
14703,528100,1
14694,526642,1
14694,520468,1
14694,51844,1
14694,36423,1
14694,34972,1
14694,25509,1
14694,10568,1
14677,287884,1
14677,10753,1
14677,10187,1
521409,12055,1
521584,10110,1
521584,15310,1
521584,32865,1
521584,60273,1
521584,66934,1
521584,99089,1
521584,109624,1
521584,119499,1
521584,135578,1
521584,135046,1
521584,150034,1
521584,152056,1
521584,161153,1
521584,162050,1
521584,230802,1
521584,532715,1
521584,529516,1
14540,287884,1
521634,287884,1
521635,33316,1
521637,10110,1
521637,10168,1
521637,287884,1
14521,123377,1
14521,25939,1
14507,10072,1
521975,10168,1
521975,10399,1
14434,11618,1
14420,10187,1
522790,14182,1
522823,11053,1
522823,60086,1
522823,517512,1
522853,10041,1
522855,151013,1
522855,175964,1
522972,86431,1
522974,12091,1
522974,10041,1
522991,10187,1
522994,10011,1
523032,10110,1
523032,21231,1
523036,529419,1
523382,26665,1
523382,26718,1
523382,34909,1
523382,21700,1
523382,24291,1
523382,25318,1
523382,15924,1
523382,19266,1
523382,58243,1
523553,34011,1
14225,540382,1
14225,518706,1
14225,284058,1
14225,181099,1
14225,160425,1
14225,148220,1
14225,162733,1
14225,137936,1
14225,125114,1
14225,125272,1
14225,117040,1
14225,103598,1
14225,101821,1
14225,92517,1
14225,91780,1
14225,68834,1
14225,66718,1
14225,49618,1
14225,46943,1
14225,28364,1
14225,13101,1
14222,17155,1
14222,11227,1
14212,554008,1
14212,535910,1
14212,532023,1
14212,227350,1
14212,193075,1
14212,199436,1
14212,203801,1
14212,185024,1
14212,174630,1
14212,173979,1
14212,164170,1
14212,164853,1
14212,162128,1
14212,160831,1
14212,157670,1
14212,158145,1
14212,154386,1
14212,154764,1
14212,151501,1
14212,132371,1
14212,134802,1
14212,130122,1
14212,128010,1
14212,123675,1
14212,125225,1
14212,117590,1
14212,115826,1
14212,113544,1
14212,105582,1
14212,95207,1
14212,66718,1
14212,65187,1
14212,64956,1
14212,46185,1
14212,35422,1
14212,30256,1
14212,30264,1
14212,30860,1
14212,29111,1
14212,28346,1
14212,25948,1
14212,25334,1
14212,23800,1
14212,24567,1
14212,20478,1
14212,13902,1
14182,533103,1
14182,512041,1
14182,119860,1
14182,58552,1
14182,52728,1
14182,33919,1
14182,39091,1
523776,11618,1
523776,90902,1
523776,196622,1
14120,21671,1
14120,10175,1
524069,15325,1
524069,16908,1
524069,26287,1
524074,10011,1
524270,10187,1
524270,287884,1
524351,10041,1
524351,10110,1
524503,42332,1
524503,42734,1
524503,43866,1
524503,49627,1
524503,69938,1
524503,97512,1
524503,94980,1
524503,148515,1
524503,258715,1
524503,514044,1
524596,10187,1
524596,287884,1
524655,10187,1
524655,138585,1
524655,519616,1
524795,10187,1
524876,10187,1
524945,10187,1
525062,12091,1
525063,14225,1
525063,11560,1
525063,14705,1
525364,14225,1
525393,13428,1
525393,14182,1
525393,12902,1
525393,103255,1
525393,158917,1
13914,10187,1
525448,10168,1
525448,11327,1
525448,14705,1
525448,146603,1
525448,134769,1
525448,142898,1
525448,175964,1
525448,152044,1
525448,252045,1
525448,286259,1
13892,287884,1
525787,47850,1
525787,524067,1
525858,287884,1
526085,287884,1
526285,14705,1
526637,10187,1
526637,512326,1
526638,17155,1
526638,66934,1
526639,17155,1
526639,512326,1
526642,10187,1
526642,287884,1
527048,14705,1
527048,139280,1
527427,12542,1
527427,53285,1
527427,147184,1
527427,162050,1
527427,512326,1
527475,10187,1
13732,150034,1
529018,170450,1
529127,12542,1
529127,66934,1
529127,119763,1
529128,17155,1
529128,48113,1
529128,149869,1
529128,512326,1
529129,17155,1
529129,21145,1
529129,544359,1
529175,287884,1
529266,10168,1
529419,12802,1
529419,15768,1
529419,21519,1
529419,30371,1
529419,42241,1
529419,72491,1
529512,16908,1
529512,13418,1
529512,22291,1
529512,22700,1
529512,64325,1
529512,66823,1
529512,103598,1
529512,160209,1
529512,169090,1
529512,194655,1
529512,214925,1
529512,526285,1
529512,529129,1
529512,518706,1
529512,533103,1
529512,536208,1
529516,27430,1
529516,40802,1
529516,59485,1
529516,60054,1
529516,72892,1
529516,123199,1
529516,152672,1
529516,144604,1
529516,157652,1
529516,171455,1
529516,210391,1
529516,284058,1
529516,521584,1
13650,12902,1
529707,514997,1
529707,556502,1
529808,11255,1
529808,10969,1
529808,12221,1
529808,13031,1
529808,14663,1
529808,15924,1
529808,23281,1
529808,19715,1
529808,18156,1
529808,31735,1
529808,25529,1
529808,105904,1
529808,91633,1
529808,100304,1
529808,521584,1
529808,517512,1
530033,10187,1
530033,287884,1
530071,10110,1
530445,11618,1
530449,14182,1
530449,14705,1
530449,139378,1
13559,174672,1
530880,10187,1
530880,139280,1
531009,10175,1
531009,90902,1
13490,21231,1
13428,533103,1
13428,536058,1
13428,532704,1
13428,524655,1
13428,518604,1
13428,485278,1
13428,168481,1
13428,170539,1
13428,123248,1
13428,109752,1
13428,106495,1
13428,104220,1
13428,105436,1
13428,100304,1
13428,94528,1
13428,84217,1
13428,83388,1
13428,82261,1
13428,82342,1
13428,80474,1
13428,69684,1
13428,65705,1
13428,58730,1
13428,55161,1
13428,52728,1
13428,53467,1
13428,48491,1
13428,38182,1
13428,38526,1
13428,39091,1
13428,35978,1
13428,33382,1
13428,34011,1
13428,35267,1
13428,35450,1
13428,27210,1
13428,27761,1
13428,25318,1
13428,25328,1
13428,25529,1
13428,25713,1
13428,26287,1
13428,23232,1
13428,23419,1
13428,16908,1
13428,13316,1
13428,13058,1
13428,11340,1
13428,12311,1
13418,215931,1
13418,114661,1
13418,12542,1
13417,10187,1
532124,10175,1
532124,10168,1
532124,95523,1
532124,109624,1
13392,287884,1
532704,10187,1
532704,13428,1
532715,524067,1
532800,75922,1
532800,76362,1
532800,183567,1
532800,287884,1
532800,553201,1
13316,525787,1
13312,539830,1
13312,151100,1
13312,154825,1
13312,151618,1
13312,130466,1
13312,128010,1
13312,128164,1
13312,104316,1
13312,51891,1
13312,32810,1
13312,30256,1
13312,27430,1
13312,24567,1
13312,25948,1
13312,22103,1
13312,16315,1
533103,13428,1
533103,14182,1
533103,17421,1
533103,90902,1
533103,131419,1
533103,146603,1
533103,157134,1
533103,178487,1
533103,197920,1
533103,196985,1
533103,190635,1
533103,218518,1
533103,226452,1
533103,205884,1
533103,544359,1
533103,909818,1
533123,10187,1
533123,287884,1
533725,10072,1
13259,526642,1
13259,43756,1
533944,10187,1
533946,11900,1
533946,12542,1
533946,512326,1
533946,528100,1
13217,12055,1
535053,12542,1
535053,169027,1
535099,10187,1
536058,287884,1
536208,14705,1
536208,13428,1
536208,21145,1
536208,170467,1
536208,516044,1
536355,287884,1
536443,184778,1
13068,30968,1
13058,10175,1
13058,10187,1
537899,11326,1
537899,514043,1
13031,18548,1
13031,21231,1
13031,10187,1
539227,10187,1
539227,58941,1
539227,287884,1
539328,10011,1
539830,13312,1
540248,14182,1
540382,200973,1
541755,287884,1
542782,10187,1
542782,287884,1
542805,12569,1
543298,10187,1
12902,556502,1
12902,531009,1
12902,520817,1
12902,519358,1
12902,517726,1
12902,512042,1
12902,485278,1
12902,238044,1
12902,139925,1
12902,123248,1
12902,115546,1
12902,121031,1
12902,105904,1
12902,100304,1
12902,104985,1
12902,95025,1
12902,87121,1
12902,90574,1
12902,79615,1
12902,82342,1
12902,84217,1
12902,66230,1
12902,68268,1
12902,59994,1
12902,44903,1
12902,38182,1
12902,33919,1
12902,35267,1
12902,33125,1
12902,26718,1
12902,25554,1
12902,25713,1
12902,22343,1
12902,22521,1
12902,18982,1
12902,19460,1
12902,16430,1
12902,15325,1
12902,14552,1
12902,12106,1
12902,13142,1
12902,11516,1
12902,10537,1
543465,10187,1
543495,10187,1
544359,125114,1
12858,555342,1
12858,518220,1
12858,517512,1
12858,514997,1
12858,119860,1
12858,25939,1
12858,13142,1
12858,12802,1
12858,10744,1
545381,10187,1
545857,200973,1
547298,523942,1
547298,139378,1
12763,184778,1
549033,21145,1
549033,580579,1
549033,512326,1
549582,287884,1
549582,515048,1
549620,287884,1
550577,10187,1
550577,287884,1
550660,10187,1
550660,287884,1
551404,10187,1
12706,553201,1
12706,519616,1
12706,512326,1
12706,218843,1
12706,14694,1
12706,14212,1
12706,11227,1
12706,10799,1
12706,10677,1
12706,10555,1
12706,10652,1
12706,10175,1
12706,10278,1
12706,10100,1
552768,154230,1
552768,190296,1
552966,10187,1
553201,19443,1
553201,20781,1
553201,21229,1
553201,11433,1
553201,12656,1
553201,46369,1
553201,22302,1
553201,23596,1
553201,23986,1
553201,24051,1
553201,30341,1
553201,30602,1
553201,40458,1
553201,56726,1
553201,101406,1
553201,103526,1
553201,113565,1
553201,124358,1
553201,131313,1
553201,106414,1
553201,201759,1
553201,203801,1
553201,171935,1
553201,173025,1
553201,174630,1
553201,153440,1
553201,154386,1
553201,156453,1
553201,241046,1
553201,513518,1
553201,515963,1
553201,519358,1
553201,532023,1
554008,529512,1
12674,547260,1
12674,28434,1
12674,14225,1
555342,10041,1
555342,10110,1
555342,10479,1
555342,12055,1
555342,12588,1
12644,23281,1
12644,13058,1
12644,11053,1
556347,10072,1
556502,10168,1
556502,10187,1
556700,287884,1
12588,556502,1
12588,555342,1
12588,61451,1
12588,10624,1
12569,523776,1
12569,525393,1
12569,93886,1
12569,18221,1
12542,580497,1
12542,554008,1
12542,529127,1
12542,529128,1
12542,526638,1
12542,523578,1
12542,521584,1
12542,517012,1
12542,515528,1
12542,208160,1
12542,133601,1
12542,123199,1
12542,125443,1
12542,128010,1
12542,118960,1
12542,118318,1
12542,114392,1
12542,96115,1
12542,89155,1
12542,78577,1
12542,53991,1
12542,46369,1
12542,46636,1
12542,51844,1
12542,29582,1
12542,27430,1
12542,20925,1
12542,21053,1
12542,19238,1
12542,18422,1
12542,16100,1
12542,16292,1
12542,14703,1
12542,14222,1
12542,11083,1
12542,13033,1
12542,10453,1
560327,53285,1
561332,287884,1
565465,115617,1
565876,230802,1
12506,523553,1
12506,226708,1
12506,152044,1
12506,131607,1
12506,135578,1
12506,117782,1
12506,174672,1
12506,178487,1
12506,107285,1
12506,98265,1
12506,104460,1
12506,86066,1
12506,65524,1
12506,61360,1
12506,39617,1
12506,12902,1
12506,11900,1
12506,12091,1
12506,10168,1
567101,18548,1
571291,10187,1
577933,22083,1
577933,12763,1
577933,43040,1
12449,10011,1
580329,10187,1
580579,18221,1
581422,12902,1
581422,10187,1
588507,12902,1
12333,11327,1
12311,226708,1
12311,184778,1
12301,12802,1
12248,21145,1
12248,11327,1
12221,55210,1
12109,543506,1
12109,526642,1
12109,517763,1
12109,114213,1
12109,75789,1
12109,57591,1
12109,26287,1
12091,539227,1
12091,525062,1
12091,520468,1
12091,514126,1
12091,513463,1
12091,513464,1
12091,513520,1
12091,131124,1
12091,94980,1
12091,42332,1
12091,30541,1
12091,22884,1
12091,25939,1
12091,19125,1
12091,15616,1
12091,11886,1
12091,11433,1
12091,11497,1
12055,513517,1
12055,556346,1
12055,71991,1
12055,16360,1
12055,17061,1
12055,15713,1
12055,12449,1
12055,11326,1
12055,11433,1
12055,10324,1
11994,287884,1
11994,226708,1
11994,161596,1
11994,160277,1
11994,134265,1
11994,135290,1
11994,157134,1
11994,17421,1
11994,11618,1
11994,10168,1
11987,10072,1
11964,521584,1
11964,520338,1
11921,520338,1
11921,66695,1
11921,55161,1
11921,43756,1
11921,36785,1
11921,23812,1
11921,22521,1
11921,22083,1
11921,15924,1
11900,526637,1
11900,521584,1
11900,524067,1
11900,520727,1
11900,532124,1
11900,515221,1
11900,140558,1
11900,113588,1
11900,99299,1
11900,69064,1
11900,68268,1
11900,55161,1
11900,40802,1
11900,44004,1
11900,36785,1
11900,32805,1
11900,34909,1
11900,22083,1
11900,31627,1
11900,13316,1
11900,19460,1
11900,15888,1
11900,14677,1
11900,15325,1
11900,10453,1
11874,12055,1
11874,10011,1
11752,134118,1
11752,87121,1
11752,55161,1
11752,45483,1
11752,34900,1
11752,27761,1
11752,19460,1
11752,15325,1
11752,15924,1
11752,15929,1
11745,10175,1
11734,524067,1
11734,32805,1
11734,21700,1
11734,22083,1
11673,10041,1
11618,536058,1
11618,533223,1
11618,521975,1
11618,524612,1
11618,524795,1
11618,523776,1
11618,517548,1
11618,520582,1
11618,514689,1
11618,514690,1
11618,298502,1
11618,133601,1
11618,116200,1
11618,106593,1
11618,104985,1
11618,95025,1
11618,89191,1
11618,90896,1
11618,87630,1
11618,71769,1
11618,69684,1
11618,63122,1
11618,63395,1
11618,61871,1
11618,56350,1
11618,47850,1
11618,34106,1
11618,29582,1
11618,30225,1
11618,30927,1
11618,25328,1
11618,26665,1
11618,23846,1
11618,24291,1
11618,21053,1
11618,18666,1
11618,18437,1
11618,17749,1
11618,16430,1
11618,15924,1
11618,13142,1
11618,13316,1
11618,13893,1
11618,12333,1
11618,11340,1
11618,10744,1
11608,526642,1
11608,22721,1
11560,543404,1
11560,116185,1
11560,112466,1
11560,78331,1
11560,46571,1
11560,32055,1
11560,12106,1
11532,97512,1
11532,12706,1
11516,519947,1
11512,10187,1
11497,519947,1
11497,10110,1
11497,10041,1
11428,529127,1
11428,66977,1
11428,59425,1
11428,44004,1
11428,31336,1
11428,23565,1
11428,23281,1
11428,22884,1
11428,18178,1
11428,17061,1
11428,13862,1
11428,10568,1
11327,581422,1
11327,533123,1
11327,524067,1
11327,514689,1
11327,146524,1
11327,101052,1
11327,84305,1
11327,78331,1
11327,75614,1
11327,71081,1
11327,68917,1
11327,63395,1
11327,56567,1
11327,52728,1
11327,39091,1
11327,30927,1
11327,25530,1
11327,23601,1
11327,19373,1
11327,16973,1
11327,17720,1
11327,12333,1
11327,12359,1
11326,39617,1
11307,10041,1
11227,577526,1
11227,565465,1
11227,554008,1
11227,525836,1
11227,520468,1
11227,517013,1
11227,204229,1
11227,194050,1
11227,181096,1
11227,177658,1
11227,168683,1
11227,152767,1
11227,151618,1
11227,153928,1
11227,154386,1
11227,145577,1
11227,143023,1
11227,131734,1
11227,128010,1
11227,123675,1
11227,125443,1
11227,105012,1
11227,101406,1
11227,75125,1
11227,68360,1
11227,66718,1
11227,64956,1
11227,65187,1
11227,54578,1
11227,46636,1
11227,35422,1
11227,29016,1
11227,28421,1
11227,20997,1
11227,13862,1
11227,12706,1
11214,555342,1
11214,520435,1
11214,131124,1
11214,37710,1
11214,22884,1
11214,12106,1
11197,520616,1
11197,528100,1
11197,204930,1
11197,170450,1
11197,66934,1
11184,10011,1
11083,142528,1
11079,124027,1
11079,43866,1
11079,42734,1
11079,39879,1
11079,39984,1
11079,23281,1
11079,17061,1
11079,11326,1
11079,10624,1
11053,10479,1
11053,11428,1
11005,556502,1
11005,61273,1
11005,37105,1
11005,23800,1
11005,23325,1
11005,20925,1
11005,10568,1
10969,10187,1
10969,10479,1
10969,10041,1
10914,32338,1
10914,21519,1
10914,12706,1
10852,520468,1
10852,25529,1
10852,19011,1
10817,287884,1
10799,556502,1
10799,539227,1
10799,536057,1
10799,522974,1
10799,69319,1
10799,45024,1
10799,37710,1
10799,35978,1
10799,35293,1
10799,21519,1
10799,19011,1
10799,18156,1
10799,17016,1
10799,12802,1
10799,12844,1
10799,12506,1
10799,12083,1
10799,11053,1
10799,10568,1
10753,131734,1
10753,87121,1
10753,46383,1
10753,48421,1
10753,28468,1
10753,25371,1
10744,102936,1
10735,71991,1
10735,50952,1
10735,42515,1
10735,37710,1
10735,11053,1
10677,520468,1
10677,520210,1
10677,123377,1
10677,94980,1
10677,59425,1
10677,37710,1
10652,522974,1
10652,51759,1
10652,43866,1
10652,39984,1
10652,37710,1
10652,18156,1
10652,11497,1
10639,536057,1
10639,42734,1
10639,12706,1
10639,12333,1
10624,23850,1
10603,556502,1
10603,99346,1
10603,23601,1
10603,20925,1
10603,12359,1
10603,12802,1
10568,14694,1
10555,31336,1
10555,26316,1
10555,23281,1
10545,94980,1
10545,10969,1
10539,12091,1
10537,10603,1
10537,10187,1
10514,224205,1
10514,14705,1
10514,12542,1
10514,12569,1
10479,539227,1
10479,512716,1
10479,39984,1
10479,42734,1
10479,12083,1
10453,920537,1
10453,157016,1
10453,11900,1
10432,34972,1
10432,11326,1
10432,10624,1
10396,287884,1
909818,524067,1
10278,523776,1
10278,523816,1
10278,517726,1
10278,515933,1
10278,514997,1
10278,512716,1
10278,128552,1
10278,55124,1
10278,50952,1
10278,42332,1
10278,21911,1
10278,20925,1
10278,20279,1
10278,18982,1
10278,17016,1
10278,11516,1
10278,11053,1
10187,588507,1
10187,580819,1
10187,580251,1
10187,580329,1
10187,571291,1
10187,560327,1
10187,553847,1
10187,550769,1
10187,551404,1
10187,547298,1
10187,549033,1
10187,549729,1
10187,550660,1
10187,544358,1
10187,544759,1
10187,543465,1
10187,541855,1
10187,537128,1
10187,535910,1
10187,536441,1
10187,535099,1
10187,533436,1
10187,533944,1
10187,531073,1
10187,525393,1
10187,525448,1
10187,526285,1
10187,526642,1
10187,524977,1
10187,524795,1
10187,524270,1
10187,524655,1
10187,522972,1
10187,521813,1
10187,520811,1
10187,520582,1
10187,520437,1
10187,519346,1
10187,519350,1
10187,519354,1
10187,519358,1
10187,518606,1
10187,518644,1
10187,518519,1
10187,518378,1
10187,515675,1
10187,513034,1
10187,513662,1
10187,512716,1
10187,361803,1
10187,300334,1
10187,300336,1
10187,307621,1
10187,248193,1
10187,256623,1
10187,238044,1
10187,224128,1
10187,210246,1
10187,212879,1
10187,193075,1
10187,200962,1
10187,203801,1
10187,194655,1
10187,196901,1
10187,199106,1
10187,193259,1
10187,193942,1
10187,194050,1
10187,194176,1
10187,194350,1
10187,181099,1
10187,181296,1
10187,188325,1
10187,189011,1
10187,189203,1
10187,190589,1
10187,187211,1
10187,181513,1
10187,182003,1
10187,183579,1
10187,183634,1
10187,184456,1
10187,179246,1
10187,179605,1
10187,179749,1
10187,180111,1
10187,178236,1
10187,178237,1
10187,178668,1
10187,174168,1
10187,174299,1
10187,174350,1
10187,174792,1
10187,175775,1
10187,172666,1
10187,173868,1
10187,172442,1
10187,171676,1
10187,171862,1
10187,171879,1
10187,169821,1
10187,170407,1
10187,170539,1
10187,170865,1
10187,171009,1
10187,169226,1
10187,169365,1
10187,167648,1
10187,168294,1
10187,168653,1
10187,166976,1
10187,165868,1
10187,165374,1
10187,165646,1
10187,163929,1
10187,164466,1
10187,164504,1
10187,165152,1
10187,163602,1
10187,163640,1
10187,163733,1
10187,160355,1
10187,162733,1
10187,162206,1
10187,162211,1
10187,162599,1
10187,161574,1
10187,159401,1
10187,157838,1
10187,158774,1
10187,156955,1
10187,157652,1
10187,156190,1
10187,155194,1
10187,155238,1
10187,155275,1
10187,154239,1
10187,151820,1
10187,153927,1
10187,151502,1
10187,151537,1
10187,151641,1
10187,150878,1
10187,151050,1
10187,149501,1
10187,149740,1
10187,149469,1
10187,147665,1
10187,147925,1
10187,147957,1
10187,147541,1
10187,146404,1
10187,146524,1
10187,144553,1
10187,144604,1
10187,140794,1
10187,141430,1
10187,140688,1
10187,139763,1
10187,139382,1
10187,139657,1
10187,137990,1
10187,138121,1
10187,137949,1
10187,134118,1
10187,134107,1
10187,133373,1
10187,131984,1
10187,131273,1
10187,131734,1
10187,130971,1
10187,129790,1
10187,130104,1
10187,127661,1
10187,127493,1
10187,127510,1
10187,126393,1
10187,126699,1
10187,127066,1
10187,125114,1
10187,125566,1
10187,124659,1
10187,124469,1
10187,123428,1
10187,123675,1
10187,123199,1
10187,123248,1
10187,122132,1
10187,119860,1
10187,119668,1
10187,119819,1
10187,116200,1
10187,114379,1
10187,113489,1
10187,112466,1
10187,112530,1
10187,112562,1
10187,112723,1
10187,112039,1
10187,111460,1
10187,109669,1
10187,109752,1
10187,108738,1
10187,108860,1
10187,107521,1
10187,106856,1
10187,106414,1
10187,106495,1
10187,104593,1
10187,104007,1
10187,103598,1
10187,103306,1
10187,103466,1
10187,100586,1
10187,96745,1
10187,97092,1
10187,96270,1
10187,95935,1
10187,95015,1
10187,94433,1
10187,94805,1
10187,93538,1
10187,92514,1
10187,92517,1
10187,92208,1
10187,91537,1
10187,91780,1
10187,91269,1
10187,90331,1
10187,90194,1
10187,88795,1
10187,88342,1
10187,87610,1
10187,87121,1
10187,85745,1
10187,84203,1
10187,84758,1
10187,83804,1
10187,83827,1
10187,82637,1
10187,82613,1
10187,82342,1
10187,82236,1
10187,79788,1
10187,79427,1
10187,79273,1
10187,77770,1
10187,77246,1
10187,77311,1
10187,76845,1
10187,76931,1
10187,77025,1
10187,75581,1
10187,75724,1
10187,74669,1
10187,74480,1
10187,73853,1
10187,72902,1
10187,73110,1
10187,71363,1
10187,71397,1
10187,70279,1
10187,70621,1
10187,69923,1
10187,69515,1
10187,69315,1
10187,68672,1
10187,68834,1
10187,68917,1
10187,69106,1
10187,68271,1
10187,68360,1
10187,67456,1
10187,67241,1
10187,66864,1
10187,67006,1
10187,67055,1
10187,66479,1
10187,66205,1
10187,65722,1
10187,64468,1
10187,64139,1
10187,63612,1
10187,63635,1
10187,63652,1
10187,63277,1
10187,63261,1
10187,62712,1
10187,62962,1
10187,61930,1
10187,62262,1
10187,62443,1
10187,61568,1
10187,61234,1
10187,60586,1
10187,60370,1
10187,60323,1
10187,60215,1
10187,59813,1
10187,59485,1
10187,59176,1
10187,58834,1
10187,59018,1
10187,57591,1
10187,57600,1
10187,57309,1
10187,57353,1
10187,56839,1
10187,56567,1
10187,56635,1
10187,55415,1
10187,55508,1
10187,55523,1
10187,55109,1
10187,56695,1
10187,54776,1
10187,54907,1
10187,55037,1
10187,53743,1
10187,52903,1
10187,52579,1
10187,52027,1
10187,51782,1
10187,51891,1
10187,51159,1
10187,51509,1
10187,50885,1
10187,50891,1
10187,50905,1
10187,49053,1
10187,48491,1
10187,48277,1
10187,47687,1
10187,47194,1
10187,46764,1
10187,46657,1
10187,46383,1
10187,46073,1
10187,46209,1
10187,45483,1
10187,45151,1
10187,43814,1
10187,45024,1
10187,44554,1
10187,42793,1
10187,42267,1
10187,42392,1
10187,42037,1
10187,41559,1
10187,41385,1
10187,40565,1
10187,37004,1
10187,36730,1
10187,36454,1
10187,35450,1
10187,35018,1
10187,35129,1
10187,34019,1
10187,33356,1
10187,33598,1
10187,33325,1
10187,33298,1
10187,33125,1
10187,33191,1
10187,31756,1
10187,30805,1
10187,30860,1
10187,31121,1
10187,30405,1
10187,30234,1
10187,29648,1
10187,29291,1
10187,27761,1
10187,27864,1
10187,27618,1
10187,27210,1
10187,26718,1
10187,26794,1
10187,26429,1
10187,25939,1
10187,25334,1
10187,25371,1
10187,25549,1
10187,25024,1
10187,25036,1
10187,24314,1
10187,24387,1
10187,23419,1
10187,22844,1
10187,22700,1
10187,22343,1
10187,20906,1
10187,20925,1
10187,20279,1
10187,20331,1
10187,20339,1
10187,19825,1
10187,19700,1
10187,19373,1
10187,18899,1
10187,18982,1
10187,18113,1
10187,18178,1
10187,18030,1
10187,17016,1
10187,17286,1
10187,16973,1
10187,16292,1
10187,15674,1
10187,14881,1
10187,14420,1
10187,13862,1
10187,13902,1
10187,13316,1
10187,12656,1
10187,11886,1
10187,10969,1
10185,555342,1
10185,533223,1
10185,532124,1
10185,515463,1
10185,485278,1
10185,123248,1
10185,113588,1
10185,115546,1
10185,59846,1
10185,55161,1
10185,43909,1
10185,42515,1
10185,38526,1
10185,34900,1
10185,32393,1
10185,27119,1
10185,19011,1
10185,18666,1
10185,17016,1
10185,15674,1
10185,13650,1
10185,12706,1
10185,12104,1
10185,11886,1
10185,11255,1
10185,10099,1
10175,581422,1
10175,552768,1
10175,536058,1
10175,533103,1
10175,532704,1
10175,525448,1
10175,522972,1
10175,522790,1
10175,521635,1
10175,518690,1
10175,517726,1
10175,514689,1
10175,512042,1
10175,154646,1
10175,148830,1
10175,147925,1
10175,138011,1
10175,122334,1
10175,121031,1
10175,119819,1
10175,115521,1
10175,114213,1
10175,108860,1
10175,105436,1
10175,101052,1
10175,100217,1
10175,97122,1
10175,97590,1
10175,98136,1
10175,94528,1
10175,91507,1
10175,91820,1
10175,87630,1
10175,86722,1
10175,80474,1
10175,76412,1
10175,75789,1
10175,72892,1
10175,71769,1
10175,68271,1
10175,67241,1
10175,59846,1
10175,57851,1
10175,57603,1
10175,55523,1
10175,55953,1
10175,52728,1
10175,52253,1
10175,46603,1
10175,44056,1
10175,43909,1
10175,42793,1
10175,41554,1
10175,39465,1
10175,36384,1
10175,33191,1
10175,32805,1
10175,32699,1
10175,31911,1
10175,31073,1
10175,30927,1
10175,30371,1
10175,29537,1
10175,26794,1
10175,26666,1
10175,25529,1
10175,25554,1
10175,25328,1
10175,25131,1
10175,23473,1
10175,23812,1
10175,23281,1
10175,22521,1
10175,22700,1
10175,21911,1
10175,21519,1
10175,18666,1
10175,17720,1
10175,17061,1
10175,13892,1
10175,13033,1
10175,12706,1
10175,12359,1
10175,12083,1
10175,12106,1
10175,11786,1
10175,11745,1
10175,10537,1
10168,565876,1
10168,552768,1
10168,539227,1
10168,536208,1
10168,536443,1
10168,534662,1
10168,533062,1
10168,525448,1
10168,525393,1
10168,525066,1
10168,524612,1
10168,524067,1
10168,523776,1
10168,522790,1
10168,518830,1
10168,518606,1
10168,518715,1
10168,517512,1
10168,515463,1
10168,511857,1
10168,512042,1
10168,511846,1
10168,174350,1
10168,161574,1
10168,156955,1
10168,148829,1
10168,146524,1
10168,140558,1
10168,138011,1
10168,133601,1
10168,114213,1
10168,112466,1
10168,105904,1
10168,107492,1
10168,100586,1
10168,99820,1
10168,100217,1
10168,96270,1
10168,97122,1
10168,91633,1
10168,89191,1
10168,87121,1
10168,84217,1
10168,79948,1
10168,76931,1
10168,75614,1
10168,72491,1
10168,69938,1
10168,59425,1
10168,58552,1
10168,56628,1
10168,53467,1
10168,52253,1
10168,51782,1
10168,50885,1
10168,47850,1
10168,48421,1
10168,45730,1
10168,45483,1
10168,42509,1
10168,44004,1
10168,43909,1
10168,41665,1
10168,38182,1
10168,36423,1
10168,35450,1
10168,35267,1
10168,33919,1
10168,31786,1
10168,31735,1
10168,31073,1
10168,30927,1
10168,30371,1
10168,29152,1
10168,27761,1
10168,26666,1
10168,27119,1
10168,26287,1
10168,26065,1
10168,26718,1
10168,26794,1
10168,24933,1
10168,25713,1
10168,25763,1
10168,25549,1
10168,25529,1
10168,23419,1
10168,24291,1
10168,22343,1
10168,23232,1
10168,22721,1
10168,21519,1
10168,20279,1
10168,19460,1
10168,18670,1
10168,18221,1
10168,15924,1
10168,15210,1
10168,13892,1
10168,12706,1
10168,12248,1
10168,12104,1
10168,12106,1
10168,11255,1
10168,10624,1
10168,10099,1
10120,525393,1
10120,71769,1
10120,39091,1
10120,26287,1
10120,17759,1
10120,12106,1
10110,532800,1
10110,530071,1
10110,521584,1
10110,520210,1
10110,518830,1
10110,517548,1
10110,516663,1
10110,513266,1
10110,512793,1
10110,512319,1
10110,512041,1
10110,511857,1
10110,148515,1
10110,90574,1
10110,69938,1
10110,59425,1
10110,44903,1
10110,43909,1
10110,42241,1
10110,35322,1
10110,30181,1
10110,27492,1
10110,26488,1
10110,23601,1
10110,23281,1
10110,22884,1
10110,20925,1
10110,20233,1
10110,19715,1
10110,18670,1
10110,18327,1
10110,18586,1
10110,17000,1
10110,14464,1
10110,12221,1
10110,12333,1
10110,11433,1
10110,10744,1
10100,69938,1
10100,44903,1
10100,42734,1
10100,28559,1
10100,11326,1
10099,133019,1
10099,136144,1
10099,120768,1
10099,103255,1
10099,19478,1
10099,17421,1
10099,15310,1
10099,12902,1
10099,12055,1
10099,11618,1
10080,72145,1
10080,68841,1
10080,43756,1
10080,25509,1
10080,23565,1
10080,12706,1
10080,12106,1
10072,541412,1
10072,536360,1
10072,523807,1
10072,521812,1
10072,521814,1
10072,522973,1
10072,522992,1
10072,523036,1
10072,520579,1
10072,514044,1
10072,515675,1
10072,517418,1
10072,511844,1
10072,195664,1
10072,185934,1
10072,191542,1
10072,172829,1
10072,157747,1
10072,140688,1
10072,135453,1
10072,131124,1
10072,114426,1
10072,102689,1
10072,84617,1
10072,82772,1
10072,81159,1
10072,80453,1
10072,77211,1
10072,74988,1
10072,74836,1
10072,72143,1
10072,70533,1
10072,69064,1
10072,61290,1
10072,45969,1
10072,44669,1
10072,42332,1
10072,41556,1
10072,39813,1
10072,37751,1
10072,35794,1
10072,34949,1
10072,30310,1
10072,29836,1
10072,29044,1
10072,26443,1
10072,24382,1
10072,23619,1
10072,22240,1
10072,20781,1
10072,18823,1
10072,19189,1
10072,18625,1
10072,18327,1
10072,16800,1
10072,16008,1
10072,15398,1
10072,14507,1
10072,14663,1
10050,555342,1
10050,523775,1
10050,522991,1
10050,514997,1
10050,514044,1
10050,512716,1
10050,258715,1
10050,128552,1
10050,50952,1
10050,45730,1
10050,45024,1
10050,43866,1
10050,43756,1
10050,42515,1
10050,42332,1
10050,41665,1
10050,37710,1
10050,35293,1
10050,32393,1
10050,24933,1
10050,23800,1
10050,18982,1
10050,11326,1
10041,536058,1
10041,539227,1
10041,532800,1
10041,527475,1
10041,522972,1
10041,522853,1
10041,521637,1
10041,520579,1
10041,520210,1
10041,518220,1
10041,515193,1
10041,515221,1
10041,115546,1
10041,119860,1
10041,108478,1
10041,109669,1
10041,105436,1
10041,95025,1
10041,80474,1
10041,61553,1
10041,57384,1
10041,59288,1
10041,50952,1
10041,43881,1
10041,42241,1
10041,39413,1
10041,39753,1
10041,38526,1
10041,32338,1
10041,31786,1
10041,28146,1
10041,27119,1
10041,26287,1
10041,19715,1
10041,18670,1
10041,17061,1
10041,14434,1
10041,13559,1
10041,13142,1
10041,11886,1
10041,11340,1
10041,10324,1
10011,556347,1
10011,544687,1
10011,539328,1
10011,536360,1
10011,535347,1
10011,533135,1
10011,530071,1
10011,529318,1
10011,525062,1
10011,524717,1
10011,524074,1
10011,523807,1
10011,523034,1
10011,522992,1
10011,521634,1
10011,519328,1
10011,519346,1
10011,516663,1
10011,515464,1
10011,514125,1
10011,513520,1
10011,512927,1
10011,512928,1
10011,512793,1
10011,511844,1
10011,201797,1
10011,163253,1
10011,148713,1
10011,145039,1
10011,144110,1
10011,134390,1
10011,122132,1
10011,115260,1
10011,109806,1
10011,101898,1
10011,101125,1
10011,97678,1
10011,90574,1
10011,81432,1
10011,70307,1
10011,67598,1
10011,66841,1
10011,62463,1
10011,57536,1
10011,53796,1
10011,53043,1
10011,52041,1
10011,51619,1
10011,49630,1
10011,44256,1
10011,42750,1
10011,42835,1
10011,42267,1
10011,42059,1
10011,40069,1
10011,39753,1
10011,39413,1
10011,35912,1
10011,35743,1
10011,35461,1
10011,34085,1
10011,34226,1
10011,33598,1
10011,32520,1
10011,30234,1
10011,27618,1
10011,27179,1
10011,26913,1
10011,26038,1
10011,25982,1
10011,25184,1
10011,23273,1
10011,23159,1
10011,21932,1
10011,21345,1
10011,19760,1
10011,19825,1
10011,18803,1
10011,17454,1
10011,16303,1
10011,15616,1
10011,13892,1
10011,13031,1
10011,12358,1
10011,11557,1
10011,11673,1
