type_pre,type_post,total,offset,weight,share
PFNd,hDeltaB,20165,-3,3769,0.187
PFNd,hDeltaB,20165,-2,3873,0.192
PFNd,hDeltaB,20165,-1,2862,0.142
PFNd,hDeltaB,20165,0,1834,0.091
PFNd,hDeltaB,20165,1,1835,0.091
PFNd,hDeltaB,20165,2,2283,0.113
PFNd,hDeltaB,20165,3,1954,0.097
PFNd,hDeltaB,20165,4,1755,0.087
PFNa,PFNa,13850,-3,1638,0.118
PFNa,PFNa,13850,-2,1922,0.139
PFNa,PFNa,13850,-1,1402,0.101
PFNa,PFNa,13850,0,1890,0.136
PFNa,PFNa,13850,1,1548,0.112
PFNa,PFNa,13850,2,1885,0.136
PFNa,PFNa,13850,3,1599,0.115
PFNa,PFNa,13850,4,1966,0.142
PFNv,PFNv,9048,-3,917,0.101
PFNv,PFNv,9048,-2,1637,0.181
PFNv,PFNv,9048,-1,713,0.079
PFNv,PFNv,9048,0,869,0.096
PFNv,PFNv,9048,1,740,0.082
PFNv,PFNv,9048,2,1680,0.186
PFNv,PFNv,9048,3,1002,0.111
PFNv,PFNv,9048,4,1490,0.165
FR1,FR1,8694,-3,1197,0.138
FR1,FR1,8694,-2,1215,0.14
FR1,FR1,8694,-1,1188,0.137
FR1,FR1,8694,0,237,0.027
FR1,FR1,8694,1,1165,0.134
FR1,FR1,8694,2,1237,0.142
FR1,FR1,8694,3,1259,0.145
FR1,FR1,8694,4,1196,0.138
PFNd,PFNd,8109,-3,1036,0.128
PFNd,PFNd,8109,-2,918,0.113
PFNd,PFNd,8109,-1,1186,0.146
PFNd,PFNd,8109,0,909,0.112
PFNd,PFNd,8109,1,1106,0.136
PFNd,PFNd,8109,2,944,0.116
PFNd,PFNd,8109,3,1090,0.134
PFNd,PFNd,8109,4,920,0.113
hDeltaB,PFR_a,6717,-3,169,0.025
hDeltaB,PFR_a,6717,-2,2,0.0
hDeltaB,PFR_a,6717,0,157,0.023
hDeltaB,PFR_a,6717,1,1380,0.205
hDeltaB,PFR_a,6717,2,1690,0.252
hDeltaB,PFR_a,6717,3,1797,0.268
hDeltaB,PFR_a,6717,4,1522,0.227
hDeltaB,PFR_b,5787,-3,182,0.031
hDeltaB,PFR_b,5787,-2,5,0.001
hDeltaB,PFR_b,5787,-1,3,0.001
hDeltaB,PFR_b,5787,0,230,0.04
hDeltaB,PFR_b,5787,1,1150,0.199
hDeltaB,PFR_b,5787,2,1453,0.251
hDeltaB,PFR_b,5787,3,1423,0.246
hDeltaB,PFR_b,5787,4,1341,0.232
PFGs,hDeltaK,4790,-3,929,0.194
PFGs,hDeltaK,4790,-2,1207,0.252
PFGs,hDeltaK,4790,-1,1025,0.214
PFGs,hDeltaK,4790,0,292,0.061
PFGs,hDeltaK,4790,1,5,0.001
PFGs,hDeltaK,4790,2,1,0.0
PFGs,hDeltaK,4790,3,368,0.077
PFGs,hDeltaK,4790,4,963,0.201
hDeltaB,hDeltaK,4672,-3,474,0.101
hDeltaB,hDeltaK,4672,-2,1718,0.368
hDeltaB,hDeltaK,4672,-1,188,0.04
hDeltaB,hDeltaK,4672,0,30,0.006
hDeltaB,hDeltaK,4672,1,167,0.036
hDeltaB,hDeltaK,4672,2,1514,0.324
hDeltaB,hDeltaK,4672,3,537,0.115
hDeltaB,hDeltaK,4672,4,44,0.009
PFNv,hDeltaB,4344,-3,1,0.0
PFNv,hDeltaB,4344,-1,78,0.018
PFNv,hDeltaB,4344,0,933,0.215
PFNv,hDeltaB,4344,1,1277,0.294
PFNv,hDeltaB,4344,2,1303,0.3
PFNv,hDeltaB,4344,3,664,0.153
PFNv,hDeltaB,4344,4,88,0.02
hDeltaB,hDeltaJ,4232,-3,292,0.069
hDeltaB,hDeltaJ,4232,-2,623,0.147
hDeltaB,hDeltaJ,4232,-1,386,0.091
hDeltaB,hDeltaJ,4232,0,1496,0.353
hDeltaB,hDeltaJ,4232,1,509,0.12
hDeltaB,hDeltaJ,4232,2,626,0.148
hDeltaB,hDeltaJ,4232,3,293,0.069
hDeltaB,hDeltaJ,4232,4,7,0.002
PFNa,FC1B,4078,-2,22,0.005
PFNa,FC1B,4078,-1,779,0.191
PFNa,FC1B,4078,0,2193,0.538
PFNa,FC1B,4078,1,1030,0.253
PFNa,FC1B,4078,2,54,0.013
hDeltaB,vDeltaM,4009,-3,60,0.015
hDeltaB,vDeltaM,4009,-2,3,0.001
hDeltaB,vDeltaM,4009,-1,13,0.003
hDeltaB,vDeltaM,4009,0,162,0.04
hDeltaB,vDeltaM,4009,1,834,0.208
hDeltaB,vDeltaM,4009,2,1096,0.273
hDeltaB,vDeltaM,4009,3,1066,0.266
hDeltaB,vDeltaM,4009,4,775,0.193
hDeltaA,PFL3,3881,-3,133,0.034
hDeltaA,PFL3,3881,-2,8,0.002
hDeltaA,PFL3,3881,-1,1,0.0
hDeltaA,PFL3,3881,0,206,0.053
hDeltaA,PFL3,3881,1,929,0.239
hDeltaA,PFL3,3881,2,855,0.22
hDeltaA,PFL3,3881,3,807,0.208
hDeltaA,PFL3,3881,4,942,0.243
hDeltaB,hDeltaI,3575,-3,97,0.027
hDeltaB,hDeltaI,3575,-2,222,0.062
hDeltaB,hDeltaI,3575,-1,433,0.121
hDeltaB,hDeltaI,3575,0,1720,0.481
hDeltaB,hDeltaI,3575,1,637,0.178
hDeltaB,hDeltaI,3575,2,312,0.087
hDeltaB,hDeltaI,3575,3,145,0.041
hDeltaB,hDeltaI,3575,4,9,0.003
hDeltaI,PFL3,3468,-3,121,0.035
hDeltaI,PFL3,3468,-1,1,0.0
hDeltaI,PFL3,3468,0,118,0.034
hDeltaI,PFL3,3468,1,811,0.234
hDeltaI,PFL3,3468,2,895,0.258
hDeltaI,PFL3,3468,3,839,0.242
hDeltaI,PFL3,3468,4,683,0.197
PFNd,PFR_a,3430,-1,19,0.006
PFNd,PFR_a,3430,0,1810,0.528
PFNd,PFR_a,3430,1,1589,0.463
PFNd,PFR_a,3430,2,12,0.003
vDeltaA_a,hDeltaD,3285,-3,221,0.067
vDeltaA_a,hDeltaD,3285,-2,124,0.038
vDeltaA_a,hDeltaD,3285,-1,670,0.204
vDeltaA_a,hDeltaD,3285,0,676,0.206
vDeltaA_a,hDeltaD,3285,1,238,0.072
vDeltaA_a,hDeltaD,3285,2,75,0.023
vDeltaA_a,hDeltaD,3285,3,608,0.185
vDeltaA_a,hDeltaD,3285,4,673,0.205
vDeltaA_a,vDeltaA_a,3266,-3,52,0.016
vDeltaA_a,vDeltaA_a,3266,-2,214,0.066
vDeltaA_a,vDeltaA_a,3266,-1,729,0.223
vDeltaA_a,vDeltaA_a,3266,0,1228,0.376
vDeltaA_a,vDeltaA_a,3266,1,693,0.212
vDeltaA_a,vDeltaA_a,3266,2,227,0.07
vDeltaA_a,vDeltaA_a,3266,3,70,0.021
vDeltaA_a,vDeltaA_a,3266,4,53,0.016
hDeltaL,FC2C,3187,-3,339,0.106
hDeltaL,FC2C,3187,-2,17,0.005
hDeltaL,FC2C,3187,-1,28,0.009
hDeltaL,FC2C,3187,0,288,0.09
hDeltaL,FC2C,3187,1,496,0.156
hDeltaL,FC2C,3187,2,481,0.151
hDeltaL,FC2C,3187,3,767,0.241
hDeltaL,FC2C,3187,4,771,0.242
hDeltaB,FR1,3168,-3,133,0.042
hDeltaB,FR1,3168,0,138,0.044
hDeltaB,FR1,3168,1,621,0.196
hDeltaB,FR1,3168,2,768,0.242
hDeltaB,FR1,3168,3,705,0.223
hDeltaB,FR1,3168,4,803,0.253
vDeltaK,hDeltaA,3168,-3,183,0.058
vDeltaK,hDeltaA,3168,-2,224,0.071
vDeltaK,hDeltaA,3168,-1,312,0.098
vDeltaK,hDeltaA,3168,0,447,0.141
vDeltaK,hDeltaA,3168,1,700,0.221
vDeltaK,hDeltaA,3168,2,538,0.17
vDeltaK,hDeltaA,3168,3,431,0.136
vDeltaK,hDeltaA,3168,4,333,0.105
hDeltaB,PFGs,3125,-3,56,0.018
hDeltaB,PFGs,3125,-2,1,0.0
hDeltaB,PFGs,3125,0,60,0.019
hDeltaB,PFGs,3125,1,563,0.18
hDeltaB,PFGs,3125,2,779,0.249
hDeltaB,PFGs,3125,3,877,0.281
hDeltaB,PFGs,3125,4,789,0.252
vDeltaB,hDeltaE,3102,-3,200,0.064
vDeltaB,hDeltaE,3102,-2,78,0.025
vDeltaB,hDeltaE,3102,-1,499,0.161
vDeltaB,hDeltaE,3102,0,521,0.168
vDeltaB,hDeltaE,3102,1,159,0.051
vDeltaB,hDeltaE,3102,2,93,0.03
vDeltaB,hDeltaE,3102,3,727,0.234
vDeltaB,hDeltaE,3102,4,825,0.266
hDeltaJ,FC2A,3062,-3,230,0.075
hDeltaJ,FC2A,3062,-2,10,0.003
hDeltaJ,FC2A,3062,-1,21,0.007
hDeltaJ,FC2A,3062,0,244,0.08
hDeltaJ,FC2A,3062,1,608,0.199
hDeltaJ,FC2A,3062,2,628,0.205
hDeltaJ,FC2A,3062,3,696,0.227
hDeltaJ,FC2A,3062,4,625,0.204
vDeltaM,vDeltaK,3058,-3,9,0.003
vDeltaM,vDeltaK,3058,-2,29,0.009
vDeltaM,vDeltaK,3058,-1,418,0.137
vDeltaM,vDeltaK,3058,0,1922,0.629
vDeltaM,vDeltaK,3058,1,614,0.201
vDeltaM,vDeltaK,3058,2,66,0.022
vDeltaD,hDeltaL,2858,-3,344,0.12
vDeltaD,hDeltaL,2858,-2,320,0.112
vDeltaD,hDeltaL,2858,-1,400,0.14
vDeltaD,hDeltaL,2858,0,302,0.106
vDeltaD,hDeltaL,2858,1,441,0.154
vDeltaD,hDeltaL,2858,2,308,0.108
vDeltaD,hDeltaL,2858,3,285,0.1
vDeltaD,hDeltaL,2858,4,458,0.16
hDeltaK,PFGs,2846,-3,216,0.076
hDeltaK,PFGs,2846,-2,1,0.0
hDeltaK,PFGs,2846,-1,1,0.0
hDeltaK,PFGs,2846,0,178,0.063
hDeltaK,PFGs,2846,1,602,0.212
hDeltaK,PFGs,2846,2,660,0.232
hDeltaK,PFGs,2846,3,566,0.199
hDeltaK,PFGs,2846,4,622,0.219
PFNa,FC1A,2823,-2,33,0.012
PFNa,FC1A,2823,-1,589,0.209
PFNa,FC1A,2823,0,1610,0.57
PFNa,FC1A,2823,1,575,0.204
PFNa,FC1A,2823,2,16,0.006
FC2C,PFL3,2700,-2,8,0.003
FC2C,PFL3,2700,-1,394,0.146
FC2C,PFL3,2700,0,1786,0.661
FC2C,PFL3,2700,1,496,0.184
FC2C,PFL3,2700,2,16,0.006
PFR_a,hDeltaA,2666,-3,290,0.109
PFR_a,hDeltaA,2666,-2,340,0.128
PFR_a,hDeltaA,2666,-1,323,0.121
PFR_a,hDeltaA,2666,0,396,0.149
PFR_a,hDeltaA,2666,1,281,0.105
PFR_a,hDeltaA,2666,2,372,0.14
PFR_a,hDeltaA,2666,3,318,0.119
PFR_a,hDeltaA,2666,4,346,0.13
hDeltaJ,FC2B,2573,-3,230,0.089
hDeltaJ,FC2B,2573,-2,9,0.003
hDeltaJ,FC2B,2573,-1,7,0.003
hDeltaJ,FC2B,2573,0,196,0.076
hDeltaJ,FC2B,2573,1,521,0.202
hDeltaJ,FC2B,2573,2,585,0.227
hDeltaJ,FC2B,2573,3,541,0.21
hDeltaJ,FC2B,2573,4,484,0.188
PFNa,FC1F,2542,-2,39,0.015
PFNa,FC1F,2542,-1,635,0.25
PFNa,FC1F,2542,0,1294,0.509
PFNa,FC1F,2542,1,553,0.218
PFNa,FC1F,2542,2,21,0.008
FC2A,PFL3,2512,-2,11,0.004
FC2A,PFL3,2512,-1,459,0.183
FC2A,PFL3,2512,0,1603,0.638
FC2A,PFL3,2512,1,430,0.171
FC2A,PFL3,2512,2,9,0.004
FC2B,PFL3,2478,-2,9,0.004
FC2B,PFL3,2478,-1,431,0.174
FC2B,PFL3,2478,0,1538,0.621
FC2B,PFL3,2478,1,473,0.191
FC2B,PFL3,2478,2,27,0.011
hDeltaH,FC2B,2437,-3,1056,0.433
hDeltaH,FC2B,2437,-2,143,0.059
hDeltaH,FC2B,2437,2,1,0.0
hDeltaH,FC2B,2437,3,151,0.062
hDeltaH,FC2B,2437,4,1086,0.446
hDeltaM,PFL3,2428,-3,1137,0.468
hDeltaM,PFL3,2428,-2,36,0.015
hDeltaM,PFL3,2428,0,1,0.0
hDeltaM,PFL3,2428,1,1,0.0
hDeltaM,PFL3,2428,3,46,0.019
hDeltaM,PFL3,2428,4,1207,0.497
hDeltaC,FC2B,2414,-3,256,0.106
hDeltaC,FC2B,2414,-2,11,0.005
hDeltaC,FC2B,2414,-1,8,0.003
hDeltaC,FC2B,2414,0,225,0.093
hDeltaC,FC2B,2414,1,510,0.211
hDeltaC,FC2B,2414,2,488,0.202
hDeltaC,FC2B,2414,3,416,0.172
hDeltaC,FC2B,2414,4,500,0.207
vDeltaL,hDeltaA,2406,-3,181,0.075
vDeltaL,hDeltaA,2406,-2,188,0.078
vDeltaL,hDeltaA,2406,-1,258,0.107
vDeltaL,hDeltaA,2406,0,227,0.094
vDeltaL,hDeltaA,2406,1,453,0.188
vDeltaL,hDeltaA,2406,2,444,0.185
vDeltaL,hDeltaA,2406,3,338,0.14
vDeltaL,hDeltaA,2406,4,317,0.132
vDeltaE,hDeltaG,2405,-3,138,0.057
vDeltaE,hDeltaG,2405,-2,55,0.023
vDeltaE,hDeltaG,2405,-1,478,0.199
vDeltaE,hDeltaG,2405,0,419,0.174
vDeltaE,hDeltaG,2405,1,83,0.035
vDeltaE,hDeltaG,2405,2,67,0.028
vDeltaE,hDeltaG,2405,3,556,0.231
vDeltaE,hDeltaG,2405,4,609,0.253
vDeltaM,hDeltaA,2250,-3,152,0.068
vDeltaM,hDeltaA,2250,-2,117,0.052
vDeltaM,hDeltaA,2250,-1,188,0.084
vDeltaM,hDeltaA,2250,0,265,0.118
vDeltaM,hDeltaA,2250,1,473,0.21
vDeltaM,hDeltaA,2250,2,412,0.183
vDeltaM,hDeltaA,2250,3,343,0.152
vDeltaM,hDeltaA,2250,4,300,0.133
PFNm_b,PFNm_b,2231,-3,257,0.115
PFNm_b,PFNm_b,2231,-2,230,0.103
PFNm_b,PFNm_b,2231,-1,254,0.114
PFNm_b,PFNm_b,2231,0,584,0.262
PFNm_b,PFNm_b,2231,1,278,0.125
PFNm_b,PFNm_b,2231,2,201,0.09
PFNm_b,PFNm_b,2231,3,246,0.11
PFNm_b,PFNm_b,2231,4,181,0.081
hDeltaF,FC2C,2223,-3,805,0.362
hDeltaF,FC2C,2223,-2,869,0.391
hDeltaF,FC2C,2223,-1,248,0.112
hDeltaF,FC2C,2223,0,6,0.003
hDeltaF,FC2C,2223,1,2,0.001
hDeltaF,FC2C,2223,3,12,0.005
hDeltaF,FC2C,2223,4,281,0.126
hDeltaB,hDeltaA,2216,-3,40,0.018
hDeltaB,hDeltaA,2216,-2,70,0.032
hDeltaB,hDeltaA,2216,-1,244,0.11
hDeltaB,hDeltaA,2216,0,1418,0.64
hDeltaB,hDeltaA,2216,1,317,0.143
hDeltaB,hDeltaA,2216,2,83,0.037
hDeltaB,hDeltaA,2216,3,44,0.02
hDeltaE,FC2C,2207,-3,1085,0.492
hDeltaE,FC2C,2207,-2,78,0.035
hDeltaE,FC2C,2207,3,79,0.036
hDeltaE,FC2C,2207,4,965,0.437
PFR_b,PFR_a,2199,-3,130,0.059
PFR_b,PFR_a,2199,-2,152,0.069
PFR_b,PFR_a,2199,-1,298,0.136
PFR_b,PFR_a,2199,0,956,0.435
PFR_b,PFR_a,2199,1,285,0.13
PFR_b,PFR_a,2199,2,129,0.059
PFR_b,PFR_a,2199,3,135,0.061
PFR_b,PFR_a,2199,4,114,0.052
hDeltaA,PFR_a,2195,-3,101,0.046
hDeltaA,PFR_a,2195,-2,1,0.0
hDeltaA,PFR_a,2195,0,140,0.064
hDeltaA,PFR_a,2195,1,495,0.226
hDeltaA,PFR_a,2195,2,502,0.229
hDeltaA,PFR_a,2195,3,485,0.221
hDeltaA,PFR_a,2195,4,471,0.215
hDeltaB,vDeltaL,2094,-3,53,0.025
hDeltaB,vDeltaL,2094,-1,3,0.001
hDeltaB,vDeltaL,2094,0,73,0.035
hDeltaB,vDeltaL,2094,1,546,0.261
hDeltaB,vDeltaL,2094,2,526,0.251
hDeltaB,vDeltaL,2094,3,427,0.204
hDeltaB,vDeltaL,2094,4,466,0.223
PFNa,FC1D,2038,-2,5,0.002
PFNa,FC1D,2038,-1,464,0.228
PFNa,FC1D,2038,0,1156,0.567
PFNa,FC1D,2038,1,403,0.198
PFNa,FC1D,2038,2,10,0.005
FC2C,PFL2,2013,-2,26,0.013
FC2C,PFL2,2013,-1,331,0.164
FC2C,PFL2,2013,0,1303,0.647
FC2C,PFL2,2013,1,344,0.171
FC2C,PFL2,2013,2,9,0.004
hDeltaI,PFL2,1942,-3,86,0.044
hDeltaI,PFL2,1942,-2,1,0.001
hDeltaI,PFL2,1942,0,48,0.025
hDeltaI,PFL2,1942,1,474,0.244
hDeltaI,PFL2,1942,2,537,0.277
hDeltaI,PFL2,1942,3,427,0.22
hDeltaI,PFL2,1942,4,369,0.19
hDeltaL,FS2,1885,-3,144,0.076
hDeltaL,FS2,1885,-2,4,0.002
hDeltaL,FS2,1885,-1,35,0.019
hDeltaL,FS2,1885,0,247,0.131
hDeltaL,FS2,1885,1,227,0.12
hDeltaL,FS2,1885,2,357,0.189
hDeltaL,FS2,1885,3,473,0.251
hDeltaL,FS2,1885,4,398,0.211
vDeltaA_b,hDeltaD,1848,-3,134,0.073
vDeltaA_b,hDeltaD,1848,-2,55,0.03
vDeltaA_b,hDeltaD,1848,-1,295,0.16
vDeltaA_b,hDeltaD,1848,0,356,0.193
vDeltaA_b,hDeltaD,1848,1,122,0.066
vDeltaA_b,hDeltaD,1848,2,41,0.022
vDeltaA_b,hDeltaD,1848,3,385,0.208
vDeltaA_b,hDeltaD,1848,4,460,0.249
vDeltaG,hDeltaH,1789,-3,30,0.017
vDeltaG,hDeltaH,1789,-2,50,0.028
vDeltaG,hDeltaH,1789,-1,538,0.301
vDeltaG,hDeltaH,1789,0,502,0.281
vDeltaG,hDeltaH,1789,1,90,0.05
vDeltaG,hDeltaH,1789,2,32,0.018
vDeltaG,hDeltaH,1789,3,295,0.165
vDeltaG,hDeltaH,1789,4,252,0.141
vDeltaC,hDeltaL,1759,-3,321,0.182
vDeltaC,hDeltaL,1759,-2,271,0.154
vDeltaC,hDeltaL,1759,-1,400,0.227
vDeltaC,hDeltaL,1759,0,155,0.088
vDeltaC,hDeltaL,1759,1,104,0.059
vDeltaC,hDeltaL,1759,2,61,0.035
vDeltaC,hDeltaL,1759,3,105,0.06
vDeltaC,hDeltaL,1759,4,342,0.194
PFR_b,PFR_b,1722,-3,248,0.144
PFR_b,PFR_b,1722,-2,275,0.16
PFR_b,PFR_b,1722,-1,210,0.122
PFR_b,PFR_b,1722,0,4,0.002
PFR_b,PFR_b,1722,1,242,0.141
PFR_b,PFR_b,1722,2,253,0.147
PFR_b,PFR_b,1722,3,229,0.133
PFR_b,PFR_b,1722,4,261,0.152
hDeltaG,FC2B,1711,-3,696,0.407
hDeltaG,FC2B,1711,-2,113,0.066
hDeltaG,FC2B,1711,1,1,0.001
hDeltaG,FC2B,1711,2,3,0.002
hDeltaG,FC2B,1711,3,88,0.051
hDeltaG,FC2B,1711,4,810,0.473
PFNm_a,PFNm_b,1644,-3,173,0.105
PFNm_a,PFNm_b,1644,-2,143,0.087
PFNm_a,PFNm_b,1644,-1,201,0.122
PFNm_a,PFNm_b,1644,0,397,0.241
PFNm_a,PFNm_b,1644,1,182,0.111
PFNm_a,PFNm_b,1644,2,170,0.103
PFNm_a,PFNm_b,1644,3,162,0.099
PFNm_a,PFNm_b,1644,4,216,0.131
vDeltaA_b,hDeltaE,1628,-3,99,0.061
vDeltaA_b,hDeltaE,1628,-2,27,0.017
vDeltaA_b,hDeltaE,1628,-1,346,0.213
vDeltaA_b,hDeltaE,1628,0,385,0.236
vDeltaA_b,hDeltaE,1628,1,116,0.071
vDeltaA_b,hDeltaE,1628,2,34,0.021
vDeltaA_b,hDeltaE,1628,3,288,0.177
vDeltaA_b,hDeltaE,1628,4,333,0.205
hDeltaC,vDeltaE,1604,-3,72,0.045
hDeltaC,vDeltaE,1604,-2,20,0.012
hDeltaC,vDeltaE,1604,-1,1,0.001
hDeltaC,vDeltaE,1604,0,110,0.069
hDeltaC,vDeltaE,1604,1,375,0.234
hDeltaC,vDeltaE,1604,2,421,0.262
hDeltaC,vDeltaE,1604,3,345,0.215
hDeltaC,vDeltaE,1604,4,260,0.162
PFNd,hDeltaA,1587,-3,288,0.181
PFNd,hDeltaA,1587,-2,543,0.342
PFNd,hDeltaA,1587,-1,353,0.222
PFNd,hDeltaA,1587,0,216,0.136
PFNd,hDeltaA,1587,1,2,0.001
PFNd,hDeltaA,1587,2,3,0.002
PFNd,hDeltaA,1587,3,1,0.001
PFNd,hDeltaA,1587,4,181,0.114
vDeltaF,hDeltaG,1582,-3,55,0.035
vDeltaF,hDeltaG,1582,-2,31,0.02
vDeltaF,hDeltaG,1582,-1,432,0.273
vDeltaF,hDeltaG,1582,0,442,0.279
vDeltaF,hDeltaG,1582,1,133,0.084
vDeltaF,hDeltaG,1582,2,26,0.016
vDeltaF,hDeltaG,1582,3,228,0.144
vDeltaF,hDeltaG,1582,4,235,0.149
hDeltaC,hDeltaF,1578,-3,256,0.162
hDeltaC,hDeltaF,1578,-2,87,0.055
hDeltaC,hDeltaF,1578,-1,187,0.119
hDeltaC,hDeltaF,1578,0,333,0.211
hDeltaC,hDeltaF,1578,1,123,0.078
hDeltaC,hDeltaF,1578,2,307,0.195
hDeltaC,hDeltaF,1578,3,189,0.12
hDeltaC,hDeltaF,1578,4,96,0.061
hDeltaM,PFL2,1555,-3,762,0.49
hDeltaM,PFL2,1555,-2,16,0.01
hDeltaM,PFL2,1555,3,9,0.006
hDeltaM,PFL2,1555,4,768,0.494
vDeltaF,hDeltaH,1464,-3,130,0.089
vDeltaF,hDeltaH,1464,-2,27,0.018
vDeltaF,hDeltaH,1464,-1,160,0.109
vDeltaF,hDeltaH,1464,0,216,0.148
vDeltaF,hDeltaH,1464,1,76,0.052
vDeltaF,hDeltaH,1464,2,69,0.047
vDeltaF,hDeltaH,1464,3,374,0.255
vDeltaF,hDeltaH,1464,4,412,0.281
hDeltaG,FC2C,1460,-3,740,0.507
hDeltaG,FC2C,1460,-2,82,0.056
hDeltaG,FC2C,1460,3,51,0.035
hDeltaG,FC2C,1460,4,587,0.402
hDeltaH,PFL3,1448,-3,737,0.509
hDeltaH,PFL3,1448,-2,18,0.012
hDeltaH,PFL3,1448,0,1,0.001
hDeltaH,PFL3,1448,1,6,0.004
hDeltaH,PFL3,1448,3,35,0.024
hDeltaH,PFL3,1448,4,651,0.45
hDeltaA,PFL2,1447,-3,54,0.037
hDeltaA,PFL2,1447,-2,4,0.003
hDeltaA,PFL2,1447,0,47,0.032
hDeltaA,PFL2,1447,1,302,0.209
hDeltaA,PFL2,1447,2,312,0.216
hDeltaA,PFL2,1447,3,395,0.273
hDeltaA,PFL2,1447,4,333,0.23
hDeltaB,FS2,1413,-3,47,0.033
hDeltaB,FS2,1413,0,47,0.033
hDeltaB,FS2,1413,1,283,0.2
hDeltaB,FS2,1413,2,283,0.2
hDeltaB,FS2,1413,3,384,0.272
hDeltaB,FS2,1413,4,369,0.261
PFNm_a,PFNm_a,1403,-3,135,0.096
PFNm_a,PFNm_a,1403,-2,213,0.152
PFNm_a,PFNm_a,1403,-1,152,0.108
PFNm_a,PFNm_a,1403,0,244,0.174
PFNm_a,PFNm_a,1403,1,141,0.1
PFNm_a,PFNm_a,1403,2,178,0.127
PFNm_a,PFNm_a,1403,3,130,0.093
PFNm_a,PFNm_a,1403,4,210,0.15
hDeltaA,hDeltaI,1388,-3,61,0.044
hDeltaA,hDeltaI,1388,-2,460,0.331
hDeltaA,hDeltaI,1388,-1,165,0.119
hDeltaA,hDeltaI,1388,0,60,0.043
hDeltaA,hDeltaI,1388,1,73,0.053
hDeltaA,hDeltaI,1388,2,483,0.348
hDeltaA,hDeltaI,1388,3,79,0.057
hDeltaA,hDeltaI,1388,4,7,0.005
hDeltaD,FC2C,1372,-3,662,0.483
hDeltaD,FC2C,1372,-2,33,0.024
hDeltaD,FC2C,1372,3,21,0.015
hDeltaD,FC2C,1372,4,656,0.478
FC1D,PFL1,1349,-3,1,0.001
FC1D,PFL1,1349,-2,14,0.01
FC1D,PFL1,1349,-1,302,0.224
FC1D,PFL1,1349,0,754,0.559
FC1D,PFL1,1349,1,267,0.198
FC1D,PFL1,1349,2,11,0.008
PFNa,hDeltaJ,1338,-3,13,0.01
PFNa,hDeltaJ,1338,-2,8,0.006
PFNa,hDeltaJ,1338,-1,27,0.02
PFNa,hDeltaJ,1338,0,233,0.174
PFNa,hDeltaJ,1338,1,373,0.279
PFNa,hDeltaJ,1338,2,360,0.269
PFNa,hDeltaJ,1338,3,295,0.22
PFNa,hDeltaJ,1338,4,29,0.022
PFNm_b,PFNm_a,1320,-3,126,0.095
PFNm_b,PFNm_a,1320,-2,170,0.129
PFNm_b,PFNm_a,1320,-1,138,0.105
PFNm_b,PFNm_a,1320,0,288,0.218
PFNm_b,PFNm_a,1320,1,163,0.123
PFNm_b,PFNm_a,1320,2,118,0.089
PFNm_b,PFNm_a,1320,3,136,0.103
PFNm_b,PFNm_a,1320,4,181,0.137
PFR_b,PFGs,1310,-2,12,0.009
PFR_b,PFGs,1310,-1,181,0.138
PFR_b,PFGs,1310,0,923,0.705
PFR_b,PFGs,1310,1,187,0.143
PFR_b,PFGs,1310,2,7,0.005
PFNa,hDeltaC,1275,-1,37,0.029
PFNa,hDeltaC,1275,0,280,0.22
PFNa,hDeltaC,1275,1,319,0.25
PFNa,hDeltaC,1275,2,312,0.245
PFNa,hDeltaC,1275,3,301,0.236
PFNa,hDeltaC,1275,4,26,0.02
hDeltaC,vDeltaD,1262,-3,99,0.078
hDeltaC,vDeltaD,1262,-2,11,0.009
hDeltaC,vDeltaD,1262,-1,5,0.004
hDeltaC,vDeltaD,1262,0,87,0.069
hDeltaC,vDeltaD,1262,1,280,0.222
hDeltaC,vDeltaD,1262,2,292,0.231
hDeltaC,vDeltaD,1262,3,237,0.188
hDeltaC,vDeltaD,1262,4,251,0.199
PFR_b,hDeltaH,1261,-3,8,0.006
PFR_b,hDeltaH,1261,-2,1,0.001
PFR_b,hDeltaH,1261,-1,301,0.239
PFR_b,hDeltaH,1261,0,338,0.268
PFR_b,hDeltaH,1261,1,4,0.003
PFR_b,hDeltaH,1261,2,6,0.005
PFR_b,hDeltaH,1261,3,295,0.234
PFR_b,hDeltaH,1261,4,308,0.244
FC3_a,PFR_a,1261,-2,1,0.001
FC3_a,PFR_a,1261,-1,150,0.119
FC3_a,PFR_a,1261,0,975,0.773
FC3_a,PFR_a,1261,1,135,0.107
vDeltaI_a,hDeltaH,1250,-2,50,0.04
vDeltaI_a,hDeltaH,1250,-1,481,0.385
vDeltaI_a,hDeltaH,1250,0,543,0.434
vDeltaI_a,hDeltaH,1250,1,129,0.103
vDeltaI_a,hDeltaH,1250,2,11,0.009
vDeltaI_a,hDeltaH,1250,3,19,0.015
vDeltaI_a,hDeltaH,1250,4,17,0.014
hDeltaG,FS2,1241,-3,562,0.453
hDeltaG,FS2,1241,-2,37,0.03
hDeltaG,FS2,1241,1,3,0.002
hDeltaG,FS2,1241,3,69,0.056
hDeltaG,FS2,1241,4,570,0.459
FC2B,PFL2,1230,-2,8,0.007
FC2B,PFL2,1230,-1,209,0.17
FC2B,PFL2,1230,0,773,0.628
FC2B,PFL2,1230,1,228,0.185
FC2B,PFL2,1230,2,12,0.01
hDeltaD,FS4A,1227,-3,552,0.45
hDeltaD,FS4A,1227,-2,28,0.023
hDeltaD,FS4A,1227,0,4,0.003
hDeltaD,FS4A,1227,1,5,0.004
hDeltaD,FS4A,1227,3,62,0.051
hDeltaD,FS4A,1227,4,576,0.469
FC3_b,PFR_a,1211,-2,3,0.002
FC3_b,PFR_a,1211,-1,220,0.182
FC3_b,PFR_a,1211,0,851,0.703
FC3_b,PFR_a,1211,1,135,0.111
FC3_b,PFR_a,1211,2,2,0.002
vDeltaA_a,FS4A,1194,-3,13,0.011
vDeltaA_a,FS4A,1194,-2,41,0.034
vDeltaA_a,FS4A,1194,-1,212,0.178
vDeltaA_a,FS4A,1194,0,517,0.433
vDeltaA_a,FS4A,1194,1,333,0.279
vDeltaA_a,FS4A,1194,2,69,0.058
vDeltaA_a,FS4A,1194,3,7,0.006
vDeltaA_a,FS4A,1194,4,2,0.002
vDeltaI_a,FC2A,1164,-2,10,0.009
vDeltaI_a,FC2A,1164,-1,221,0.19
vDeltaI_a,FC2A,1164,0,536,0.46
vDeltaI_a,FC2A,1164,1,350,0.301
vDeltaI_a,FC2A,1164,2,47,0.04
hDeltaH,PFR_a,1148,-3,538,0.469
hDeltaH,PFR_a,1148,-2,6,0.005
hDeltaH,PFR_a,1148,0,12,0.01
hDeltaH,PFR_a,1148,3,7,0.006
hDeltaH,PFR_a,1148,4,585,0.51
PFNa,FC3_c,1137,-2,32,0.028
PFNa,FC3_c,1137,-1,269,0.237
PFNa,FC3_c,1137,0,642,0.565
PFNa,FC3_c,1137,1,187,0.164
PFNa,FC3_c,1137,2,7,0.006
vDeltaC,hDeltaE,1112,-3,80,0.072
vDeltaC,hDeltaE,1112,-2,28,0.025
vDeltaC,hDeltaE,1112,-1,209,0.188
vDeltaC,hDeltaE,1112,0,191,0.172
vDeltaC,hDeltaE,1112,1,64,0.058
vDeltaC,hDeltaE,1112,2,27,0.024
vDeltaC,hDeltaE,1112,3,230,0.207
vDeltaC,hDeltaE,1112,4,283,0.254
vDeltaM,vDeltaL,1106,-3,2,0.002
vDeltaM,vDeltaL,1106,-2,14,0.013
vDeltaM,vDeltaL,1106,-1,177,0.16
vDeltaM,vDeltaL,1106,0,657,0.594
vDeltaM,vDeltaL,1106,1,229,0.207
vDeltaM,vDeltaL,1106,2,22,0.02
vDeltaM,vDeltaL,1106,3,5,0.005
hDeltaD,vDeltaB,1092,-3,420,0.385
hDeltaD,vDeltaB,1092,-2,69,0.063
hDeltaD,vDeltaB,1092,-1,2,0.002
hDeltaD,vDeltaB,1092,2,1,0.001
hDeltaD,vDeltaB,1092,3,115,0.105
hDeltaD,vDeltaB,1092,4,485,0.444
hDeltaC,vDeltaF,1092,-3,86,0.079
hDeltaC,vDeltaF,1092,-2,3,0.003
hDeltaC,vDeltaF,1092,-1,2,0.002
hDeltaC,vDeltaF,1092,0,48,0.044
hDeltaC,vDeltaF,1092,1,274,0.251
hDeltaC,vDeltaF,1092,2,219,0.201
hDeltaC,vDeltaF,1092,3,241,0.221
hDeltaC,vDeltaF,1092,4,219,0.201
FC2A,PFL2,1090,-1,209,0.192
FC2A,PFL2,1090,0,694,0.637
FC2A,PFL2,1090,1,185,0.17
FC2A,PFL2,1090,2,2,0.002
FC2B,hDeltaM,1073,-3,3,0.003
FC2B,hDeltaM,1073,-2,19,0.018
FC2B,hDeltaM,1073,-1,440,0.41
FC2B,hDeltaM,1073,0,411,0.383
FC2B,hDeltaM,1073,1,21,0.02
FC2B,hDeltaM,1073,2,4,0.004
FC2B,hDeltaM,1073,3,76,0.071
FC2B,hDeltaM,1073,4,99,0.092
vDeltaI_b,hDeltaH,1044,-3,8,0.008
vDeltaI_b,hDeltaH,1044,-2,26,0.025
vDeltaI_b,hDeltaH,1044,-1,421,0.403
vDeltaI_b,hDeltaH,1044,0,427,0.409
vDeltaI_b,hDeltaH,1044,1,96,0.092
vDeltaI_b,hDeltaH,1044,2,7,0.007
vDeltaI_b,hDeltaH,1044,3,21,0.02
vDeltaI_b,hDeltaH,1044,4,38,0.036
hDeltaA,PFR_b,1034,-3,53,0.051
hDeltaA,PFR_b,1034,-2,1,0.001
hDeltaA,PFR_b,1034,-1,1,0.001
hDeltaA,PFR_b,1034,0,70,0.068
hDeltaA,PFR_b,1034,1,205,0.198
hDeltaA,PFR_b,1034,2,263,0.254
hDeltaA,PFR_b,1034,3,233,0.225
hDeltaA,PFR_b,1034,4,208,0.201
hDeltaB,hDeltaH,1010,-3,224,0.222
hDeltaB,hDeltaH,1010,-2,298,0.295
hDeltaB,hDeltaH,1010,-1,285,0.282
hDeltaB,hDeltaH,1010,0,79,0.078
hDeltaB,hDeltaH,1010,1,6,0.006
hDeltaB,hDeltaH,1010,2,18,0.018
hDeltaB,hDeltaH,1010,3,13,0.013
hDeltaB,hDeltaH,1010,4,87,0.086
PFNd,hDeltaJ,1005,-3,189,0.188
PFNd,hDeltaJ,1005,-2,284,0.283
PFNd,hDeltaJ,1005,-1,185,0.184
PFNd,hDeltaJ,1005,0,129,0.128
PFNd,hDeltaJ,1005,1,27,0.027
PFNd,hDeltaJ,1005,2,47,0.047
PFNd,hDeltaJ,1005,3,18,0.018
PFNd,hDeltaJ,1005,4,126,0.125
PFNm_b,vDeltaC,999,-3,1,0.001
PFNm_b,vDeltaC,999,-2,25,0.025
PFNm_b,vDeltaC,999,-1,372,0.372
PFNm_b,vDeltaC,999,0,490,0.49
PFNm_b,vDeltaC,999,1,103,0.103
PFNm_b,vDeltaC,999,2,8,0.008
hDeltaC,FC2C,980,-3,91,0.093
hDeltaC,FC2C,980,-2,10,0.01
hDeltaC,FC2C,980,-1,2,0.002
hDeltaC,FC2C,980,0,64,0.065
hDeltaC,FC2C,980,1,184,0.188
hDeltaC,FC2C,980,2,162,0.165
hDeltaC,FC2C,980,3,225,0.23
hDeltaC,FC2C,980,4,242,0.247
hDeltaF,hDeltaC,971,-3,151,0.156
hDeltaF,hDeltaC,971,-2,238,0.245
hDeltaF,hDeltaC,971,-1,185,0.191
hDeltaF,hDeltaC,971,0,211,0.217
hDeltaF,hDeltaC,971,1,121,0.125
hDeltaF,hDeltaC,971,2,22,0.023
hDeltaF,hDeltaC,971,3,30,0.031
hDeltaF,hDeltaC,971,4,13,0.013
hDeltaM,FC2B,958,-3,426,0.445
hDeltaM,FC2B,958,-2,66,0.069
hDeltaM,FC2B,958,3,34,0.035
hDeltaM,FC2B,958,4,432,0.451
vDeltaG,hDeltaM,954,-3,59,0.062
vDeltaG,hDeltaM,954,-2,13,0.014
vDeltaG,hDeltaM,954,-1,69,0.072
vDeltaG,hDeltaM,954,0,58,0.061
vDeltaG,hDeltaM,954,1,20,0.021
vDeltaG,hDeltaM,954,2,28,0.029
vDeltaG,hDeltaM,954,3,360,0.377
vDeltaG,hDeltaM,954,4,347,0.364
vDeltaM,vDeltaJ,927,-3,17,0.018
vDeltaM,vDeltaJ,927,-2,22,0.024
vDeltaM,vDeltaJ,927,-1,166,0.179
vDeltaM,vDeltaJ,927,0,522,0.563
vDeltaM,vDeltaJ,927,1,196,0.211
vDeltaM,vDeltaJ,927,2,4,0.004
PFNm_b,vDeltaB,910,-3,4,0.004
PFNm_b,vDeltaB,910,-2,23,0.025
PFNm_b,vDeltaB,910,-1,234,0.257
PFNm_b,vDeltaB,910,0,532,0.585
PFNm_b,vDeltaB,910,1,105,0.115
PFNm_b,vDeltaB,910,2,12,0.013
PFNa,FC3_b,885,-2,11,0.012
PFNa,FC3_b,885,-1,177,0.2
PFNa,FC3_b,885,0,486,0.549
PFNa,FC3_b,885,1,206,0.233
PFNa,FC3_b,885,2,5,0.006
hDeltaB,hDeltaB,882,-3,84,0.095
hDeltaB,hDeltaB,882,-2,236,0.268
hDeltaB,hDeltaB,882,-1,87,0.099
hDeltaB,hDeltaB,882,0,120,0.136
hDeltaB,hDeltaB,882,1,81,0.092
hDeltaB,hDeltaB,882,2,189,0.214
hDeltaB,hDeltaB,882,3,75,0.085
hDeltaB,hDeltaB,882,4,10,0.011
vDeltaF,FC2B,880,-3,2,0.002
vDeltaF,FC2B,880,-2,16,0.018
vDeltaF,FC2B,880,-1,155,0.176
vDeltaF,FC2B,880,0,367,0.417
vDeltaF,FC2B,880,1,275,0.312
vDeltaF,FC2B,880,2,63,0.072
vDeltaF,FC2B,880,3,2,0.002
PFL3,PFL3,853,-3,106,0.124
PFL3,PFL3,853,-2,124,0.145
PFL3,PFL3,853,-1,93,0.109
PFL3,PFL3,853,0,57,0.067
PFL3,PFL3,853,1,104,0.122
PFL3,PFL3,853,2,137,0.161
PFL3,PFL3,853,3,95,0.111
PFL3,PFL3,853,4,137,0.161
FC3_b,vDeltaG,852,-3,2,0.002
FC3_b,vDeltaG,852,-2,23,0.027
FC3_b,vDeltaG,852,-1,233,0.273
FC3_b,vDeltaG,852,0,408,0.479
FC3_b,vDeltaG,852,1,176,0.207
FC3_b,vDeltaG,852,2,10,0.012
hDeltaB,FS4A,849,-3,15,0.018
hDeltaB,FS4A,849,0,3,0.004
hDeltaB,FS4A,849,1,188,0.221
hDeltaB,FS4A,849,2,150,0.177
hDeltaB,FS4A,849,3,259,0.305
hDeltaB,FS4A,849,4,234,0.276
FC1E,PFL1,849,-2,4,0.005
FC1E,PFL1,849,-1,149,0.176
FC1E,PFL1,849,0,518,0.61
FC1E,PFL1,849,1,175,0.206
FC1E,PFL1,849,2,2,0.002
FC1E,PFL1,849,3,1,0.001
hDeltaL,vDeltaD,844,-3,72,0.085
hDeltaL,vDeltaD,844,-2,12,0.014
hDeltaL,vDeltaD,844,-1,5,0.006
hDeltaL,vDeltaD,844,0,76,0.09
hDeltaL,vDeltaD,844,1,180,0.213
hDeltaL,vDeltaD,844,2,131,0.155
hDeltaL,vDeltaD,844,3,179,0.212
hDeltaL,vDeltaD,844,4,189,0.224
vDeltaG,FC2B,835,-2,20,0.024
vDeltaG,FC2B,835,-1,195,0.234
vDeltaG,FC2B,835,0,376,0.45
vDeltaG,FC2B,835,1,221,0.265
vDeltaG,FC2B,835,2,23,0.028
vDeltaI_b,vDeltaI_b,831,-2,18,0.022
vDeltaI_b,vDeltaI_b,831,-1,231,0.278
vDeltaI_b,vDeltaI_b,831,0,329,0.396
vDeltaI_b,vDeltaI_b,831,1,232,0.279
vDeltaI_b,vDeltaI_b,831,2,21,0.025
vDeltaE,hDeltaL,829,-3,59,0.071
vDeltaE,hDeltaL,829,-2,55,0.066
vDeltaE,hDeltaL,829,-1,76,0.092
vDeltaE,hDeltaL,829,0,131,0.158
vDeltaE,hDeltaL,829,1,159,0.192
vDeltaE,hDeltaL,829,2,116,0.14
vDeltaE,hDeltaL,829,3,117,0.141
vDeltaE,hDeltaL,829,4,116,0.14
PFNm_b,FC2C,814,-1,115,0.141
PFNm_b,FC2C,814,0,571,0.701
PFNm_b,FC2C,814,1,128,0.157
FC3_a,vDeltaG,808,-2,20,0.025
FC3_a,vDeltaG,808,-1,163,0.202
FC3_a,vDeltaG,808,0,438,0.542
FC3_a,vDeltaG,808,1,181,0.224
FC3_a,vDeltaG,808,2,6,0.007
hDeltaF,vDeltaD,797,-3,262,0.329
hDeltaF,vDeltaD,797,-2,199,0.25
hDeltaF,vDeltaD,797,-1,142,0.178
hDeltaF,vDeltaD,797,0,9,0.011
hDeltaF,vDeltaD,797,3,18,0.023
hDeltaF,vDeltaD,797,4,167,0.21
PFR_b,hDeltaG,795,-3,5,0.006
PFR_b,hDeltaG,795,-2,9,0.011
PFR_b,hDeltaG,795,-1,288,0.362
PFR_b,hDeltaG,795,0,259,0.326
PFR_b,hDeltaG,795,1,7,0.009
PFR_b,hDeltaG,795,2,4,0.005
PFR_b,hDeltaG,795,3,124,0.156
PFR_b,hDeltaG,795,4,99,0.125
hDeltaH,FS2,786,-3,380,0.483
hDeltaH,FS2,786,-2,13,0.017
hDeltaH,FS2,786,0,7,0.009
hDeltaH,FS2,786,1,1,0.001
hDeltaH,FS2,786,3,32,0.041
hDeltaH,FS2,786,4,353,0.449
hDeltaD,vDeltaA_b,786,-3,254,0.323
hDeltaD,vDeltaA_b,786,-2,31,0.039
hDeltaD,vDeltaA_b,786,1,1,0.001
hDeltaD,vDeltaA_b,786,3,91,0.116
hDeltaD,vDeltaA_b,786,4,409,0.52
PFNv,hDeltaC,780,-1,25,0.032
PFNv,hDeltaC,780,0,169,0.217
PFNv,hDeltaC,780,1,186,0.238
PFNv,hDeltaC,780,2,176,0.226
PFNv,hDeltaC,780,3,195,0.25
PFNv,hDeltaC,780,4,29,0.037
PFNa,FC1E,774,-1,121,0.156
PFNa,FC1E,774,0,493,0.637
PFNa,FC1E,774,1,151,0.195
PFNa,FC1E,774,2,9,0.012
PFR_a,hDeltaJ,769,-3,157,0.204
PFR_a,hDeltaJ,769,-2,154,0.2
PFR_a,hDeltaJ,769,-1,115,0.15
PFR_a,hDeltaJ,769,0,64,0.083
PFR_a,hDeltaJ,769,1,60,0.078
PFR_a,hDeltaJ,769,2,51,0.066
PFR_a,hDeltaJ,769,3,66,0.086
PFR_a,hDeltaJ,769,4,102,0.133
PFR_a,hDeltaB,763,-3,148,0.194
PFR_a,hDeltaB,763,-2,122,0.16
PFR_a,hDeltaB,763,-1,91,0.119
PFR_a,hDeltaB,763,0,70,0.092
PFR_a,hDeltaB,763,1,75,0.098
PFR_a,hDeltaB,763,2,78,0.102
PFR_a,hDeltaB,763,3,76,0.1
PFR_a,hDeltaB,763,4,103,0.135
FC3_a,hDeltaH,762,-3,6,0.008
FC3_a,hDeltaH,762,-1,129,0.169
FC3_a,hDeltaH,762,0,138,0.181
FC3_a,hDeltaH,762,1,2,0.003
FC3_a,hDeltaH,762,2,2,0.003
FC3_a,hDeltaH,762,3,233,0.306
FC3_a,hDeltaH,762,4,252,0.331
hDeltaF,hDeltaL,756,-3,135,0.179
hDeltaF,hDeltaL,756,-2,226,0.299
hDeltaF,hDeltaL,756,-1,75,0.099
hDeltaF,hDeltaL,756,0,195,0.258
hDeltaF,hDeltaL,756,1,101,0.134
hDeltaF,hDeltaL,756,2,8,0.011
hDeltaF,hDeltaL,756,3,14,0.019
hDeltaF,hDeltaL,756,4,2,0.003
FS2,FS2,753,-3,88,0.117
FS2,FS2,753,-2,84,0.112
FS2,FS2,753,-1,96,0.127
FS2,FS2,753,0,132,0.175
FS2,FS2,753,1,96,0.127
FS2,FS2,753,2,70,0.093
FS2,FS2,753,3,81,0.108
FS2,FS2,753,4,106,0.141
PFNm_a,FC2C,749,-1,86,0.115
PFNm_a,FC2C,749,0,614,0.82
PFNm_a,FC2C,749,1,49,0.065
FC3_b,hDeltaH,745,-3,1,0.001
FC3_b,hDeltaH,745,-2,2,0.003
FC3_b,hDeltaH,745,-1,152,0.204
FC3_b,hDeltaH,745,0,146,0.196
FC3_b,hDeltaH,745,1,2,0.003
FC3_b,hDeltaH,745,2,3,0.004
FC3_b,hDeltaH,745,3,225,0.302
FC3_b,hDeltaH,745,4,214,0.287
FC3_a,vDeltaF,744,-2,92,0.124
FC3_a,vDeltaF,744,-1,199,0.267
FC3_a,vDeltaF,744,0,311,0.418
FC3_a,vDeltaF,744,1,139,0.187
FC3_a,vDeltaF,744,2,3,0.004
vDeltaI_b,vDeltaI_a,740,-3,3,0.004
vDeltaI_b,vDeltaI_a,740,-2,21,0.028
vDeltaI_b,vDeltaI_a,740,-1,200,0.27
vDeltaI_b,vDeltaI_a,740,0,359,0.485
vDeltaI_b,vDeltaI_a,740,1,127,0.172
vDeltaI_b,vDeltaI_a,740,2,30,0.041
hDeltaB,hDeltaG,736,-3,108,0.147
hDeltaB,hDeltaG,736,-2,156,0.212
hDeltaB,hDeltaG,736,-1,155,0.211
hDeltaB,hDeltaG,736,0,79,0.107
hDeltaB,hDeltaG,736,1,43,0.058
hDeltaB,hDeltaG,736,2,91,0.124
hDeltaB,hDeltaG,736,3,29,0.039
hDeltaB,hDeltaG,736,4,75,0.102
hDeltaF,PFGs,726,-3,254,0.35
hDeltaF,PFGs,726,-2,301,0.415
hDeltaF,PFGs,726,-1,77,0.106
hDeltaF,PFGs,726,1,4,0.006
hDeltaF,PFGs,726,3,1,0.001
hDeltaF,PFGs,726,4,89,0.123
vDeltaI_a,vDeltaI_a,708,-3,4,0.006
vDeltaI_a,vDeltaI_a,708,-2,57,0.081
vDeltaI_a,vDeltaI_a,708,-1,225,0.318
vDeltaI_a,vDeltaI_a,708,0,153,0.216
vDeltaI_a,vDeltaI_a,708,1,203,0.287
vDeltaI_a,vDeltaI_a,708,2,61,0.086
vDeltaI_a,vDeltaI_a,708,3,5,0.007
FS4A,FS4A,706,-3,84,0.119
FS4A,FS4A,706,-2,93,0.132
FS4A,FS4A,706,-1,103,0.146
FS4A,FS4A,706,0,51,0.072
FS4A,FS4A,706,1,105,0.149
FS4A,FS4A,706,2,86,0.122
FS4A,FS4A,706,3,84,0.119
FS4A,FS4A,706,4,100,0.142
vDeltaH,hDeltaH,701,-3,9,0.013
vDeltaH,hDeltaH,701,-2,44,0.063
vDeltaH,hDeltaH,701,-1,221,0.315
vDeltaH,hDeltaH,701,0,285,0.407
vDeltaH,hDeltaH,701,1,91,0.13
vDeltaH,hDeltaH,701,2,3,0.004
vDeltaH,hDeltaH,701,3,10,0.014
vDeltaH,hDeltaH,701,4,38,0.054
hDeltaC,vDeltaC,701,-3,49,0.07
hDeltaC,vDeltaC,701,-2,4,0.006
hDeltaC,vDeltaC,701,-1,4,0.006
hDeltaC,vDeltaC,701,0,52,0.074
hDeltaC,vDeltaC,701,1,205,0.292
hDeltaC,vDeltaC,701,2,133,0.19
hDeltaC,vDeltaC,701,3,133,0.19
hDeltaC,vDeltaC,701,4,121,0.173
vDeltaM,vDeltaI_b,700,-3,1,0.001
vDeltaM,vDeltaI_b,700,-2,9,0.013
vDeltaM,vDeltaI_b,700,-1,116,0.166
vDeltaM,vDeltaI_b,700,0,408,0.583
vDeltaM,vDeltaI_b,700,1,165,0.236
vDeltaM,vDeltaI_b,700,2,1,0.001
FC3_b,PFGs,695,-1,90,0.129
FC3_b,PFGs,695,0,517,0.744
FC3_b,PFGs,695,1,87,0.125
FC3_b,PFGs,695,3,1,0.001
FC2C,FS1A_c,681,-3,7,0.01
FC2C,FS1A_c,681,-2,6,0.009
FC2C,FS1A_c,681,-1,76,0.112
FC2C,FS1A_c,681,0,466,0.684
FC2C,FS1A_c,681,1,93,0.137
FC2C,FS1A_c,681,2,16,0.023
FC2C,FS1A_c,681,3,8,0.012
FC2C,FS1A_c,681,4,9,0.013
vDeltaK,PFL2,679,-2,6,0.009
vDeltaK,PFL2,679,-1,80,0.118
vDeltaK,PFL2,679,0,467,0.688
vDeltaK,PFL2,679,1,120,0.177
vDeltaK,PFL2,679,2,5,0.007
vDeltaK,PFL2,679,3,1,0.001
FC3_c,PFR_a,678,-1,77,0.114
FC3_c,PFR_a,678,0,475,0.701
FC3_c,PFR_a,678,1,125,0.184
FC3_c,PFR_a,678,2,1,0.001
hDeltaF,vDeltaC,678,-3,226,0.333
hDeltaF,vDeltaC,678,-2,175,0.258
hDeltaF,vDeltaC,678,-1,94,0.139
hDeltaF,vDeltaC,678,0,8,0.012
hDeltaF,vDeltaC,678,1,4,0.006
hDeltaF,vDeltaC,678,3,12,0.018
hDeltaF,vDeltaC,678,4,159,0.235
FC1A,PFL1,672,-3,1,0.001
FC1A,PFL1,672,-2,11,0.016
FC1A,PFL1,672,-1,176,0.262
FC1A,PFL1,672,0,364,0.542
FC1A,PFL1,672,1,114,0.17
FC1A,PFL1,672,2,6,0.009
FC1D,FC1C_b,668,-3,1,0.001
FC1D,FC1C_b,668,-2,4,0.006
FC1D,FC1C_b,668,-1,87,0.13
FC1D,FC1C_b,668,0,421,0.63
FC1D,FC1C_b,668,1,140,0.21
FC1D,FC1C_b,668,2,11,0.016
FC1D,FC1C_b,668,3,1,0.001
FC1D,FC1C_b,668,4,3,0.004
FC1A,FC1E,666,-3,1,0.002
FC1A,FC1E,666,-2,8,0.012
FC1A,FC1E,666,-1,148,0.222
FC1A,FC1E,666,0,375,0.563
FC1A,FC1E,666,1,132,0.198
FC1A,FC1E,666,2,2,0.003
FC2C,hDeltaM,665,-2,22,0.033
FC2C,hDeltaM,665,-1,344,0.517
FC2C,hDeltaM,665,0,278,0.418
FC2C,hDeltaM,665,1,10,0.015
FC2C,hDeltaM,665,3,5,0.008
FC2C,hDeltaM,665,4,6,0.009
FC1B,hDeltaC,665,-3,2,0.003
FC1B,hDeltaC,665,-2,1,0.002
FC1B,hDeltaC,665,-1,55,0.083
FC1B,hDeltaC,665,0,119,0.179
FC1B,hDeltaC,665,1,178,0.268
FC1B,hDeltaC,665,2,148,0.223
FC1B,hDeltaC,665,3,120,0.18
FC1B,hDeltaC,665,4,42,0.063
hDeltaG,FR1,657,-3,285,0.434
hDeltaG,FR1,657,-2,19,0.029
hDeltaG,FR1,657,3,17,0.026
hDeltaG,FR1,657,4,336,0.511
PFNv,PFNa,657,-3,3,0.005
PFNv,PFNa,657,-2,5,0.008
PFNv,PFNa,657,-1,49,0.075
PFNv,PFNa,657,0,520,0.791
PFNv,PFNa,657,1,70,0.107
PFNv,PFNa,657,2,4,0.006
PFNv,PFNa,657,3,2,0.003
PFNv,PFNa,657,4,4,0.006
hDeltaG,vDeltaE,653,-3,265,0.406
hDeltaG,vDeltaE,653,-2,30,0.046
hDeltaG,vDeltaE,653,1,1,0.002
hDeltaG,vDeltaE,653,2,7,0.011
hDeltaG,vDeltaE,653,3,59,0.09
hDeltaG,vDeltaE,653,4,291,0.446
FC1A,FC1D,649,-3,1,0.002
FC1A,FC1D,649,-2,15,0.023
FC1A,FC1D,649,-1,124,0.191
FC1A,FC1D,649,0,360,0.555
FC1A,FC1D,649,1,126,0.194
FC1A,FC1D,649,2,14,0.022
FC1A,FC1D,649,3,2,0.003
FC1A,FC1D,649,4,7,0.011
hDeltaE,PFGs,640,-3,264,0.412
hDeltaE,PFGs,640,-2,14,0.022
hDeltaE,PFGs,640,0,1,0.002
hDeltaE,PFGs,640,3,4,0.006
hDeltaE,PFGs,640,4,357,0.558
vDeltaH,FC2A,631,-3,2,0.003
vDeltaH,FC2A,631,-2,25,0.04
vDeltaH,FC2A,631,-1,133,0.211
vDeltaH,FC2A,631,0,217,0.344
vDeltaH,FC2A,631,1,224,0.355
vDeltaH,FC2A,631,2,28,0.044
vDeltaH,FC2A,631,3,2,0.003
vDeltaG,FC2A,631,-2,12,0.019
vDeltaG,FC2A,631,-1,143,0.227
vDeltaG,FC2A,631,0,287,0.455
vDeltaG,FC2A,631,1,169,0.268
vDeltaG,FC2A,631,2,20,0.032
hDeltaD,vDeltaA_a,630,-3,237,0.376
hDeltaD,vDeltaA_a,630,-2,9,0.014
hDeltaD,vDeltaA_a,630,-1,1,0.002
hDeltaD,vDeltaA_a,630,0,6,0.01
hDeltaD,vDeltaA_a,630,1,1,0.002
hDeltaD,vDeltaA_a,630,2,4,0.006
hDeltaD,vDeltaA_a,630,3,101,0.16
hDeltaD,vDeltaA_a,630,4,271,0.43
vDeltaI_a,vDeltaI_b,628,-3,1,0.002
vDeltaI_a,vDeltaI_b,628,-2,29,0.046
vDeltaI_a,vDeltaI_b,628,-1,121,0.193
vDeltaI_a,vDeltaI_b,628,0,283,0.451
vDeltaI_a,vDeltaI_b,628,1,172,0.274
vDeltaI_a,vDeltaI_b,628,2,20,0.032
vDeltaI_a,vDeltaI_b,628,3,2,0.003
hDeltaE,FS3_d,624,-3,260,0.417
hDeltaE,FS3_d,624,-2,22,0.035
hDeltaE,FS3_d,624,-1,8,0.013
hDeltaE,FS3_d,624,0,2,0.003
hDeltaE,FS3_d,624,3,53,0.085
hDeltaE,FS3_d,624,4,279,0.447
PFR_a,hDeltaH,619,-2,1,0.002
PFR_a,hDeltaH,619,-1,131,0.212
PFR_a,hDeltaH,619,0,166,0.268
PFR_a,hDeltaH,619,1,2,0.003
PFR_a,hDeltaH,619,3,153,0.247
PFR_a,hDeltaH,619,4,166,0.268
FC2C,FC2C,607,-3,40,0.066
FC2C,FC2C,607,-2,52,0.086
FC2C,FC2C,607,-1,82,0.135
FC2C,FC2C,607,0,219,0.361
FC2C,FC2C,607,1,94,0.155
FC2C,FC2C,607,2,48,0.079
FC2C,FC2C,607,3,33,0.054
FC2C,FC2C,607,4,39,0.064
PFL2,PFL2,606,-3,63,0.104
PFL2,PFL2,606,-2,84,0.139
PFL2,PFL2,606,-1,71,0.117
PFL2,PFL2,606,0,41,0.068
PFL2,PFL2,606,1,93,0.153
PFL2,PFL2,606,2,98,0.162
PFL2,PFL2,606,3,68,0.112
PFL2,PFL2,606,4,88,0.145
hDeltaH,FR1,602,-3,289,0.48
hDeltaH,FR1,602,-2,6,0.01
hDeltaH,FR1,602,0,5,0.008
hDeltaH,FR1,602,3,11,0.018
hDeltaH,FR1,602,4,291,0.483
hDeltaL,FC2B,594,-3,55,0.093
hDeltaL,FC2B,594,-1,6,0.01
hDeltaL,FC2B,594,0,112,0.189
hDeltaL,FC2B,594,1,94,0.158
hDeltaL,FC2B,594,2,154,0.259
hDeltaL,FC2B,594,3,90,0.152
hDeltaL,FC2B,594,4,83,0.14
FC3_b,vDeltaI_a,593,-2,22,0.037
FC3_b,vDeltaI_a,593,-1,168,0.283
FC3_b,vDeltaI_a,593,0,259,0.437
FC3_b,vDeltaI_a,593,1,141,0.238
FC3_b,vDeltaI_a,593,2,3,0.005
hDeltaH,vDeltaG,587,-3,271,0.462
hDeltaH,vDeltaG,587,-2,16,0.027
hDeltaH,vDeltaG,587,0,1,0.002
hDeltaH,vDeltaG,587,1,1,0.002
hDeltaH,vDeltaG,587,2,1,0.002
hDeltaH,vDeltaG,587,3,40,0.068
hDeltaH,vDeltaG,587,4,257,0.438
hDeltaJ,PFR_a,584,-3,21,0.036
hDeltaJ,PFR_a,584,0,33,0.057
hDeltaJ,PFR_a,584,1,108,0.185
hDeltaJ,PFR_a,584,2,162,0.277
hDeltaJ,PFR_a,584,3,159,0.272
hDeltaJ,PFR_a,584,4,101,0.173
hDeltaG,PFL3,582,-3,308,0.529
hDeltaG,PFL3,582,-2,5,0.009
hDeltaG,PFL3,582,0,1,0.002
hDeltaG,PFL3,582,3,8,0.014
hDeltaG,PFL3,582,4,260,0.447
hDeltaD,FS4B,579,-3,271,0.468
hDeltaD,FS4B,579,-2,33,0.057
hDeltaD,FS4B,579,0,4,0.007
hDeltaD,FS4B,579,2,1,0.002
hDeltaD,FS4B,579,3,25,0.043
hDeltaD,FS4B,579,4,245,0.423
PFR_a,PFR_b,579,-3,40,0.069
PFR_a,PFR_b,579,-2,34,0.059
PFR_a,PFR_b,579,-1,67,0.116
PFR_a,PFR_b,579,0,253,0.437
PFR_a,PFR_b,579,1,73,0.126
PFR_a,PFR_b,579,2,42,0.073
PFR_a,PFR_b,579,3,33,0.057
PFR_a,PFR_b,579,4,37,0.064
FC3_b,vDeltaF,577,-3,4,0.007
FC3_b,vDeltaF,577,-2,48,0.083
FC3_b,vDeltaF,577,-1,181,0.314
FC3_b,vDeltaF,577,0,250,0.433
FC3_b,vDeltaF,577,1,85,0.147
FC3_b,vDeltaF,577,2,9,0.016
FC3_b,hDeltaJ,575,-3,3,0.005
FC3_b,hDeltaJ,575,-1,19,0.033
FC3_b,hDeltaJ,575,0,71,0.123
FC3_b,hDeltaJ,575,1,202,0.351
FC3_b,hDeltaJ,575,2,189,0.329
FC3_b,hDeltaJ,575,3,77,0.134
FC3_b,hDeltaJ,575,4,14,0.024
FC1B,FC3_c,568,-2,24,0.042
FC1B,FC3_c,568,-1,183,0.322
FC1B,FC3_c,568,0,293,0.516
FC1B,FC3_c,568,1,65,0.114
FC1B,FC3_c,568,2,3,0.005
vDeltaL,vDeltaK,557,-2,3,0.005
vDeltaL,vDeltaK,557,-1,85,0.153
vDeltaL,vDeltaK,557,0,369,0.662
vDeltaL,vDeltaK,557,1,94,0.169
vDeltaL,vDeltaK,557,2,5,0.009
vDeltaL,vDeltaK,557,3,1,0.002
FC1C_b,PFL1,554,-2,7,0.013
FC1C_b,PFL1,554,-1,144,0.26
FC1C_b,PFL1,554,0,281,0.507
FC1C_b,PFL1,554,1,120,0.217
FC1C_b,PFL1,554,2,2,0.004
hDeltaI,hDeltaI,548,-3,71,0.13
hDeltaI,hDeltaI,548,-2,121,0.221
hDeltaI,hDeltaI,548,-1,63,0.115
hDeltaI,hDeltaI,548,0,13,0.024
hDeltaI,hDeltaI,548,1,41,0.075
hDeltaI,hDeltaI,548,2,174,0.318
hDeltaI,hDeltaI,548,3,56,0.102
hDeltaI,hDeltaI,548,4,9,0.016
PFNa,FC3_a,545,-1,99,0.182
PFNa,FC3_a,545,0,322,0.591
PFNa,FC3_a,545,1,123,0.226
PFNa,FC3_a,545,2,1,0.002
FC2B,FS1A_a,545,-2,2,0.004
FC2B,FS1A_a,545,-1,77,0.141
FC2B,FS1A_a,545,0,406,0.745
FC2B,FS1A_a,545,1,57,0.105
FC2B,FS1A_a,545,2,3,0.006
FC3_a,hDeltaJ,544,-3,3,0.006
FC3_a,hDeltaJ,544,-2,6,0.011
FC3_a,hDeltaJ,544,-1,22,0.04
FC3_a,hDeltaJ,544,0,101,0.186
FC3_a,hDeltaJ,544,1,147,0.27
FC3_a,hDeltaJ,544,2,130,0.239
FC3_a,hDeltaJ,544,3,96,0.176
FC3_a,hDeltaJ,544,4,39,0.072
FC3_b,PFR_b,543,-2,5,0.009
FC3_b,PFR_b,543,-1,82,0.151
FC3_b,PFR_b,543,0,347,0.639
FC3_b,PFR_b,543,1,108,0.199
FC3_b,PFR_b,543,2,1,0.002
FC2C,FS1A_b,540,-3,7,0.013
FC2C,FS1A_b,540,-2,8,0.015
FC2C,FS1A_b,540,-1,83,0.154
FC2C,FS1A_b,540,0,361,0.669
FC2C,FS1A_b,540,1,70,0.13
FC2C,FS1A_b,540,2,5,0.009
FC2C,FS1A_b,540,3,3,0.006
FC2C,FS1A_b,540,4,3,0.006
hDeltaE,hDeltaF,537,-3,1,0.002
hDeltaE,hDeltaF,537,-2,6,0.011
hDeltaE,hDeltaF,537,-1,6,0.011
hDeltaE,hDeltaF,537,0,4,0.007
hDeltaE,hDeltaF,537,1,7,0.013
hDeltaE,hDeltaF,537,2,170,0.317
hDeltaE,hDeltaF,537,3,169,0.315
hDeltaE,hDeltaF,537,4,174,0.324
vDeltaK,PFL3,536,-1,57,0.106
vDeltaK,PFL3,536,0,385,0.718
vDeltaK,PFL3,536,1,89,0.166
vDeltaK,PFL3,536,2,5,0.009
FC3_a,PFR_b,535,-1,76,0.142
FC3_a,PFR_b,535,0,349,0.652
FC3_a,PFR_b,535,1,107,0.2
FC3_a,PFR_b,535,2,3,0.006
FC1B,FC1C_b,531,-2,4,0.008
FC1B,FC1C_b,531,-1,108,0.203
FC1B,FC1C_b,531,0,294,0.554
FC1B,FC1C_b,531,1,114,0.215
FC1B,FC1C_b,531,2,11,0.021
FC1D,FC1E,531,-3,2,0.004
FC1D,FC1E,531,-2,18,0.034
FC1D,FC1E,531,-1,106,0.2
FC1D,FC1E,531,0,297,0.559
FC1D,FC1E,531,1,90,0.169
FC1D,FC1E,531,2,13,0.024
FC1D,FC1E,531,3,3,0.006
FC1D,FC1E,531,4,2,0.004
hDeltaG,vDeltaF,528,-3,222,0.42
hDeltaG,vDeltaF,528,-2,22,0.042
hDeltaG,vDeltaF,528,1,1,0.002
hDeltaG,vDeltaF,528,2,6,0.011
hDeltaG,vDeltaF,528,3,59,0.112
hDeltaG,vDeltaF,528,4,218,0.413
hDeltaL,FS3_a,523,-3,55,0.105
hDeltaL,FS3_a,523,-2,20,0.038
hDeltaL,FS3_a,523,-1,4,0.008
hDeltaL,FS3_a,523,0,49,0.094
hDeltaL,FS3_a,523,1,44,0.084
hDeltaL,FS3_a,523,2,88,0.168
hDeltaL,FS3_a,523,3,177,0.338
hDeltaL,FS3_a,523,4,86,0.164
FC3_a,FS2,520,-2,2,0.004
FC3_a,FS2,520,-1,75,0.144
FC3_a,FS2,520,0,353,0.679
FC3_a,FS2,520,1,80,0.154
FC3_a,FS2,520,2,8,0.015
FC3_a,FS2,520,3,2,0.004
hDeltaM,hDeltaH,516,-3,47,0.091
hDeltaM,hDeltaH,516,0,17,0.033
hDeltaM,hDeltaH,516,3,23,0.045
hDeltaM,hDeltaH,516,4,429,0.831
FC3_c,FR1,512,-2,1,0.002
FC3_c,FR1,512,-1,62,0.121
FC3_c,FR1,512,0,335,0.654
FC3_c,FR1,512,1,109,0.213
FC3_c,FR1,512,2,5,0.01
FC1A,FC1C_b,510,-2,4,0.008
FC1A,FC1C_b,510,-1,79,0.155
FC1A,FC1C_b,510,0,298,0.584
FC1A,FC1C_b,510,1,120,0.235
FC1A,FC1C_b,510,2,9,0.018
FC1B,FC1E,508,-2,10,0.02
FC1B,FC1E,508,-1,134,0.264
FC1B,FC1E,508,0,289,0.569
FC1B,FC1E,508,1,69,0.136
FC1B,FC1E,508,2,6,0.012
FC3_a,PFGs,502,-1,61,0.122
FC3_a,PFGs,502,0,367,0.731
FC3_a,PFGs,502,1,71,0.141
FC3_a,PFGs,502,2,3,0.006
hDeltaE,hDeltaE,498,-3,61,0.122
hDeltaE,hDeltaE,498,-1,1,0.002
hDeltaE,hDeltaE,498,1,1,0.002
hDeltaE,hDeltaE,498,3,68,0.137
hDeltaE,hDeltaE,498,4,367,0.737
hDeltaL,FS3_c,498,-3,50,0.1
hDeltaL,FS3_c,498,-2,6,0.012
hDeltaL,FS3_c,498,-1,7,0.014
hDeltaL,FS3_c,498,0,37,0.074
hDeltaL,FS3_c,498,1,94,0.189
hDeltaL,FS3_c,498,2,60,0.12
hDeltaL,FS3_c,498,3,100,0.201
hDeltaL,FS3_c,498,4,144,0.289
hDeltaJ,vDeltaF,496,-3,25,0.05
hDeltaJ,vDeltaF,496,-2,2,0.004
hDeltaJ,vDeltaF,496,-1,1,0.002
hDeltaJ,vDeltaF,496,0,23,0.046
hDeltaJ,vDeltaF,496,1,121,0.244
hDeltaJ,vDeltaF,496,2,139,0.28
hDeltaJ,vDeltaF,496,3,100,0.202
hDeltaJ,vDeltaF,496,4,85,0.171
hDeltaM,hDeltaM,493,-3,54,0.11
hDeltaM,hDeltaM,493,3,42,0.085
hDeltaM,hDeltaM,493,4,397,0.805
FC1B,FC1D,491,-3,1,0.002
FC1B,FC1D,491,-2,5,0.01
FC1B,FC1D,491,-1,109,0.222
FC1B,FC1D,491,0,289,0.589
FC1B,FC1D,491,1,76,0.155
FC1B,FC1D,491,2,8,0.016
FC1B,FC1D,491,3,3,0.006
FC2A,FC2A,491,-3,39,0.079
FC2A,FC2A,491,-2,34,0.069
FC2A,FC2A,491,-1,91,0.185
FC2A,FC2A,491,0,90,0.183
FC2A,FC2A,491,1,94,0.191
FC2A,FC2A,491,2,49,0.1
FC2A,FC2A,491,3,47,0.096
FC2A,FC2A,491,4,47,0.096
vDeltaB,vDeltaB,490,-3,1,0.002
vDeltaB,vDeltaB,490,-2,22,0.045
vDeltaB,vDeltaB,490,-1,133,0.271
vDeltaB,vDeltaB,490,0,173,0.353
vDeltaB,vDeltaB,490,1,133,0.271
vDeltaB,vDeltaB,490,2,27,0.055
vDeltaB,vDeltaB,490,3,1,0.002
FC2B,FS1A_c,484,-2,1,0.002
FC2B,FS1A_c,484,-1,60,0.124
FC2B,FS1A_c,484,0,349,0.721
FC2B,FS1A_c,484,1,71,0.147
FC2B,FS1A_c,484,2,3,0.006
PFL1,PFL1,481,-3,72,0.15
PFL1,PFL1,481,-2,66,0.137
PFL1,PFL1,481,-1,52,0.108
PFL1,PFL1,481,1,77,0.16
PFL1,PFL1,481,2,72,0.15
PFL1,PFL1,481,3,77,0.16
PFL1,PFL1,481,4,65,0.135
hDeltaD,FS3_d,478,-3,229,0.479
hDeltaD,FS3_d,478,-2,33,0.069
hDeltaD,FS3_d,478,-1,2,0.004
hDeltaD,FS3_d,478,3,7,0.015
hDeltaD,FS3_d,478,4,207,0.433
vDeltaB,hDeltaD,475,-3,45,0.095
vDeltaB,hDeltaD,475,-2,3,0.006
vDeltaB,hDeltaD,475,-1,29,0.061
vDeltaB,hDeltaD,475,0,36,0.076
vDeltaB,hDeltaD,475,1,20,0.042
vDeltaB,hDeltaD,475,2,19,0.04
vDeltaB,hDeltaD,475,3,157,0.331
vDeltaB,hDeltaD,475,4,166,0.349
hDeltaL,vDeltaC,474,-3,28,0.059
hDeltaL,vDeltaC,474,-2,2,0.004
hDeltaL,vDeltaC,474,-1,6,0.013
hDeltaL,vDeltaC,474,0,33,0.07
hDeltaL,vDeltaC,474,1,139,0.293
hDeltaL,vDeltaC,474,2,72,0.152
hDeltaL,vDeltaC,474,3,102,0.215
hDeltaL,vDeltaC,474,4,92,0.194
FC3_c,hDeltaJ,474,-3,3,0.006
FC3_c,hDeltaJ,474,-2,6,0.013
FC3_c,hDeltaJ,474,-1,11,0.023
FC3_c,hDeltaJ,474,0,49,0.103
FC3_c,hDeltaJ,474,1,152,0.321
FC3_c,hDeltaJ,474,2,166,0.35
FC3_c,hDeltaJ,474,3,57,0.12
FC3_c,hDeltaJ,474,4,30,0.063
hDeltaF,hDeltaF,468,-3,211,0.451
hDeltaF,hDeltaF,468,-2,29,0.062
hDeltaF,hDeltaF,468,-1,1,0.002
hDeltaF,hDeltaF,468,0,1,0.002
hDeltaF,hDeltaF,468,2,22,0.047
hDeltaF,hDeltaF,468,3,203,0.434
hDeltaF,hDeltaF,468,4,1,0.002
vDeltaI_a,FR1,462,-2,4,0.009
vDeltaI_a,FR1,462,-1,96,0.208
vDeltaI_a,FR1,462,0,220,0.476
vDeltaI_a,FR1,462,1,128,0.277
vDeltaI_a,FR1,462,2,14,0.03
vDeltaE,FS2,459,-2,6,0.013
vDeltaE,FS2,459,-1,93,0.203
vDeltaE,FS2,459,0,209,0.455
vDeltaE,FS2,459,1,131,0.285
vDeltaE,FS2,459,2,20,0.044
FC1D,FR2,455,-1,58,0.127
FC1D,FR2,455,0,324,0.712
FC1D,FR2,455,1,73,0.16
FC1B,FC3_a,455,-3,1,0.002
FC1B,FC3_a,455,-1,73,0.16
FC1B,FC3_a,455,0,321,0.705
FC1B,FC3_a,455,1,56,0.123
FC1B,FC3_a,455,2,4,0.009
vDeltaJ,hDeltaA,454,-3,4,0.009
vDeltaJ,hDeltaA,454,-2,10,0.022
vDeltaJ,hDeltaA,454,-1,39,0.086
vDeltaJ,hDeltaA,454,0,75,0.165
vDeltaJ,hDeltaA,454,1,81,0.178
vDeltaJ,hDeltaA,454,2,88,0.194
vDeltaJ,hDeltaA,454,3,97,0.214
vDeltaJ,hDeltaA,454,4,60,0.132
vDeltaF,FS2,454,-2,2,0.004
vDeltaF,FS2,454,-1,98,0.216
vDeltaF,FS2,454,0,191,0.421
vDeltaF,FS2,454,1,140,0.308
vDeltaF,FS2,454,2,23,0.051
FC2A,hDeltaM,452,-3,1,0.002
FC2A,hDeltaM,452,-2,2,0.004
FC2A,hDeltaM,452,-1,145,0.321
FC2A,hDeltaM,452,0,126,0.279
FC2A,hDeltaM,452,1,1,0.002
FC2A,hDeltaM,452,2,3,0.007
FC2A,hDeltaM,452,3,90,0.199
FC2A,hDeltaM,452,4,84,0.186
FC2C,FS1B_b,448,-2,3,0.007
FC2C,FS1B_b,448,-1,40,0.089
FC2C,FS1B_b,448,0,365,0.815
FC2C,FS1B_b,448,1,39,0.087
FC2C,FS1B_b,448,2,1,0.002
hDeltaL,FS1A_b,444,-3,52,0.117
hDeltaL,FS1A_b,444,0,25,0.056
hDeltaL,FS1A_b,444,1,45,0.101
hDeltaL,FS1A_b,444,2,113,0.255
hDeltaL,FS1A_b,444,3,107,0.241
hDeltaL,FS1A_b,444,4,102,0.23
vDeltaK,hDeltaI,442,-3,9,0.02
vDeltaK,hDeltaI,442,-2,8,0.018
vDeltaK,hDeltaI,442,-1,19,0.043
vDeltaK,hDeltaI,442,0,75,0.17
vDeltaK,hDeltaI,442,1,120,0.271
vDeltaK,hDeltaI,442,2,74,0.167
vDeltaK,hDeltaI,442,3,105,0.238
vDeltaK,hDeltaI,442,4,32,0.072
FC3_b,FS2,440,-2,1,0.002
FC3_b,FS2,440,-1,65,0.148
FC3_b,FS2,440,0,323,0.734
FC3_b,FS2,440,1,50,0.114
FC3_b,FS2,440,2,1,0.002
hDeltaJ,hDeltaJ,440,-3,28,0.064
hDeltaJ,hDeltaJ,440,-2,63,0.143
hDeltaJ,hDeltaJ,440,-1,46,0.105
hDeltaJ,hDeltaJ,440,0,108,0.245
hDeltaJ,hDeltaJ,440,1,69,0.157
hDeltaJ,hDeltaJ,440,2,85,0.193
hDeltaJ,hDeltaJ,440,3,39,0.089
hDeltaJ,hDeltaJ,440,4,2,0.005
PFNm_a,vDeltaC,439,-2,19,0.043
PFNm_a,vDeltaC,439,-1,97,0.221
PFNm_a,vDeltaC,439,0,291,0.663
PFNm_a,vDeltaC,439,1,32,0.073
FC3_a,FR1,432,-1,86,0.199
FC3_a,FR1,432,0,278,0.644
FC3_a,FR1,432,1,68,0.157
hDeltaE,FS3_b,431,-3,174,0.404
hDeltaE,FS3_b,431,-2,32,0.074
hDeltaE,FS3_b,431,-1,2,0.005
hDeltaE,FS3_b,431,2,4,0.009
hDeltaE,FS3_b,431,3,25,0.058
hDeltaE,FS3_b,431,4,194,0.45
vDeltaD,FS2,431,-2,4,0.009
vDeltaD,FS2,431,-1,70,0.162
vDeltaD,FS2,431,0,245,0.568
vDeltaD,FS2,431,1,97,0.225
vDeltaD,FS2,431,2,14,0.032
vDeltaD,FS2,431,4,1,0.002
hDeltaD,vDeltaC,429,-3,151,0.352
hDeltaD,vDeltaC,429,-2,23,0.054
hDeltaD,vDeltaC,429,-1,1,0.002
hDeltaD,vDeltaC,429,3,46,0.107
hDeltaD,vDeltaC,429,4,208,0.485
hDeltaE,vDeltaC,429,-3,165,0.385
hDeltaE,vDeltaC,429,-2,26,0.061
hDeltaE,vDeltaC,429,-1,2,0.005
hDeltaE,vDeltaC,429,3,50,0.117
hDeltaE,vDeltaC,429,4,186,0.434
hDeltaH,PFL2,427,-3,215,0.504
hDeltaH,PFL2,427,-2,5,0.012
hDeltaH,PFL2,427,0,3,0.007
hDeltaH,PFL2,427,4,204,0.478
hDeltaB,PFNd,427,-2,3,0.007
hDeltaB,PFNd,427,0,50,0.117
hDeltaB,PFNd,427,1,80,0.187
hDeltaB,PFNd,427,2,129,0.302
hDeltaB,PFNd,427,3,124,0.29
hDeltaB,PFNd,427,4,41,0.096
FC3_b,vDeltaH,426,-2,16,0.038
FC3_b,vDeltaH,426,-1,157,0.369
FC3_b,vDeltaH,426,0,151,0.354
FC3_b,vDeltaH,426,1,91,0.214
FC3_b,vDeltaH,426,2,11,0.026
FC2A,FS1A_c,423,-2,2,0.005
FC2A,FS1A_c,423,-1,56,0.132
FC2A,FS1A_c,423,0,319,0.754
FC2A,FS1A_c,423,1,46,0.109
hDeltaF,FS3_a,421,-3,117,0.278
hDeltaF,FS3_a,421,-2,225,0.534
hDeltaF,FS3_a,421,-1,38,0.09
hDeltaF,FS3_a,421,0,6,0.014
hDeltaF,FS3_a,421,3,10,0.024
hDeltaF,FS3_a,421,4,25,0.059
FC1F,hDeltaC,421,-1,38,0.09
FC1F,hDeltaC,421,0,47,0.112
FC1F,hDeltaC,421,1,126,0.299
FC1F,hDeltaC,421,2,105,0.249
FC1F,hDeltaC,421,3,70,0.166
FC1F,hDeltaC,421,4,35,0.083
hDeltaL,hDeltaL,413,-3,46,0.111
hDeltaL,hDeltaL,413,-2,131,0.317
hDeltaL,hDeltaL,413,-1,41,0.099
hDeltaL,hDeltaL,413,1,40,0.097
hDeltaL,hDeltaL,413,2,131,0.317
hDeltaL,hDeltaL,413,3,23,0.056
hDeltaL,hDeltaL,413,4,1,0.002
PFNa,PFL1,410,-2,1,0.002
PFNa,PFL1,410,-1,66,0.161
PFNa,PFL1,410,0,291,0.71
PFNa,PFL1,410,1,51,0.124
PFNa,PFL1,410,2,1,0.002
hDeltaE,FS4C,409,-3,168,0.411
hDeltaE,FS4C,409,-2,9,0.022
hDeltaE,FS4C,409,3,10,0.024
hDeltaE,FS4C,409,4,222,0.543
hDeltaJ,hDeltaC,408,-3,40,0.098
hDeltaJ,hDeltaC,408,-2,74,0.181
hDeltaJ,hDeltaC,408,-1,22,0.054
hDeltaJ,hDeltaC,408,0,111,0.272
hDeltaJ,hDeltaC,408,1,13,0.032
hDeltaJ,hDeltaC,408,2,105,0.257
hDeltaJ,hDeltaC,408,3,36,0.088
hDeltaJ,hDeltaC,408,4,7,0.017
FC3_a,hDeltaG,400,-3,17,0.043
FC3_a,hDeltaG,400,-2,1,0.003
FC3_a,hDeltaG,400,-1,67,0.168
FC3_a,hDeltaG,400,0,63,0.158
FC3_a,hDeltaG,400,1,6,0.015
FC3_a,hDeltaG,400,2,3,0.007
FC3_a,hDeltaG,400,3,130,0.325
FC3_a,hDeltaG,400,4,113,0.282
PFR_a,hDeltaI,394,-3,31,0.079
PFR_a,hDeltaI,394,-2,38,0.096
PFR_a,hDeltaI,394,-1,29,0.074
PFR_a,hDeltaI,394,0,53,0.135
PFR_a,hDeltaI,394,1,53,0.135
PFR_a,hDeltaI,394,2,77,0.195
PFR_a,hDeltaI,394,3,68,0.173
PFR_a,hDeltaI,394,4,45,0.114
FC2C,FS4C,389,-2,3,0.008
FC2C,FS4C,389,-1,41,0.105
FC2C,FS4C,389,0,286,0.735
FC2C,FS4C,389,1,57,0.147
FC2C,FS4C,389,2,2,0.005
vDeltaA_b,vDeltaA_b,388,-2,21,0.054
vDeltaA_b,vDeltaA_b,388,-1,101,0.26
vDeltaA_b,vDeltaA_b,388,0,142,0.366
vDeltaA_b,vDeltaA_b,388,1,96,0.247
vDeltaA_b,vDeltaA_b,388,2,28,0.072
PFNm_b,vDeltaD,387,-2,2,0.005
PFNm_b,vDeltaD,387,-1,93,0.24
PFNm_b,vDeltaD,387,0,239,0.618
PFNm_b,vDeltaD,387,1,52,0.134
PFNm_b,vDeltaD,387,2,1,0.003
PFNv,hDeltaJ,387,-3,18,0.047
PFNv,hDeltaJ,387,-2,10,0.026
PFNv,hDeltaJ,387,-1,11,0.028
PFNv,hDeltaJ,387,0,74,0.191
PFNv,hDeltaJ,387,1,82,0.212
PFNv,hDeltaJ,387,2,109,0.282
PFNv,hDeltaJ,387,3,64,0.165
PFNv,hDeltaJ,387,4,19,0.049
PFR_a,PFR_a,387,-3,37,0.096
PFR_a,PFR_a,387,-2,49,0.127
PFR_a,PFR_a,387,-1,47,0.121
PFR_a,PFR_a,387,0,47,0.121
PFR_a,PFR_a,387,1,65,0.168
PFR_a,PFR_a,387,2,62,0.16
PFR_a,PFR_a,387,3,45,0.116
PFR_a,PFR_a,387,4,35,0.09
hDeltaM,FC2A,383,-3,183,0.478
hDeltaM,FC2A,383,-2,7,0.018
hDeltaM,FC2A,383,3,12,0.031
hDeltaM,FC2A,383,4,181,0.473
FC1A,FC1C_a,377,-2,4,0.011
FC1A,FC1C_a,377,-1,64,0.17
FC1A,FC1C_a,377,0,241,0.639
FC1A,FC1C_a,377,1,64,0.17
FC1A,FC1C_a,377,2,3,0.008
FC1A,FC1C_a,377,3,1,0.003
hDeltaJ,FR2,374,-3,27,0.072
hDeltaJ,FR2,374,0,19,0.051
hDeltaJ,FR2,374,1,75,0.201
hDeltaJ,FR2,374,2,78,0.209
hDeltaJ,FR2,374,3,104,0.278
hDeltaJ,FR2,374,4,71,0.19
FC3_a,vDeltaI_a,372,-2,4,0.011
FC3_a,vDeltaI_a,372,-1,77,0.207
FC3_a,vDeltaI_a,372,0,202,0.543
FC3_a,vDeltaI_a,372,1,88,0.237
FC3_a,vDeltaI_a,372,2,1,0.003
vDeltaC,PFGs,372,-2,5,0.013
vDeltaC,PFGs,372,-1,49,0.132
vDeltaC,PFGs,372,0,193,0.519
vDeltaC,PFGs,372,1,121,0.325
vDeltaC,PFGs,372,2,4,0.011
hDeltaK,hDeltaK,372,-3,1,0.003
hDeltaK,hDeltaK,372,-2,5,0.013
hDeltaK,hDeltaK,372,-1,80,0.215
hDeltaK,hDeltaK,372,0,208,0.559
hDeltaK,hDeltaK,372,1,69,0.185
hDeltaK,hDeltaK,372,2,8,0.022
hDeltaK,hDeltaK,372,3,1,0.003
hDeltaH,vDeltaF,371,-3,125,0.337
hDeltaH,vDeltaF,371,-2,5,0.013
hDeltaH,vDeltaF,371,0,2,0.005
hDeltaH,vDeltaF,371,2,8,0.022
hDeltaH,vDeltaF,371,3,59,0.159
hDeltaH,vDeltaF,371,4,172,0.464
hDeltaM,FS1A_c,370,-3,215,0.581
hDeltaM,FS1A_c,370,-2,1,0.003
hDeltaM,FS1A_c,370,3,7,0.019
hDeltaM,FS1A_c,370,4,147,0.397
vDeltaA_a,FS4B,370,-3,6,0.016
vDeltaA_a,FS4B,370,-2,14,0.038
vDeltaA_a,FS4B,370,-1,71,0.192
vDeltaA_a,FS4B,370,0,132,0.357
vDeltaA_a,FS4B,370,1,93,0.251
vDeltaA_a,FS4B,370,2,39,0.105
vDeltaA_a,FS4B,370,3,12,0.032
vDeltaA_a,FS4B,370,4,3,0.008
FC3_a,vDeltaE,367,-2,31,0.084
FC3_a,vDeltaE,367,-1,88,0.24
FC3_a,vDeltaE,367,0,163,0.444
FC3_a,vDeltaE,367,1,81,0.221
FC3_a,vDeltaE,367,2,4,0.011
FC1F,FC1C_b,366,-2,3,0.008
FC1F,FC1C_b,366,-1,63,0.172
FC1F,FC1C_b,366,0,196,0.536
FC1F,FC1C_b,366,1,99,0.27
FC1F,FC1C_b,366,2,5,0.014
hDeltaF,FS3_b,365,-3,151,0.414
hDeltaF,FS3_b,365,-2,116,0.318
hDeltaF,FS3_b,365,-1,32,0.088
hDeltaF,FS3_b,365,0,2,0.005
hDeltaF,FS3_b,365,4,64,0.175
FC1F,FC3_a,365,-2,2,0.005
FC1F,FC3_a,365,-1,35,0.096
FC1F,FC3_a,365,0,251,0.688
FC1F,FC3_a,365,1,66,0.181
FC1F,FC3_a,365,2,8,0.022
FC1F,FC3_a,365,3,3,0.008
FC2C,FS1A_a,363,-3,1,0.003
FC2C,FS1A_a,363,-2,4,0.011
FC2C,FS1A_a,363,-1,87,0.24
FC2C,FS1A_a,363,0,212,0.584
FC2C,FS1A_a,363,1,52,0.143
FC2C,FS1A_a,363,2,1,0.003
FC2C,FS1A_a,363,3,4,0.011
FC2C,FS1A_a,363,4,2,0.006
FC3_c,hDeltaG,362,-3,8,0.022
FC3_c,hDeltaG,362,-1,38,0.105
FC3_c,hDeltaG,362,0,61,0.169
FC3_c,hDeltaG,362,1,2,0.006
FC3_c,hDeltaG,362,2,3,0.008
FC3_c,hDeltaG,362,3,103,0.285
FC3_c,hDeltaG,362,4,147,0.406
hDeltaG,hDeltaG,361,-3,18,0.05
hDeltaG,hDeltaG,361,3,19,0.053
hDeltaG,hDeltaG,361,4,324,0.898
vDeltaG,PFR_b,359,-2,4,0.011
vDeltaG,PFR_b,359,-1,77,0.214
vDeltaG,PFR_b,359,0,189,0.526
vDeltaG,PFR_b,359,1,85,0.237
vDeltaG,PFR_b,359,2,4,0.011
FC3_b,FR1,358,-2,1,0.003
FC3_b,FR1,358,-1,70,0.196
FC3_b,FR1,358,0,236,0.659
FC3_b,FR1,358,1,48,0.134
FC3_b,FR1,358,2,2,0.006
FC3_b,FR1,358,3,1,0.003
FC3_c,FS2,357,-1,69,0.193
FC3_c,FS2,357,0,222,0.622
FC3_c,FS2,357,1,61,0.171
FC3_c,FS2,357,2,5,0.014
hDeltaB,hDeltaL,356,-3,11,0.031
hDeltaB,hDeltaL,356,-2,8,0.022
hDeltaB,hDeltaL,356,-1,97,0.272
hDeltaB,hDeltaL,356,0,188,0.528
hDeltaB,hDeltaL,356,1,33,0.093
hDeltaB,hDeltaL,356,2,13,0.037
hDeltaB,hDeltaL,356,3,6,0.017
hDeltaC,hDeltaC,355,-3,41,0.115
hDeltaC,hDeltaC,355,-2,85,0.239
hDeltaC,hDeltaC,355,-1,33,0.093
hDeltaC,hDeltaC,355,0,52,0.146
hDeltaC,hDeltaC,355,1,32,0.09
hDeltaC,hDeltaC,355,2,62,0.175
hDeltaC,hDeltaC,355,3,40,0.113
hDeltaC,hDeltaC,355,4,10,0.028
hDeltaI,PFGs,352,-3,12,0.034
hDeltaI,PFGs,352,0,12,0.034
hDeltaI,PFGs,352,1,85,0.241
hDeltaI,PFGs,352,2,93,0.264
hDeltaI,PFGs,352,3,84,0.239
hDeltaI,PFGs,352,4,66,0.188
FC1B,FC3_b,352,-2,10,0.028
FC1B,FC3_b,352,-1,68,0.193
FC1B,FC3_b,352,0,180,0.511
FC1B,FC3_b,352,1,90,0.256
FC1B,FC3_b,352,2,3,0.009
FC1B,FC3_b,352,3,1,0.003
FC3_c,hDeltaH,351,-2,3,0.009
FC3_c,hDeltaH,351,-1,69,0.197
FC3_c,hDeltaH,351,0,73,0.208
FC3_c,hDeltaH,351,1,1,0.003
FC3_c,hDeltaH,351,3,76,0.217
FC3_c,hDeltaH,351,4,129,0.368
FC1D,FC1C_a,351,-2,7,0.02
FC1D,FC1C_a,351,-1,59,0.168
FC1D,FC1C_a,351,0,221,0.63
FC1D,FC1C_a,351,1,62,0.177
FC1D,FC1C_a,351,2,1,0.003
FC1D,FC1C_a,351,4,1,0.003
PFNm_b,vDeltaA_b,349,-3,2,0.006
PFNm_b,vDeltaA_b,349,-2,17,0.049
PFNm_b,vDeltaA_b,349,-1,134,0.384
PFNm_b,vDeltaA_b,349,0,137,0.393
PFNm_b,vDeltaA_b,349,1,46,0.132
PFNm_b,vDeltaA_b,349,2,13,0.037
vDeltaC,vDeltaC,348,-3,2,0.006
vDeltaC,vDeltaC,348,-2,23,0.066
vDeltaC,vDeltaC,348,-1,77,0.221
vDeltaC,vDeltaC,348,0,136,0.391
vDeltaC,vDeltaC,348,1,80,0.23
vDeltaC,vDeltaC,348,2,28,0.08
vDeltaC,vDeltaC,348,3,2,0.006
FC3_c,vDeltaE,347,-3,3,0.009
FC3_c,vDeltaE,347,-2,4,0.012
FC3_c,vDeltaE,347,-1,66,0.19
FC3_c,vDeltaE,347,0,176,0.507
FC3_c,vDeltaE,347,1,86,0.248
FC3_c,vDeltaE,347,2,11,0.032
FC3_c,vDeltaE,347,3,1,0.003
hDeltaA,FS2,345,-3,19,0.055
hDeltaA,FS2,345,0,30,0.087
hDeltaA,FS2,345,1,76,0.22
hDeltaA,FS2,345,2,79,0.229
hDeltaA,FS2,345,3,77,0.223
hDeltaA,FS2,345,4,64,0.186
FC3_c,hDeltaC,342,-3,4,0.012
FC3_c,hDeltaC,342,-2,9,0.026
FC3_c,hDeltaC,342,-1,15,0.044
FC3_c,hDeltaC,342,0,61,0.178
FC3_c,hDeltaC,342,1,78,0.228
FC3_c,hDeltaC,342,2,84,0.246
FC3_c,hDeltaC,342,3,66,0.193
FC3_c,hDeltaC,342,4,25,0.073
vDeltaE,FC2B,340,-2,5,0.015
vDeltaE,FC2B,340,-1,76,0.224
vDeltaE,FC2B,340,0,137,0.403
vDeltaE,FC2B,340,1,101,0.297
vDeltaE,FC2B,340,2,21,0.062
FC1A,FC3_c,339,-3,1,0.003
FC1A,FC3_c,339,-2,6,0.018
FC1A,FC3_c,339,-1,86,0.254
FC1A,FC3_c,339,0,200,0.59
FC1A,FC3_c,339,1,46,0.136
PFR_a,FC2B,337,-2,1,0.003
PFR_a,FC2B,337,-1,43,0.128
PFR_a,FC2B,337,0,218,0.647
PFR_a,FC2B,337,1,72,0.214
PFR_a,FC2B,337,2,3,0.009
FC1E,FR2,336,-2,1,0.003
FC1E,FR2,336,-1,46,0.137
FC1E,FR2,336,0,248,0.738
FC1E,FR2,336,1,40,0.119
FC1E,FR2,336,3,1,0.003
FC1B,FC1C_a,334,-2,6,0.018
FC1B,FC1C_a,334,-1,97,0.29
FC1B,FC1C_a,334,0,176,0.527
FC1B,FC1C_a,334,1,53,0.159
FC1B,FC1C_a,334,2,2,0.006
hDeltaF,FS3_c,333,-3,98,0.294
hDeltaF,FS3_c,333,-2,115,0.345
hDeltaF,FS3_c,333,-1,25,0.075
hDeltaF,FS3_c,333,0,11,0.033
hDeltaF,FS3_c,333,3,3,0.009
hDeltaF,FS3_c,333,4,81,0.243
hDeltaH,FS1A_c,329,-3,164,0.498
hDeltaH,FS1A_c,329,-2,1,0.003
hDeltaH,FS1A_c,329,0,2,0.006
hDeltaH,FS1A_c,329,2,1,0.003
hDeltaH,FS1A_c,329,3,10,0.03
hDeltaH,FS1A_c,329,4,151,0.459
hDeltaF,FS4C,328,-3,118,0.36
hDeltaF,FS4C,328,-2,123,0.375
hDeltaF,FS4C,328,-1,43,0.131
hDeltaF,FS4C,328,4,44,0.134
FC2B,FS1B_a,327,-1,21,0.064
FC2B,FS1B_a,327,0,265,0.81
FC2B,FS1B_a,327,1,41,0.125
hDeltaE,FS4A,326,-3,152,0.466
hDeltaE,FS4A,326,-2,8,0.025
hDeltaE,FS4A,326,3,5,0.015
hDeltaE,FS4A,326,4,161,0.494
vDeltaA_b,FS4A,324,-2,4,0.012
vDeltaA_b,FS4A,324,-1,77,0.238
vDeltaA_b,FS4A,324,0,148,0.457
vDeltaA_b,FS4A,324,1,84,0.259
vDeltaA_b,FS4A,324,2,11,0.034
hDeltaE,FS3_a,323,-3,165,0.511
hDeltaE,FS3_a,323,-2,31,0.096
hDeltaE,FS3_a,323,3,5,0.015
hDeltaE,FS3_a,323,4,122,0.378
FC1F,FC1E,322,-1,68,0.211
FC1F,FC1E,322,0,194,0.602
FC1F,FC1E,322,1,57,0.177
FC1F,FC1E,322,2,3,0.009
FS2,hDeltaG,321,-3,7,0.022
FS2,hDeltaG,321,-2,3,0.009
FS2,hDeltaG,321,-1,44,0.137
FS2,hDeltaG,321,0,50,0.156
FS2,hDeltaG,321,1,2,0.006
FS2,hDeltaG,321,2,3,0.009
FS2,hDeltaG,321,3,114,0.355
FS2,hDeltaG,321,4,98,0.305
hDeltaM,hDeltaK,320,-3,51,0.159
hDeltaM,hDeltaK,320,-2,106,0.331
hDeltaM,hDeltaK,320,-1,78,0.244
hDeltaM,hDeltaK,320,0,40,0.125
hDeltaM,hDeltaK,320,3,2,0.006
hDeltaM,hDeltaK,320,4,43,0.134
PFNm_a,hDeltaC,319,-1,18,0.056
PFNm_a,hDeltaC,319,0,62,0.194
PFNm_a,hDeltaC,319,1,103,0.323
PFNm_a,hDeltaC,319,2,67,0.21
PFNm_a,hDeltaC,319,3,60,0.188
PFNm_a,hDeltaC,319,4,9,0.028
hDeltaJ,FS1A_a,315,-3,40,0.127
hDeltaJ,FS1A_a,315,-2,4,0.013
hDeltaJ,FS1A_a,315,-1,14,0.044
hDeltaJ,FS1A_a,315,0,38,0.121
hDeltaJ,FS1A_a,315,1,44,0.14
hDeltaJ,FS1A_a,315,2,62,0.197
hDeltaJ,FS1A_a,315,3,57,0.181
hDeltaJ,FS1A_a,315,4,56,0.178
PFR_a,vDeltaL,315,-2,3,0.01
PFR_a,vDeltaL,315,-1,60,0.19
PFR_a,vDeltaL,315,0,215,0.683
PFR_a,vDeltaL,315,1,37,0.117
FC1E,FC1D,313,-3,7,0.022
FC1E,FC1D,313,-2,13,0.042
FC1E,FC1D,313,-1,59,0.188
FC1E,FC1D,313,0,153,0.489
FC1E,FC1D,313,1,62,0.198
FC1E,FC1D,313,2,9,0.029
FC1E,FC1D,313,3,6,0.019
FC1E,FC1D,313,4,4,0.013
FC3_c,vDeltaF,311,-3,5,0.016
FC3_c,vDeltaF,311,-2,10,0.032
FC3_c,vDeltaF,311,-1,58,0.186
FC3_c,vDeltaF,311,0,140,0.45
FC3_c,vDeltaF,311,1,92,0.296
FC3_c,vDeltaF,311,2,6,0.019
PFNm_a,vDeltaD,310,-2,1,0.003
PFNm_a,vDeltaD,310,-1,74,0.239
PFNm_a,vDeltaD,310,0,210,0.677
PFNm_a,vDeltaD,310,1,23,0.074
PFNm_a,vDeltaD,310,2,2,0.006
vDeltaD,hDeltaG,305,-3,13,0.043
vDeltaD,hDeltaG,305,-2,3,0.01
vDeltaD,hDeltaG,305,-1,21,0.069
vDeltaD,hDeltaG,305,0,35,0.115
vDeltaD,hDeltaG,305,1,3,0.01
vDeltaD,hDeltaG,305,2,8,0.026
vDeltaD,hDeltaG,305,3,130,0.426
vDeltaD,hDeltaG,305,4,92,0.302
FC1D,FC1D,305,-3,7,0.023
FC1D,FC1D,305,-2,9,0.03
FC1D,FC1D,305,-1,65,0.213
FC1D,FC1D,305,0,104,0.341
FC1D,FC1D,305,1,87,0.285
FC1D,FC1D,305,2,18,0.059
FC1D,FC1D,305,3,7,0.023
FC1D,FC1D,305,4,8,0.026
vDeltaK,vDeltaK,305,-2,3,0.01
vDeltaK,vDeltaK,305,-1,64,0.21
vDeltaK,vDeltaK,305,0,174,0.57
vDeltaK,vDeltaK,305,1,50,0.164
vDeltaK,vDeltaK,305,2,14,0.046
FC1E,FC1C_b,304,-3,12,0.039
FC1E,FC1C_b,304,-2,20,0.066
FC1E,FC1C_b,304,-1,39,0.128
FC1E,FC1C_b,304,0,138,0.454
FC1E,FC1C_b,304,1,65,0.214
FC1E,FC1C_b,304,2,16,0.053
FC1E,FC1C_b,304,3,6,0.02
FC1E,FC1C_b,304,4,8,0.026
vDeltaK,vDeltaI_b,304,-2,1,0.003
vDeltaK,vDeltaI_b,304,-1,68,0.224
vDeltaK,vDeltaI_b,304,0,193,0.635
vDeltaK,vDeltaI_b,304,1,38,0.125
vDeltaK,vDeltaI_b,304,2,2,0.007
vDeltaK,vDeltaI_b,304,3,2,0.007
hDeltaH,FS1B_a,303,-3,157,0.518
hDeltaH,FS1B_a,303,3,9,0.03
hDeltaH,FS1B_a,303,4,137,0.452
FC2B,FS1A_b,303,-2,2,0.007
FC2B,FS1A_b,303,-1,37,0.122
FC2B,FS1A_b,303,0,222,0.733
FC2B,FS1A_b,303,1,38,0.125
FC2B,FS1A_b,303,2,3,0.01
FC2B,FS1A_b,303,4,1,0.003
PFR_a,vDeltaM,303,-3,1,0.003
PFR_a,vDeltaM,303,-2,4,0.013
PFR_a,vDeltaM,303,-1,89,0.294
PFR_a,vDeltaM,303,0,164,0.541
PFR_a,vDeltaM,303,1,42,0.139
PFR_a,vDeltaM,303,2,3,0.01
hDeltaA,FS1A_c,302,-3,20,0.066
hDeltaA,FS1A_c,302,0,25,0.083
hDeltaA,FS1A_c,302,1,85,0.281
hDeltaA,FS1A_c,302,2,78,0.258
hDeltaA,FS1A_c,302,3,45,0.149
hDeltaA,FS1A_c,302,4,49,0.162
hDeltaE,FS2,298,-3,150,0.503
hDeltaE,FS2,298,-2,10,0.034
hDeltaE,FS2,298,1,1,0.003
hDeltaE,FS2,298,3,18,0.06
hDeltaE,FS2,298,4,119,0.399
hDeltaM,FS1A_a,297,-3,132,0.444
hDeltaM,FS1A_a,297,-2,14,0.047
hDeltaM,FS1A_a,297,0,1,0.003
hDeltaM,FS1A_a,297,2,1,0.003
hDeltaM,FS1A_a,297,3,9,0.03
hDeltaM,FS1A_a,297,4,140,0.471
FC2C,FS1B_a,297,-1,21,0.071
FC2C,FS1B_a,297,0,243,0.818
FC2C,FS1B_a,297,1,33,0.111
PFNm_a,FC2B,297,-1,76,0.256
PFNm_a,FC2B,297,0,181,0.609
PFNm_a,FC2B,297,1,40,0.135
hDeltaB,hDeltaC,297,-3,15,0.051
hDeltaB,hDeltaC,297,-2,95,0.32
hDeltaB,hDeltaC,297,-1,4,0.013
hDeltaB,hDeltaC,297,0,83,0.279
hDeltaB,hDeltaC,297,1,16,0.054
hDeltaB,hDeltaC,297,2,65,0.219
hDeltaB,hDeltaC,297,3,15,0.051
hDeltaB,hDeltaC,297,4,4,0.013
PFR_a,PFL3,296,-2,2,0.007
PFR_a,PFL3,296,-1,40,0.135
PFR_a,PFL3,296,0,218,0.736
PFR_a,PFL3,296,1,34,0.115
PFR_a,PFL3,296,2,1,0.003
PFR_a,PFL3,296,4,1,0.003
FC1A,FC1B,293,-3,4,0.014
FC1A,FC1B,293,-2,12,0.041
FC1A,FC1B,293,-1,47,0.16
FC1A,FC1B,293,0,146,0.498
FC1A,FC1B,293,1,79,0.27
FC1A,FC1B,293,2,3,0.01
FC1A,FC1B,293,4,2,0.007
FC3_a,vDeltaH,292,-2,8,0.027
FC3_a,vDeltaH,292,-1,77,0.264
FC3_a,vDeltaH,292,0,146,0.5
FC3_a,vDeltaH,292,1,57,0.195
FC3_a,vDeltaH,292,2,4,0.014
FC2A,FS1A_a,290,-2,2,0.007
FC2A,FS1A_a,290,-1,53,0.183
FC2A,FS1A_a,290,0,194,0.669
FC2A,FS1A_a,290,1,40,0.138
FC2A,FS1A_a,290,2,1,0.003
vDeltaD,PFGs,289,-2,1,0.003
vDeltaD,PFGs,289,-1,46,0.159
vDeltaD,PFGs,289,0,155,0.536
vDeltaD,PFGs,289,1,80,0.277
vDeltaD,PFGs,289,2,7,0.024
hDeltaJ,hDeltaH,286,-3,5,0.017
hDeltaJ,hDeltaH,286,-2,3,0.01
hDeltaJ,hDeltaH,286,-1,4,0.014
hDeltaJ,hDeltaH,286,0,36,0.126
hDeltaJ,hDeltaH,286,1,61,0.213
hDeltaJ,hDeltaH,286,2,71,0.248
hDeltaJ,hDeltaH,286,3,60,0.21
hDeltaJ,hDeltaH,286,4,46,0.161
hDeltaA,hDeltaA,284,-3,3,0.011
hDeltaA,hDeltaA,284,-2,115,0.405
hDeltaA,hDeltaA,284,-1,34,0.12
hDeltaA,hDeltaA,284,0,1,0.004
hDeltaA,hDeltaA,284,1,21,0.074
hDeltaA,hDeltaA,284,2,102,0.359
hDeltaA,hDeltaA,284,3,8,0.028
vDeltaL,hDeltaI,282,-2,3,0.011
vDeltaL,hDeltaI,282,-1,5,0.018
vDeltaL,hDeltaI,282,0,37,0.131
vDeltaL,hDeltaI,282,1,79,0.28
vDeltaL,hDeltaI,282,2,67,0.238
vDeltaL,hDeltaI,282,3,67,0.238
vDeltaL,hDeltaI,282,4,24,0.085
FC3_b,vDeltaI_b,281,-2,12,0.043
FC3_b,vDeltaI_b,281,-1,93,0.331
FC3_b,vDeltaI_b,281,0,125,0.445
FC3_b,vDeltaI_b,281,1,47,0.167
FC3_b,vDeltaI_b,281,2,4,0.014
FC1C_a,PFL1,280,-2,7,0.025
FC1C_a,PFL1,280,-1,69,0.246
FC1C_a,PFL1,280,0,145,0.518
FC1C_a,PFL1,280,1,59,0.211
FC1F,FC3_c,278,-2,10,0.036
FC1F,FC3_c,278,-1,46,0.165
FC1F,FC3_c,278,0,168,0.604
FC1F,FC3_c,278,1,51,0.183
FC1F,FC3_c,278,2,3,0.011
FC1F,FC3_b,274,-3,1,0.004
FC1F,FC3_b,274,-1,43,0.157
FC1F,FC3_b,274,0,171,0.624
FC1F,FC3_b,274,1,57,0.208
FC1F,FC3_b,274,2,1,0.004
FC1F,FC3_b,274,4,1,0.004
vDeltaH,hDeltaM,271,-3,26,0.096
vDeltaH,hDeltaM,271,-2,7,0.026
vDeltaH,hDeltaM,271,-1,13,0.048
vDeltaH,hDeltaM,271,0,12,0.044
vDeltaH,hDeltaM,271,1,7,0.026
vDeltaH,hDeltaM,271,2,12,0.044
vDeltaH,hDeltaM,271,3,86,0.317
vDeltaH,hDeltaM,271,4,108,0.399
hDeltaM,FS1B_a,268,-3,137,0.511
hDeltaM,FS1B_a,268,4,131,0.489
hDeltaE,FS3_c,265,-3,126,0.475
hDeltaE,FS3_c,265,-2,22,0.083
hDeltaE,FS3_c,265,3,4,0.015
hDeltaE,FS3_c,265,4,113,0.426
PFR_b,hDeltaA,265,-3,44,0.166
PFR_b,hDeltaA,265,-2,48,0.181
PFR_b,hDeltaA,265,-1,61,0.23
PFR_b,hDeltaA,265,0,23,0.087
PFR_b,hDeltaA,265,1,20,0.075
PFR_b,hDeltaA,265,2,23,0.087
PFR_b,hDeltaA,265,3,15,0.057
PFR_b,hDeltaA,265,4,31,0.117
hDeltaG,FS1A_c,264,-3,111,0.42
hDeltaG,FS1A_c,264,-2,18,0.068
hDeltaG,FS1A_c,264,2,7,0.027
hDeltaG,FS1A_c,264,3,1,0.004
hDeltaG,FS1A_c,264,4,127,0.481
vDeltaI_a,PFR_b,262,-1,53,0.202
vDeltaI_a,PFR_b,262,0,136,0.519
vDeltaI_a,PFR_b,262,1,57,0.218
vDeltaI_a,PFR_b,262,2,16,0.061
hDeltaD,hDeltaE,261,-3,11,0.042
hDeltaD,hDeltaE,261,-1,5,0.019
hDeltaD,hDeltaE,261,0,50,0.192
hDeltaD,hDeltaE,261,3,8,0.031
hDeltaD,hDeltaE,261,4,187,0.716
hDeltaB,hDeltaM,261,-3,68,0.261
hDeltaB,hDeltaM,261,-2,76,0.291
hDeltaB,hDeltaM,261,-1,29,0.111
hDeltaB,hDeltaM,261,0,20,0.077
hDeltaB,hDeltaM,261,1,5,0.019
hDeltaB,hDeltaM,261,2,8,0.031
hDeltaB,hDeltaM,261,3,12,0.046
hDeltaB,hDeltaM,261,4,43,0.165
hDeltaF,FS3_d,261,-3,105,0.402
hDeltaF,FS3_d,261,-2,110,0.421
hDeltaF,FS3_d,261,-1,21,0.08
hDeltaF,FS3_d,261,0,2,0.008
hDeltaF,FS3_d,261,3,6,0.023
hDeltaF,FS3_d,261,4,17,0.065
PFNv,PFNd,258,-3,1,0.004
PFNv,PFNd,258,-2,12,0.047
PFNv,PFNd,258,-1,86,0.333
PFNv,PFNd,258,0,112,0.434
PFNv,PFNd,258,1,14,0.054
PFNv,PFNd,258,2,13,0.05
PFNv,PFNd,258,3,10,0.039
PFNv,PFNd,258,4,10,0.039
vDeltaI_a,vDeltaH,256,-2,6,0.023
vDeltaI_a,vDeltaH,256,-1,68,0.266
vDeltaI_a,vDeltaH,256,0,112,0.438
vDeltaI_a,vDeltaH,256,1,58,0.227
vDeltaI_a,vDeltaH,256,2,8,0.031
vDeltaI_a,vDeltaH,256,3,4,0.016
FC1B,FC1A,256,-3,1,0.004
FC1B,FC1A,256,-2,5,0.02
FC1B,FC1A,256,-1,44,0.172
FC1B,FC1A,256,0,150,0.586
FC1B,FC1A,256,1,49,0.191
FC1B,FC1A,256,2,2,0.008
FC1B,FC1A,256,3,3,0.012
FC1B,FC1A,256,4,2,0.008
hDeltaD,FS4C,253,-3,124,0.49
hDeltaD,FS4C,253,-2,2,0.008
hDeltaD,FS4C,253,2,1,0.004
hDeltaD,FS4C,253,3,19,0.075
hDeltaD,FS4C,253,4,107,0.423
FC2B,FC2B,253,-3,11,0.043
FC2B,FC2B,253,-2,17,0.067
FC2B,FC2B,253,-1,43,0.17
FC2B,FC2B,253,0,68,0.269
FC2B,FC2B,253,1,44,0.174
FC2B,FC2B,253,2,20,0.079
FC2B,FC2B,253,3,24,0.095
FC2B,FC2B,253,4,26,0.103
hDeltaF,vDeltaE,252,-3,93,0.369
hDeltaF,vDeltaE,252,-2,65,0.258
hDeltaF,vDeltaE,252,-1,26,0.103
hDeltaF,vDeltaE,252,0,3,0.012
hDeltaF,vDeltaE,252,2,2,0.008
hDeltaF,vDeltaE,252,3,4,0.016
hDeltaF,vDeltaE,252,4,59,0.234
FS2,hDeltaL,252,-3,47,0.187
FS2,hDeltaL,252,-2,27,0.107
FS2,hDeltaL,252,-1,23,0.091
FS2,hDeltaL,252,0,31,0.123
FS2,hDeltaL,252,1,34,0.135
FS2,hDeltaL,252,2,26,0.103
FS2,hDeltaL,252,3,26,0.103
FS2,hDeltaL,252,4,38,0.151
hDeltaH,FC2A,251,-3,120,0.478
hDeltaH,FC2A,251,-2,4,0.016
hDeltaH,FC2A,251,0,1,0.004
hDeltaH,FC2A,251,1,2,0.008
hDeltaH,FC2A,251,3,2,0.008
hDeltaH,FC2A,251,4,122,0.486
vDeltaM,hDeltaI,251,-3,5,0.02
vDeltaM,hDeltaI,251,-2,6,0.024
vDeltaM,hDeltaI,251,-1,8,0.032
vDeltaM,hDeltaI,251,0,32,0.127
vDeltaM,hDeltaI,251,1,50,0.199
vDeltaM,hDeltaI,251,2,62,0.247
vDeltaM,hDeltaI,251,3,67,0.267
vDeltaM,hDeltaI,251,4,21,0.084
FC3_b,hDeltaC,251,-3,2,0.008
FC3_b,hDeltaC,251,-2,6,0.024
FC3_b,hDeltaC,251,-1,5,0.02
FC3_b,hDeltaC,251,0,53,0.211
FC3_b,hDeltaC,251,1,90,0.359
FC3_b,hDeltaC,251,2,66,0.263
FC3_b,hDeltaC,251,3,25,0.1
FC3_b,hDeltaC,251,4,4,0.016
hDeltaI,FS1A_c,250,-3,14,0.056
hDeltaI,FS1A_c,250,0,14,0.056
hDeltaI,FS1A_c,250,1,66,0.264
hDeltaI,FS1A_c,250,2,66,0.264
hDeltaI,FS1A_c,250,3,43,0.172
hDeltaI,FS1A_c,250,4,47,0.188
FC1A,hDeltaC,250,-1,5,0.02
FC1A,hDeltaC,250,0,39,0.156
FC1A,hDeltaC,250,1,75,0.3
FC1A,hDeltaC,250,2,66,0.264
FC1A,hDeltaC,250,3,62,0.248
FC1A,hDeltaC,250,4,3,0.012
hDeltaG,FS1B_b,247,-3,119,0.482
hDeltaG,FS1B_b,247,-2,2,0.008
hDeltaG,FS1B_b,247,2,1,0.004
hDeltaG,FS1B_b,247,3,2,0.008
hDeltaG,FS1B_b,247,4,123,0.498
vDeltaF,PFR_b,247,-2,1,0.004
vDeltaF,PFR_b,247,-1,52,0.211
vDeltaF,PFR_b,247,0,112,0.453
vDeltaF,PFR_b,247,1,63,0.255
vDeltaF,PFR_b,247,2,15,0.061
vDeltaF,PFR_b,247,3,4,0.016
vDeltaC,hDeltaF,247,-3,10,0.04
vDeltaC,hDeltaF,247,-2,56,0.227
vDeltaC,hDeltaF,247,-1,55,0.223
vDeltaC,hDeltaF,247,0,11,0.045
vDeltaC,hDeltaF,247,1,31,0.126
vDeltaC,hDeltaF,247,2,21,0.085
vDeltaC,hDeltaF,247,3,27,0.109
vDeltaC,hDeltaF,247,4,36,0.146
hDeltaL,vDeltaE,246,-3,14,0.057
hDeltaL,vDeltaE,246,0,24,0.098
hDeltaL,vDeltaE,246,1,51,0.207
hDeltaL,vDeltaE,246,2,61,0.248
hDeltaL,vDeltaE,246,3,48,0.195
hDeltaL,vDeltaE,246,4,48,0.195
hDeltaB,vDeltaK,246,-3,6,0.024
hDeltaB,vDeltaK,246,0,4,0.016
hDeltaB,vDeltaK,246,1,61,0.248
hDeltaB,vDeltaK,246,2,107,0.435
hDeltaB,vDeltaK,246,3,32,0.13
hDeltaB,vDeltaK,246,4,36,0.146
hDeltaJ,vDeltaG,246,-3,8,0.033
hDeltaJ,vDeltaG,246,-2,2,0.008
hDeltaJ,vDeltaG,246,-1,2,0.008
hDeltaJ,vDeltaG,246,0,22,0.089
hDeltaJ,vDeltaG,246,1,52,0.211
hDeltaJ,vDeltaG,246,2,43,0.175
hDeltaJ,vDeltaG,246,3,51,0.207
hDeltaJ,vDeltaG,246,4,66,0.268
hDeltaF,hDeltaE,245,-3,87,0.355
hDeltaF,hDeltaE,245,-2,58,0.237
hDeltaF,hDeltaE,245,-1,2,0.008
hDeltaF,hDeltaE,245,0,8,0.033
hDeltaF,hDeltaE,245,1,5,0.02
hDeltaF,hDeltaE,245,2,11,0.045
hDeltaF,hDeltaE,245,3,11,0.045
hDeltaF,hDeltaE,245,4,63,0.257
hDeltaI,hDeltaA,245,-3,14,0.057
hDeltaI,hDeltaA,245,-2,50,0.204
hDeltaI,hDeltaA,245,-1,49,0.2
hDeltaI,hDeltaA,245,0,59,0.241
hDeltaI,hDeltaA,245,1,22,0.09
hDeltaI,hDeltaA,245,2,41,0.167
hDeltaI,hDeltaA,245,3,4,0.016
hDeltaI,hDeltaA,245,4,6,0.024
hDeltaF,FS2,241,-3,80,0.332
hDeltaF,FS2,241,-2,105,0.436
hDeltaF,FS2,241,-1,31,0.129
hDeltaF,FS2,241,0,2,0.008
hDeltaF,FS2,241,1,1,0.004
hDeltaF,FS2,241,3,3,0.012
hDeltaF,FS2,241,4,19,0.079
FC1E,FC1C_a,238,-3,3,0.013
FC1E,FC1C_a,238,-2,5,0.021
FC1E,FC1C_a,238,-1,37,0.155
FC1E,FC1C_a,238,0,154,0.647
FC1E,FC1C_a,238,1,27,0.113
FC1E,FC1C_a,238,2,3,0.013
FC1E,FC1C_a,238,3,4,0.017
FC1E,FC1C_a,238,4,5,0.021
FC3_b,vDeltaE,238,-2,7,0.029
FC3_b,vDeltaE,238,-1,59,0.248
FC3_b,vDeltaE,238,0,140,0.588
FC3_b,vDeltaE,238,1,30,0.126
FC3_b,vDeltaE,238,2,2,0.008
FC1F,FC1D,235,-2,2,0.009
FC1F,FC1D,235,-1,32,0.136
FC1F,FC1D,235,0,135,0.574
FC1F,FC1D,235,1,55,0.234
FC1F,FC1D,235,2,10,0.043
FC1F,FC1D,235,3,1,0.004
FS4C,FS4C,235,-3,24,0.102
FS4C,FS4C,235,-2,37,0.157
FS4C,FS4C,235,-1,38,0.162
FS4C,FS4C,235,0,15,0.064
FS4C,FS4C,235,1,35,0.149
FS4C,FS4C,235,2,33,0.14
FS4C,FS4C,235,3,22,0.094
FS4C,FS4C,235,4,31,0.132
FC3_c,PFR_b,234,-1,17,0.073
FC3_c,PFR_b,234,0,151,0.645
FC3_c,PFR_b,234,1,65,0.278
FC3_c,PFR_b,234,2,1,0.004
hDeltaL,FS3_b,234,-3,34,0.145
hDeltaL,FS3_b,234,-1,5,0.021
hDeltaL,FS3_b,234,0,12,0.051
hDeltaL,FS3_b,234,1,26,0.111
hDeltaL,FS3_b,234,2,45,0.192
hDeltaL,FS3_b,234,3,53,0.226
hDeltaL,FS3_b,234,4,59,0.252
FC1F,FC1C_a,234,-2,5,0.021
FC1F,FC1C_a,234,-1,28,0.12
FC1F,FC1C_a,234,0,153,0.654
FC1F,FC1C_a,234,1,45,0.192
FC1F,FC1C_a,234,2,3,0.013
hDeltaG,PFR_a,233,-3,99,0.425
hDeltaG,PFR_a,233,-2,2,0.009
hDeltaG,PFR_a,233,3,5,0.021
hDeltaG,PFR_a,233,4,127,0.545
FC3_c,PFGs,232,-1,20,0.086
FC3_c,PFGs,232,0,159,0.685
FC3_c,PFGs,232,1,52,0.224
FC3_c,PFGs,232,2,1,0.004
hDeltaL,PFGs,231,-3,12,0.052
hDeltaL,PFGs,231,0,11,0.048
hDeltaL,PFGs,231,1,30,0.13
hDeltaL,PFGs,231,2,40,0.173
hDeltaL,PFGs,231,3,63,0.273
hDeltaL,PFGs,231,4,75,0.325
FC2B,FC2C,228,-3,8,0.035
FC2B,FC2C,228,-2,12,0.053
FC2B,FC2C,228,-1,26,0.114
FC2B,FC2C,228,0,135,0.592
FC2B,FC2C,228,1,24,0.105
FC2B,FC2C,228,2,9,0.039
FC2B,FC2C,228,3,6,0.026
FC2B,FC2C,228,4,8,0.035
vDeltaC,FS2,227,-2,10,0.044
vDeltaC,FS2,227,-1,28,0.123
vDeltaC,FS2,227,0,107,0.471
vDeltaC,FS2,227,1,66,0.291
vDeltaC,FS2,227,2,15,0.066
vDeltaC,FS2,227,4,1,0.004
hDeltaF,FS1A_b,225,-3,81,0.36
hDeltaF,FS1A_b,225,-2,44,0.196
hDeltaF,FS1A_b,225,-1,33,0.147
hDeltaF,FS1A_b,225,0,6,0.027
hDeltaF,FS1A_b,225,3,9,0.04
hDeltaF,FS1A_b,225,4,52,0.231
vDeltaL,vDeltaL,224,-3,5,0.022
vDeltaL,vDeltaL,224,-1,37,0.165
vDeltaL,vDeltaL,224,0,124,0.554
vDeltaL,vDeltaL,224,1,53,0.237
vDeltaL,vDeltaL,224,2,4,0.018
vDeltaL,vDeltaL,224,3,1,0.004
FS1A_a,FS1A_a,224,-3,24,0.107
FS1A_a,FS1A_a,224,-2,33,0.147
FS1A_a,FS1A_a,224,-1,33,0.147
FS1A_a,FS1A_a,224,0,27,0.121
FS1A_a,FS1A_a,224,1,32,0.143
FS1A_a,FS1A_a,224,2,30,0.134
FS1A_a,FS1A_a,224,3,20,0.089
FS1A_a,FS1A_a,224,4,25,0.112
FC3_c,vDeltaG,222,-3,3,0.014
FC3_c,vDeltaG,222,-2,2,0.009
FC3_c,vDeltaG,222,-1,33,0.149
FC3_c,vDeltaG,222,0,113,0.509
FC3_c,vDeltaG,222,1,71,0.32
vDeltaI_b,FC2B,222,-2,13,0.059
vDeltaI_b,FC2B,222,-1,44,0.198
vDeltaI_b,FC2B,222,0,89,0.401
vDeltaI_b,FC2B,222,1,71,0.32
vDeltaI_b,FC2B,222,2,5,0.023
FC3_c,FC1C_b,221,-2,1,0.005
FC3_c,FC1C_b,221,-1,26,0.118
FC3_c,FC1C_b,221,0,142,0.643
FC3_c,FC1C_b,221,1,46,0.208
FC3_c,FC1C_b,221,2,6,0.027
FC1D,FC1A,221,-3,2,0.009
FC1D,FC1A,221,-2,3,0.014
FC1D,FC1A,221,-1,45,0.204
FC1D,FC1A,221,0,107,0.484
FC1D,FC1A,221,1,47,0.213
FC1D,FC1A,221,2,8,0.036
FC1D,FC1A,221,3,4,0.018
FC1D,FC1A,221,4,5,0.023
hDeltaJ,vDeltaE,220,-2,3,0.014
hDeltaJ,vDeltaE,220,0,11,0.05
hDeltaJ,vDeltaE,220,1,57,0.259
hDeltaJ,vDeltaE,220,2,65,0.295
hDeltaJ,vDeltaE,220,3,50,0.227
hDeltaJ,vDeltaE,220,4,34,0.155
vDeltaA_a,vDeltaA_b,220,-2,8,0.036
vDeltaA_a,vDeltaA_b,220,-1,46,0.209
vDeltaA_a,vDeltaA_b,220,0,109,0.495
vDeltaA_a,vDeltaA_b,220,1,49,0.223
vDeltaA_a,vDeltaA_b,220,2,8,0.036
PFNm_b,hDeltaF,217,-3,41,0.189
PFNm_b,hDeltaF,217,-2,81,0.373
PFNm_b,hDeltaF,217,-1,45,0.207
PFNm_b,hDeltaF,217,0,39,0.18
PFNm_b,hDeltaF,217,1,6,0.028
PFNm_b,hDeltaF,217,4,5,0.023
FC3_a,vDeltaI_b,217,-2,1,0.005
FC3_a,vDeltaI_b,217,-1,62,0.286
FC3_a,vDeltaI_b,217,0,108,0.498
FC3_a,vDeltaI_b,217,1,38,0.175
FC3_a,vDeltaI_b,217,2,8,0.037
FC2A,FS1A_b,217,-1,47,0.217
FC2A,FS1A_b,217,0,157,0.724
FC2A,FS1A_b,217,1,13,0.06
FC2A,FS1B_a,217,-1,38,0.175
FC2A,FS1B_a,217,0,152,0.7
FC2A,FS1B_a,217,1,27,0.124
vDeltaJ,hDeltaH,216,-3,6,0.028
vDeltaJ,hDeltaH,216,-1,31,0.144
vDeltaJ,hDeltaH,216,0,112,0.519
vDeltaJ,hDeltaH,216,1,37,0.171
vDeltaJ,hDeltaH,216,2,2,0.009
vDeltaJ,hDeltaH,216,3,8,0.037
vDeltaJ,hDeltaH,216,4,20,0.093
PFNm_a,hDeltaJ,216,-1,15,0.069
PFNm_a,hDeltaJ,216,0,56,0.259
PFNm_a,hDeltaJ,216,1,57,0.264
PFNm_a,hDeltaJ,216,2,30,0.139
PFNm_a,hDeltaJ,216,3,56,0.259
PFNm_a,hDeltaJ,216,4,2,0.009
hDeltaA,hDeltaJ,216,-3,8,0.037
hDeltaA,hDeltaJ,216,-2,42,0.194
hDeltaA,hDeltaJ,216,-1,19,0.088
hDeltaA,hDeltaJ,216,0,27,0.125
hDeltaA,hDeltaJ,216,1,13,0.06
hDeltaA,hDeltaJ,216,2,77,0.356
hDeltaA,hDeltaJ,216,3,29,0.134
hDeltaA,hDeltaJ,216,4,1,0.005
FS4A,FS4B,216,-3,24,0.111
FS4A,FS4B,216,-2,21,0.097
FS4A,FS4B,216,-1,26,0.12
FS4A,FS4B,216,0,53,0.245
FS4A,FS4B,216,1,30,0.139
FS4A,FS4B,216,2,23,0.106
FS4A,FS4B,216,3,12,0.056
FS4A,FS4B,216,4,27,0.125
hDeltaC,PFGs,215,-3,20,0.093
hDeltaC,PFGs,215,-2,1,0.005
hDeltaC,PFGs,215,-1,2,0.009
hDeltaC,PFGs,215,0,13,0.06
hDeltaC,PFGs,215,1,33,0.153
hDeltaC,PFGs,215,2,41,0.191
hDeltaC,PFGs,215,3,61,0.284
hDeltaC,PFGs,215,4,44,0.205
FC3_c,FC3_b,214,-2,4,0.019
FC3_c,FC3_b,214,-1,42,0.196
FC3_c,FC3_b,214,0,132,0.617
FC3_c,FC3_b,214,1,36,0.168
vDeltaE,PFGs,213,-1,36,0.169
vDeltaE,PFGs,213,0,124,0.582
vDeltaE,PFGs,213,1,46,0.216
vDeltaE,PFGs,213,2,7,0.033
vDeltaG,hDeltaG,212,-2,6,0.028
vDeltaG,hDeltaG,212,-1,107,0.505
vDeltaG,hDeltaG,212,0,76,0.358
vDeltaG,hDeltaG,212,1,11,0.052
vDeltaG,hDeltaG,212,3,4,0.019
vDeltaG,hDeltaG,212,4,8,0.038
PFR_a,FC2A,212,-1,18,0.085
PFR_a,FC2A,212,0,154,0.726
PFR_a,FC2A,212,1,37,0.175
PFR_a,FC2A,212,2,3,0.014
hDeltaB,FS3_a,211,-3,4,0.019
hDeltaB,FS3_a,211,0,7,0.033
hDeltaB,FS3_a,211,1,47,0.223
hDeltaB,FS3_a,211,2,31,0.147
hDeltaB,FS3_a,211,3,64,0.303
hDeltaB,FS3_a,211,4,58,0.275
vDeltaH,FR1,211,-2,5,0.024
vDeltaH,FR1,211,-1,57,0.27
vDeltaH,FR1,211,0,70,0.332
vDeltaH,FR1,211,1,77,0.365
vDeltaH,FR1,211,2,2,0.009
vDeltaI_a,FC2B,211,-2,4,0.019
vDeltaI_a,FC2B,211,-1,63,0.299
vDeltaI_a,FC2B,211,0,89,0.422
vDeltaI_a,FC2B,211,1,49,0.232
vDeltaI_a,FC2B,211,2,6,0.028
vDeltaF,hDeltaM,208,-3,29,0.139
vDeltaF,hDeltaM,208,-2,23,0.111
vDeltaF,hDeltaM,208,-1,31,0.149
vDeltaF,hDeltaM,208,0,29,0.139
vDeltaF,hDeltaM,208,1,8,0.038
vDeltaF,hDeltaM,208,2,6,0.029
vDeltaF,hDeltaM,208,3,22,0.106
vDeltaF,hDeltaM,208,4,60,0.288
FC1E,FC1E,207,-3,8,0.039
FC1E,FC1E,207,-2,16,0.077
FC1E,FC1E,207,-1,33,0.159
FC1E,FC1E,207,0,68,0.329
FC1E,FC1E,207,1,37,0.179
FC1E,FC1E,207,2,14,0.068
FC1E,FC1E,207,3,12,0.058
FC1E,FC1E,207,4,19,0.092
FC3_a,hDeltaC,205,-3,8,0.039
FC3_a,hDeltaC,205,-2,2,0.01
FC3_a,hDeltaC,205,-1,25,0.122
FC3_a,hDeltaC,205,0,27,0.132
FC3_a,hDeltaC,205,1,59,0.288
FC3_a,hDeltaC,205,2,40,0.195
FC3_a,hDeltaC,205,3,21,0.102
FC3_a,hDeltaC,205,4,23,0.112
hDeltaA,vDeltaK,204,-3,6,0.029
hDeltaA,vDeltaK,204,-2,2,0.01
hDeltaA,vDeltaK,204,-1,19,0.093
hDeltaA,vDeltaK,204,0,30,0.147
hDeltaA,vDeltaK,204,1,45,0.221
hDeltaA,vDeltaK,204,2,44,0.216
hDeltaA,vDeltaK,204,3,25,0.123
hDeltaA,vDeltaK,204,4,33,0.162
hDeltaM,hDeltaA,203,-3,33,0.163
hDeltaM,hDeltaA,203,-2,72,0.355
hDeltaM,hDeltaA,203,-1,26,0.128
hDeltaM,hDeltaA,203,0,33,0.163
hDeltaM,hDeltaA,203,1,5,0.025
hDeltaM,hDeltaA,203,2,6,0.03
hDeltaM,hDeltaA,203,3,1,0.005
hDeltaM,hDeltaA,203,4,27,0.133
hDeltaM,hDeltaC,203,-3,34,0.167
hDeltaM,hDeltaC,203,-2,72,0.355
hDeltaM,hDeltaC,203,-1,47,0.232
hDeltaM,hDeltaC,203,0,24,0.118
hDeltaM,hDeltaC,203,2,2,0.01
hDeltaM,hDeltaC,203,4,24,0.118
hDeltaC,vDeltaG,203,-3,10,0.049
hDeltaC,vDeltaG,203,-1,1,0.005
hDeltaC,vDeltaG,203,0,18,0.089
hDeltaC,vDeltaG,203,1,73,0.36
hDeltaC,vDeltaG,203,2,47,0.232
hDeltaC,vDeltaG,203,3,15,0.074
hDeltaC,vDeltaG,203,4,39,0.192
FC2B,FS1B_b,203,-2,3,0.015
FC2B,FS1B_b,203,-1,20,0.099
FC2B,FS1B_b,203,0,153,0.754
FC2B,FS1B_b,203,1,26,0.128
FC2B,FS1B_b,203,2,1,0.005
vDeltaJ,PFL2,202,-1,22,0.109
vDeltaJ,PFL2,202,0,109,0.54
vDeltaJ,PFL2,202,1,67,0.332
vDeltaJ,PFL2,202,2,4,0.02
PFR_a,hDeltaC,202,-3,17,0.084
PFR_a,hDeltaC,202,-2,21,0.104
PFR_a,hDeltaC,202,-1,25,0.124
PFR_a,hDeltaC,202,0,23,0.114
PFR_a,hDeltaC,202,1,21,0.104
PFR_a,hDeltaC,202,2,27,0.134
PFR_a,hDeltaC,202,3,26,0.129
PFR_a,hDeltaC,202,4,42,0.208
vDeltaD,FC2C,202,-2,2,0.01
vDeltaD,FC2C,202,-1,34,0.168
vDeltaD,FC2C,202,0,88,0.436
vDeltaD,FC2C,202,1,70,0.347
vDeltaD,FC2C,202,2,8,0.04
FC2C,FC2B,201,-3,7,0.035
FC2C,FC2B,201,-2,3,0.015
FC2C,FC2B,201,-1,21,0.104
FC2C,FC2B,201,0,116,0.577
FC2C,FC2B,201,1,26,0.129
FC2C,FC2B,201,2,10,0.05
FC2C,FC2B,201,3,6,0.03
FC2C,FC2B,201,4,12,0.06
FC3_c,FC3_a,200,-2,1,0.005
FC3_c,FC3_a,200,-1,30,0.15
FC3_c,FC3_a,200,0,129,0.645
FC3_c,FC3_a,200,1,37,0.185
FC3_c,FC3_a,200,2,3,0.015
PFNm_a,vDeltaB,200,-2,11,0.055
PFNm_a,vDeltaB,200,-1,53,0.265
PFNm_a,vDeltaB,200,0,113,0.565
PFNm_a,vDeltaB,200,1,23,0.115
PFR_a,PFNd,200,-1,101,0.505
PFR_a,PFNd,200,0,99,0.495
hDeltaM,FS1A_b,199,-3,104,0.523
hDeltaM,FS1A_b,199,4,95,0.477
vDeltaB,hDeltaF,197,-3,14,0.071
vDeltaB,hDeltaF,197,-2,75,0.381
vDeltaB,hDeltaF,197,-1,67,0.34
vDeltaB,hDeltaF,197,0,21,0.107
vDeltaB,hDeltaF,197,1,4,0.02
vDeltaB,hDeltaF,197,2,7,0.036
vDeltaB,hDeltaF,197,3,5,0.025
vDeltaB,hDeltaF,197,4,4,0.02
vDeltaG,FR1,197,-2,4,0.02
vDeltaG,FR1,197,-1,46,0.234
vDeltaG,FR1,197,0,88,0.447
vDeltaG,FR1,197,1,55,0.279
vDeltaG,FR1,197,2,4,0.02
hDeltaL,hDeltaF,196,-3,10,0.051
hDeltaL,hDeltaF,196,-2,4,0.02
hDeltaL,hDeltaF,196,-1,30,0.153
hDeltaL,hDeltaF,196,0,45,0.23
hDeltaL,hDeltaF,196,1,24,0.122
hDeltaL,hDeltaF,196,2,63,0.321
hDeltaL,hDeltaF,196,3,20,0.102
PFNd,vDeltaL,196,-1,11,0.056
PFNd,vDeltaL,196,0,99,0.505
PFNd,vDeltaL,196,1,86,0.439
hDeltaB,PFL1,195,-3,12,0.062
hDeltaB,PFL1,195,-2,1,0.005
hDeltaB,PFL1,195,0,8,0.041
hDeltaB,PFL1,195,1,12,0.062
hDeltaB,PFL1,195,2,43,0.221
hDeltaB,PFL1,195,3,70,0.359
hDeltaB,PFL1,195,4,49,0.251
vDeltaE,FC2C,195,-2,5,0.026
vDeltaE,FC2C,195,-1,33,0.169
vDeltaE,FC2C,195,0,90,0.462
vDeltaE,FC2C,195,1,58,0.297
vDeltaE,FC2C,195,2,7,0.036
vDeltaE,FC2C,195,3,2,0.01
vDeltaB,vDeltaC,195,-2,2,0.01
vDeltaB,vDeltaC,195,-1,47,0.241
vDeltaB,vDeltaC,195,0,94,0.482
vDeltaB,vDeltaC,195,1,43,0.221
vDeltaB,vDeltaC,195,2,8,0.041
vDeltaB,vDeltaC,195,3,1,0.005
hDeltaB,FS3_d,194,0,1,0.005
hDeltaB,FS3_d,194,1,55,0.284
hDeltaB,FS3_d,194,2,30,0.155
hDeltaB,FS3_d,194,3,38,0.196
hDeltaB,FS3_d,194,4,70,0.361
vDeltaJ,vDeltaI_b,194,-3,3,0.015
vDeltaJ,vDeltaI_b,194,-2,5,0.026
vDeltaJ,vDeltaI_b,194,-1,36,0.186
vDeltaJ,vDeltaI_b,194,0,97,0.5
vDeltaJ,vDeltaI_b,194,1,49,0.253
vDeltaJ,vDeltaI_b,194,2,1,0.005
vDeltaJ,vDeltaI_b,194,3,3,0.015
FC1C_b,FC1E,194,-3,12,0.062
FC1C_b,FC1E,194,-2,16,0.082
FC1C_b,FC1E,194,-1,34,0.175
FC1C_b,FC1E,194,0,80,0.412
FC1C_b,FC1E,194,1,26,0.134
FC1C_b,FC1E,194,2,11,0.057
FC1C_b,FC1E,194,3,10,0.052
FC1C_b,FC1E,194,4,5,0.026
PFR_a,vDeltaK,194,-2,3,0.015
PFR_a,vDeltaK,194,-1,36,0.186
PFR_a,vDeltaK,194,0,129,0.665
PFR_a,vDeltaK,194,1,26,0.134
PFNd,hDeltaH,193,-3,14,0.073
PFNd,hDeltaH,193,-1,1,0.005
PFNd,hDeltaH,193,0,12,0.062
PFNd,hDeltaH,193,1,1,0.005
PFNd,hDeltaH,193,3,4,0.021
PFNd,hDeltaH,193,4,161,0.834
hDeltaG,FS1A_b,192,-3,73,0.38
hDeltaG,FS1A_b,192,-2,14,0.073
hDeltaG,FS1A_b,192,3,4,0.021
hDeltaG,FS1A_b,192,4,101,0.526
hDeltaF,FC2B,191,-3,82,0.429
hDeltaF,FC2B,191,-2,71,0.372
hDeltaF,FC2B,191,-1,20,0.105
hDeltaF,FC2B,191,0,1,0.005
hDeltaF,FC2B,191,1,2,0.01
hDeltaF,FC2B,191,3,2,0.01
hDeltaF,FC2B,191,4,13,0.068
hDeltaH,PFR_b,191,-3,106,0.555
hDeltaH,PFR_b,191,-2,1,0.005
hDeltaH,PFR_b,191,0,2,0.01
hDeltaH,PFR_b,191,3,5,0.026
hDeltaH,PFR_b,191,4,77,0.403
FC1B,FR1,189,-1,31,0.164
FC1B,FR1,189,0,116,0.614
FC1B,FR1,189,1,39,0.206
FC1B,FR1,189,2,3,0.016
vDeltaJ,PFL3,188,-1,16,0.085
vDeltaJ,PFL3,188,0,107,0.569
vDeltaJ,PFL3,188,1,58,0.309
vDeltaJ,PFL3,188,2,7,0.037
hDeltaD,hDeltaF,187,-2,1,0.005
hDeltaD,hDeltaF,187,-1,2,0.011
hDeltaD,hDeltaF,187,0,4,0.021
hDeltaD,hDeltaF,187,1,1,0.005
hDeltaD,hDeltaF,187,2,46,0.246
hDeltaD,hDeltaF,187,3,77,0.412
hDeltaD,hDeltaF,187,4,56,0.299
vDeltaG,FS2,187,-2,2,0.011
vDeltaG,FS2,187,-1,54,0.289
vDeltaG,FS2,187,0,103,0.551
vDeltaG,FS2,187,1,26,0.139
vDeltaG,FS2,187,2,2,0.011
hDeltaB,FS3_c,185,0,4,0.022
hDeltaB,FS3_c,185,1,69,0.373
hDeltaB,FS3_c,185,2,13,0.07
hDeltaB,FS3_c,185,3,33,0.178
hDeltaB,FS3_c,185,4,66,0.357
FC1B,FC1F,185,-3,1,0.005
FC1B,FC1F,185,-2,2,0.011
FC1B,FC1F,185,-1,50,0.27
FC1B,FC1F,185,0,99,0.535
FC1B,FC1F,185,1,25,0.135
FC1B,FC1F,185,2,5,0.027
FC1B,FC1F,185,3,2,0.011
FC1B,FC1F,185,4,1,0.005
hDeltaC,PFR_a,183,-3,11,0.06
hDeltaC,PFR_a,183,0,5,0.027
hDeltaC,PFR_a,183,1,37,0.202
hDeltaC,PFR_a,183,2,55,0.301
hDeltaC,PFR_a,183,3,32,0.175
hDeltaC,PFR_a,183,4,43,0.235
vDeltaL,vDeltaI_b,183,-2,1,0.005
vDeltaL,vDeltaI_b,183,-1,33,0.18
vDeltaL,vDeltaI_b,183,0,103,0.563
vDeltaL,vDeltaI_b,183,1,45,0.246
vDeltaL,vDeltaI_b,183,2,1,0.005
FS4B,FS4B,182,-3,22,0.121
FS4B,FS4B,182,-2,19,0.104
FS4B,FS4B,182,-1,37,0.203
FS4B,FS4B,182,0,18,0.099
FS4B,FS4B,182,1,20,0.11
FS4B,FS4B,182,2,32,0.176
FS4B,FS4B,182,3,21,0.115
FS4B,FS4B,182,4,13,0.071
hDeltaG,PFL2,180,-3,68,0.378
hDeltaG,PFL2,180,-2,6,0.033
hDeltaG,PFL2,180,0,1,0.006
hDeltaG,PFL2,180,3,8,0.044
hDeltaG,PFL2,180,4,97,0.539
hDeltaA,FS1B_a,180,-3,19,0.106
hDeltaA,FS1B_a,180,-2,1,0.006
hDeltaA,FS1B_a,180,0,9,0.05
hDeltaA,FS1B_a,180,1,29,0.161
hDeltaA,FS1B_a,180,2,46,0.256
hDeltaA,FS1B_a,180,3,58,0.322
hDeltaA,FS1B_a,180,4,18,0.1
vDeltaI_b,FR1,178,-2,4,0.022
vDeltaI_b,FR1,178,-1,22,0.124
vDeltaI_b,FR1,178,0,90,0.506
vDeltaI_b,FR1,178,1,56,0.315
vDeltaI_b,FR1,178,2,6,0.034
PFR_a,hDeltaK,177,-3,19,0.107
PFR_a,hDeltaK,177,-2,7,0.04
PFR_a,hDeltaK,177,-1,16,0.09
PFR_a,hDeltaK,177,0,18,0.102
PFR_a,hDeltaK,177,1,26,0.147
PFR_a,hDeltaK,177,2,37,0.209
PFR_a,hDeltaK,177,3,33,0.186
PFR_a,hDeltaK,177,4,21,0.119
FC1A,FC3_a,176,-1,43,0.244
FC1A,FC3_a,176,0,95,0.54
FC1A,FC3_a,176,1,36,0.205
FC1A,FC3_a,176,2,1,0.006
FC1A,FC3_a,176,4,1,0.006
FC1A,FC1F,176,-1,36,0.205
FC1A,FC1F,176,0,102,0.58
FC1A,FC1F,176,1,32,0.182
FC1A,FC1F,176,2,4,0.023
FC1A,FC1F,176,3,1,0.006
FC1A,FC1F,176,4,1,0.006
FC3_b,FC3_b,175,-2,1,0.006
FC3_b,FC3_b,175,-1,27,0.154
FC3_b,FC3_b,175,0,124,0.709
FC3_b,FC3_b,175,1,22,0.126
FC3_b,FC3_b,175,2,1,0.006
vDeltaH,FC2B,175,-3,2,0.011
vDeltaH,FC2B,175,-2,6,0.034
vDeltaH,FC2B,175,-1,43,0.246
vDeltaH,FC2B,175,0,57,0.326
vDeltaH,FC2B,175,1,56,0.32
vDeltaH,FC2B,175,2,11,0.063
PFR_a,FS2,175,-2,1,0.006
PFR_a,FS2,175,-1,17,0.097
PFR_a,FS2,175,0,131,0.749
PFR_a,FS2,175,1,24,0.137
PFR_a,FS2,175,2,2,0.011
PFR_b,hDeltaJ,175,-3,7,0.04
PFR_b,hDeltaJ,175,-2,12,0.069
PFR_b,hDeltaJ,175,-1,7,0.04
PFR_b,hDeltaJ,175,0,19,0.109
PFR_b,hDeltaJ,175,1,40,0.229
PFR_b,hDeltaJ,175,2,47,0.269
PFR_b,hDeltaJ,175,3,30,0.171
PFR_b,hDeltaJ,175,4,13,0.074
PFNa,FR1,174,-1,30,0.172
PFNa,FR1,174,0,126,0.724
PFNa,FR1,174,1,18,0.103
PFR_a,FC3_a,173,-2,1,0.006
PFR_a,FC3_a,173,-1,8,0.046
PFR_a,FC3_a,173,0,149,0.861
PFR_a,FC3_a,173,1,12,0.069
PFR_a,FC3_a,173,2,3,0.017
FS1A_b,FS1A_a,173,-3,25,0.145
FS1A_b,FS1A_a,173,-2,15,0.087
FS1A_b,FS1A_a,173,-1,28,0.162
FS1A_b,FS1A_a,173,0,21,0.121
FS1A_b,FS1A_a,173,1,23,0.133
FS1A_b,FS1A_a,173,2,26,0.15
FS1A_b,FS1A_a,173,3,20,0.116
FS1A_b,FS1A_a,173,4,15,0.087
hDeltaH,hDeltaH,172,-3,5,0.029
hDeltaH,hDeltaH,172,1,1,0.006
hDeltaH,hDeltaH,172,3,12,0.07
hDeltaH,hDeltaH,172,4,154,0.895
FC1A,FR2,172,-3,1,0.006
FC1A,FR2,172,-2,3,0.017
FC1A,FR2,172,-1,41,0.238
FC1A,FR2,172,0,95,0.552
FC1A,FR2,172,1,32,0.186
FC1C_b,FC1C_b,172,-3,17,0.099
FC1C_b,FC1C_b,172,-2,15,0.087
FC1C_b,FC1C_b,172,-1,31,0.18
FC1C_b,FC1C_b,172,0,32,0.186
FC1C_b,FC1C_b,172,1,27,0.157
FC1C_b,FC1C_b,172,2,17,0.099
FC1C_b,FC1C_b,172,3,14,0.081
FC1C_b,FC1C_b,172,4,19,0.11
hDeltaL,FS4C,171,-3,29,0.17
hDeltaL,FS4C,171,0,5,0.029
hDeltaL,FS4C,171,1,24,0.14
hDeltaL,FS4C,171,2,28,0.164
hDeltaL,FS4C,171,3,33,0.193
hDeltaL,FS4C,171,4,52,0.304
FC1B,PFL1,171,-2,4,0.023
FC1B,PFL1,171,-1,47,0.275
FC1B,PFL1,171,0,85,0.497
FC1B,PFL1,171,1,32,0.187
FC1B,PFL1,171,2,3,0.018
PFNm_a,hDeltaF,168,-3,34,0.202
PFNm_a,hDeltaF,168,-2,37,0.22
PFNm_a,hDeltaF,168,-1,67,0.399
PFNm_a,hDeltaF,168,0,29,0.173
PFNm_a,hDeltaF,168,4,1,0.006
PFR_a,PFGs,167,-2,4,0.024
PFR_a,PFGs,167,-1,9,0.054
PFR_a,PFGs,167,0,134,0.802
PFR_a,PFGs,167,1,12,0.072
PFR_a,PFGs,167,2,2,0.012
PFR_a,PFGs,167,3,3,0.018
PFR_a,PFGs,167,4,3,0.018
FS1A_c,FS1A_c,166,-3,31,0.187
FS1A_c,FS1A_c,166,-2,20,0.12
FS1A_c,FS1A_c,166,-1,26,0.157
FS1A_c,FS1A_c,166,0,10,0.06
FS1A_c,FS1A_c,166,1,28,0.169
FS1A_c,FS1A_c,166,2,15,0.09
FS1A_c,FS1A_c,166,3,22,0.133
FS1A_c,FS1A_c,166,4,14,0.084
PFNd,hDeltaG,165,-3,20,0.121
PFNd,hDeltaG,165,-1,1,0.006
PFNd,hDeltaG,165,0,62,0.376
PFNd,hDeltaG,165,1,3,0.018
PFNd,hDeltaG,165,4,79,0.479
hDeltaC,FS1A_a,164,-3,23,0.14
hDeltaC,FS1A_a,164,-2,5,0.03
hDeltaC,FS1A_a,164,0,6,0.037
hDeltaC,FS1A_a,164,1,38,0.232
hDeltaC,FS1A_a,164,2,42,0.256
hDeltaC,FS1A_a,164,3,28,0.171
hDeltaC,FS1A_a,164,4,22,0.134
FC1F,FR1,163,-2,1,0.006
FC1F,FR1,163,-1,28,0.172
FC1F,FR1,163,0,89,0.546
FC1F,FR1,163,1,42,0.258
FC1F,FR1,163,2,3,0.018
hDeltaM,PFR_b,163,-3,72,0.442
hDeltaM,PFR_b,163,-2,1,0.006
hDeltaM,PFR_b,163,4,90,0.552
PFR_b,FS2,163,-2,6,0.037
PFR_b,FS2,163,-1,32,0.196
PFR_b,FS2,163,0,103,0.632
PFR_b,FS2,163,1,22,0.135
PFR_a,vDeltaF,163,-2,3,0.018
PFR_a,vDeltaF,163,-1,45,0.276
PFR_a,vDeltaF,163,0,81,0.497
PFR_a,vDeltaF,163,1,30,0.184
PFR_a,vDeltaF,163,2,4,0.025
hDeltaE,hDeltaD,162,-3,14,0.086
hDeltaE,hDeltaD,162,-1,1,0.006
hDeltaE,hDeltaD,162,0,32,0.198
hDeltaE,hDeltaD,162,1,1,0.006
hDeltaE,hDeltaD,162,3,6,0.037
hDeltaE,hDeltaD,162,4,108,0.667
PFNm_a,vDeltaE,162,-2,8,0.049
PFNm_a,vDeltaE,162,-1,19,0.117
PFNm_a,vDeltaE,162,0,129,0.796
PFNm_a,vDeltaE,162,1,6,0.037
hDeltaD,hDeltaD,161,-3,22,0.137
hDeltaD,hDeltaD,161,-1,4,0.025
hDeltaD,hDeltaD,161,1,2,0.012
hDeltaD,hDeltaD,161,3,19,0.118
hDeltaD,hDeltaD,161,4,114,0.708
FC3_b,FC1C_b,161,-2,3,0.019
FC3_b,FC1C_b,161,-1,20,0.124
FC3_b,FC1C_b,161,0,108,0.671
FC3_b,FC1C_b,161,1,28,0.174
FC3_b,FC1C_b,161,2,2,0.012
vDeltaI_a,vDeltaG,161,-2,8,0.05
vDeltaI_a,vDeltaG,161,-1,38,0.236
vDeltaI_a,vDeltaG,161,0,69,0.429
vDeltaI_a,vDeltaG,161,1,39,0.242
vDeltaI_a,vDeltaG,161,2,5,0.031
vDeltaI_a,vDeltaG,161,3,2,0.012
hDeltaI,PFR_b,160,-3,7,0.044
hDeltaI,PFR_b,160,-2,1,0.006
hDeltaI,PFR_b,160,0,4,0.025
hDeltaI,PFR_b,160,1,41,0.256
hDeltaI,PFR_b,160,2,37,0.231
hDeltaI,PFR_b,160,3,38,0.237
hDeltaI,PFR_b,160,4,32,0.2
vDeltaH,vDeltaI_a,156,-3,3,0.019
vDeltaH,vDeltaI_a,156,-2,4,0.026
vDeltaH,vDeltaI_a,156,-1,42,0.269
vDeltaH,vDeltaI_a,156,0,64,0.41
vDeltaH,vDeltaI_a,156,1,35,0.224
vDeltaH,vDeltaI_a,156,2,8,0.051
FC3_c,vDeltaD,156,-2,3,0.019
FC3_c,vDeltaD,156,-1,34,0.218
FC3_c,vDeltaD,156,0,80,0.513
FC3_c,vDeltaD,156,1,37,0.237
FC3_c,vDeltaD,156,2,2,0.013
PFNm_a,vDeltaI_a,156,-2,1,0.006
PFNm_a,vDeltaI_a,156,-1,25,0.16
PFNm_a,vDeltaI_a,156,0,121,0.776
PFNm_a,vDeltaI_a,156,1,9,0.058
FC1C_b,FC1D,156,-3,1,0.006
FC1C_b,FC1D,156,-2,1,0.006
FC1C_b,FC1D,156,-1,33,0.212
FC1C_b,FC1D,156,0,98,0.628
FC1C_b,FC1D,156,1,17,0.109
FC1C_b,FC1D,156,2,4,0.026
FC1C_b,FC1D,156,3,2,0.013
FC1B,FC1B,156,-2,5,0.032
FC1B,FC1B,156,-1,39,0.25
FC1B,FC1B,156,0,72,0.462
FC1B,FC1B,156,1,35,0.224
FC1B,FC1B,156,2,4,0.026
FC1B,FC1B,156,4,1,0.006
FC2B,hDeltaC,156,-3,2,0.013
FC2B,hDeltaC,156,-2,3,0.019
FC2B,hDeltaC,156,-1,13,0.083
FC2B,hDeltaC,156,0,21,0.135
FC2B,hDeltaC,156,1,47,0.301
FC2B,hDeltaC,156,2,34,0.218
FC2B,hDeltaC,156,3,28,0.179
FC2B,hDeltaC,156,4,8,0.051
hDeltaL,FS1B_b,155,-3,14,0.09
hDeltaL,FS1B_b,155,0,28,0.181
hDeltaL,FS1B_b,155,1,22,0.142
hDeltaL,FS1B_b,155,2,43,0.277
hDeltaL,FS1B_b,155,3,18,0.116
hDeltaL,FS1B_b,155,4,30,0.194
FC1D,FC1B,155,-2,2,0.013
FC1D,FC1B,155,-1,23,0.148
FC1D,FC1B,155,0,84,0.542
FC1D,FC1B,155,1,43,0.277
FC1D,FC1B,155,2,2,0.013
FC1D,FC1B,155,4,1,0.006
FC2A,hDeltaA,154,-3,2,0.013
FC2A,hDeltaA,154,-2,2,0.013
FC2A,hDeltaA,154,-1,8,0.052
FC2A,hDeltaA,154,0,25,0.162
FC2A,hDeltaA,154,1,41,0.266
FC2A,hDeltaA,154,2,50,0.325
FC2A,hDeltaA,154,3,21,0.136
FC2A,hDeltaA,154,4,5,0.032
PFR_a,FC3_b,154,-1,10,0.065
PFR_a,FC3_b,154,0,113,0.734
PFR_a,FC3_b,154,1,31,0.201
FC1C_b,FC1C_a,154,-3,15,0.097
FC1C_b,FC1C_a,154,-2,26,0.169
FC1C_b,FC1C_a,154,-1,19,0.123
FC1C_b,FC1C_a,154,0,48,0.312
FC1C_b,FC1C_a,154,1,16,0.104
FC1C_b,FC1C_a,154,2,11,0.071
FC1C_b,FC1C_a,154,3,8,0.052
FC1C_b,FC1C_a,154,4,11,0.071
hDeltaC,hDeltaL,152,-3,20,0.132
hDeltaC,hDeltaL,152,-2,26,0.171
hDeltaC,hDeltaL,152,-1,13,0.086
hDeltaC,hDeltaL,152,0,28,0.184
hDeltaC,hDeltaL,152,1,11,0.072
hDeltaC,hDeltaL,152,2,44,0.289
hDeltaC,hDeltaL,152,3,5,0.033
hDeltaC,hDeltaL,152,4,5,0.033
vDeltaB,PFGs,152,-3,1,0.007
vDeltaB,PFGs,152,-2,1,0.007
vDeltaB,PFGs,152,-1,16,0.105
vDeltaB,PFGs,152,0,80,0.526
vDeltaB,PFGs,152,1,53,0.349
vDeltaB,PFGs,152,2,1,0.007
FC1A,FC1A,151,-3,7,0.046
FC1A,FC1A,151,-2,8,0.053
FC1A,FC1A,151,-1,45,0.298
FC1A,FC1A,151,0,22,0.146
FC1A,FC1A,151,1,45,0.298
FC1A,FC1A,151,2,6,0.04
FC1A,FC1A,151,3,11,0.073
FC1A,FC1A,151,4,7,0.046
PFR_a,hDeltaG,150,-1,54,0.36
PFR_a,hDeltaG,150,0,55,0.367
PFR_a,hDeltaG,150,3,14,0.093
PFR_a,hDeltaG,150,4,27,0.18
PFGs,hDeltaC,149,-3,28,0.188
PFGs,hDeltaC,149,-2,18,0.121
PFGs,hDeltaC,149,-1,13,0.087
PFGs,hDeltaC,149,0,21,0.141
PFGs,hDeltaC,149,1,10,0.067
PFGs,hDeltaC,149,2,14,0.094
PFGs,hDeltaC,149,3,17,0.114
PFGs,hDeltaC,149,4,28,0.188
FC1F,FC1A,149,-1,25,0.168
FC1F,FC1A,149,0,86,0.577
FC1F,FC1A,149,1,35,0.235
FC1F,FC1A,149,2,2,0.013
FC1F,FC1A,149,3,1,0.007
hDeltaJ,hDeltaM,149,-2,3,0.02
hDeltaJ,hDeltaM,149,-1,2,0.013
hDeltaJ,hDeltaM,149,0,22,0.148
hDeltaJ,hDeltaM,149,1,25,0.168
hDeltaJ,hDeltaM,149,2,37,0.248
hDeltaJ,hDeltaM,149,3,39,0.262
hDeltaJ,hDeltaM,149,4,21,0.141
vDeltaM,vDeltaM,149,-2,4,0.027
vDeltaM,vDeltaM,149,-1,13,0.087
vDeltaM,vDeltaM,149,0,85,0.57
vDeltaM,vDeltaM,149,1,37,0.248
vDeltaM,vDeltaM,149,2,10,0.067
FC1B,FS1B_b,147,-2,1,0.007
FC1B,FS1B_b,147,-1,27,0.184
FC1B,FS1B_b,147,0,109,0.741
FC1B,FS1B_b,147,1,10,0.068
FC1F,FC1B,146,-3,2,0.014
FC1F,FC1B,146,-2,1,0.007
FC1F,FC1B,146,-1,7,0.048
FC1F,FC1B,146,0,92,0.63
FC1F,FC1B,146,1,43,0.295
FC1F,FC1B,146,4,1,0.007
hDeltaE,FS1A_b,145,-3,78,0.538
hDeltaE,FS1A_b,145,-2,4,0.028
hDeltaE,FS1A_b,145,3,10,0.069
hDeltaE,FS1A_b,145,4,53,0.366
FC3_a,FC3_b,145,-2,2,0.014
FC3_a,FC3_b,145,-1,18,0.124
FC3_a,FC3_b,145,0,91,0.628
FC3_a,FC3_b,145,1,34,0.234
PFR_a,hDeltaM,144,-1,38,0.264
PFR_a,hDeltaM,144,0,41,0.285
PFR_a,hDeltaM,144,1,1,0.007
PFR_a,hDeltaM,144,3,25,0.174
PFR_a,hDeltaM,144,4,39,0.271
FS1A_b,FS1A_c,144,-3,17,0.118
FS1A_b,FS1A_c,144,-2,11,0.076
FS1A_b,FS1A_c,144,-1,27,0.188
FS1A_b,FS1A_c,144,0,11,0.076
FS1A_b,FS1A_c,144,1,26,0.181
FS1A_b,FS1A_c,144,2,15,0.104
FS1A_b,FS1A_c,144,3,18,0.125
FS1A_b,FS1A_c,144,4,19,0.132
FC1F,hDeltaJ,143,-3,2,0.014
FC1F,hDeltaJ,143,-2,1,0.007
FC1F,hDeltaJ,143,-1,7,0.049
FC1F,hDeltaJ,143,0,24,0.168
FC1F,hDeltaJ,143,1,58,0.406
FC1F,hDeltaJ,143,2,30,0.21
FC1F,hDeltaJ,143,3,20,0.14
FC1F,hDeltaJ,143,4,1,0.007
PFR_b,hDeltaB,141,-3,25,0.177
PFR_b,hDeltaB,141,-2,42,0.298
PFR_b,hDeltaB,141,-1,27,0.191
PFR_b,hDeltaB,141,0,10,0.071
PFR_b,hDeltaB,141,1,11,0.078
PFR_b,hDeltaB,141,2,6,0.043
PFR_b,hDeltaB,141,3,4,0.028
PFR_b,hDeltaB,141,4,16,0.113
FS2,FS3_a,141,-3,9,0.064
FS2,FS3_a,141,-2,7,0.05
FS2,FS3_a,141,-1,16,0.113
FS2,FS3_a,141,0,58,0.411
FS2,FS3_a,141,1,21,0.149
FS2,FS3_a,141,2,15,0.106
FS2,FS3_a,141,3,8,0.057
FS2,FS3_a,141,4,7,0.05
hDeltaJ,FS1A_c,141,-3,3,0.021
hDeltaJ,FS1A_c,141,-1,4,0.028
hDeltaJ,FS1A_c,141,0,10,0.071
hDeltaJ,FS1A_c,141,1,23,0.163
hDeltaJ,FS1A_c,141,2,33,0.234
hDeltaJ,FS1A_c,141,3,38,0.27
hDeltaJ,FS1A_c,141,4,30,0.213
vDeltaI_b,vDeltaH,140,-2,4,0.029
vDeltaI_b,vDeltaH,140,-1,24,0.171
vDeltaI_b,vDeltaH,140,0,74,0.529
vDeltaI_b,vDeltaH,140,1,30,0.214
vDeltaI_b,vDeltaH,140,2,8,0.057
hDeltaC,hDeltaJ,140,-2,1,0.007
hDeltaC,hDeltaJ,140,-1,12,0.086
hDeltaC,hDeltaJ,140,0,110,0.786
hDeltaC,hDeltaJ,140,1,13,0.093
hDeltaC,hDeltaJ,140,2,4,0.029
FC1A,FC3_b,139,-3,3,0.022
FC1A,FC3_b,139,-2,3,0.022
FC1A,FC3_b,139,-1,22,0.158
FC1A,FC3_b,139,0,75,0.54
FC1A,FC3_b,139,1,30,0.216
FC1A,FC3_b,139,2,5,0.036
FC1A,FC3_b,139,3,1,0.007
FC2C,FS3_d,139,-1,17,0.122
FC2C,FS3_d,139,0,104,0.748
FC2C,FS3_d,139,1,18,0.129
vDeltaL,vDeltaM,139,-2,1,0.007
vDeltaL,vDeltaM,139,-1,32,0.23
vDeltaL,vDeltaM,139,0,90,0.647
vDeltaL,vDeltaM,139,1,16,0.115
FS4B,FS4C,139,-3,17,0.122
FS4B,FS4C,139,-2,11,0.079
FS4B,FS4C,139,-1,16,0.115
FS4B,FS4C,139,0,22,0.158
FS4B,FS4C,139,1,22,0.158
FS4B,FS4C,139,2,17,0.122
FS4B,FS4C,139,3,22,0.158
FS4B,FS4C,139,4,12,0.086
FC3_c,FC1E,138,-2,3,0.022
FC3_c,FC1E,138,-1,25,0.181
FC3_c,FC1E,138,0,82,0.594
FC3_c,FC1E,138,1,27,0.196
FC3_c,FC1E,138,2,1,0.007
FC1E,FS4C,138,-2,1,0.007
FC1E,FS4C,138,-1,21,0.152
FC1E,FS4C,138,0,91,0.659
FC1E,FS4C,138,1,25,0.181
hDeltaE,vDeltaB,138,-3,49,0.355
hDeltaE,vDeltaB,138,-2,4,0.029
hDeltaE,vDeltaB,138,2,1,0.007
hDeltaE,vDeltaB,138,3,12,0.087
hDeltaE,vDeltaB,138,4,72,0.522
FC1E,FC1A,138,-3,1,0.007
FC1E,FC1A,138,-1,16,0.116
FC1E,FC1A,138,0,96,0.696
FC1E,FC1A,138,1,23,0.167
FC1E,FC1A,138,2,1,0.007
FC1E,FC1A,138,4,1,0.007
FS1B_b,FS1B_b,138,-3,16,0.116
FS1B_b,FS1B_b,138,-2,19,0.138
FS1B_b,FS1B_b,138,-1,21,0.152
FS1B_b,FS1B_b,138,0,16,0.116
FS1B_b,FS1B_b,138,1,17,0.123
FS1B_b,FS1B_b,138,2,16,0.116
FS1B_b,FS1B_b,138,3,16,0.116
FS1B_b,FS1B_b,138,4,17,0.123
FC2B,FS2,137,-2,6,0.044
FC2B,FS2,137,-1,17,0.124
FC2B,FS2,137,0,88,0.642
FC2B,FS2,137,1,26,0.19
FC2B,FC2A,137,-3,8,0.058
FC2B,FC2A,137,-2,4,0.029
FC2B,FC2A,137,-1,12,0.088
FC2B,FC2A,137,0,75,0.547
FC2B,FC2A,137,1,19,0.139
FC2B,FC2A,137,2,10,0.073
FC2B,FC2A,137,3,4,0.029
FC2B,FC2A,137,4,5,0.036
hDeltaH,FS1B_b,136,-3,53,0.39
hDeltaH,FS1B_b,136,0,3,0.022
hDeltaH,FS1B_b,136,3,4,0.029
hDeltaH,FS1B_b,136,4,76,0.559
hDeltaI,PFR_a,136,-3,10,0.074
hDeltaI,PFR_a,136,0,1,0.007
hDeltaI,PFR_a,136,1,28,0.206
hDeltaI,PFR_a,136,2,42,0.309
hDeltaI,PFR_a,136,3,22,0.162
hDeltaI,PFR_a,136,4,33,0.243
vDeltaH,PFR_b,135,-2,5,0.037
vDeltaH,PFR_b,135,-1,36,0.267
vDeltaH,PFR_b,135,0,57,0.422
vDeltaH,PFR_b,135,1,27,0.2
vDeltaH,PFR_b,135,2,10,0.074
hDeltaM,hDeltaI,134,-3,19,0.142
hDeltaM,hDeltaI,134,-2,36,0.269
hDeltaM,hDeltaI,134,-1,26,0.194
hDeltaM,hDeltaI,134,0,23,0.172
hDeltaM,hDeltaI,134,1,3,0.022
hDeltaM,hDeltaI,134,2,1,0.007
hDeltaM,hDeltaI,134,3,4,0.03
hDeltaM,hDeltaI,134,4,22,0.164
FS1A_c,FS1A_b,134,-3,7,0.052
FS1A_c,FS1A_b,134,-2,18,0.134
FS1A_c,FS1A_b,134,-1,23,0.172
FS1A_c,FS1A_b,134,0,17,0.127
FS1A_c,FS1A_b,134,1,10,0.075
FS1A_c,FS1A_b,134,2,14,0.104
FS1A_c,FS1A_b,134,3,22,0.164
FS1A_c,FS1A_b,134,4,23,0.172
FC3_b,FC3_a,133,-2,1,0.008
FC3_b,FC3_a,133,-1,17,0.128
FC3_b,FC3_a,133,0,101,0.759
FC3_b,FC3_a,133,1,14,0.105
hDeltaC,hDeltaG,133,-3,2,0.015
hDeltaC,hDeltaG,133,-2,6,0.045
hDeltaC,hDeltaG,133,-1,6,0.045
hDeltaC,hDeltaG,133,0,17,0.128
hDeltaC,hDeltaG,133,1,17,0.128
hDeltaC,hDeltaG,133,2,29,0.218
hDeltaC,hDeltaG,133,3,30,0.226
hDeltaC,hDeltaG,133,4,26,0.195
vDeltaI_b,FC2A,133,-2,2,0.015
vDeltaI_b,FC2A,133,-1,17,0.128
vDeltaI_b,FC2A,133,0,65,0.489
vDeltaI_b,FC2A,133,1,43,0.323
vDeltaI_b,FC2A,133,2,6,0.045
FS3_d,FS3_d,132,-3,15,0.114
FS3_d,FS3_d,132,-2,21,0.159
FS3_d,FS3_d,132,-1,18,0.136
FS3_d,FS3_d,132,0,10,0.076
FS3_d,FS3_d,132,1,21,0.159
FS3_d,FS3_d,132,2,25,0.189
FS3_d,FS3_d,132,3,11,0.083
FS3_d,FS3_d,132,4,11,0.083
hDeltaM,FS1B_b,131,-3,60,0.458
hDeltaM,FS1B_b,131,3,6,0.046
hDeltaM,FS1B_b,131,4,65,0.496
vDeltaB,hDeltaL,131,-3,32,0.244
vDeltaB,hDeltaL,131,-2,15,0.115
vDeltaB,hDeltaL,131,-1,22,0.168
vDeltaB,hDeltaL,131,0,12,0.092
vDeltaB,hDeltaL,131,1,5,0.038
vDeltaB,hDeltaL,131,2,2,0.015
vDeltaB,hDeltaL,131,3,13,0.099
vDeltaB,hDeltaL,131,4,30,0.229
hDeltaF,FS4A,131,-3,61,0.466
hDeltaF,FS4A,131,-2,39,0.298
hDeltaF,FS4A,131,-1,8,0.061
hDeltaF,FS4A,131,4,23,0.176
vDeltaM,vDeltaI_a,131,-2,2,0.015
vDeltaM,vDeltaI_a,131,-1,39,0.298
vDeltaM,vDeltaI_a,131,0,73,0.557
vDeltaM,vDeltaI_a,131,1,14,0.107
vDeltaM,vDeltaI_a,131,2,3,0.023
PFNm_b,hDeltaC,131,-1,2,0.015
PFNm_b,hDeltaC,131,0,34,0.26
PFNm_b,hDeltaC,131,1,35,0.267
PFNm_b,hDeltaC,131,2,38,0.29
PFNm_b,hDeltaC,131,3,20,0.153
PFNm_b,hDeltaC,131,4,2,0.015
FC3_b,FC1B,130,-1,20,0.154
FC3_b,FC1B,130,0,89,0.685
FC3_b,FC1B,130,1,19,0.146
FC3_b,FC1B,130,2,2,0.015
FC1C_a,FC1C_b,130,-3,6,0.046
FC1C_a,FC1C_b,130,-2,15,0.115
FC1C_a,FC1C_b,130,-1,18,0.138
FC1C_a,FC1C_b,130,0,31,0.238
FC1C_a,FC1C_b,130,1,17,0.131
FC1C_a,FC1C_b,130,2,13,0.1
FC1C_a,FC1C_b,130,3,21,0.162
FC1C_a,FC1C_b,130,4,9,0.069
FS4C,FS4B,130,-3,16,0.123
FS4C,FS4B,130,-2,14,0.108
FS4C,FS4B,130,-1,13,0.1
FS4C,FS4B,130,0,15,0.115
FS4C,FS4B,130,1,16,0.123
FS4C,FS4B,130,2,19,0.146
FS4C,FS4B,130,3,16,0.123
FS4C,FS4B,130,4,21,0.162
FC3_c,FC1C_a,129,-2,1,0.008
FC3_c,FC1C_a,129,-1,18,0.14
FC3_c,FC1C_a,129,0,86,0.667
FC3_c,FC1C_a,129,1,22,0.171
FC3_c,FC1C_a,129,2,2,0.016
FC3_b,FC1C_a,128,-2,4,0.031
FC3_b,FC1C_a,128,-1,11,0.086
FC3_b,FC1C_a,128,0,109,0.852
FC3_b,FC1C_a,128,1,3,0.023
FC3_b,FC1C_a,128,2,1,0.008
hDeltaL,FS3_d,128,-3,11,0.086
hDeltaL,FS3_d,128,-1,4,0.031
hDeltaL,FS3_d,128,0,31,0.242
hDeltaL,FS3_d,128,1,37,0.289
hDeltaL,FS3_d,128,2,11,0.086
hDeltaL,FS3_d,128,3,14,0.109
hDeltaL,FS3_d,128,4,20,0.156
vDeltaL,vDeltaJ,128,-3,1,0.008
vDeltaL,vDeltaJ,128,-1,16,0.125
vDeltaL,vDeltaJ,128,0,66,0.516
vDeltaL,vDeltaJ,128,1,39,0.305
vDeltaL,vDeltaJ,128,2,6,0.047
FC2B,hDeltaH,128,-3,2,0.016
FC2B,hDeltaH,128,-2,3,0.023
FC2B,hDeltaH,128,-1,24,0.188
FC2B,hDeltaH,128,0,27,0.211
FC2B,hDeltaH,128,1,5,0.039
FC2B,hDeltaH,128,3,41,0.32
FC2B,hDeltaH,128,4,26,0.203
PFR_a,FR1,128,-1,18,0.141
PFR_a,FR1,128,0,94,0.734
PFR_a,FR1,128,1,16,0.125
vDeltaG,PFL3,127,-2,1,0.008
vDeltaG,PFL3,127,-1,27,0.213
vDeltaG,PFL3,127,0,62,0.488
vDeltaG,PFL3,127,1,35,0.276
vDeltaG,PFL3,127,2,2,0.016
vDeltaK,vDeltaJ,127,-2,5,0.039
vDeltaK,vDeltaJ,127,-1,52,0.409
vDeltaK,vDeltaJ,127,0,59,0.465
vDeltaK,vDeltaJ,127,1,7,0.055
vDeltaK,vDeltaJ,127,2,4,0.031
FC1B,hDeltaJ,126,-3,1,0.008
FC1B,hDeltaJ,126,-2,1,0.008
FC1B,hDeltaJ,126,-1,5,0.04
FC1B,hDeltaJ,126,0,10,0.079
FC1B,hDeltaJ,126,1,30,0.238
FC1B,hDeltaJ,126,2,44,0.349
FC1B,hDeltaJ,126,3,28,0.222
FC1B,hDeltaJ,126,4,7,0.056
FC3_a,vDeltaD,125,-2,9,0.072
FC3_a,vDeltaD,125,-1,27,0.216
FC3_a,vDeltaD,125,0,52,0.416
FC3_a,vDeltaD,125,1,37,0.296
PFR_b,vDeltaI_b,125,-2,6,0.048
PFR_b,vDeltaI_b,125,-1,29,0.232
PFR_b,vDeltaI_b,125,0,66,0.528
PFR_b,vDeltaI_b,125,1,22,0.176
PFR_b,vDeltaI_b,125,2,2,0.016
FS1A_a,FS1A_b,124,-3,11,0.089
FS1A_a,FS1A_b,124,-2,24,0.194
FS1A_a,FS1A_b,124,-1,18,0.145
FS1A_a,FS1A_b,124,0,13,0.105
FS1A_a,FS1A_b,124,1,12,0.097
FS1A_a,FS1A_b,124,2,8,0.065
FS1A_a,FS1A_b,124,3,19,0.153
FS1A_a,FS1A_b,124,4,19,0.153
FS1A_b,FS1A_b,123,-3,16,0.13
FS1A_b,FS1A_b,123,-2,14,0.114
FS1A_b,FS1A_b,123,-1,10,0.081
FS1A_b,FS1A_b,123,0,23,0.187
FS1A_b,FS1A_b,123,1,19,0.154
FS1A_b,FS1A_b,123,2,15,0.122
FS1A_b,FS1A_b,123,3,7,0.057
FS1A_b,FS1A_b,123,4,19,0.154
hDeltaG,PFR_b,122,-3,64,0.525
hDeltaG,PFR_b,122,-2,6,0.049
hDeltaG,PFR_b,122,3,3,0.025
hDeltaG,PFR_b,122,4,49,0.402
FC2A,FC2B,122,-3,12,0.098
FC2A,FC2B,122,-2,6,0.049
FC2A,FC2B,122,-1,13,0.107
FC2A,FC2B,122,0,58,0.475
FC2A,FC2B,122,1,12,0.098
FC2A,FC2B,122,2,7,0.057
FC2A,FC2B,122,3,7,0.057
FC2A,FC2B,122,4,7,0.057
FC1C_a,FC1E,121,-3,8,0.066
FC1C_a,FC1E,121,-2,4,0.033
FC1C_a,FC1E,121,-1,26,0.215
FC1C_a,FC1E,121,0,61,0.504
FC1C_a,FC1E,121,1,16,0.132
FC1C_a,FC1E,121,2,4,0.033
FC1C_a,FC1E,121,4,2,0.017
FC3_c,FC1B,121,-1,17,0.14
FC3_c,FC1B,121,0,60,0.496
FC3_c,FC1B,121,1,40,0.331
FC3_c,FC1B,121,2,4,0.033
vDeltaC,FC2C,120,-2,6,0.05
vDeltaC,FC2C,120,-1,17,0.142
vDeltaC,FC2C,120,0,63,0.525
vDeltaC,FC2C,120,1,31,0.258
vDeltaC,FC2C,120,2,3,0.025
FS3_a,hDeltaE,119,-3,1,0.008
FS3_a,hDeltaE,119,-2,6,0.05
FS3_a,hDeltaE,119,-1,43,0.361
FS3_a,hDeltaE,119,0,25,0.21
FS3_a,hDeltaE,119,1,1,0.008
FS3_a,hDeltaE,119,2,5,0.042
FS3_a,hDeltaE,119,3,24,0.202
FS3_a,hDeltaE,119,4,14,0.118
vDeltaA_a,hDeltaE,118,-3,2,0.017
vDeltaA_a,hDeltaE,118,-2,5,0.042
vDeltaA_a,hDeltaE,118,-1,46,0.39
vDeltaA_a,hDeltaE,118,0,42,0.356
vDeltaA_a,hDeltaE,118,1,13,0.11
vDeltaA_a,hDeltaE,118,3,6,0.051
vDeltaA_a,hDeltaE,118,4,4,0.034
FC1E,FS4B,118,-1,20,0.169
FC1E,FS4B,118,0,82,0.695
FC1E,FS4B,118,1,16,0.136
PFR_a,vDeltaG,118,-1,27,0.229
PFR_a,vDeltaG,118,0,67,0.568
PFR_a,vDeltaG,118,1,24,0.203
PFNm_b,FS3_d,118,-1,33,0.28
PFNm_b,FS3_d,118,0,57,0.483
PFNm_b,FS3_d,118,1,28,0.237
PFNd,FS2,118,0,52,0.441
PFNd,FS2,118,1,63,0.534
PFNd,FS2,118,2,3,0.025
FC2A,hDeltaJ,118,-3,17,0.144
FC2A,hDeltaJ,118,-2,23,0.195
FC2A,hDeltaJ,118,-1,15,0.127
FC2A,hDeltaJ,118,0,12,0.102
FC2A,hDeltaJ,118,1,16,0.136
FC2A,hDeltaJ,118,2,8,0.068
FC2A,hDeltaJ,118,3,6,0.051
FC2A,hDeltaJ,118,4,21,0.178
FC1D,FS4C,117,-1,10,0.085
FC1D,FS4C,117,0,97,0.829
FC1D,FS4C,117,1,10,0.085
FC2B,hDeltaJ,117,-3,24,0.205
FC2B,hDeltaJ,117,-2,17,0.145
FC2B,hDeltaJ,117,-1,20,0.171
FC2B,hDeltaJ,117,0,18,0.154
FC2B,hDeltaJ,117,1,7,0.06
FC2B,hDeltaJ,117,2,10,0.085
FC2B,hDeltaJ,117,3,1,0.009
FC2B,hDeltaJ,117,4,20,0.171
PFNm_a,vDeltaF,116,-2,7,0.06
PFNm_a,vDeltaF,116,-1,28,0.241
PFNm_a,vDeltaF,116,0,56,0.483
PFNm_a,vDeltaF,116,1,20,0.172
PFNm_a,vDeltaF,116,2,5,0.043
FS4B,FS4A,116,-3,18,0.155
FS4B,FS4A,116,-2,12,0.103
FS4B,FS4A,116,-1,19,0.164
FS4B,FS4A,116,0,12,0.103
FS4B,FS4A,116,1,18,0.155
FS4B,FS4A,116,2,8,0.069
FS4B,FS4A,116,3,13,0.112
FS4B,FS4A,116,4,16,0.138
hDeltaG,FS3_c,115,-3,63,0.548
hDeltaG,FS3_c,115,-2,1,0.009
hDeltaG,FS3_c,115,3,1,0.009
hDeltaG,FS3_c,115,4,50,0.435
FC1B,FS1B_a,115,-1,28,0.243
FC1B,FS1B_a,115,0,67,0.583
FC1B,FS1B_a,115,1,20,0.174
FC1C_b,FR2,115,-1,16,0.139
FC1C_b,FR2,115,0,81,0.704
FC1C_b,FR2,115,1,18,0.157
FC3_b,hDeltaG,114,-3,1,0.009
FC3_b,hDeltaG,114,-1,18,0.158
FC3_b,hDeltaG,114,0,12,0.105
FC3_b,hDeltaG,114,1,1,0.009
FC3_b,hDeltaG,114,2,2,0.018
FC3_b,hDeltaG,114,3,53,0.465
FC3_b,hDeltaG,114,4,27,0.237
vDeltaI_b,PFR_b,114,-2,4,0.035
vDeltaI_b,PFR_b,114,-1,24,0.211
vDeltaI_b,PFR_b,114,0,64,0.561
vDeltaI_b,PFR_b,114,1,17,0.149
vDeltaI_b,PFR_b,114,2,5,0.044
FC2C,FS2,114,-2,1,0.009
FC2C,FS2,114,-1,31,0.272
FC2C,FS2,114,0,61,0.535
FC2C,FS2,114,1,21,0.184
hDeltaG,FS1B_a,113,-3,45,0.398
hDeltaG,FS1B_a,113,-2,1,0.009
hDeltaG,FS1B_a,113,1,1,0.009
hDeltaG,FS1B_a,113,2,1,0.009
hDeltaG,FS1B_a,113,3,1,0.009
hDeltaG,FS1B_a,113,4,64,0.566
hDeltaG,PFGs,113,-3,55,0.487
hDeltaG,PFGs,113,3,1,0.009
hDeltaG,PFGs,113,4,57,0.504
hDeltaG,FS1A_a,113,-3,35,0.31
hDeltaG,FS1A_a,113,-2,15,0.133
hDeltaG,FS1A_a,113,1,2,0.018
hDeltaG,FS1A_a,113,3,15,0.133
hDeltaG,FS1A_a,113,4,46,0.407
vDeltaL,PFL2,112,-1,13,0.116
vDeltaL,PFL2,112,0,78,0.696
vDeltaL,PFL2,112,1,21,0.188
vDeltaI_b,vDeltaJ,111,-3,2,0.018
vDeltaI_b,vDeltaJ,111,-2,1,0.009
vDeltaI_b,vDeltaJ,111,-1,37,0.333
vDeltaI_b,vDeltaJ,111,0,53,0.477
vDeltaI_b,vDeltaJ,111,1,17,0.153
vDeltaI_b,vDeltaJ,111,3,1,0.009
FR1,FR2,111,-3,6,0.054
FR1,FR2,111,-2,14,0.126
FR1,FR2,111,-1,11,0.099
FR1,FR2,111,0,29,0.261
FR1,FR2,111,1,18,0.162
FR1,FR2,111,2,10,0.09
FR1,FR2,111,3,12,0.108
FR1,FR2,111,4,11,0.099
hDeltaI,FS1A_b,110,-3,4,0.036
hDeltaI,FS1A_b,110,1,38,0.345
hDeltaI,FS1A_b,110,2,15,0.136
hDeltaI,FS1A_b,110,3,23,0.209
hDeltaI,FS1A_b,110,4,30,0.273
FC3_b,FC3_c,110,-2,4,0.036
FC3_b,FC3_c,110,-1,20,0.182
FC3_b,FC3_c,110,0,77,0.7
FC3_b,FC3_c,110,1,6,0.055
FC3_b,FC3_c,110,2,2,0.018
FC3_b,FC3_c,110,4,1,0.009
FC2C,hDeltaG,110,-2,1,0.009
FC2C,hDeltaG,110,-1,35,0.318
FC2C,hDeltaG,110,0,36,0.327
FC2C,hDeltaG,110,1,2,0.018
FC2C,hDeltaG,110,2,3,0.027
FC2C,hDeltaG,110,3,23,0.209
FC2C,hDeltaG,110,4,10,0.091
vDeltaK,vDeltaL,110,-2,2,0.018
vDeltaK,vDeltaL,110,-1,13,0.118
vDeltaK,vDeltaL,110,0,68,0.618
vDeltaK,vDeltaL,110,1,26,0.236
vDeltaK,vDeltaL,110,3,1,0.009
PFNv,vDeltaE,109,-1,38,0.349
PFNv,vDeltaE,109,0,47,0.431
PFNv,vDeltaE,109,1,22,0.202
PFNv,vDeltaE,109,2,2,0.018
FC3_c,FC1D,109,-2,2,0.018
FC3_c,FC1D,109,-1,18,0.165
FC3_c,FC1D,109,0,62,0.569
FC3_c,FC1D,109,1,22,0.202
FC3_c,FC1D,109,2,5,0.046
FC1E,FC2C,109,-1,11,0.101
FC1E,FC2C,109,0,83,0.761
FC1E,FC2C,109,1,15,0.138
FC2C,hDeltaC,109,-3,8,0.073
FC2C,hDeltaC,109,-2,15,0.138
FC2C,hDeltaC,109,-1,8,0.073
FC2C,hDeltaC,109,0,16,0.147
FC2C,hDeltaC,109,1,22,0.202
FC2C,hDeltaC,109,2,23,0.211
FC2C,hDeltaC,109,3,13,0.119
FC2C,hDeltaC,109,4,4,0.037
hDeltaC,FS2,108,-3,9,0.083
hDeltaC,FS2,108,-2,1,0.009
hDeltaC,FS2,108,-1,1,0.009
hDeltaC,FS2,108,0,10,0.093
hDeltaC,FS2,108,1,22,0.204
hDeltaC,FS2,108,2,28,0.259
hDeltaC,FS2,108,3,14,0.13
hDeltaC,FS2,108,4,23,0.213
PFGs,PFGs,107,-1,38,0.355
PFGs,PFGs,107,0,35,0.327
PFGs,PFGs,107,1,33,0.308
PFGs,PFGs,107,4,1,0.009
FC1D,FC1F,107,-2,1,0.009
FC1D,FC1F,107,-1,31,0.29
FC1D,FC1F,107,0,54,0.505
FC1D,FC1F,107,1,19,0.178
FC1D,FC1F,107,2,1,0.009
FC1D,FC1F,107,3,1,0.009
PFNv,PFR_a,106,-1,14,0.132
PFNv,PFR_a,106,0,75,0.708
PFNv,PFR_a,106,1,17,0.16
FC3_a,FC1C_a,106,-1,8,0.075
FC3_a,FC1C_a,106,0,82,0.774
FC3_a,FC1C_a,106,1,15,0.142
FC3_a,FC1C_a,106,2,1,0.009
FC2C,FS3_b,106,-1,9,0.085
FC2C,FS3_b,106,0,84,0.792
FC2C,FS3_b,106,1,12,0.113
FC2C,FS3_b,106,3,1,0.009
FC3_a,FC1C_b,106,-1,9,0.085
FC3_a,FC1C_b,106,0,70,0.66
FC3_a,FC1C_b,106,1,24,0.226
FC3_a,FC1C_b,106,2,3,0.028
PFR_b,FR1,105,-2,2,0.019
PFR_b,FR1,105,-1,15,0.143
PFR_b,FR1,105,0,67,0.638
PFR_b,FR1,105,1,16,0.152
PFR_b,FR1,105,2,1,0.01
PFR_b,FR1,105,3,3,0.029
PFR_b,FR1,105,4,1,0.01
hDeltaI,vDeltaK,105,-3,2,0.019
hDeltaI,vDeltaK,105,0,1,0.01
hDeltaI,vDeltaK,105,1,24,0.229
hDeltaI,vDeltaK,105,2,36,0.343
hDeltaI,vDeltaK,105,3,29,0.276
hDeltaI,vDeltaK,105,4,13,0.124
FS3_a,hDeltaL,104,-3,21,0.202
FS3_a,hDeltaL,104,-2,16,0.154
FS3_a,hDeltaL,104,-1,1,0.01
FS3_a,hDeltaL,104,0,13,0.125
FS3_a,hDeltaL,104,1,8,0.077
FS3_a,hDeltaL,104,2,8,0.077
FS3_a,hDeltaL,104,3,19,0.183
FS3_a,hDeltaL,104,4,18,0.173
FC2C,FS3_a,104,-1,13,0.125
FC2C,FS3_a,104,0,74,0.712
FC2C,FS3_a,104,1,16,0.154
FC2C,FS3_a,104,4,1,0.01
hDeltaE,vDeltaD,103,-3,38,0.369
hDeltaE,vDeltaD,103,-2,2,0.019
hDeltaE,vDeltaD,103,3,5,0.049
hDeltaE,vDeltaD,103,4,58,0.563
FC3_b,FC2A,103,-1,19,0.184
FC3_b,FC2A,103,0,64,0.621
FC3_b,FC2A,103,1,18,0.175
FC3_b,FC2A,103,2,2,0.019
FC2C,hDeltaL,103,-3,9,0.087
FC2C,hDeltaL,103,-2,2,0.019
FC2C,hDeltaL,103,-1,6,0.058
FC2C,hDeltaL,103,0,19,0.184
FC2C,hDeltaL,103,1,23,0.223
FC2C,hDeltaL,103,2,16,0.155
FC2C,hDeltaL,103,3,16,0.155
FC2C,hDeltaL,103,4,12,0.117
vDeltaE,PFR_b,102,-1,18,0.176
vDeltaE,PFR_b,102,0,50,0.49
vDeltaE,PFR_b,102,1,28,0.275
vDeltaE,PFR_b,102,2,6,0.059
vDeltaE,vDeltaE,102,-2,2,0.02
vDeltaE,vDeltaE,102,-1,28,0.275
vDeltaE,vDeltaE,102,0,28,0.275
vDeltaE,vDeltaE,102,1,38,0.373
vDeltaE,vDeltaE,102,2,5,0.049
vDeltaE,vDeltaE,102,3,1,0.01
hDeltaM,FR2,101,-3,58,0.574
hDeltaM,FR2,101,4,43,0.426
vDeltaI_b,hDeltaG,101,-2,1,0.01
vDeltaI_b,hDeltaG,101,-1,37,0.366
vDeltaI_b,hDeltaG,101,0,58,0.574
vDeltaI_b,hDeltaG,101,1,5,0.05
hDeltaA,vDeltaL,101,-3,3,0.03
hDeltaA,vDeltaL,101,-2,1,0.01
hDeltaA,vDeltaL,101,-1,14,0.139
hDeltaA,vDeltaL,101,0,3,0.03
hDeltaA,vDeltaL,101,1,22,0.218
hDeltaA,vDeltaL,101,2,16,0.158
hDeltaA,vDeltaL,101,3,10,0.099
hDeltaA,vDeltaL,101,4,32,0.317
hDeltaM,hDeltaJ,101,-3,14,0.139
hDeltaM,hDeltaJ,101,-2,28,0.277
hDeltaM,hDeltaJ,101,-1,16,0.158
hDeltaM,hDeltaJ,101,0,20,0.198
hDeltaM,hDeltaJ,101,1,1,0.01
hDeltaM,hDeltaJ,101,2,6,0.059
hDeltaM,hDeltaJ,101,3,5,0.05
hDeltaM,hDeltaJ,101,4,11,0.109
FC1C_a,FC1C_a,100,-3,14,0.14
FC1C_a,FC1C_a,100,-2,13,0.13
FC1C_a,FC1C_a,100,-1,14,0.14
FC1C_a,FC1C_a,100,0,5,0.05
FC1C_a,FC1C_a,100,1,10,0.1
FC1C_a,FC1C_a,100,2,17,0.17
FC1C_a,FC1C_a,100,3,14,0.14
FC1C_a,FC1C_a,100,4,13,0.13
FC1A,FS4C,99,-1,15,0.152
FC1A,FS4C,99,0,70,0.707
FC1A,FS4C,99,1,14,0.141
PFNm_a,vDeltaI_b,97,-2,6,0.062
PFNm_a,vDeltaI_b,97,-1,12,0.124
PFNm_a,vDeltaI_b,97,0,70,0.722
PFNm_a,vDeltaI_b,97,1,8,0.082
PFNm_a,vDeltaI_b,97,2,1,0.01
PFNd,vDeltaM,97,-1,3,0.031
PFNd,vDeltaM,97,0,41,0.423
PFNd,vDeltaM,97,1,42,0.433
PFNd,vDeltaM,97,2,11,0.113
vDeltaI_b,PFL3,97,-2,1,0.01
vDeltaI_b,PFL3,97,-1,9,0.093
vDeltaI_b,PFL3,97,0,64,0.66
vDeltaI_b,PFL3,97,1,20,0.206
vDeltaI_b,PFL3,97,2,3,0.031
PFR_a,PFL2,97,-1,13,0.134
PFR_a,PFL2,97,0,69,0.711
PFR_a,PFL2,97,1,14,0.144
PFR_a,PFL2,97,4,1,0.01
hDeltaJ,FC2C,97,-3,9,0.093
hDeltaJ,FC2C,97,0,2,0.021
hDeltaJ,FC2C,97,1,13,0.134
hDeltaJ,FC2C,97,2,18,0.186
hDeltaJ,FC2C,97,3,23,0.237
hDeltaJ,FC2C,97,4,32,0.33
vDeltaC,vDeltaD,97,-2,2,0.021
vDeltaC,vDeltaD,97,-1,22,0.227
vDeltaC,vDeltaD,97,0,37,0.381
vDeltaC,vDeltaD,97,1,32,0.33
vDeltaC,vDeltaD,97,2,4,0.041
FS2,FS3_c,97,-3,6,0.062
FS2,FS3_c,97,-2,9,0.093
FS2,FS3_c,97,-1,14,0.144
FS2,FS3_c,97,0,26,0.268
FS2,FS3_c,97,1,17,0.175
FS2,FS3_c,97,2,15,0.155
FS2,FS3_c,97,3,6,0.062
FS2,FS3_c,97,4,4,0.041
PFNv,FS1A_a,96,-2,2,0.021
PFNv,FS1A_a,96,-1,21,0.219
PFNv,FS1A_a,96,0,53,0.552
PFNv,FS1A_a,96,1,20,0.208
FC2C,FS3_c,96,-1,22,0.229
FC2C,FS3_c,96,0,63,0.656
FC2C,FS3_c,96,1,9,0.094
FC2C,FS3_c,96,2,2,0.021
vDeltaF,FR1,96,-1,21,0.219
vDeltaF,FR1,96,0,34,0.354
vDeltaF,FR1,96,1,33,0.344
vDeltaF,FR1,96,2,8,0.083
PFNm_b,vDeltaE,96,-3,1,0.01
PFNm_b,vDeltaE,96,-1,20,0.208
PFNm_b,vDeltaE,96,0,64,0.667
PFNm_b,vDeltaE,96,1,11,0.115
FC1D,FC2C,96,-1,18,0.188
FC1D,FC2C,96,0,61,0.635
FC1D,FC2C,96,1,17,0.177
vDeltaI_b,vDeltaG,96,-2,4,0.042
vDeltaI_b,vDeltaG,96,-1,14,0.146
vDeltaI_b,vDeltaG,96,0,44,0.458
vDeltaI_b,vDeltaG,96,1,32,0.333
vDeltaI_b,vDeltaG,96,2,1,0.01
vDeltaI_b,vDeltaG,96,3,1,0.01
FC1F,FS1B_a,95,-1,6,0.063
FC1F,FS1B_a,95,0,70,0.737
FC1F,FS1B_a,95,1,19,0.2
vDeltaK,PFR_b,95,-1,25,0.263
vDeltaK,PFR_b,95,0,50,0.526
vDeltaK,PFR_b,95,1,19,0.2
vDeltaK,PFR_b,95,2,1,0.011
vDeltaK,vDeltaM,95,-2,2,0.021
vDeltaK,vDeltaM,95,-1,18,0.189
vDeltaK,vDeltaM,95,0,59,0.621
vDeltaK,vDeltaM,95,1,15,0.158
vDeltaK,vDeltaM,95,2,1,0.011
hDeltaG,FS3_a,94,-3,52,0.553
hDeltaG,FS3_a,94,-2,2,0.021
hDeltaG,FS3_a,94,3,2,0.021
hDeltaG,FS3_a,94,4,38,0.404
hDeltaA,FC2A,94,-3,6,0.064
hDeltaA,FC2A,94,-1,1,0.011
hDeltaA,FC2A,94,0,10,0.106
hDeltaA,FC2A,94,1,19,0.202
hDeltaA,FC2A,94,2,17,0.181
hDeltaA,FC2A,94,3,28,0.298
hDeltaA,FC2A,94,4,13,0.138
FC3_a,FC2B,94,-1,18,0.191
FC3_a,FC2B,94,0,58,0.617
FC3_a,FC2B,94,1,15,0.16
FC3_a,FC2B,94,2,3,0.032
vDeltaH,vDeltaI_b,93,-2,2,0.022
vDeltaH,vDeltaI_b,93,-1,21,0.226
vDeltaH,vDeltaI_b,93,0,52,0.559
vDeltaH,vDeltaI_b,93,1,14,0.151
vDeltaH,vDeltaI_b,93,2,4,0.043
FC3_b,FC1F,93,-2,1,0.011
FC3_b,FC1F,93,-1,19,0.204
FC3_b,FC1F,93,0,57,0.613
FC3_b,FC1F,93,1,16,0.172
vDeltaF,PFGs,92,-2,1,0.011
vDeltaF,PFGs,92,-1,14,0.152
vDeltaF,PFGs,92,0,42,0.457
vDeltaF,PFGs,92,1,29,0.315
vDeltaF,PFGs,92,2,5,0.054
vDeltaF,PFGs,92,3,1,0.011
hDeltaH,FS1A_a,90,-3,55,0.611
hDeltaH,FS1A_a,90,-2,4,0.044
hDeltaH,FS1A_a,90,0,1,0.011
hDeltaH,FS1A_a,90,3,1,0.011
hDeltaH,FS1A_a,90,4,29,0.322
FC3_c,FC1F,90,-1,19,0.211
FC3_c,FC1F,90,0,51,0.567
FC3_c,FC1F,90,1,19,0.211
FC3_c,FC1F,90,2,1,0.011
FS1A_c,FS1A_a,90,-3,8,0.089
FS1A_c,FS1A_a,90,-2,3,0.033
FS1A_c,FS1A_a,90,-1,15,0.167
FS1A_c,FS1A_a,90,0,17,0.189
FS1A_c,FS1A_a,90,1,13,0.144
FS1A_c,FS1A_a,90,2,11,0.122
FS1A_c,FS1A_a,90,3,12,0.133
FS1A_c,FS1A_a,90,4,11,0.122
FC1B,vDeltaG,89,-2,5,0.056
FC1B,vDeltaG,89,-1,18,0.202
FC1B,vDeltaG,89,0,49,0.551
FC1B,vDeltaG,89,1,17,0.191
hDeltaJ,PFNv,89,-3,7,0.079
hDeltaJ,PFNv,89,-1,4,0.045
hDeltaJ,PFNv,89,0,6,0.067
hDeltaJ,PFNv,89,1,15,0.169
hDeltaJ,PFNv,89,2,20,0.225
hDeltaJ,PFNv,89,3,23,0.258
hDeltaJ,PFNv,89,4,14,0.157
hDeltaL,FR1,88,-3,2,0.023
hDeltaL,FR1,88,1,12,0.136
hDeltaL,FR1,88,2,20,0.227
hDeltaL,FR1,88,3,31,0.352
hDeltaL,FR1,88,4,23,0.261
hDeltaH,FS1A_b,88,-3,41,0.466
hDeltaH,FS1A_b,88,0,1,0.011
hDeltaH,FS1A_b,88,4,46,0.523
hDeltaH,FC2C,88,-3,51,0.58
hDeltaH,FC2C,88,3,1,0.011
hDeltaH,FC2C,88,4,36,0.409
FC3_c,FS1B_b,88,-1,9,0.102
FC3_c,FS1B_b,88,0,73,0.83
FC3_c,FS1B_b,88,1,6,0.068
hDeltaL,hDeltaC,88,-3,10,0.114
hDeltaL,hDeltaC,88,-2,10,0.114
hDeltaL,hDeltaC,88,-1,20,0.227
hDeltaL,hDeltaC,88,0,29,0.33
hDeltaL,hDeltaC,88,1,5,0.057
hDeltaL,hDeltaC,88,2,4,0.045
hDeltaL,hDeltaC,88,3,5,0.057
hDeltaL,hDeltaC,88,4,5,0.057
PFGs,hDeltaB,88,-3,14,0.159
PFGs,hDeltaB,88,-2,10,0.114
PFGs,hDeltaB,88,-1,5,0.057
PFGs,hDeltaB,88,0,10,0.114
PFGs,hDeltaB,88,1,12,0.136
PFGs,hDeltaB,88,2,18,0.205
PFGs,hDeltaB,88,3,7,0.08
PFGs,hDeltaB,88,4,12,0.136
vDeltaG,vDeltaG,88,-2,4,0.045
vDeltaG,vDeltaG,88,-1,24,0.273
vDeltaG,vDeltaG,88,0,32,0.364
vDeltaG,vDeltaG,88,1,26,0.295
vDeltaG,vDeltaG,88,2,2,0.023
hDeltaI,hDeltaJ,88,-3,6,0.068
hDeltaI,hDeltaJ,88,-2,5,0.057
hDeltaI,hDeltaJ,88,-1,15,0.17
hDeltaI,hDeltaJ,88,0,26,0.295
hDeltaI,hDeltaJ,88,1,11,0.125
hDeltaI,hDeltaJ,88,2,13,0.148
hDeltaI,hDeltaJ,88,3,10,0.114
hDeltaI,hDeltaJ,88,4,2,0.023
FC1D,FC,87,-1,17,0.195
FC1D,FC,87,0,53,0.609
FC1D,FC,87,1,17,0.195
hDeltaM,vDeltaG,87,-3,44,0.506
hDeltaM,vDeltaG,87,-2,2,0.023
hDeltaM,vDeltaG,87,-1,1,0.011
hDeltaM,vDeltaG,87,3,15,0.172
hDeltaM,vDeltaG,87,4,25,0.287
hDeltaH,vDeltaI_b,87,-3,35,0.402
hDeltaH,vDeltaI_b,87,-2,1,0.011
hDeltaH,vDeltaI_b,87,3,6,0.069
hDeltaH,vDeltaI_b,87,4,45,0.517
FS4A,vDeltaA_a,87,-3,1,0.011
FS4A,vDeltaA_a,87,-2,6,0.069
FS4A,vDeltaA_a,87,-1,21,0.241
FS4A,vDeltaA_a,87,0,19,0.218
FS4A,vDeltaA_a,87,1,27,0.31
FS4A,vDeltaA_a,87,2,8,0.092
FS4A,vDeltaA_a,87,3,4,0.046
FS4A,vDeltaA_a,87,4,1,0.011
hDeltaI,vDeltaJ,86,0,9,0.105
hDeltaI,vDeltaJ,86,1,23,0.267
hDeltaI,vDeltaJ,86,2,26,0.302
hDeltaI,vDeltaJ,86,3,21,0.244
hDeltaI,vDeltaJ,86,4,7,0.081
FC1D,FS4B,86,-1,7,0.081
FC1D,FS4B,86,0,67,0.779
FC1D,FS4B,86,1,11,0.128
FC1D,FS4B,86,2,1,0.012
hDeltaJ,PFL3,85,-3,2,0.024
hDeltaJ,PFL3,85,-1,3,0.035
hDeltaJ,PFL3,85,0,3,0.035
hDeltaJ,PFL3,85,1,15,0.176
hDeltaJ,PFL3,85,2,20,0.235
hDeltaJ,PFL3,85,3,19,0.224
hDeltaJ,PFL3,85,4,23,0.271
vDeltaF,hDeltaC,85,-3,15,0.176
vDeltaF,hDeltaC,85,-2,7,0.082
vDeltaF,hDeltaC,85,-1,12,0.141
vDeltaF,hDeltaC,85,0,9,0.106
vDeltaF,hDeltaC,85,1,14,0.165
vDeltaF,hDeltaC,85,2,9,0.106
vDeltaF,hDeltaC,85,3,5,0.059
vDeltaF,hDeltaC,85,4,14,0.165
vDeltaC,vDeltaB,85,-2,7,0.082
vDeltaC,vDeltaB,85,-1,20,0.235
vDeltaC,vDeltaB,85,0,35,0.412
vDeltaC,vDeltaB,85,1,21,0.247
vDeltaC,vDeltaB,85,2,2,0.024
PFNm_b,FC2B,84,-1,17,0.202
PFNm_b,FC2B,84,0,49,0.583
PFNm_b,FC2B,84,1,18,0.214
FC3_b,hDeltaI,84,-1,2,0.024
FC3_b,hDeltaI,84,0,5,0.06
FC3_b,hDeltaI,84,1,28,0.333
FC3_b,hDeltaI,84,2,34,0.405
FC3_b,hDeltaI,84,3,13,0.155
FC3_b,hDeltaI,84,4,2,0.024
hDeltaC,hDeltaK,84,-3,1,0.012
hDeltaC,hDeltaK,84,-1,3,0.036
hDeltaC,hDeltaK,84,0,74,0.881
hDeltaC,hDeltaK,84,1,5,0.06
hDeltaC,hDeltaK,84,3,1,0.012
hDeltaJ,hDeltaB,84,-3,9,0.107
hDeltaJ,hDeltaB,84,-2,21,0.25
hDeltaJ,hDeltaB,84,-1,10,0.119
hDeltaJ,hDeltaB,84,0,23,0.274
hDeltaJ,hDeltaB,84,1,6,0.071
hDeltaJ,hDeltaB,84,2,9,0.107
hDeltaJ,hDeltaB,84,3,5,0.06
hDeltaJ,hDeltaB,84,4,1,0.012
PFNd,PFR_b,83,-1,6,0.072
PFNd,PFR_b,83,0,36,0.434
PFNd,PFR_b,83,1,40,0.482
PFNd,PFR_b,83,2,1,0.012
vDeltaK,vDeltaI_a,83,-2,6,0.072
vDeltaK,vDeltaI_a,83,-1,19,0.229
vDeltaK,vDeltaI_a,83,0,33,0.398
vDeltaK,vDeltaI_a,83,1,21,0.253
vDeltaK,vDeltaI_a,83,2,4,0.048
vDeltaD,vDeltaD,83,-2,1,0.012
vDeltaD,vDeltaD,83,-1,27,0.325
vDeltaD,vDeltaD,83,0,29,0.349
vDeltaD,vDeltaD,83,1,24,0.289
vDeltaD,vDeltaD,83,2,2,0.024
vDeltaI_b,FC2C,83,-2,1,0.012
vDeltaI_b,FC2C,83,-1,10,0.12
vDeltaI_b,FC2C,83,0,36,0.434
vDeltaI_b,FC2C,83,1,36,0.434
FS3_c,hDeltaE,82,-3,1,0.012
FS3_c,hDeltaE,82,-2,2,0.024
FS3_c,hDeltaE,82,-1,19,0.232
FS3_c,hDeltaE,82,0,25,0.305
FS3_c,hDeltaE,82,1,2,0.024
FS3_c,hDeltaE,82,3,19,0.232
FS3_c,hDeltaE,82,4,14,0.171
vDeltaC,FS3_a,82,-2,1,0.012
vDeltaC,FS3_a,82,-1,11,0.134
vDeltaC,FS3_a,82,0,30,0.366
vDeltaC,FS3_a,82,1,37,0.451
vDeltaC,FS3_a,82,2,3,0.037
vDeltaB,FC2C,82,-2,2,0.024
vDeltaB,FC2C,82,-1,16,0.195
vDeltaB,FC2C,82,0,38,0.463
vDeltaB,FC2C,82,1,22,0.268
vDeltaB,FC2C,82,2,4,0.049
hDeltaH,hDeltaG,81,-3,2,0.025
hDeltaH,hDeltaG,81,0,4,0.049
hDeltaH,hDeltaG,81,3,16,0.198
hDeltaH,hDeltaG,81,4,59,0.728
hDeltaE,FS4B,81,-3,45,0.556
hDeltaE,FS4B,81,1,1,0.012
hDeltaE,FS4B,81,3,1,0.012
hDeltaE,FS4B,81,4,34,0.42
FC2B,hDeltaG,81,-3,3,0.037
FC2B,hDeltaG,81,-1,21,0.259
FC2B,hDeltaG,81,0,17,0.21
FC2B,hDeltaG,81,1,2,0.025
FC2B,hDeltaG,81,3,19,0.235
FC2B,hDeltaG,81,4,19,0.235
FC2A,FS1B_b,80,-1,8,0.1
FC2A,FS1B_b,80,0,63,0.787
FC2A,FS1B_b,80,1,9,0.113
vDeltaF,FC2C,80,-1,8,0.1
vDeltaF,FC2C,80,0,27,0.338
vDeltaF,FC2C,80,1,40,0.5
vDeltaF,FC2C,80,2,5,0.062
PFNm_b,PFNa,80,-3,4,0.05
PFNm_b,PFNa,80,-2,3,0.037
PFNm_b,PFNa,80,-1,11,0.138
PFNm_b,PFNa,80,0,53,0.662
PFNm_b,PFNa,80,1,2,0.025
PFNm_b,PFNa,80,2,3,0.037
PFNm_b,PFNa,80,3,3,0.037
PFNm_b,PFNa,80,4,1,0.013
FS3_a,FS2,80,-3,9,0.113
FS3_a,FS2,80,-2,11,0.138
FS3_a,FS2,80,-1,1,0.013
FS3_a,FS2,80,0,29,0.362
FS3_a,FS2,80,1,9,0.113
FS3_a,FS2,80,2,8,0.1
FS3_a,FS2,80,3,9,0.113
FS3_a,FS2,80,4,4,0.05
hDeltaA,FS1A_a,79,-3,5,0.063
hDeltaA,FS1A_a,79,0,5,0.063
hDeltaA,FS1A_a,79,1,5,0.063
hDeltaA,FS1A_a,79,2,25,0.316
hDeltaA,FS1A_a,79,3,25,0.316
hDeltaA,FS1A_a,79,4,14,0.177
hDeltaH,vDeltaH,79,-3,27,0.342
hDeltaH,vDeltaH,79,-2,4,0.051
hDeltaH,vDeltaH,79,-1,1,0.013
hDeltaH,vDeltaH,79,3,16,0.203
hDeltaH,vDeltaH,79,4,31,0.392
hDeltaC,vDeltaB,79,-3,4,0.051
hDeltaC,vDeltaB,79,-1,1,0.013
hDeltaC,vDeltaB,79,0,8,0.101
hDeltaC,vDeltaB,79,1,13,0.165
hDeltaC,vDeltaB,79,2,17,0.215
hDeltaC,vDeltaB,79,3,16,0.203
hDeltaC,vDeltaB,79,4,20,0.253
FC3_b,vDeltaJ,79,-1,40,0.506
FC3_b,vDeltaJ,79,0,29,0.367
FC3_b,vDeltaJ,79,1,10,0.127
PFNm_b,FS3_c,79,-1,9,0.114
PFNm_b,FS3_c,79,0,48,0.608
PFNm_b,FS3_c,79,1,22,0.278
FC1E,FC1B,79,-2,1,0.013
FC1E,FC1B,79,-1,8,0.101
FC1E,FC1B,79,0,50,0.633
FC1E,FC1B,79,1,18,0.228
FC1E,FC1B,79,2,2,0.025
hDeltaB,FS3_b,78,-3,1,0.013
hDeltaB,FS3_b,78,0,3,0.038
hDeltaB,FS3_b,78,1,9,0.115
hDeltaB,FS3_b,78,2,13,0.167
hDeltaB,FS3_b,78,3,30,0.385
hDeltaB,FS3_b,78,4,22,0.282
FC1F,FS1B_b,78,-1,6,0.077
FC1F,FS1B_b,78,0,59,0.756
FC1F,FS1B_b,78,1,13,0.167
vDeltaJ,hDeltaI,78,-3,5,0.064
vDeltaJ,hDeltaI,78,-2,4,0.051
vDeltaJ,hDeltaI,78,-1,7,0.09
vDeltaJ,hDeltaI,78,0,14,0.179
vDeltaJ,hDeltaI,78,1,15,0.192
vDeltaJ,hDeltaI,78,2,12,0.154
vDeltaJ,hDeltaI,78,3,13,0.167
vDeltaJ,hDeltaI,78,4,8,0.103
vDeltaJ,vDeltaK,78,-2,2,0.026
vDeltaJ,vDeltaK,78,-1,15,0.192
vDeltaJ,vDeltaK,78,0,34,0.436
vDeltaJ,vDeltaK,78,1,27,0.346
vDeltaA_b,vDeltaA_a,78,-2,5,0.064
vDeltaA_b,vDeltaA_a,78,-1,19,0.244
vDeltaA_b,vDeltaA_a,78,0,35,0.449
vDeltaA_b,vDeltaA_a,78,1,17,0.218
vDeltaA_b,vDeltaA_a,78,2,1,0.013
vDeltaA_b,vDeltaA_a,78,3,1,0.013
vDeltaI_b,PFL2,77,-1,9,0.117
vDeltaI_b,PFL2,77,0,52,0.675
vDeltaI_b,PFL2,77,1,15,0.195
vDeltaI_b,PFL2,77,2,1,0.013
FC3_b,FC1E,77,-2,1,0.013
FC3_b,FC1E,77,-1,18,0.234
FC3_b,FC1E,77,0,44,0.571
FC3_b,FC1E,77,1,13,0.169
FC3_b,FC1E,77,2,1,0.013
hDeltaJ,PFGs,77,-3,4,0.052
hDeltaJ,PFGs,77,0,2,0.026
hDeltaJ,PFGs,77,1,13,0.169
hDeltaJ,PFGs,77,2,26,0.338
hDeltaJ,PFGs,77,3,16,0.208
hDeltaJ,PFGs,77,4,16,0.208
hDeltaJ,FS2,77,-3,6,0.078
hDeltaJ,FS2,77,0,12,0.156
hDeltaJ,FS2,77,1,17,0.221
hDeltaJ,FS2,77,2,12,0.156
hDeltaJ,FS2,77,3,17,0.221
hDeltaJ,FS2,77,4,13,0.169
PFNv,FC3_b,76,-1,14,0.184
PFNv,FC3_b,76,0,31,0.408
PFNv,FC3_b,76,1,31,0.408
hDeltaG,vDeltaD,76,-3,42,0.553
hDeltaG,vDeltaD,76,-2,4,0.053
hDeltaG,vDeltaD,76,1,2,0.026
hDeltaG,vDeltaD,76,3,2,0.026
hDeltaG,vDeltaD,76,4,26,0.342
FC1F,vDeltaG,76,-2,5,0.066
FC1F,vDeltaG,76,-1,11,0.145
FC1F,vDeltaG,76,0,39,0.513
FC1F,vDeltaG,76,1,20,0.263
FC1F,vDeltaG,76,2,1,0.013
vDeltaI_b,hDeltaM,76,-3,3,0.039
vDeltaI_b,hDeltaM,76,-2,1,0.013
vDeltaI_b,hDeltaM,76,-1,4,0.053
vDeltaI_b,hDeltaM,76,0,7,0.092
vDeltaI_b,hDeltaM,76,1,3,0.039
vDeltaI_b,hDeltaM,76,2,4,0.053
vDeltaI_b,hDeltaM,76,3,30,0.395
vDeltaI_b,hDeltaM,76,4,24,0.316
PFNm_a,vDeltaG,76,-2,3,0.039
PFNm_a,vDeltaG,76,-1,9,0.118
PFNm_a,vDeltaG,76,0,54,0.711
PFNm_a,vDeltaG,76,1,10,0.132
FC1A,FS1B_b,76,-1,10,0.132
FC1A,FS1B_b,76,0,54,0.711
FC1A,FS1B_b,76,1,12,0.158
vDeltaH,vDeltaG,76,-2,1,0.013
vDeltaH,vDeltaG,76,-1,15,0.197
vDeltaH,vDeltaG,76,0,32,0.421
vDeltaH,vDeltaG,76,1,26,0.342
vDeltaH,vDeltaG,76,2,2,0.026
FC1C_b,FS4C,76,-1,15,0.197
FC1C_b,FS4C,76,0,55,0.724
FC1C_b,FS4C,76,1,6,0.079
FR2,FR2,76,-3,11,0.145
FR2,FR2,76,-2,11,0.145
FR2,FR2,76,-1,7,0.092
FR2,FR2,76,0,3,0.039
FR2,FR2,76,1,11,0.145
FR2,FR2,76,2,12,0.158
FR2,FR2,76,3,12,0.158
FR2,FR2,76,4,9,0.118
hDeltaI,hDeltaK,76,-3,4,0.053
hDeltaI,hDeltaK,76,-2,15,0.197
hDeltaI,hDeltaK,76,-1,15,0.197
hDeltaI,hDeltaK,76,0,21,0.276
hDeltaI,hDeltaK,76,1,4,0.053
hDeltaI,hDeltaK,76,2,11,0.145
hDeltaI,hDeltaK,76,3,5,0.066
hDeltaI,hDeltaK,76,4,1,0.013
vDeltaG,vDeltaI_a,76,-3,1,0.013
vDeltaG,vDeltaI_a,76,-2,2,0.026
vDeltaG,vDeltaI_a,76,-1,21,0.276
vDeltaG,vDeltaI_a,76,0,28,0.368
vDeltaG,vDeltaI_a,76,1,21,0.276
vDeltaG,vDeltaI_a,76,2,3,0.039
PFNa,FS4C,76,-1,14,0.184
PFNa,FS4C,76,0,51,0.671
PFNa,FS4C,76,1,11,0.145
PFNm_a,FS3_a,75,-2,2,0.027
PFNm_a,FS3_a,75,-1,9,0.12
PFNm_a,FS3_a,75,0,49,0.653
PFNm_a,FS3_a,75,1,15,0.2
hDeltaG,hDeltaL,75,-3,19,0.253
hDeltaG,hDeltaL,75,-2,16,0.213
hDeltaG,hDeltaL,75,-1,6,0.08
hDeltaG,hDeltaL,75,0,10,0.133
hDeltaG,hDeltaL,75,1,2,0.027
hDeltaG,hDeltaL,75,2,5,0.067
hDeltaG,hDeltaL,75,3,2,0.027
hDeltaG,hDeltaL,75,4,15,0.2
vDeltaA_b,vDeltaB,75,-2,3,0.04
vDeltaA_b,vDeltaB,75,-1,12,0.16
vDeltaA_b,vDeltaB,75,0,35,0.467
vDeltaA_b,vDeltaB,75,1,21,0.28
vDeltaA_b,vDeltaB,75,2,3,0.04
vDeltaA_b,vDeltaB,75,3,1,0.013
vDeltaG,vDeltaI_b,75,-2,3,0.04
vDeltaG,vDeltaI_b,75,-1,18,0.24
vDeltaG,vDeltaI_b,75,0,34,0.453
vDeltaG,vDeltaI_b,75,1,15,0.2
vDeltaG,vDeltaI_b,75,2,5,0.067
hDeltaJ,hDeltaI,75,-3,5,0.067
hDeltaJ,hDeltaI,75,-2,19,0.253
hDeltaJ,hDeltaI,75,-1,7,0.093
hDeltaJ,hDeltaI,75,0,10,0.133
hDeltaJ,hDeltaI,75,1,6,0.08
hDeltaJ,hDeltaI,75,2,21,0.28
hDeltaJ,hDeltaI,75,3,5,0.067
hDeltaJ,hDeltaI,75,4,2,0.027
vDeltaD,hDeltaF,75,-3,10,0.133
vDeltaD,hDeltaF,75,-2,11,0.147
vDeltaD,hDeltaF,75,-1,6,0.08
vDeltaD,hDeltaF,75,0,1,0.013
vDeltaD,hDeltaF,75,1,18,0.24
vDeltaD,hDeltaF,75,2,12,0.16
vDeltaD,hDeltaF,75,3,8,0.107
vDeltaD,hDeltaF,75,4,9,0.12
FS2,hDeltaB,75,-3,12,0.16
FS2,hDeltaB,75,-2,17,0.227
FS2,hDeltaB,75,-1,7,0.093
FS2,hDeltaB,75,0,3,0.04
FS2,hDeltaB,75,1,11,0.147
FS2,hDeltaB,75,2,12,0.16
FS2,hDeltaB,75,3,5,0.067
FS2,hDeltaB,75,4,8,0.107
PFNm_a,FC2A,74,-1,13,0.176
PFNm_a,FC2A,74,0,49,0.662
PFNm_a,FC2A,74,1,12,0.162
FC1C_a,FC1D,74,-1,8,0.108
FC1C_a,FC1D,74,0,55,0.743
FC1C_a,FC1D,74,1,10,0.135
FC1C_a,FC1D,74,3,1,0.014
FC1D,FC3_c,74,-2,3,0.041
FC1D,FC3_c,74,-1,15,0.203
FC1D,FC3_c,74,0,46,0.622
FC1D,FC3_c,74,1,10,0.135
vDeltaL,PFL3,74,-1,11,0.149
vDeltaL,PFL3,74,0,50,0.676
vDeltaL,PFL3,74,1,12,0.162
vDeltaL,PFL3,74,2,1,0.014
hDeltaB,FC2C,73,0,1,0.014
hDeltaB,FC2C,73,1,6,0.082
hDeltaB,FC2C,73,2,15,0.205
hDeltaB,FC2C,73,3,9,0.123
hDeltaB,FC2C,73,4,42,0.575
FS3_b,FS3_b,73,-3,9,0.123
FS3_b,FS3_b,73,-2,12,0.164
FS3_b,FS3_b,73,-1,6,0.082
FS3_b,FS3_b,73,0,5,0.068
FS3_b,FS3_b,73,1,6,0.082
FS3_b,FS3_b,73,2,12,0.164
FS3_b,FS3_b,73,3,14,0.192
FS3_b,FS3_b,73,4,9,0.123
FC1B,PFNa,73,-1,21,0.288
FC1B,PFNa,73,0,37,0.507
FC1B,PFNa,73,1,15,0.205
PFNm_a,FS3_c,72,-1,9,0.125
PFNm_a,FS3_c,72,0,56,0.778
PFNm_a,FS3_c,72,1,7,0.097
hDeltaM,PFR_a,72,-3,30,0.417
hDeltaM,PFR_a,72,4,42,0.583
PFNm_b,FS3_a,72,-1,11,0.153
PFNm_b,FS3_a,72,0,43,0.597
PFNm_b,FS3_a,72,1,18,0.25
FC3_a,FC2A,72,-1,9,0.125
FC3_a,FC2A,72,0,44,0.611
FC3_a,FC2A,72,1,19,0.264
PFR_a,FS1A_a,72,-2,1,0.014
PFR_a,FS1A_a,72,-1,13,0.181
PFR_a,FS1A_a,72,0,42,0.583
PFR_a,FS1A_a,72,1,15,0.208
PFR_a,FS1A_a,72,4,1,0.014
PFNv,hDeltaM,71,-2,1,0.014
PFNv,hDeltaM,71,-1,40,0.563
PFNv,hDeltaM,71,0,30,0.423
PFL1,PFL3,71,-3,8,0.113
PFL1,PFL3,71,-2,7,0.099
PFL1,PFL3,71,-1,11,0.155
PFL1,PFL3,71,0,19,0.268
PFL1,PFL3,71,1,9,0.127
PFL1,PFL3,71,2,8,0.113
PFL1,PFL3,71,3,3,0.042
PFL1,PFL3,71,4,6,0.085
vDeltaI_a,hDeltaM,71,-3,3,0.042
vDeltaI_a,hDeltaM,71,-2,1,0.014
vDeltaI_a,hDeltaM,71,-1,9,0.127
vDeltaI_a,hDeltaM,71,0,5,0.07
vDeltaI_a,hDeltaM,71,1,1,0.014
vDeltaI_a,hDeltaM,71,2,2,0.028
vDeltaI_a,hDeltaM,71,3,21,0.296
vDeltaI_a,hDeltaM,71,4,29,0.408
FC1C_b,FS4B,71,-2,1,0.014
FC1C_b,FS4B,71,-1,3,0.042
FC1C_b,FS4B,71,0,59,0.831
FC1C_b,FS4B,71,1,8,0.113
hDeltaC,FS3_c,71,-3,7,0.099
hDeltaC,FS3_c,71,-2,1,0.014
hDeltaC,FS3_c,71,-1,1,0.014
hDeltaC,FS3_c,71,0,4,0.056
hDeltaC,FS3_c,71,1,14,0.197
hDeltaC,FS3_c,71,2,14,0.197
hDeltaC,FS3_c,71,3,8,0.113
hDeltaC,FS3_c,71,4,22,0.31
FS2,hDeltaE,71,-2,2,0.028
FS2,hDeltaE,71,-1,28,0.394
FS2,hDeltaE,71,0,33,0.465
FS2,hDeltaE,71,1,4,0.056
FS2,hDeltaE,71,3,1,0.014
FS2,hDeltaE,71,4,3,0.042
hDeltaJ,PFR_b,71,-3,6,0.085
hDeltaJ,PFR_b,71,0,1,0.014
hDeltaJ,PFR_b,71,1,12,0.169
hDeltaJ,PFR_b,71,2,16,0.225
hDeltaJ,PFR_b,71,3,21,0.296
hDeltaJ,PFR_b,71,4,15,0.211
vDeltaF,vDeltaF,71,-3,2,0.028
vDeltaF,vDeltaF,71,-2,5,0.07
vDeltaF,vDeltaF,71,-1,19,0.268
vDeltaF,vDeltaF,71,0,22,0.31
vDeltaF,vDeltaF,71,1,15,0.211
vDeltaF,vDeltaF,71,2,7,0.099
vDeltaF,vDeltaF,71,3,1,0.014
FS1B_a,FS1A_c,71,-3,10,0.141
FS1B_a,FS1A_c,71,-2,4,0.056
FS1B_a,FS1A_c,71,-1,10,0.141
FS1B_a,FS1A_c,71,0,9,0.127
FS1B_a,FS1A_c,71,1,20,0.282
FS1B_a,FS1A_c,71,2,8,0.113
FS1B_a,FS1A_c,71,3,7,0.099
FS1B_a,FS1A_c,71,4,3,0.042
vDeltaD,vDeltaC,71,-2,2,0.028
vDeltaD,vDeltaC,71,-1,18,0.254
vDeltaD,vDeltaC,71,0,31,0.437
vDeltaD,vDeltaC,71,1,19,0.268
vDeltaD,vDeltaC,71,2,1,0.014
hDeltaD,FS3_b,70,-3,20,0.286
hDeltaD,FS3_b,70,-2,12,0.171
hDeltaD,FS3_b,70,3,1,0.014
hDeltaD,FS3_b,70,4,37,0.529
FC2C,FS4A,70,-1,3,0.043
FC2C,FS4A,70,0,65,0.929
FC2C,FS4A,70,1,2,0.029
vDeltaJ,vDeltaI_a,70,-1,13,0.186
vDeltaJ,vDeltaI_a,70,0,32,0.457
vDeltaJ,vDeltaI_a,70,1,18,0.257
vDeltaJ,vDeltaI_a,70,2,7,0.1
vDeltaC,FS3_c,70,-2,1,0.014
vDeltaC,FS3_c,70,-1,17,0.243
vDeltaC,FS3_c,70,0,37,0.529
vDeltaC,FS3_c,70,1,10,0.143
vDeltaC,FS3_c,70,2,5,0.071
PFR_a,FS1A_c,70,-1,12,0.171
PFR_a,FS1A_c,70,0,47,0.671
PFR_a,FS1A_c,70,1,10,0.143
PFR_a,FS1A_c,70,2,1,0.014
FS3_a,hDeltaF,69,-3,20,0.29
FS3_a,hDeltaF,69,-2,13,0.188
FS3_a,hDeltaF,69,-1,19,0.275
FS3_a,hDeltaF,69,0,13,0.188
FS3_a,hDeltaF,69,3,2,0.029
FS3_a,hDeltaF,69,4,2,0.029
FC2B,FS4C,69,-1,6,0.087
FC2B,FS4C,69,0,60,0.87
FC2B,FS4C,69,1,3,0.043
PFR_a,FC3_c,69,-1,10,0.145
PFR_a,FC3_c,69,0,49,0.71
PFR_a,FC3_c,69,1,7,0.101
PFR_a,FC3_c,69,2,1,0.014
PFR_a,FC3_c,69,4,2,0.029
hDeltaI,vDeltaI_b,69,-3,4,0.058
hDeltaI,vDeltaI_b,69,0,11,0.159
hDeltaI,vDeltaI_b,69,1,19,0.275
hDeltaI,vDeltaI_b,69,2,11,0.159
hDeltaI,vDeltaI_b,69,3,18,0.261
hDeltaI,vDeltaI_b,69,4,6,0.087
hDeltaL,FS1A_c,68,0,3,0.044
hDeltaL,FS1A_c,68,1,14,0.206
hDeltaL,FS1A_c,68,2,30,0.441
hDeltaL,FS1A_c,68,3,15,0.221
hDeltaL,FS1A_c,68,4,6,0.088
hDeltaF,FS1B_b,68,-3,16,0.235
hDeltaF,FS1B_b,68,-2,30,0.441
hDeltaF,FS1B_b,68,-1,17,0.25
hDeltaF,FS1B_b,68,4,5,0.074
FC3_a,vDeltaJ,68,-2,2,0.029
FC3_a,vDeltaJ,68,-1,25,0.368
FC3_a,vDeltaJ,68,0,36,0.529
FC3_a,vDeltaJ,68,1,5,0.074
vDeltaI_a,FC1C_a,68,-1,12,0.176
vDeltaI_a,FC1C_a,68,0,36,0.529
vDeltaI_a,FC1C_a,68,1,15,0.221
vDeltaI_a,FC1C_a,68,2,5,0.074
FC3_b,FC2B,68,-2,1,0.015
FC3_b,FC2B,68,-1,10,0.147
FC3_b,FC2B,68,0,47,0.691
FC3_b,FC2B,68,1,10,0.147
hDeltaC,FS1A_b,68,-3,10,0.147
hDeltaC,FS1A_b,68,-2,1,0.015
hDeltaC,FS1A_b,68,0,5,0.074
hDeltaC,FS1A_b,68,1,4,0.059
hDeltaC,FS1A_b,68,2,22,0.324
hDeltaC,FS1A_b,68,3,14,0.206
hDeltaC,FS1A_b,68,4,12,0.176
vDeltaH,PFL3,67,-1,13,0.194
vDeltaH,PFL3,67,0,31,0.463
vDeltaH,PFL3,67,1,18,0.269
vDeltaH,PFL3,67,2,5,0.075
FS3_a,FS3_a,67,-3,17,0.254
FS3_a,FS3_a,67,-2,9,0.134
FS3_a,FS3_a,67,-1,10,0.149
FS3_a,FS3_a,67,0,9,0.134
FS3_a,FS3_a,67,1,6,0.09
FS3_a,FS3_a,67,2,5,0.075
FS3_a,FS3_a,67,3,5,0.075
FS3_a,FS3_a,67,4,6,0.09
FC1A,FS1B_a,66,-2,2,0.03
FC1A,FS1B_a,66,-1,17,0.258
FC1A,FS1B_a,66,0,44,0.667
FC1A,FS1B_a,66,1,3,0.045
vDeltaI_a,hDeltaG,66,-2,3,0.045
vDeltaI_a,hDeltaG,66,-1,24,0.364
vDeltaI_a,hDeltaG,66,0,36,0.545
vDeltaI_a,hDeltaG,66,1,3,0.045
FC3_b,FS1B_b,66,-1,6,0.091
FC3_b,FS1B_b,66,0,52,0.788
FC3_b,FS1B_b,66,1,8,0.121
hDeltaI,FS1B_b,66,-3,4,0.061
hDeltaI,FS1B_b,66,1,23,0.348
hDeltaI,FS1B_b,66,2,10,0.152
hDeltaI,FS1B_b,66,3,16,0.242
hDeltaI,FS1B_b,66,4,13,0.197
PFNa,hDeltaL,66,-1,3,0.045
PFNa,hDeltaL,66,0,12,0.182
PFNa,hDeltaL,66,1,20,0.303
PFNa,hDeltaL,66,2,20,0.303
PFNa,hDeltaL,66,3,7,0.106
PFNa,hDeltaL,66,4,4,0.061
FS1A_a,FS1A_c,66,-3,7,0.106
FS1A_a,FS1A_c,66,-2,7,0.106
FS1A_a,FS1A_c,66,-1,8,0.121
FS1A_a,FS1A_c,66,0,10,0.152
FS1A_a,FS1A_c,66,1,10,0.152
FS1A_a,FS1A_c,66,2,7,0.106
FS1A_a,FS1A_c,66,3,6,0.091
FS1A_a,FS1A_c,66,4,11,0.167
FC1A,FC,65,-1,28,0.431
FC1A,FC,65,0,19,0.292
FC1A,FC,65,1,16,0.246
FC1A,FC,65,2,2,0.031
hDeltaA,FS1B_b,65,-3,6,0.092
hDeltaA,FS1B_b,65,1,11,0.169
hDeltaA,FS1B_b,65,2,18,0.277
hDeltaA,FS1B_b,65,3,12,0.185
hDeltaA,FS1B_b,65,4,18,0.277
FC3_a,FC1F,65,-3,1,0.015
FC3_a,FC1F,65,-2,1,0.015
FC3_a,FC1F,65,-1,9,0.138
FC3_a,FC1F,65,0,44,0.677
FC3_a,FC1F,65,1,10,0.154
hDeltaH,vDeltaI_a,65,-3,29,0.446
hDeltaH,vDeltaI_a,65,-2,7,0.108
hDeltaH,vDeltaI_a,65,0,1,0.015
hDeltaH,vDeltaI_a,65,3,4,0.062
hDeltaH,vDeltaI_a,65,4,24,0.369
PFNm_b,FS3_b,64,-2,1,0.016
PFNm_b,FS3_b,64,-1,3,0.047
PFNm_b,FS3_b,64,0,49,0.766
PFNm_b,FS3_b,64,1,11,0.172
hDeltaF,hDeltaK,64,-3,8,0.125
hDeltaF,hDeltaK,64,-2,15,0.234
hDeltaF,hDeltaK,64,-1,2,0.031
hDeltaF,hDeltaK,64,0,4,0.062
hDeltaF,hDeltaK,64,1,7,0.109
hDeltaF,hDeltaK,64,2,5,0.078
hDeltaF,hDeltaK,64,3,16,0.25
hDeltaF,hDeltaK,64,4,7,0.109
PFNm_a,FS4C,64,-1,9,0.141
PFNm_a,FS4C,64,0,52,0.812
PFNm_a,FS4C,64,1,3,0.047
FC2A,FS2,64,-1,9,0.141
FC2A,FS2,64,0,47,0.734
FC2A,FS2,64,1,8,0.125
vDeltaB,FS3_c,64,-2,1,0.016
vDeltaB,FS3_c,64,-1,11,0.172
vDeltaB,FS3_c,64,0,37,0.578
vDeltaB,FS3_c,64,1,9,0.141
vDeltaB,FS3_c,64,2,5,0.078
vDeltaB,FS3_c,64,3,1,0.016
FC1B,FS4C,64,-1,12,0.188
FC1B,FS4C,64,0,40,0.625
FC1B,FS4C,64,1,12,0.188
vDeltaE,hDeltaC,64,-3,11,0.172
vDeltaE,hDeltaC,64,-2,15,0.234
vDeltaE,hDeltaC,64,-1,12,0.188
vDeltaE,hDeltaC,64,0,4,0.062
vDeltaE,hDeltaC,64,1,4,0.062
vDeltaE,hDeltaC,64,2,3,0.047
vDeltaE,hDeltaC,64,3,6,0.094
vDeltaE,hDeltaC,64,4,9,0.141
FC3_c,hDeltaL,63,-3,11,0.175
FC3_c,hDeltaL,63,-2,5,0.079
FC3_c,hDeltaL,63,-1,5,0.079
FC3_c,hDeltaL,63,0,7,0.111
FC3_c,hDeltaL,63,1,7,0.111
FC3_c,hDeltaL,63,2,9,0.143
FC3_c,hDeltaL,63,3,3,0.048
FC3_c,hDeltaL,63,4,16,0.254
FS2,FS3_d,63,-3,5,0.079
FS2,FS3_d,63,-2,6,0.095
FS2,FS3_d,63,-1,6,0.095
FS2,FS3_d,63,0,28,0.444
FS2,FS3_d,63,1,4,0.063
FS2,FS3_d,63,2,5,0.079
FS2,FS3_d,63,3,4,0.063
FS2,FS3_d,63,4,5,0.079
FC3_c,FC1A,63,-2,2,0.032
FC3_c,FC1A,63,-1,2,0.032
FC3_c,FC1A,63,0,40,0.635
FC3_c,FC1A,63,1,19,0.302
vDeltaF,hDeltaL,63,-3,4,0.063
vDeltaF,hDeltaL,63,-2,1,0.016
vDeltaF,hDeltaL,63,-1,3,0.048
vDeltaF,hDeltaL,63,0,12,0.19
vDeltaF,hDeltaL,63,1,18,0.286
vDeltaF,hDeltaL,63,2,15,0.238
vDeltaF,hDeltaL,63,3,3,0.048
vDeltaF,hDeltaL,63,4,7,0.111
FC3_a,FC3_c,63,-3,1,0.016
FC3_a,FC3_c,63,-1,12,0.19
FC3_a,FC3_c,63,0,40,0.635
FC3_a,FC3_c,63,1,8,0.127
FC3_a,FC3_c,63,3,1,0.016
FC3_a,FC3_c,63,4,1,0.016
FS3_a,FS3_c,63,-3,3,0.048
FS3_a,FS3_c,63,-2,10,0.159
FS3_a,FS3_c,63,-1,10,0.159
FS3_a,FS3_c,63,0,10,0.159
FS3_a,FS3_c,63,1,8,0.127
FS3_a,FS3_c,63,2,9,0.143
FS3_a,FS3_c,63,3,9,0.143
FS3_a,FS3_c,63,4,4,0.063
FC3_c,vDeltaH,62,-1,7,0.113
FC3_c,vDeltaH,62,0,29,0.468
FC3_c,vDeltaH,62,1,26,0.419
FC3_b,PFNv,62,-1,16,0.258
FC3_b,PFNv,62,0,37,0.597
FC3_b,PFNv,62,1,9,0.145
hDeltaA,hDeltaM,62,-3,6,0.097
hDeltaA,hDeltaM,62,-2,12,0.194
hDeltaA,hDeltaM,62,-1,1,0.016
hDeltaA,hDeltaM,62,0,10,0.161
hDeltaA,hDeltaM,62,1,1,0.016
hDeltaA,hDeltaM,62,2,12,0.194
hDeltaA,hDeltaM,62,3,7,0.113
hDeltaA,hDeltaM,62,4,13,0.21
FC3_c,vDeltaC,62,-2,8,0.129
FC3_c,vDeltaC,62,-1,6,0.097
FC3_c,vDeltaC,62,0,24,0.387
FC3_c,vDeltaC,62,1,22,0.355
FC3_c,vDeltaC,62,2,2,0.032
PFNd,vDeltaI_b,61,-1,1,0.016
PFNd,vDeltaI_b,61,0,20,0.328
PFNd,vDeltaI_b,61,1,40,0.656
PFNm_a,vDeltaA_b,61,-1,8,0.131
PFNm_a,vDeltaA_b,61,0,45,0.738
PFNm_a,vDeltaA_b,61,1,6,0.098
PFNm_a,vDeltaA_b,61,2,2,0.033
FC1D,FS1A_c,61,-1,8,0.131
FC1D,FS1A_c,61,0,46,0.754
FC1D,FS1A_c,61,1,6,0.098
FC1D,FS1A_c,61,4,1,0.016
FS3_c,hDeltaL,61,-3,8,0.131
FS3_c,hDeltaL,61,-2,5,0.082
FS3_c,hDeltaL,61,-1,14,0.23
FS3_c,hDeltaL,61,0,7,0.115
FS3_c,hDeltaL,61,1,3,0.049
FS3_c,hDeltaL,61,2,5,0.082
FS3_c,hDeltaL,61,3,5,0.082
FS3_c,hDeltaL,61,4,14,0.23
vDeltaA_a,vDeltaK,61,-2,1,0.016
vDeltaA_a,vDeltaK,61,-1,4,0.066
vDeltaA_a,vDeltaK,61,0,45,0.738
vDeltaA_a,vDeltaK,61,1,7,0.115
vDeltaA_a,vDeltaK,61,2,1,0.016
vDeltaA_a,vDeltaK,61,3,3,0.049
vDeltaG,vDeltaH,60,-2,2,0.033
vDeltaG,vDeltaH,60,-1,13,0.217
vDeltaG,vDeltaH,60,0,32,0.533
vDeltaG,vDeltaH,60,1,12,0.2
vDeltaG,vDeltaH,60,3,1,0.017
hDeltaI,FS1B_a,60,-3,3,0.05
hDeltaI,FS1B_a,60,0,3,0.05
hDeltaI,FS1B_a,60,1,11,0.183
hDeltaI,FS1B_a,60,2,20,0.333
hDeltaI,FS1B_a,60,3,12,0.2
hDeltaI,FS1B_a,60,4,11,0.183
vDeltaF,vDeltaG,60,-2,1,0.017
vDeltaF,vDeltaG,60,-1,4,0.067
vDeltaF,vDeltaG,60,0,28,0.467
vDeltaF,vDeltaG,60,1,16,0.267
vDeltaF,vDeltaG,60,2,10,0.167
vDeltaF,vDeltaG,60,3,1,0.017
FC1C_b,FS4A,60,-1,3,0.05
FC1C_b,FS4A,60,0,54,0.9
FC1C_b,FS4A,60,1,3,0.05
FS1A_c,FS1B_a,60,-3,8,0.133
FS1A_c,FS1B_a,60,-2,11,0.183
FS1A_c,FS1B_a,60,-1,12,0.2
FS1A_c,FS1B_a,60,0,5,0.083
FS1A_c,FS1B_a,60,1,10,0.167
FS1A_c,FS1B_a,60,2,5,0.083
FS1A_c,FS1B_a,60,3,9,0.15
vDeltaB,FS3_a,60,-2,3,0.05
vDeltaB,FS3_a,60,-1,12,0.2
vDeltaB,FS3_a,60,0,22,0.367
vDeltaB,FS3_a,60,1,19,0.317
vDeltaB,FS3_a,60,2,4,0.067
hDeltaK,hDeltaC,60,-3,1,0.017
hDeltaK,hDeltaC,60,-2,11,0.183
hDeltaK,hDeltaC,60,-1,4,0.067
hDeltaK,hDeltaC,60,0,23,0.383
hDeltaK,hDeltaC,60,1,6,0.1
hDeltaK,hDeltaC,60,2,9,0.15
hDeltaK,hDeltaC,60,3,4,0.067
hDeltaK,hDeltaC,60,4,2,0.033
hDeltaI,FC2A,59,-3,4,0.068
hDeltaI,FC2A,59,0,3,0.051
hDeltaI,FC2A,59,1,20,0.339
hDeltaI,FC2A,59,2,15,0.254
hDeltaI,FC2A,59,3,10,0.169
hDeltaI,FC2A,59,4,7,0.119
FC1B,vDeltaH,59,-1,9,0.153
FC1B,vDeltaH,59,0,34,0.576
FC1B,vDeltaH,59,1,15,0.254
FC1B,vDeltaH,59,2,1,0.017
FC3_a,FC1B,59,-1,3,0.051
FC3_a,FC1B,59,0,46,0.78
FC3_a,FC1B,59,1,10,0.169
FS2,hDeltaF,59,-3,6,0.102
FS2,hDeltaF,59,-2,11,0.186
FS2,hDeltaF,59,-1,17,0.288
FS2,hDeltaF,59,0,15,0.254
FS2,hDeltaF,59,1,1,0.017
FS2,hDeltaF,59,2,7,0.119
FS2,hDeltaF,59,3,1,0.017
FS2,hDeltaF,59,4,1,0.017
FC2B,vDeltaG,59,-2,2,0.034
FC2B,vDeltaG,59,-1,9,0.153
FC2B,vDeltaG,59,0,27,0.458
FC2B,vDeltaG,59,1,17,0.288
FC2B,vDeltaG,59,2,4,0.068
hDeltaA,vDeltaI_b,58,-3,1,0.017
hDeltaA,vDeltaI_b,58,-2,1,0.017
hDeltaA,vDeltaI_b,58,-1,30,0.517
hDeltaA,vDeltaI_b,58,0,11,0.19
hDeltaA,vDeltaI_b,58,1,2,0.034
hDeltaA,vDeltaI_b,58,2,1,0.017
hDeltaA,vDeltaI_b,58,3,1,0.017
hDeltaA,vDeltaI_b,58,4,11,0.19
hDeltaG,hDeltaC,58,-3,9,0.155
hDeltaG,hDeltaC,58,-2,9,0.155
hDeltaG,hDeltaC,58,-1,10,0.172
hDeltaG,hDeltaC,58,0,8,0.138
hDeltaG,hDeltaC,58,1,7,0.121
hDeltaG,hDeltaC,58,2,6,0.103
hDeltaG,hDeltaC,58,3,2,0.034
hDeltaG,hDeltaC,58,4,7,0.121
PFNm_a,FS3_b,58,-2,1,0.017
PFNm_a,FS3_b,58,-1,2,0.034
PFNm_a,FS3_b,58,0,48,0.828
PFNm_a,FS3_b,58,1,7,0.121
hDeltaJ,FS1A_b,58,-3,5,0.086
hDeltaJ,FS1A_b,58,0,4,0.069
hDeltaJ,FS1A_b,58,1,7,0.121
hDeltaJ,FS1A_b,58,2,8,0.138
hDeltaJ,FS1A_b,58,3,18,0.31
hDeltaJ,FS1A_b,58,4,16,0.276
hDeltaA,hDeltaK,57,-3,5,0.088
hDeltaA,hDeltaK,57,-2,21,0.368
hDeltaA,hDeltaK,57,-1,4,0.07
hDeltaA,hDeltaK,57,0,14,0.246
hDeltaA,hDeltaK,57,1,3,0.053
hDeltaA,hDeltaK,57,2,9,0.158
hDeltaA,hDeltaK,57,3,1,0.018
vDeltaI_b,hDeltaA,57,-3,1,0.018
vDeltaI_b,hDeltaA,57,-1,2,0.035
vDeltaI_b,hDeltaA,57,0,16,0.281
vDeltaI_b,hDeltaA,57,1,18,0.316
vDeltaI_b,hDeltaA,57,2,10,0.175
vDeltaI_b,hDeltaA,57,3,5,0.088
vDeltaI_b,hDeltaA,57,4,5,0.088
FC1B,FS2,57,-1,7,0.123
FC1B,FS2,57,0,46,0.807
FC1B,FS2,57,1,4,0.07
hDeltaB,vDeltaE,57,0,2,0.035
hDeltaB,vDeltaE,57,1,19,0.333
hDeltaB,vDeltaE,57,2,12,0.211
hDeltaB,vDeltaE,57,3,15,0.263
hDeltaB,vDeltaE,57,4,9,0.158
PFR_a,FC2C,57,-1,7,0.123
PFR_a,FC2C,57,0,39,0.684
PFR_a,FC2C,57,1,11,0.193
FC3_c,FS1B_a,56,-2,2,0.036
FC3_c,FS1B_a,56,-1,11,0.196
FC3_c,FS1B_a,56,0,31,0.554
FC3_c,FS1B_a,56,1,12,0.214
FS2,FS3_b,56,-3,6,0.107
FS2,FS3_b,56,-2,4,0.071
FS2,FS3_b,56,-1,6,0.107
FS2,FS3_b,56,0,20,0.357
FS2,FS3_b,56,1,8,0.143
FS2,FS3_b,56,2,6,0.107
FS2,FS3_b,56,3,5,0.089
FS2,FS3_b,56,4,1,0.018
FC1B,FC,56,-2,3,0.054
FC1B,FC,56,-1,14,0.25
FC1B,FC,56,0,28,0.5
FC1B,FC,56,1,10,0.179
FC1B,FC,56,2,1,0.018
FC1F,PFL1,56,-1,13,0.232
FC1F,PFL1,56,0,34,0.607
FC1F,PFL1,56,1,6,0.107
FC1F,PFL1,56,2,3,0.054
FC1B,FR2,56,-1,11,0.196
FC1B,FR2,56,0,37,0.661
FC1B,FR2,56,1,8,0.143
hDeltaA,hDeltaB,56,-3,5,0.089
hDeltaA,hDeltaB,56,-2,11,0.196
hDeltaA,hDeltaB,56,-1,8,0.143
hDeltaA,hDeltaB,56,0,20,0.357
hDeltaA,hDeltaB,56,1,2,0.036
hDeltaA,hDeltaB,56,2,9,0.161
hDeltaA,hDeltaB,56,3,1,0.018
FC1F,FS2,56,-1,10,0.179
FC1F,FS2,56,0,40,0.714
FC1F,FS2,56,1,6,0.107
FC3_b,FC1D,56,-1,5,0.089
FC3_b,FC1D,56,0,44,0.786
FC3_b,FC1D,56,1,6,0.107
FC3_b,FC1D,56,2,1,0.018
FC1E,FC1F,56,-2,1,0.018
FC1E,FC1F,56,-1,9,0.161
FC1E,FC1F,56,0,36,0.643
FC1E,FC1F,56,1,8,0.143
FC1E,FC1F,56,2,1,0.018
FC1E,FC1F,56,4,1,0.018
FS3_c,FS2,56,-3,5,0.089
FS3_c,FS2,56,-2,9,0.161
FS3_c,FS2,56,-1,3,0.054
FS3_c,FS2,56,0,9,0.161
FS3_c,FS2,56,1,14,0.25
FS3_c,FS2,56,2,3,0.054
FS3_c,FS2,56,3,7,0.125
FS3_c,FS2,56,4,6,0.107
FS4A,hDeltaD,56,-2,3,0.054
FS4A,hDeltaD,56,-1,14,0.25
FS4A,hDeltaD,56,0,17,0.304
FS4A,hDeltaD,56,1,3,0.054
FS4A,hDeltaD,56,2,1,0.018
FS4A,hDeltaD,56,3,13,0.232
FS4A,hDeltaD,56,4,5,0.089
hDeltaF,FS4B,55,-3,17,0.309
hDeltaF,FS4B,55,-2,27,0.491
hDeltaF,FS4B,55,4,11,0.2
vDeltaD,hDeltaC,55,-3,10,0.182
vDeltaD,hDeltaC,55,-2,8,0.145
vDeltaD,hDeltaC,55,-1,7,0.127
vDeltaD,hDeltaC,55,0,5,0.091
vDeltaD,hDeltaC,55,1,4,0.073
vDeltaD,hDeltaC,55,2,6,0.109
vDeltaD,hDeltaC,55,3,2,0.036
vDeltaD,hDeltaC,55,4,13,0.236
PFNm_b,FS4B,55,-1,8,0.145
PFNm_b,FS4B,55,0,39,0.709
PFNm_b,FS4B,55,1,8,0.145
FC1B,vDeltaF,55,-2,8,0.145
FC1B,vDeltaF,55,-1,13,0.236
FC1B,vDeltaF,55,0,27,0.491
FC1B,vDeltaF,55,1,7,0.127
FS1B_a,FS1B_a,55,-3,4,0.073
FS1B_a,FS1B_a,55,-2,12,0.218
FS1B_a,FS1B_a,55,-1,8,0.145
FS1B_a,FS1B_a,55,0,5,0.091
FS1B_a,FS1B_a,55,1,6,0.109
FS1B_a,FS1B_a,55,2,10,0.182
FS1B_a,FS1B_a,55,3,3,0.055
FS1B_a,FS1B_a,55,4,7,0.127
hDeltaC,hDeltaM,54,-3,2,0.037
hDeltaC,hDeltaM,54,-2,2,0.037
hDeltaC,hDeltaM,54,0,3,0.056
hDeltaC,hDeltaM,54,1,8,0.148
hDeltaC,hDeltaM,54,2,16,0.296
hDeltaC,hDeltaM,54,3,14,0.259
hDeltaC,hDeltaM,54,4,9,0.167
vDeltaK,hDeltaH,54,-1,11,0.204
vDeltaK,hDeltaH,54,0,22,0.407
vDeltaK,hDeltaH,54,1,1,0.019
vDeltaK,hDeltaH,54,2,2,0.037
vDeltaK,hDeltaH,54,3,5,0.093
vDeltaK,hDeltaH,54,4,13,0.241
PFNd,hDeltaK,54,-3,1,0.019
PFNd,hDeltaK,54,-2,1,0.019
PFNd,hDeltaK,54,-1,1,0.019
PFNd,hDeltaK,54,0,13,0.241
PFNd,hDeltaK,54,1,13,0.241
PFNd,hDeltaK,54,2,10,0.185
PFNd,hDeltaK,54,3,8,0.148
PFNd,hDeltaK,54,4,7,0.13
FS4C,FS1B_b,54,-3,12,0.222
FS4C,FS1B_b,54,-2,3,0.056
FS4C,FS1B_b,54,-1,5,0.093
FS4C,FS1B_b,54,0,11,0.204
FS4C,FS1B_b,54,1,8,0.148
FS4C,FS1B_b,54,2,5,0.093
FS4C,FS1B_b,54,3,5,0.093
FS4C,FS1B_b,54,4,5,0.093
PFGs,hDeltaF,54,-3,3,0.056
PFGs,hDeltaF,54,-2,2,0.037
PFGs,hDeltaF,54,-1,2,0.037
PFGs,hDeltaF,54,0,6,0.111
PFGs,hDeltaF,54,1,2,0.037
PFGs,hDeltaF,54,2,16,0.296
PFGs,hDeltaF,54,3,15,0.278
PFGs,hDeltaF,54,4,8,0.148
FC2B,vDeltaF,54,-2,1,0.019
FC2B,vDeltaF,54,-1,15,0.278
FC2B,vDeltaF,54,0,29,0.537
FC2B,vDeltaF,54,1,8,0.148
FC2B,vDeltaF,54,2,1,0.019
FC2C,FC2A,54,-1,6,0.111
FC2C,FC2A,54,0,41,0.759
FC2C,FC2A,54,1,6,0.111
FC2C,FC2A,54,2,1,0.019
FS1B_b,FS4C,54,-3,5,0.093
FS1B_b,FS4C,54,-2,8,0.148
FS1B_b,FS4C,54,-1,10,0.185
FS1B_b,FS4C,54,0,6,0.111
FS1B_b,FS4C,54,1,4,0.074
FS1B_b,FS4C,54,2,8,0.148
FS1B_b,FS4C,54,3,5,0.093
FS1B_b,FS4C,54,4,8,0.148
PFNv,FC3_a,53,-1,17,0.321
PFNv,FC3_a,53,0,29,0.547
PFNv,FC3_a,53,1,7,0.132
PFNv,hDeltaL,53,-1,6,0.113
PFNv,hDeltaL,53,0,7,0.132
PFNv,hDeltaL,53,1,21,0.396
PFNv,hDeltaL,53,2,5,0.094
PFNv,hDeltaL,53,3,7,0.132
PFNv,hDeltaL,53,4,7,0.132
PFGs,FC3_b,53,-1,2,0.038
PFGs,FC3_b,53,0,41,0.774
PFGs,FC3_b,53,1,10,0.189
FC1F,FC1F,53,-1,16,0.302
FC1F,FC1F,53,0,22,0.415
FC1F,FC1F,53,1,15,0.283
PFR_a,FR2,53,-1,4,0.075
PFR_a,FR2,53,0,38,0.717
PFR_a,FR2,53,1,10,0.189
PFR_a,FR2,53,3,1,0.019
FC2C,FS4B,53,0,50,0.943
FC2C,FS4B,53,1,2,0.038
FC2C,FS4B,53,2,1,0.019
PFR_a,vDeltaI_b,53,-2,2,0.038
PFR_a,vDeltaI_b,53,-1,8,0.151
PFR_a,vDeltaI_b,53,0,33,0.623
PFR_a,vDeltaI_b,53,1,10,0.189
PFR_b,hDeltaI,53,-3,2,0.038
PFR_b,hDeltaI,53,-2,8,0.151
PFR_b,hDeltaI,53,-1,10,0.189
PFR_b,hDeltaI,53,0,4,0.075
PFR_b,hDeltaI,53,1,8,0.151
PFR_b,hDeltaI,53,2,8,0.151
PFR_b,hDeltaI,53,3,3,0.057
PFR_b,hDeltaI,53,4,10,0.189
FS4A,hDeltaE,52,-2,2,0.038
FS4A,hDeltaE,52,-1,11,0.212
FS4A,hDeltaE,52,0,28,0.538
FS4A,hDeltaE,52,1,1,0.019
FS4A,hDeltaE,52,3,5,0.096
FS4A,hDeltaE,52,4,5,0.096
hDeltaB,FC2B,52,-3,17,0.327
hDeltaB,FC2B,52,-1,1,0.019
hDeltaB,FC2B,52,0,1,0.019
hDeltaB,FC2B,52,1,4,0.077
hDeltaB,FC2B,52,2,12,0.231
hDeltaB,FC2B,52,3,9,0.173
hDeltaB,FC2B,52,4,8,0.154
vDeltaD,hDeltaE,52,-3,4,0.077
vDeltaD,hDeltaE,52,-2,4,0.077
vDeltaD,hDeltaE,52,-1,15,0.288
vDeltaD,hDeltaE,52,0,4,0.077
vDeltaD,hDeltaE,52,1,1,0.019
vDeltaD,hDeltaE,52,3,5,0.096
vDeltaD,hDeltaE,52,4,19,0.365
FC1C_a,FR2,52,-1,5,0.096
FC1C_a,FR2,52,0,42,0.808
FC1C_a,FR2,52,1,5,0.096
hDeltaA,FS1A_b,52,-3,6,0.115
hDeltaA,FS1A_b,52,0,4,0.077
hDeltaA,FS1A_b,52,1,9,0.173
hDeltaA,FS1A_b,52,2,5,0.096
hDeltaA,FS1A_b,52,3,17,0.327
hDeltaA,FS1A_b,52,4,11,0.212
hDeltaJ,hDeltaA,52,-3,2,0.038
hDeltaJ,hDeltaA,52,-2,16,0.308
hDeltaJ,hDeltaA,52,-1,11,0.212
hDeltaJ,hDeltaA,52,0,8,0.154
hDeltaJ,hDeltaA,52,1,4,0.077
hDeltaJ,hDeltaA,52,2,8,0.154
hDeltaJ,hDeltaA,52,3,3,0.058
FR1,PFR_b,52,-3,7,0.135
FR1,PFR_b,52,-2,3,0.058
FR1,PFR_b,52,-1,6,0.115
FR1,PFR_b,52,0,9,0.173
FR1,PFR_b,52,1,7,0.135
FR1,PFR_b,52,2,8,0.154
FR1,PFR_b,52,3,8,0.154
FR1,PFR_b,52,4,4,0.077
hDeltaJ,hDeltaK,52,-3,3,0.058
hDeltaJ,hDeltaK,52,-2,8,0.154
hDeltaJ,hDeltaK,52,-1,5,0.096
hDeltaJ,hDeltaK,52,0,20,0.385
hDeltaJ,hDeltaK,52,1,7,0.135
hDeltaJ,hDeltaK,52,2,3,0.058
hDeltaJ,hDeltaK,52,3,5,0.096
hDeltaJ,hDeltaK,52,4,1,0.019
PFR_a,FS1B_a,52,-2,2,0.038
PFR_a,FS1B_a,52,-1,4,0.077
PFR_a,FS1B_a,52,0,39,0.75
PFR_a,FS1B_a,52,1,7,0.135
FC1D,FC3_b,52,-3,1,0.019
FC1D,FC3_b,52,-2,1,0.019
FC1D,FC3_b,52,-1,10,0.192
FC1D,FC3_b,52,0,26,0.5
FC1D,FC3_b,52,1,10,0.192
FC1D,FC3_b,52,2,3,0.058
FC1D,FC3_b,52,4,1,0.019
PFR_b,vDeltaL,51,-1,8,0.157
PFR_b,vDeltaL,51,0,38,0.745
PFR_b,vDeltaL,51,1,5,0.098
FC3_a,FC3_a,51,-1,6,0.118
FC3_a,FC3_a,51,0,32,0.627
FC3_a,FC3_a,51,1,13,0.255
vDeltaA_b,FC2C,51,-1,5,0.098
vDeltaA_b,FC2C,51,0,22,0.431
vDeltaA_b,FC2C,51,1,22,0.431
vDeltaA_b,FC2C,51,2,2,0.039
vDeltaF,FC2A,51,-1,9,0.176
vDeltaF,FC2A,51,0,21,0.412
vDeltaF,FC2A,51,1,18,0.353
vDeltaF,FC2A,51,2,3,0.059
FC1E,FS4A,51,-1,3,0.059
FC1E,FS4A,51,0,33,0.647
FC1E,FS4A,51,1,15,0.294
FS3_d,FS3_b,51,-3,8,0.157
FS3_d,FS3_b,51,-2,7,0.137
FS3_d,FS3_b,51,-1,3,0.059
FS3_d,FS3_b,51,0,10,0.196
FS3_d,FS3_b,51,1,7,0.137
FS3_d,FS3_b,51,2,4,0.078
FS3_d,FS3_b,51,3,5,0.098
FS3_d,FS3_b,51,4,7,0.137
FC1F,FS1A_c,50,-1,9,0.18
FC1F,FS1A_c,50,0,34,0.68
FC1F,FS1A_c,50,1,7,0.14
vDeltaA_a,vDeltaJ,50,-2,1,0.02
vDeltaA_a,vDeltaJ,50,-1,5,0.1
vDeltaA_a,vDeltaJ,50,0,33,0.66
vDeltaA_a,vDeltaJ,50,1,10,0.2
vDeltaA_a,vDeltaJ,50,2,1,0.02
FS1B_b,FS2,50,-3,3,0.06
FS1B_b,FS2,50,-2,7,0.14
FS1B_b,FS2,50,-1,8,0.16
FS1B_b,FS2,50,0,5,0.1
FS1B_b,FS2,50,1,11,0.22
FS1B_b,FS2,50,2,2,0.04
FS1B_b,FS2,50,3,8,0.16
FS1B_b,FS2,50,4,6,0.12
vDeltaI_a,vDeltaJ,50,-2,2,0.04
vDeltaI_a,vDeltaJ,50,-1,14,0.28
vDeltaI_a,vDeltaJ,50,0,23,0.46
vDeltaI_a,vDeltaJ,50,1,11,0.22
FC3_b,vDeltaD,50,-1,18,0.36
FC3_b,vDeltaD,50,0,25,0.5
FC3_b,vDeltaD,50,1,7,0.14
FC2C,hDeltaI,50,-3,1,0.02
FC2C,hDeltaI,50,-2,3,0.06
FC2C,hDeltaI,50,-1,3,0.06
FC2C,hDeltaI,50,0,6,0.12
FC2C,hDeltaI,50,1,13,0.26
FC2C,hDeltaI,50,2,11,0.22
FC2C,hDeltaI,50,3,12,0.24
FC2C,hDeltaI,50,4,1,0.02
FC1F,hDeltaH,49,-1,16,0.327
FC1F,hDeltaH,49,0,16,0.327
FC1F,hDeltaH,49,3,7,0.143
FC1F,hDeltaH,49,4,10,0.204
vDeltaG,FS1A_c,49,-2,1,0.02
vDeltaG,FS1A_c,49,-1,13,0.265
vDeltaG,FS1A_c,49,0,17,0.347
vDeltaG,FS1A_c,49,1,16,0.327
vDeltaG,FS1A_c,49,2,2,0.041
PFR_a,vDeltaJ,49,-2,3,0.061
PFR_a,vDeltaJ,49,-1,10,0.204
PFR_a,vDeltaJ,49,0,30,0.612
PFR_a,vDeltaJ,49,1,6,0.122
FC3_a,FS1B_b,48,-2,1,0.021
FC3_a,FS1B_b,48,-1,8,0.167
FC3_a,FS1B_b,48,0,37,0.771
FC3_a,FS1B_b,48,1,2,0.042
vDeltaM,PFR_b,48,-1,7,0.146
vDeltaM,PFR_b,48,0,31,0.646
vDeltaM,PFR_b,48,1,9,0.188
vDeltaM,PFR_b,48,2,1,0.021
FS3_c,hDeltaF,48,-3,13,0.271
FS3_c,hDeltaF,48,-2,11,0.229
FS3_c,hDeltaF,48,-1,18,0.375
FS3_c,hDeltaF,48,0,4,0.083
FS3_c,hDeltaF,48,3,1,0.021
FS3_c,hDeltaF,48,4,1,0.021
hDeltaH,hDeltaC,48,-3,3,0.062
hDeltaH,hDeltaC,48,-2,6,0.125
hDeltaH,hDeltaC,48,-1,5,0.104
hDeltaH,hDeltaC,48,0,8,0.167
hDeltaH,hDeltaC,48,1,2,0.042
hDeltaH,hDeltaC,48,2,10,0.208
hDeltaH,hDeltaC,48,3,2,0.042
hDeltaH,hDeltaC,48,4,12,0.25
vDeltaH,vDeltaH,48,-2,2,0.042
vDeltaH,vDeltaH,48,-1,10,0.208
vDeltaH,vDeltaH,48,0,23,0.479
vDeltaH,vDeltaH,48,1,7,0.146
vDeltaH,vDeltaH,48,2,6,0.125
FC3_b,vDeltaK,48,-1,11,0.229
FC3_b,vDeltaK,48,0,29,0.604
FC3_b,vDeltaK,48,1,8,0.167
hDeltaI,FS1A_a,48,-3,6,0.125
hDeltaI,FS1A_a,48,-1,2,0.042
hDeltaI,FS1A_a,48,0,2,0.042
hDeltaI,FS1A_a,48,1,11,0.229
hDeltaI,FS1A_a,48,2,8,0.167
hDeltaI,FS1A_a,48,3,10,0.208
hDeltaI,FS1A_a,48,4,9,0.188
FC2B,PFR_a,48,-1,4,0.083
FC2B,PFR_a,48,0,33,0.688
FC2B,PFR_a,48,1,9,0.188
FC2B,PFR_a,48,2,2,0.042
vDeltaD,FC2B,48,-2,3,0.062
vDeltaD,FC2B,48,-1,14,0.292
vDeltaD,FC2B,48,0,16,0.333
vDeltaD,FC2B,48,1,14,0.292
vDeltaD,FC2B,48,2,1,0.021
FC2A,hDeltaI,48,-3,3,0.062
FC2A,hDeltaI,48,-2,2,0.042
FC2A,hDeltaI,48,-1,4,0.083
FC2A,hDeltaI,48,0,8,0.167
FC2A,hDeltaI,48,1,9,0.188
FC2A,hDeltaI,48,2,11,0.229
FC2A,hDeltaI,48,3,6,0.125
FC2A,hDeltaI,48,4,5,0.104
PFNa,FC1C_b,48,-1,6,0.125
PFNa,FC1C_b,48,0,31,0.646
PFNa,FC1C_b,48,1,11,0.229
FS1A_b,FC2C,48,-3,4,0.083
FS1A_b,FC2C,48,-2,8,0.167
FS1A_b,FC2C,48,-1,8,0.167
FS1A_b,FC2C,48,0,8,0.167
FS1A_b,FC2C,48,1,7,0.146
FS1A_b,FC2C,48,2,5,0.104
FS1A_b,FC2C,48,3,3,0.062
FS1A_b,FC2C,48,4,5,0.104
PFL3,hDeltaA,47,-3,3,0.064
PFL3,hDeltaA,47,-2,4,0.085
PFL3,hDeltaA,47,-1,4,0.085
PFL3,hDeltaA,47,0,18,0.383
PFL3,hDeltaA,47,1,6,0.128
PFL3,hDeltaA,47,2,8,0.17
PFL3,hDeltaA,47,3,2,0.043
PFL3,hDeltaA,47,4,2,0.043
PFNm_b,vDeltaF,47,-1,13,0.277
PFNm_b,vDeltaF,47,0,26,0.553
PFNm_b,vDeltaF,47,1,7,0.149
PFNm_b,vDeltaF,47,2,1,0.021
hDeltaM,FS2,47,-3,26,0.553
hDeltaM,FS2,47,-2,2,0.043
hDeltaM,FS2,47,3,1,0.021
hDeltaM,FS2,47,4,18,0.383
PFNd,hDeltaI,47,-3,3,0.064
PFNd,hDeltaI,47,-2,5,0.106
PFNd,hDeltaI,47,-1,3,0.064
PFNd,hDeltaI,47,0,5,0.106
PFNd,hDeltaI,47,1,14,0.298
PFNd,hDeltaI,47,2,12,0.255
PFNd,hDeltaI,47,3,2,0.043
PFNd,hDeltaI,47,4,3,0.064
FC1A,hDeltaI,47,0,8,0.17
FC1A,hDeltaI,47,1,8,0.17
FC1A,hDeltaI,47,2,18,0.383
FC1A,hDeltaI,47,3,12,0.255
FC1A,hDeltaI,47,4,1,0.021
PFNm_a,FS4B,47,-1,12,0.255
PFNm_a,FS4B,47,0,27,0.574
PFNm_a,FS4B,47,1,8,0.17
FC2C,hDeltaF,47,-3,6,0.128
FC2C,hDeltaF,47,-2,9,0.191
FC2C,hDeltaF,47,-1,9,0.191
FC2C,hDeltaF,47,0,4,0.085
FC2C,hDeltaF,47,2,7,0.149
FC2C,hDeltaF,47,3,11,0.234
FC2C,hDeltaF,47,4,1,0.021
hDeltaE,FS1B_b,46,-3,23,0.5
hDeltaE,FS1B_b,46,4,23,0.5
PFNm_b,vDeltaI_a,46,-1,9,0.196
PFNm_b,vDeltaI_a,46,0,28,0.609
PFNm_b,vDeltaI_a,46,1,9,0.196
hDeltaC,FS3_a,46,-3,1,0.022
hDeltaC,FS3_a,46,-2,2,0.043
hDeltaC,FS3_a,46,0,3,0.065
hDeltaC,FS3_a,46,1,9,0.196
hDeltaC,FS3_a,46,2,11,0.239
hDeltaC,FS3_a,46,3,11,0.239
hDeltaC,FS3_a,46,4,9,0.196
PFNa,vDeltaG,46,-2,2,0.043
PFNa,vDeltaG,46,-1,4,0.087
PFNa,vDeltaG,46,0,36,0.783
PFNa,vDeltaG,46,1,4,0.087
vDeltaA_a,FS4C,46,-1,5,0.109
vDeltaA_a,FS4C,46,0,18,0.391
vDeltaA_a,FS4C,46,1,18,0.391
vDeltaA_a,FS4C,46,2,5,0.109
PFR_b,FC3_b,46,-2,1,0.022
PFR_b,FC3_b,46,-1,9,0.196
PFR_b,FC3_b,46,0,29,0.63
PFR_b,FC3_b,46,1,7,0.152
FC1F,vDeltaH,45,-1,13,0.289
FC1F,vDeltaH,45,0,26,0.578
FC1F,vDeltaH,45,1,6,0.133
hDeltaC,FC2A,45,-3,2,0.044
hDeltaC,FC2A,45,0,4,0.089
hDeltaC,FC2A,45,1,15,0.333
hDeltaC,FC2A,45,2,8,0.178
hDeltaC,FC2A,45,3,10,0.222
hDeltaC,FC2A,45,4,6,0.133
PFR_b,FC3_a,45,-1,3,0.067
PFR_b,FC3_a,45,0,34,0.756
PFR_b,FC3_a,45,1,5,0.111
PFR_b,FC3_a,45,2,1,0.022
PFR_b,FC3_a,45,3,1,0.022
PFR_b,FC3_a,45,4,1,0.022
vDeltaF,FS1A_c,45,-2,3,0.067
vDeltaF,FS1A_c,45,-1,9,0.2
vDeltaF,FS1A_c,45,0,19,0.422
vDeltaF,FS1A_c,45,1,11,0.244
vDeltaF,FS1A_c,45,2,3,0.067
FC1D,hDeltaC,45,-2,1,0.022
FC1D,hDeltaC,45,-1,6,0.133
FC1D,hDeltaC,45,0,8,0.178
FC1D,hDeltaC,45,1,12,0.267
FC1D,hDeltaC,45,2,10,0.222
FC1D,hDeltaC,45,3,5,0.111
FC1D,hDeltaC,45,4,3,0.067
FC1B,vDeltaI_a,45,-2,2,0.044
FC1B,vDeltaI_a,45,-1,5,0.111
FC1B,vDeltaI_a,45,0,33,0.733
FC1B,vDeltaI_a,45,1,5,0.111
FC3_c,FC2C,45,-2,3,0.067
FC3_c,FC2C,45,-1,6,0.133
FC3_c,FC2C,45,0,25,0.556
FC3_c,FC2C,45,1,10,0.222
FC3_c,FC2C,45,2,1,0.022
PFR_b,vDeltaM,45,-2,1,0.022
PFR_b,vDeltaM,45,-1,14,0.311
PFR_b,vDeltaM,45,0,20,0.444
PFR_b,vDeltaM,45,1,10,0.222
hDeltaD,FS2,44,-3,14,0.318
hDeltaD,FS2,44,-2,2,0.045
hDeltaD,FS2,44,4,28,0.636
FC3_b,FC1A,44,-3,1,0.023
FC3_b,FC1A,44,-1,10,0.227
FC3_b,FC1A,44,0,25,0.568
FC3_b,FC1A,44,1,8,0.182
hDeltaI,hDeltaM,44,-3,8,0.182
hDeltaI,hDeltaM,44,-2,5,0.114
hDeltaI,hDeltaM,44,-1,3,0.068
hDeltaI,hDeltaM,44,0,3,0.068
hDeltaI,hDeltaM,44,1,6,0.136
hDeltaI,hDeltaM,44,2,8,0.182
hDeltaI,hDeltaM,44,3,5,0.114
hDeltaI,hDeltaM,44,4,6,0.136
hDeltaA,PFGs,44,-3,1,0.023
hDeltaA,PFGs,44,0,6,0.136
hDeltaA,PFGs,44,1,7,0.159
hDeltaA,PFGs,44,2,11,0.25
hDeltaA,PFGs,44,3,13,0.295
hDeltaA,PFGs,44,4,6,0.136
vDeltaB,vDeltaA_b,44,-3,2,0.045
vDeltaB,vDeltaA_b,44,-2,2,0.045
vDeltaB,vDeltaA_b,44,-1,13,0.295
vDeltaB,vDeltaA_b,44,0,18,0.409
vDeltaB,vDeltaA_b,44,1,8,0.182
vDeltaB,vDeltaA_b,44,2,1,0.023
FS2,FC2C,44,-1,9,0.205
FS2,FC2C,44,0,26,0.591
FS2,FC2C,44,1,7,0.159
FS2,FC2C,44,2,2,0.045
FS3_c,FS3_a,44,-3,6,0.136
FS3_c,FS3_a,44,-2,5,0.114
FS3_c,FS3_a,44,-1,1,0.023
FS3_c,FS3_a,44,0,5,0.114
FS3_c,FS3_a,44,1,9,0.205
FS3_c,FS3_a,44,2,10,0.227
FS3_c,FS3_a,44,3,2,0.045
FS3_c,FS3_a,44,4,6,0.136
FC1C_b,FC,43,-1,16,0.372
FC1C_b,FC,43,0,20,0.465
FC1C_b,FC,43,1,4,0.093
FC1C_b,FC,43,2,1,0.023
FC1C_b,FC,43,3,2,0.047
hDeltaJ,hDeltaG,43,-2,2,0.047
hDeltaJ,hDeltaG,43,0,2,0.047
hDeltaJ,hDeltaG,43,1,7,0.163
hDeltaJ,hDeltaG,43,2,10,0.233
hDeltaJ,hDeltaG,43,3,14,0.326
hDeltaJ,hDeltaG,43,4,8,0.186
FC1F,PFR_b,43,-1,4,0.093
FC1F,PFR_b,43,0,32,0.744
FC1F,PFR_b,43,1,7,0.163
FC1A,vDeltaG,43,-1,10,0.233
FC1A,vDeltaG,43,0,29,0.674
FC1A,vDeltaG,43,1,4,0.093
FC1B,PFR_b,43,-1,11,0.256
FC1B,PFR_b,43,0,28,0.651
FC1B,PFR_b,43,1,4,0.093
vDeltaL,PFR_b,43,-1,13,0.302
vDeltaL,PFR_b,43,0,20,0.465
vDeltaL,PFR_b,43,1,10,0.233
FC1F,FS4C,43,-1,3,0.07
FC1F,FS4C,43,0,35,0.814
FC1F,FS4C,43,1,5,0.116
FC1C_b,FC1A,43,-1,7,0.163
FC1C_b,FC1A,43,0,30,0.698
FC1C_b,FC1A,43,1,5,0.116
FC1C_b,FC1A,43,2,1,0.023
vDeltaA_b,hDeltaF,42,-3,1,0.024
vDeltaA_b,hDeltaF,42,-2,22,0.524
vDeltaA_b,hDeltaF,42,-1,10,0.238
vDeltaA_b,hDeltaF,42,0,4,0.095
vDeltaA_b,hDeltaF,42,1,4,0.095
vDeltaA_b,hDeltaF,42,3,1,0.024
hDeltaB,vDeltaI_b,42,-3,1,0.024
hDeltaB,vDeltaI_b,42,1,13,0.31
hDeltaB,vDeltaI_b,42,2,11,0.262
hDeltaB,vDeltaI_b,42,3,12,0.286
hDeltaB,vDeltaI_b,42,4,5,0.119
FC1D,FS1B_a,42,-2,1,0.024
FC1D,FS1B_a,42,-1,7,0.167
FC1D,FS1B_a,42,0,25,0.595
FC1D,FS1B_a,42,1,9,0.214
FC2C,FC,42,-1,9,0.214
FC2C,FC,42,0,27,0.643
FC2C,FC,42,1,6,0.143
FC3_a,FC1E,42,-1,6,0.143
FC3_a,FC1E,42,0,31,0.738
FC3_a,FC1E,42,1,5,0.119
FC1D,PFNa,42,-1,5,0.119
FC1D,PFNa,42,0,22,0.524
FC1D,PFNa,42,1,15,0.357
hDeltaL,hDeltaK,42,-3,1,0.024
hDeltaL,hDeltaK,42,-2,1,0.024
hDeltaL,hDeltaK,42,-1,5,0.119
hDeltaL,hDeltaK,42,0,29,0.69
hDeltaL,hDeltaK,42,1,5,0.119
hDeltaL,hDeltaK,42,3,1,0.024
PFNd,PFGs,42,0,18,0.429
PFNd,PFGs,42,1,24,0.571
vDeltaD,FS3_c,42,-1,13,0.31
vDeltaD,FS3_c,42,0,23,0.548
vDeltaD,FS3_c,42,1,6,0.143
FS2,vDeltaC,42,-2,1,0.024
FS2,vDeltaC,42,-1,10,0.238
FS2,vDeltaC,42,0,21,0.5
FS2,vDeltaC,42,1,8,0.19
FS2,vDeltaC,42,2,2,0.048
FC1A,PFNa,42,-1,6,0.143
FC1A,PFNa,42,0,26,0.619
FC1A,PFNa,42,1,9,0.214
FC1A,PFNa,42,2,1,0.024
hDeltaA,hDeltaH,41,-1,1,0.024
hDeltaA,hDeltaH,41,0,17,0.415
hDeltaA,hDeltaH,41,1,2,0.049
hDeltaA,hDeltaH,41,2,2,0.049
hDeltaA,hDeltaH,41,3,2,0.049
hDeltaA,hDeltaH,41,4,17,0.415
hDeltaL,FS1A_a,41,0,2,0.049
hDeltaL,FS1A_a,41,1,5,0.122
hDeltaL,FS1A_a,41,2,23,0.561
hDeltaL,FS1A_a,41,3,11,0.268
hDeltaA,vDeltaJ,41,-3,1,0.024
hDeltaA,vDeltaJ,41,-1,6,0.146
hDeltaA,vDeltaJ,41,0,13,0.317
hDeltaA,vDeltaJ,41,1,5,0.122
hDeltaA,vDeltaJ,41,2,8,0.195
hDeltaA,vDeltaJ,41,3,5,0.122
hDeltaA,vDeltaJ,41,4,3,0.073
vDeltaM,vDeltaA_b,41,-2,1,0.024
vDeltaM,vDeltaA_b,41,-1,7,0.171
vDeltaM,vDeltaA_b,41,0,28,0.683
vDeltaM,vDeltaA_b,41,1,3,0.073
vDeltaM,vDeltaA_b,41,2,2,0.049
hDeltaM,FR1,41,-3,19,0.463
hDeltaM,FR1,41,3,1,0.024
hDeltaM,FR1,41,4,21,0.512
hDeltaL,hDeltaE,41,-3,2,0.049
hDeltaL,hDeltaE,41,-1,4,0.098
hDeltaL,hDeltaE,41,0,8,0.195
hDeltaL,hDeltaE,41,1,3,0.073
hDeltaL,hDeltaE,41,2,17,0.415
hDeltaL,hDeltaE,41,3,3,0.073
hDeltaL,hDeltaE,41,4,4,0.098
hDeltaC,FS3_b,41,-3,7,0.171
hDeltaC,FS3_b,41,0,2,0.049
hDeltaC,FS3_b,41,1,13,0.317
hDeltaC,FS3_b,41,2,1,0.024
hDeltaC,FS3_b,41,3,5,0.122
hDeltaC,FS3_b,41,4,13,0.317
FC3_a,hDeltaL,41,-3,10,0.244
FC3_a,hDeltaL,41,-2,7,0.171
FC3_a,hDeltaL,41,-1,7,0.171
FC3_a,hDeltaL,41,0,4,0.098
FC3_a,hDeltaL,41,3,6,0.146
FC3_a,hDeltaL,41,4,7,0.171
FS3_c,FS3_c,41,-3,1,0.024
FS3_c,FS3_c,41,-2,9,0.22
FS3_c,FS3_c,41,-1,4,0.098
FS3_c,FS3_c,41,0,10,0.244
FS3_c,FS3_c,41,1,8,0.195
FS3_c,FS3_c,41,2,6,0.146
FS3_c,FS3_c,41,3,3,0.073
PFR_b,vDeltaI_a,41,-1,17,0.415
PFR_b,vDeltaI_a,41,0,20,0.488
PFR_b,vDeltaI_a,41,1,4,0.098
FS4A,FS4C,41,-3,2,0.049
FS4A,FS4C,41,-2,3,0.073
FS4A,FS4C,41,-1,6,0.146
FS4A,FS4C,41,0,11,0.268
FS4A,FS4C,41,1,8,0.195
FS4A,FS4C,41,2,5,0.122
FS4A,FS4C,41,3,2,0.049
FS4A,FS4C,41,4,4,0.098
FC1C_a,FS4B,41,-1,6,0.146
FC1C_a,FS4B,41,0,27,0.659
FC1C_a,FS4B,41,1,8,0.195
vDeltaL,PFR_a,41,-1,6,0.146
vDeltaL,PFR_a,41,0,26,0.634
vDeltaL,PFR_a,41,1,8,0.195
vDeltaL,PFR_a,41,2,1,0.024
FC1A,FR1,40,-3,1,0.025
FC1A,FR1,40,-1,6,0.15
FC1A,FR1,40,0,26,0.65
FC1A,FR1,40,1,7,0.175
FC1B,hDeltaI,40,0,8,0.2
FC1B,hDeltaI,40,1,12,0.3
FC1B,hDeltaI,40,2,8,0.2
FC1B,hDeltaI,40,3,11,0.275
FC1B,hDeltaI,40,4,1,0.025
hDeltaI,FS2,40,-3,4,0.1
hDeltaI,FS2,40,-1,1,0.025
hDeltaI,FS2,40,1,7,0.175
hDeltaI,FS2,40,2,14,0.35
hDeltaI,FS2,40,3,4,0.1
hDeltaI,FS2,40,4,10,0.25
vDeltaJ,FR1,40,-1,3,0.075
vDeltaJ,FR1,40,0,17,0.425
vDeltaJ,FR1,40,1,15,0.375
vDeltaJ,FR1,40,2,5,0.125
hDeltaA,vDeltaM,40,-3,1,0.025
hDeltaA,vDeltaM,40,-2,3,0.075
hDeltaA,vDeltaM,40,-1,7,0.175
hDeltaA,vDeltaM,40,0,3,0.075
hDeltaA,vDeltaM,40,1,8,0.2
hDeltaA,vDeltaM,40,2,3,0.075
hDeltaA,vDeltaM,40,3,7,0.175
hDeltaA,vDeltaM,40,4,8,0.2
vDeltaJ,PFR_b,40,-1,2,0.05
vDeltaJ,PFR_b,40,0,27,0.675
vDeltaJ,PFR_b,40,1,6,0.15
vDeltaJ,PFR_b,40,2,5,0.125
hDeltaI,FR1,40,1,10,0.25
hDeltaI,FR1,40,2,10,0.25
hDeltaI,FR1,40,3,12,0.3
hDeltaI,FR1,40,4,8,0.2
vDeltaG,vDeltaF,40,-3,2,0.05
vDeltaG,vDeltaF,40,-2,1,0.025
vDeltaG,vDeltaF,40,-1,12,0.3
vDeltaG,vDeltaF,40,0,17,0.425
vDeltaG,vDeltaF,40,1,7,0.175
vDeltaG,vDeltaF,40,2,1,0.025
FS2,vDeltaE,40,-1,9,0.225
FS2,vDeltaE,40,0,20,0.5
FS2,vDeltaE,40,1,11,0.275
PFR_a,vDeltaI_a,40,-2,1,0.025
PFR_a,vDeltaI_a,40,-1,9,0.225
PFR_a,vDeltaI_a,40,0,20,0.5
PFR_a,vDeltaI_a,40,1,10,0.25
PFR_b,vDeltaF,40,-2,3,0.075
PFR_b,vDeltaF,40,-1,10,0.25
PFR_b,vDeltaF,40,0,19,0.475
PFR_b,vDeltaF,40,1,8,0.2
PFNv,PFGs,39,-1,10,0.256
PFNv,PFGs,39,0,21,0.538
PFNv,PFGs,39,1,8,0.205
PFGs,hDeltaL,39,-3,7,0.179
PFGs,hDeltaL,39,-1,2,0.051
PFGs,hDeltaL,39,0,6,0.154
PFGs,hDeltaL,39,1,6,0.154
PFGs,hDeltaL,39,2,3,0.077
PFGs,hDeltaL,39,3,11,0.282
PFGs,hDeltaL,39,4,4,0.103
vDeltaB,FS2,39,-3,1,0.026
vDeltaB,FS2,39,-2,2,0.051
vDeltaB,FS2,39,-1,10,0.256
vDeltaB,FS2,39,0,17,0.436
vDeltaB,FS2,39,1,4,0.103
vDeltaB,FS2,39,2,5,0.128
vDeltaM,PFR_a,39,-2,1,0.026
vDeltaM,PFR_a,39,-1,6,0.154
vDeltaM,PFR_a,39,0,16,0.41
vDeltaM,PFR_a,39,1,15,0.385
vDeltaM,PFR_a,39,2,1,0.026
FS2,vDeltaD,39,-2,3,0.077
FS2,vDeltaD,39,-1,8,0.205
FS2,vDeltaD,39,0,21,0.538
FS2,vDeltaD,39,1,6,0.154
FS2,vDeltaD,39,3,1,0.026
FC2C,PFGs,39,-1,7,0.179
FC2C,PFGs,39,0,25,0.641
FC2C,PFGs,39,1,7,0.179
hDeltaH,hDeltaJ,38,-3,1,0.026
hDeltaH,hDeltaJ,38,-2,3,0.079
hDeltaH,hDeltaJ,38,-1,1,0.026
hDeltaH,hDeltaJ,38,0,14,0.368
hDeltaH,hDeltaJ,38,1,7,0.184
hDeltaH,hDeltaJ,38,2,5,0.132
hDeltaH,hDeltaJ,38,3,2,0.053
hDeltaH,hDeltaJ,38,4,5,0.132
hDeltaI,FC2B,38,0,3,0.079
hDeltaI,FC2B,38,1,8,0.211
hDeltaI,FC2B,38,2,15,0.395
hDeltaI,FC2B,38,3,6,0.158
hDeltaI,FC2B,38,4,6,0.158
FC2C,vDeltaF,38,-2,5,0.132
FC2C,vDeltaF,38,-1,9,0.237
FC2C,vDeltaF,38,0,15,0.395
FC2C,vDeltaF,38,1,9,0.237
vDeltaD,vDeltaE,38,-2,1,0.026
vDeltaD,vDeltaE,38,-1,5,0.132
vDeltaD,vDeltaE,38,0,20,0.526
vDeltaD,vDeltaE,38,1,10,0.263
vDeltaD,vDeltaE,38,2,2,0.053
FC3_c,FC2B,38,-1,8,0.211
FC3_c,FC2B,38,0,24,0.632
FC3_c,FC2B,38,1,6,0.158
hDeltaI,hDeltaB,38,-3,1,0.026
hDeltaI,hDeltaB,38,-2,5,0.132
hDeltaI,hDeltaB,38,-1,10,0.263
hDeltaI,hDeltaB,38,0,9,0.237
hDeltaI,hDeltaB,38,1,4,0.105
hDeltaI,hDeltaB,38,2,4,0.105
hDeltaI,hDeltaB,38,3,1,0.026
hDeltaI,hDeltaB,38,4,4,0.105
FS1A_a,FC2C,38,-3,2,0.053
FS1A_a,FC2C,38,-2,6,0.158
FS1A_a,FC2C,38,-1,4,0.105
FS1A_a,FC2C,38,0,4,0.105
FS1A_a,FC2C,38,1,4,0.105
FS1A_a,FC2C,38,2,2,0.053
FS1A_a,FC2C,38,3,10,0.263
FS1A_a,FC2C,38,4,6,0.158
vDeltaE,hDeltaH,37,-3,1,0.027
vDeltaE,hDeltaH,37,-1,1,0.027
vDeltaE,hDeltaH,37,0,2,0.054
vDeltaE,hDeltaH,37,1,1,0.027
vDeltaE,hDeltaH,37,2,1,0.027
vDeltaE,hDeltaH,37,3,19,0.514
vDeltaE,hDeltaH,37,4,12,0.324
FC1B,FC2B,37,-1,4,0.108
FC1B,FC2B,37,0,28,0.757
FC1B,FC2B,37,1,5,0.135
FC1E,FS1A_c,37,-1,1,0.027
FC1E,FS1A_c,37,0,32,0.865
FC1E,FS1A_c,37,1,4,0.108
PFNv,FS3_a,37,-1,7,0.189
PFNv,FS3_a,37,0,23,0.622
PFNv,FS3_a,37,1,7,0.189
hDeltaI,hDeltaH,37,-3,3,0.081
hDeltaI,hDeltaH,37,-2,6,0.162
hDeltaI,hDeltaH,37,-1,5,0.135
hDeltaI,hDeltaH,37,0,2,0.054
hDeltaI,hDeltaH,37,1,6,0.162
hDeltaI,hDeltaH,37,2,4,0.108
hDeltaI,hDeltaH,37,3,5,0.135
hDeltaI,hDeltaH,37,4,6,0.162
FC3_a,hDeltaK,37,-3,2,0.054
FC3_a,hDeltaK,37,-2,5,0.135
FC3_a,hDeltaK,37,-1,11,0.297
FC3_a,hDeltaK,37,0,1,0.027
FC3_a,hDeltaK,37,1,9,0.243
FC3_a,hDeltaK,37,2,2,0.054
FC3_a,hDeltaK,37,3,4,0.108
FC3_a,hDeltaK,37,4,3,0.081
FS1B_b,FS1B_a,37,-3,3,0.081
FS1B_b,FS1B_a,37,-2,4,0.108
FS1B_b,FS1B_a,37,-1,4,0.108
FS1B_b,FS1B_a,37,0,2,0.054
FS1B_b,FS1B_a,37,1,8,0.216
FS1B_b,FS1B_a,37,2,3,0.081
FS1B_b,FS1B_a,37,3,4,0.108
FS1B_b,FS1B_a,37,4,9,0.243
PFNd,FC2C,37,-1,1,0.027
PFNd,FC2C,37,0,12,0.324
PFNd,FC2C,37,1,24,0.649
vDeltaI_b,vDeltaK,37,-1,5,0.135
vDeltaI_b,vDeltaK,37,0,21,0.568
vDeltaI_b,vDeltaK,37,1,10,0.27
vDeltaI_b,vDeltaK,37,2,1,0.027
vDeltaA_b,FS3_d,37,-1,15,0.405
vDeltaA_b,FS3_d,37,0,11,0.297
vDeltaA_b,FS3_d,37,1,8,0.216
vDeltaA_b,FS3_d,37,2,3,0.081
hDeltaF,vDeltaB,36,-3,11,0.306
hDeltaF,vDeltaB,36,-2,14,0.389
hDeltaF,vDeltaB,36,-1,2,0.056
hDeltaF,vDeltaB,36,4,9,0.25
hDeltaH,PFGs,36,-3,11,0.306
hDeltaH,PFGs,36,0,7,0.194
hDeltaH,PFGs,36,4,18,0.5
FC1B,hDeltaH,36,-1,15,0.417
FC1B,hDeltaH,36,0,11,0.306
FC1B,hDeltaH,36,3,8,0.222
FC1B,hDeltaH,36,4,2,0.056
hDeltaA,FR1,36,-1,1,0.028
hDeltaA,FR1,36,0,7,0.194
hDeltaA,FR1,36,1,8,0.222
hDeltaA,FR1,36,2,7,0.194
hDeltaA,FR1,36,3,8,0.222
hDeltaA,FR1,36,4,5,0.139
FC1D,hDeltaI,36,-3,1,0.028
FC1D,hDeltaI,36,1,6,0.167
FC1D,hDeltaI,36,2,14,0.389
FC1D,hDeltaI,36,3,11,0.306
FC1D,hDeltaI,36,4,4,0.111
vDeltaD,FS3_a,36,-2,1,0.028
vDeltaD,FS3_a,36,-1,6,0.167
vDeltaD,FS3_a,36,0,14,0.389
vDeltaD,FS3_a,36,1,12,0.333
vDeltaD,FS3_a,36,2,3,0.083
vDeltaI_a,FC1C_b,36,-1,4,0.111
vDeltaI_a,FC1C_b,36,0,23,0.639
vDeltaI_a,FC1C_b,36,1,9,0.25
PFGs,FC3_a,36,0,31,0.861
PFGs,FC3_a,36,1,5,0.139
vDeltaG,hDeltaC,36,-3,1,0.028
vDeltaG,hDeltaC,36,-2,3,0.083
vDeltaG,hDeltaC,36,-1,3,0.083
vDeltaG,hDeltaC,36,0,6,0.167
vDeltaG,hDeltaC,36,1,9,0.25
vDeltaG,hDeltaC,36,2,4,0.111
vDeltaG,hDeltaC,36,3,7,0.194
vDeltaG,hDeltaC,36,4,3,0.083
FS4B,vDeltaA_a,36,-3,3,0.083
FS4B,vDeltaA_a,36,-2,3,0.083
FS4B,vDeltaA_a,36,-1,9,0.25
FS4B,vDeltaA_a,36,0,10,0.278
FS4B,vDeltaA_a,36,1,9,0.25
FS4B,vDeltaA_a,36,2,2,0.056
vDeltaF,PFR_a,36,-1,11,0.306
vDeltaF,PFR_a,36,0,14,0.389
vDeltaF,PFR_a,36,1,10,0.278
vDeltaF,PFR_a,36,2,1,0.028
PFNa,PFNd,36,-3,1,0.028
PFNa,PFNd,36,-1,14,0.389
PFNa,PFNd,36,0,19,0.528
PFNa,PFNd,36,1,1,0.028
PFNa,PFNd,36,2,1,0.028
PFL2,PFL3,36,-3,3,0.083
PFL2,PFL3,36,-2,5,0.139
PFL2,PFL3,36,-1,4,0.111
PFL2,PFL3,36,0,10,0.278
PFL2,PFL3,36,1,4,0.111
PFL2,PFL3,36,2,3,0.083
PFL2,PFL3,36,3,3,0.083
PFL2,PFL3,36,4,4,0.111
PFL3,PFL2,36,-3,2,0.056
PFL3,PFL2,36,-2,4,0.111
PFL3,PFL2,36,-1,2,0.056
PFL3,PFL2,36,0,13,0.361
PFL3,PFL2,36,1,4,0.111
PFL3,PFL2,36,2,4,0.111
PFL3,PFL2,36,3,3,0.083
PFL3,PFL2,36,4,4,0.111
FC3_b,hDeltaK,36,-3,4,0.111
FC3_b,hDeltaK,36,-1,5,0.139
FC3_b,hDeltaK,36,0,4,0.111
FC3_b,hDeltaK,36,1,6,0.167
FC3_b,hDeltaK,36,2,5,0.139
FC3_b,hDeltaK,36,3,5,0.139
FC3_b,hDeltaK,36,4,7,0.194
FC3_b,hDeltaA,35,-3,3,0.086
FC3_b,hDeltaA,35,-2,1,0.029
FC3_b,hDeltaA,35,-1,3,0.086
FC3_b,hDeltaA,35,0,16,0.457
FC3_b,hDeltaA,35,1,1,0.029
FC3_b,hDeltaA,35,2,1,0.029
FC3_b,hDeltaA,35,3,6,0.171
FC3_b,hDeltaA,35,4,4,0.114
FC1A,FS1A_c,35,-1,7,0.2
FC1A,FS1A_c,35,0,25,0.714
FC1A,FS1A_c,35,1,3,0.086
hDeltaJ,PFL2,35,1,6,0.171
hDeltaJ,PFL2,35,2,7,0.2
hDeltaJ,PFL2,35,3,12,0.343
hDeltaJ,PFL2,35,4,10,0.286
PFNm_a,vDeltaH,35,-1,7,0.2
PFNm_a,vDeltaH,35,0,21,0.6
PFNm_a,vDeltaH,35,1,6,0.171
PFNm_a,vDeltaH,35,2,1,0.029
vDeltaG,FS1B_a,35,-1,6,0.171
vDeltaG,FS1B_a,35,0,25,0.714
vDeltaG,FS1B_a,35,1,4,0.114
vDeltaM,PFGs,35,-1,3,0.086
vDeltaM,PFGs,35,0,15,0.429
vDeltaM,PFGs,35,1,17,0.486
FC1D,FC3_a,35,-3,1,0.029
FC1D,FC3_a,35,-1,3,0.086
FC1D,FC3_a,35,0,27,0.771
FC1D,FC3_a,35,1,4,0.114
FC2A,hDeltaH,35,-1,10,0.286
FC2A,hDeltaH,35,0,12,0.343
FC2A,hDeltaH,35,3,7,0.2
FC2A,hDeltaH,35,4,6,0.171
vDeltaG,FS1A_a,35,-2,3,0.086
vDeltaG,FS1A_a,35,-1,4,0.114
vDeltaG,FS1A_a,35,0,17,0.486
vDeltaG,FS1A_a,35,1,9,0.257
vDeltaG,FS1A_a,35,2,2,0.057
FS4C,FS4A,35,-3,6,0.171
FS4C,FS4A,35,-2,8,0.229
FS4C,FS4A,35,-1,3,0.086
FS4C,FS4A,35,0,7,0.2
FS4C,FS4A,35,1,5,0.143
FS4C,FS4A,35,2,3,0.086
FS4C,FS4A,35,3,2,0.057
FS4C,FS4A,35,4,1,0.029
vDeltaB,FS3_d,35,-2,4,0.114
vDeltaB,FS3_d,35,-1,11,0.314
vDeltaB,FS3_d,35,0,11,0.314
vDeltaB,FS3_d,35,1,9,0.257
hDeltaM,FS4C,34,-3,16,0.471
hDeltaM,FS4C,34,4,18,0.529
hDeltaF,FS1A_a,34,-3,34,1.0
hDeltaF,hDeltaG,34,-3,8,0.235
hDeltaF,hDeltaG,34,-2,12,0.353
hDeltaF,hDeltaG,34,0,1,0.029
hDeltaF,hDeltaG,34,1,1,0.029
hDeltaF,hDeltaG,34,2,1,0.029
hDeltaF,hDeltaG,34,3,4,0.118
hDeltaF,hDeltaG,34,4,7,0.206
hDeltaE,hDeltaL,34,-3,3,0.088
hDeltaE,hDeltaL,34,-2,9,0.265
hDeltaE,hDeltaL,34,-1,1,0.029
hDeltaE,hDeltaL,34,0,5,0.147
hDeltaE,hDeltaL,34,1,1,0.029
hDeltaE,hDeltaL,34,2,7,0.206
hDeltaE,hDeltaL,34,3,1,0.029
hDeltaE,hDeltaL,34,4,7,0.206
hDeltaA,vDeltaF,34,1,1,0.029
hDeltaA,vDeltaF,34,2,18,0.529
hDeltaA,vDeltaF,34,3,13,0.382
hDeltaA,vDeltaF,34,4,2,0.059
PFR_b,vDeltaK,34,-2,1,0.029
PFR_b,vDeltaK,34,-1,9,0.265
PFR_b,vDeltaK,34,0,20,0.588
PFR_b,vDeltaK,34,1,4,0.118
hDeltaM,vDeltaI_b,34,-3,12,0.353
hDeltaM,vDeltaI_b,34,-2,2,0.059
hDeltaM,vDeltaI_b,34,3,3,0.088
hDeltaM,vDeltaI_b,34,4,17,0.5
FC1B,FS1A_c,34,-2,1,0.029
FC1B,FS1A_c,34,-1,5,0.147
FC1B,FS1A_c,34,0,27,0.794
FC1B,FS1A_c,34,1,1,0.029
PFNm_b,FS4C,34,-1,7,0.206
PFNm_b,FS4C,34,0,20,0.588
PFNm_b,FS4C,34,1,7,0.206
vDeltaF,vDeltaE,34,-2,1,0.029
vDeltaF,vDeltaE,34,-1,5,0.147
vDeltaF,vDeltaE,34,0,13,0.382
vDeltaF,vDeltaE,34,1,13,0.382
vDeltaF,vDeltaE,34,2,2,0.059
FS3_d,FS2,34,-3,1,0.029
FS3_d,FS2,34,-2,2,0.059
FS3_d,FS2,34,-1,11,0.324
FS3_d,FS2,34,0,5,0.147
FS3_d,FS2,34,1,5,0.147
FS3_d,FS2,34,2,3,0.088
FS3_d,FS2,34,3,1,0.029
FS3_d,FS2,34,4,6,0.176
vDeltaF,FS1A_a,34,-2,1,0.029
vDeltaF,FS1A_a,34,-1,3,0.088
vDeltaF,FS1A_a,34,0,19,0.559
vDeltaF,FS1A_a,34,1,7,0.206
vDeltaF,FS1A_a,34,2,4,0.118
hDeltaI,vDeltaM,34,-1,1,0.029
hDeltaI,vDeltaM,34,1,7,0.206
hDeltaI,vDeltaM,34,2,18,0.529
hDeltaI,vDeltaM,34,3,5,0.147
hDeltaI,vDeltaM,34,4,3,0.088
FS2,PFR_a,34,-1,3,0.088
FS2,PFR_a,34,0,27,0.794
FS2,PFR_a,34,1,4,0.118
hDeltaH,hDeltaA,33,-2,3,0.091
hDeltaH,hDeltaA,33,0,3,0.091
hDeltaH,hDeltaA,33,1,1,0.03
hDeltaH,hDeltaA,33,2,2,0.061
hDeltaH,hDeltaA,33,4,24,0.727
hDeltaM,hDeltaG,33,0,1,0.03
hDeltaM,hDeltaG,33,4,32,0.97
hDeltaA,vDeltaI_a,33,-1,13,0.394
hDeltaA,vDeltaI_a,33,0,14,0.424
hDeltaA,vDeltaI_a,33,1,3,0.091
hDeltaA,vDeltaI_a,33,3,1,0.03
hDeltaA,vDeltaI_a,33,4,2,0.061
hDeltaG,vDeltaG,33,-3,16,0.485
hDeltaG,vDeltaG,33,1,2,0.061
hDeltaG,vDeltaG,33,3,1,0.03
hDeltaG,vDeltaG,33,4,14,0.424
FC3_a,FS3_a,33,-1,4,0.121
FC3_a,FS3_a,33,0,24,0.727
FC3_a,FS3_a,33,1,5,0.152
hDeltaD,PFGs,33,-3,14,0.424
hDeltaD,PFGs,33,-2,1,0.03
hDeltaD,PFGs,33,4,18,0.545
FC1C_a,FS4C,33,-1,1,0.03
FC1C_a,FS4C,33,0,31,0.939
FC1C_a,FS4C,33,1,1,0.03
hDeltaC,FC3_a,33,-3,4,0.121
hDeltaC,FC3_a,33,0,1,0.03
hDeltaC,FC3_a,33,1,7,0.212
hDeltaC,FC3_a,33,2,7,0.212
hDeltaC,FC3_a,33,3,10,0.303
hDeltaC,FC3_a,33,4,4,0.121
hDeltaA,FC2B,33,-3,4,0.121
hDeltaA,FC2B,33,0,7,0.212
hDeltaA,FC2B,33,1,3,0.091
hDeltaA,FC2B,33,2,8,0.242
hDeltaA,FC2B,33,3,5,0.152
hDeltaA,FC2B,33,4,6,0.182
PFNv,FC3_c,33,-1,6,0.182
PFNv,FC3_c,33,0,23,0.697
PFNv,FC3_c,33,1,4,0.121
vDeltaK,PFR_a,33,-1,3,0.091
vDeltaK,PFR_a,33,0,24,0.727
vDeltaK,PFR_a,33,1,4,0.121
vDeltaK,PFR_a,33,2,2,0.061
FC1A,hDeltaJ,33,-3,2,0.061
FC1A,hDeltaJ,33,-2,3,0.091
FC1A,hDeltaJ,33,-1,3,0.091
FC1A,hDeltaJ,33,0,3,0.091
FC1A,hDeltaJ,33,1,6,0.182
FC1A,hDeltaJ,33,2,8,0.242
FC1A,hDeltaJ,33,3,8,0.242
FC3_a,FS1B_a,33,-1,6,0.182
FC3_a,FS1B_a,33,0,22,0.667
FC3_a,FS1B_a,33,1,3,0.091
FC3_a,FS1B_a,33,2,2,0.061
PFNv,FS3_c,33,-1,6,0.182
PFNv,FS3_c,33,0,20,0.606
PFNv,FS3_c,33,1,7,0.212
hDeltaD,FS3_c,33,-3,16,0.485
hDeltaD,FS3_c,33,4,17,0.515
PFR_a,vDeltaE,33,-2,1,0.03
PFR_a,vDeltaE,33,-1,4,0.121
PFR_a,vDeltaE,33,0,22,0.667
PFR_a,vDeltaE,33,1,6,0.182
FC1F,hDeltaI,33,-1,1,0.03
FC1F,hDeltaI,33,0,3,0.091
FC1F,hDeltaI,33,1,9,0.273
FC1F,hDeltaI,33,2,10,0.303
FC1F,hDeltaI,33,3,9,0.273
FC1F,hDeltaI,33,4,1,0.03
FC1F,PFNa,33,-1,7,0.212
FC1F,PFNa,33,0,20,0.606
FC1F,PFNa,33,1,6,0.182
FC2C,hDeltaE,33,-3,1,0.03
FC2C,hDeltaE,33,-1,8,0.242
FC2C,hDeltaE,33,0,4,0.121
FC2C,hDeltaE,33,1,3,0.091
FC2C,hDeltaE,33,2,1,0.03
FC2C,hDeltaE,33,3,5,0.152
FC2C,hDeltaE,33,4,11,0.333
PFNd,PFNv,33,-3,2,0.061
PFNd,PFNv,33,-2,3,0.091
PFNd,PFNv,33,-1,3,0.091
PFNd,PFNv,33,0,9,0.273
PFNd,PFNv,33,1,8,0.242
PFNd,PFNv,33,2,2,0.061
PFNd,PFNv,33,3,3,0.091
PFNd,PFNv,33,4,3,0.091
FS3_b,FS3_a,33,-3,3,0.091
FS3_b,FS3_a,33,-2,6,0.182
FS3_b,FS3_a,33,-1,4,0.121
FS3_b,FS3_a,33,0,4,0.121
FS3_b,FS3_a,33,1,5,0.152
FS3_b,FS3_a,33,2,5,0.152
FS3_b,FS3_a,33,3,3,0.091
FS3_b,FS3_a,33,4,3,0.091
vDeltaF,FC3_a,33,-2,1,0.03
vDeltaF,FC3_a,33,-1,9,0.273
vDeltaF,FC3_a,33,0,6,0.182
vDeltaF,FC3_a,33,1,10,0.303
vDeltaF,FC3_a,33,2,7,0.212
hDeltaB,PFL3,32,1,3,0.094
hDeltaB,PFL3,32,2,16,0.5
hDeltaB,PFL3,32,3,12,0.375
hDeltaB,PFL3,32,4,1,0.031
FC3_a,FC,32,-1,1,0.031
FC3_a,FC,32,0,22,0.688
FC3_a,FC,32,1,9,0.281
PFNm_a,PFNa,32,-3,1,0.031
PFNm_a,PFNa,32,-2,2,0.062
PFNm_a,PFNa,32,0,28,0.875
PFNm_a,PFNa,32,1,1,0.031
FC3_a,PFL3,32,-1,1,0.031
FC3_a,PFL3,32,0,28,0.875
FC3_a,PFL3,32,1,3,0.094
FC3_c,FC3_c,32,-2,1,0.031
FC3_c,FC3_c,32,-1,6,0.188
FC3_c,FC3_c,32,0,18,0.562
FC3_c,FC3_c,32,1,7,0.219
FC1A,hDeltaA,32,-1,4,0.125
FC1A,hDeltaA,32,0,1,0.031
FC1A,hDeltaA,32,1,9,0.281
FC1A,hDeltaA,32,2,9,0.281
FC1A,hDeltaA,32,3,7,0.219
FC1A,hDeltaA,32,4,2,0.062
PFNa,PFNv,32,-2,1,0.031
PFNa,PFNv,32,-1,2,0.062
PFNa,PFNv,32,0,27,0.844
PFNa,PFNv,32,3,1,0.031
PFNa,PFNv,32,4,1,0.031
hDeltaI,FS4C,32,0,1,0.031
hDeltaI,FS4C,32,1,9,0.281
hDeltaI,FS4C,32,2,5,0.156
hDeltaI,FS4C,32,3,11,0.344
hDeltaI,FS4C,32,4,6,0.188
hDeltaH,FC3_b,32,-3,12,0.375
hDeltaH,FC3_b,32,0,6,0.188
hDeltaH,FC3_b,32,1,2,0.062
hDeltaH,FC3_b,32,4,12,0.375
FC1C_b,FS1A_c,32,-3,1,0.031
FC1C_b,FS1A_c,32,-2,2,0.062
FC1C_b,FS1A_c,32,-1,3,0.094
FC1C_b,FS1A_c,32,0,18,0.562
FC1C_b,FS1A_c,32,1,3,0.094
FC1C_b,FS1A_c,32,3,3,0.094
FC1C_b,FS1A_c,32,4,2,0.062
FS3_a,FS3_b,32,-3,1,0.031
FS3_a,FS3_b,32,-2,3,0.094
FS3_a,FS3_b,32,-1,7,0.219
FS3_a,FS3_b,32,0,8,0.25
FS3_a,FS3_b,32,1,2,0.062
FS3_a,FS3_b,32,2,6,0.188
FS3_a,FS3_b,32,3,2,0.062
FS3_a,FS3_b,32,4,3,0.094
FS2,hDeltaJ,32,-3,3,0.094
FS2,hDeltaJ,32,-2,3,0.094
FS2,hDeltaJ,32,-1,1,0.031
FS2,hDeltaJ,32,0,4,0.125
FS2,hDeltaJ,32,1,5,0.156
FS2,hDeltaJ,32,2,11,0.344
FS2,hDeltaJ,32,3,5,0.156
FC1D,FS4A,32,-1,2,0.062
FC1D,FS4A,32,0,29,0.906
FC1D,FS4A,32,1,1,0.031
vDeltaI_a,PFL3,32,-1,4,0.125
vDeltaI_a,PFL3,32,0,15,0.469
vDeltaI_a,PFL3,32,1,12,0.375
vDeltaI_a,PFL3,32,2,1,0.031
FC3_b,hDeltaM,31,-1,7,0.226
FC3_b,hDeltaM,31,0,5,0.161
FC3_b,hDeltaM,31,3,11,0.355
FC3_b,hDeltaM,31,4,8,0.258
PFNm_a,vDeltaJ,31,-1,10,0.323
PFNm_a,vDeltaJ,31,0,21,0.677
FC3_a,hDeltaI,31,-2,1,0.032
FC3_a,hDeltaI,31,-1,1,0.032
FC3_a,hDeltaI,31,0,5,0.161
FC3_a,hDeltaI,31,1,9,0.29
FC3_a,hDeltaI,31,2,2,0.065
FC3_a,hDeltaI,31,3,9,0.29
FC3_a,hDeltaI,31,4,4,0.129
hDeltaM,vDeltaH,31,-3,10,0.323
hDeltaM,vDeltaH,31,-2,3,0.097
hDeltaM,vDeltaH,31,3,4,0.129
hDeltaM,vDeltaH,31,4,14,0.452
PFNa,FC2C,31,0,24,0.774
PFNa,FC2C,31,1,7,0.226
PFL3,PFL1,31,-2,5,0.161
PFL3,PFL1,31,-1,1,0.032
PFL3,PFL1,31,0,10,0.323
PFL3,PFL1,31,1,9,0.29
PFL3,PFL1,31,2,3,0.097
PFL3,PFL1,31,3,3,0.097
vDeltaJ,FC2B,31,-1,4,0.129
vDeltaJ,FC2B,31,0,12,0.387
vDeltaJ,FC2B,31,1,10,0.323
vDeltaJ,FC2B,31,2,5,0.161
FS1B_a,FS2,31,-3,1,0.032
FS1B_a,FS2,31,-2,3,0.097
FS1B_a,FS2,31,-1,6,0.194
FS1B_a,FS2,31,0,6,0.194
FS1B_a,FS2,31,1,6,0.194
FS1B_a,FS2,31,2,3,0.097
FS1B_a,FS2,31,3,6,0.194
vDeltaE,vDeltaD,31,-2,1,0.032
vDeltaE,vDeltaD,31,-1,12,0.387
vDeltaE,vDeltaD,31,0,12,0.387
vDeltaE,vDeltaD,31,1,6,0.194
FC3_a,FC1D,31,-1,7,0.226
FC3_a,FC1D,31,0,22,0.71
FC3_a,FC1D,31,1,2,0.065
PFNa,FC,30,-1,16,0.533
PFNa,FC,30,0,11,0.367
PFNa,FC,30,1,3,0.1
vDeltaI_b,vDeltaF,30,-3,1,0.033
vDeltaI_b,vDeltaF,30,-1,5,0.167
vDeltaI_b,vDeltaF,30,0,20,0.667
vDeltaI_b,vDeltaF,30,1,4,0.133
vDeltaM,vDeltaA_a,30,-2,2,0.067
vDeltaM,vDeltaA_a,30,-1,7,0.233
vDeltaM,vDeltaA_a,30,0,13,0.433
vDeltaM,vDeltaA_a,30,1,8,0.267
FC1E,FC,30,-1,10,0.333
FC1E,FC,30,0,13,0.433
FC1E,FC,30,1,7,0.233
PFNm_b,hDeltaD,30,-1,19,0.633
PFNm_b,hDeltaD,30,0,9,0.3
PFNm_b,hDeltaD,30,1,2,0.067
FC3_c,vDeltaI_a,30,-1,3,0.1
FC3_c,vDeltaI_a,30,0,23,0.767
FC3_c,vDeltaI_a,30,1,4,0.133
hDeltaJ,FS1B_a,30,-3,2,0.067
hDeltaJ,FS1B_a,30,-1,3,0.1
hDeltaJ,FS1B_a,30,0,1,0.033
hDeltaJ,FS1B_a,30,1,6,0.2
hDeltaJ,FS1B_a,30,2,5,0.167
hDeltaJ,FS1B_a,30,3,9,0.3
hDeltaJ,FS1B_a,30,4,4,0.133
vDeltaE,vDeltaF,30,-2,2,0.067
vDeltaE,vDeltaF,30,-1,7,0.233
vDeltaE,vDeltaF,30,0,16,0.533
vDeltaE,vDeltaF,30,1,5,0.167
FC2A,PFR_a,30,-1,4,0.133
FC2A,PFR_a,30,0,24,0.8
FC2A,PFR_a,30,1,2,0.067
vDeltaA_a,FC2C,30,-1,3,0.1
vDeltaA_a,FC2C,30,0,15,0.5
vDeltaA_a,FC2C,30,1,12,0.4
PFNa,PFNm_b,30,-2,1,0.033
PFNa,PFNm_b,30,-1,1,0.033
PFNa,PFNm_b,30,0,20,0.667
PFNa,PFNm_b,30,2,2,0.067
PFNa,PFNm_b,30,3,1,0.033
PFNa,PFNm_b,30,4,5,0.167
FC3_a,FS3_c,29,-1,2,0.069
FC3_a,FS3_c,29,0,27,0.931
PFR_a,vDeltaH,29,-1,14,0.483
PFR_a,vDeltaH,29,0,10,0.345
PFR_a,vDeltaH,29,1,5,0.172
PFNm_b,hDeltaJ,29,-2,1,0.034
PFNm_b,hDeltaJ,29,0,2,0.069
PFNm_b,hDeltaJ,29,1,10,0.345
PFNm_b,hDeltaJ,29,2,9,0.31
PFNm_b,hDeltaJ,29,3,7,0.241
vDeltaE,FR1,29,-2,1,0.034
vDeltaE,FR1,29,-1,6,0.207
vDeltaE,FR1,29,0,7,0.241
vDeltaE,FR1,29,1,13,0.448
vDeltaE,FR1,29,2,2,0.069
hDeltaL,FS4A,29,-3,1,0.034
hDeltaL,FS4A,29,0,2,0.069
hDeltaL,FS4A,29,1,3,0.103
hDeltaL,FS4A,29,2,5,0.172
hDeltaL,FS4A,29,3,2,0.069
hDeltaL,FS4A,29,4,16,0.552
FC3_b,PFL3,29,-1,5,0.172
FC3_b,PFL3,29,0,22,0.759
FC3_b,PFL3,29,1,2,0.069
FC1C_a,FS4A,29,0,27,0.931
FC1C_a,FS4A,29,1,2,0.069
PFR_b,hDeltaK,29,-2,3,0.103
PFR_b,hDeltaK,29,-1,5,0.172
PFR_b,hDeltaK,29,0,4,0.138
PFR_b,hDeltaK,29,1,5,0.172
PFR_b,hDeltaK,29,2,5,0.172
PFR_b,hDeltaK,29,3,7,0.241
FC1D,FS3_d,29,-1,4,0.138
FC1D,FS3_d,29,0,18,0.621
FC1D,FS3_d,29,1,7,0.241
FC1E,FC3_b,29,-1,7,0.241
FC1E,FC3_b,29,0,19,0.655
FC1E,FC3_b,29,1,3,0.103
hDeltaM,FC2C,29,-3,9,0.31
hDeltaM,FC2C,29,-2,1,0.034
hDeltaM,FC2C,29,4,19,0.655
FC3_a,FC2C,29,-1,3,0.103
FC3_a,FC2C,29,0,22,0.759
FC3_a,FC2C,29,1,4,0.138
PFGs,hDeltaJ,29,-3,5,0.172
PFGs,hDeltaJ,29,-2,6,0.207
PFGs,hDeltaJ,29,-1,3,0.103
PFGs,hDeltaJ,29,0,2,0.069
PFGs,hDeltaJ,29,1,3,0.103
PFGs,hDeltaJ,29,2,1,0.034
PFGs,hDeltaJ,29,3,2,0.069
PFGs,hDeltaJ,29,4,7,0.241
vDeltaK,FR1,29,-1,5,0.172
vDeltaK,FR1,29,0,14,0.483
vDeltaK,FR1,29,1,10,0.345
FC2C,vDeltaE,29,-3,1,0.034
FC2C,vDeltaE,29,-2,1,0.034
FC2C,vDeltaE,29,-1,8,0.276
FC2C,vDeltaE,29,0,15,0.517
FC2C,vDeltaE,29,1,4,0.138
FC2C,vDeltaD,29,-2,1,0.034
FC2C,vDeltaD,29,-1,5,0.172
FC2C,vDeltaD,29,0,15,0.517
FC2C,vDeltaD,29,1,8,0.276
FS2,FS4A,28,-3,2,0.071
FS2,FS4A,28,-2,1,0.036
FS2,FS4A,28,-1,2,0.071
FS2,FS4A,28,0,22,0.786
FS2,FS4A,28,4,1,0.036
vDeltaI_a,FC1E,28,-1,1,0.036
vDeltaI_a,FC1E,28,0,17,0.607
vDeltaI_a,FC1E,28,1,10,0.357
FC3_b,FC,28,-1,1,0.036
FC3_b,FC,28,0,20,0.714
FC3_b,FC,28,1,7,0.25
PFNd,FR1,28,-1,1,0.036
PFNd,FR1,28,0,10,0.357
PFNd,FR1,28,1,17,0.607
vDeltaJ,vDeltaJ,28,-1,7,0.25
vDeltaJ,vDeltaJ,28,0,16,0.571
vDeltaJ,vDeltaJ,28,1,4,0.143
vDeltaJ,vDeltaJ,28,2,1,0.036
hDeltaC,FS3_d,28,-3,2,0.071
hDeltaC,FS3_d,28,-2,1,0.036
hDeltaC,FS3_d,28,-1,2,0.071
hDeltaC,FS3_d,28,0,1,0.036
hDeltaC,FS3_d,28,1,10,0.357
hDeltaC,FS3_d,28,2,4,0.143
hDeltaC,FS3_d,28,3,5,0.179
hDeltaC,FS3_d,28,4,3,0.107
hDeltaI,FC2C,28,-3,5,0.179
hDeltaI,FC2C,28,0,1,0.036
hDeltaI,FC2C,28,1,5,0.179
hDeltaI,FC2C,28,2,4,0.143
hDeltaI,FC2C,28,3,9,0.321
hDeltaI,FC2C,28,4,4,0.143
FC2C,hDeltaH,28,-3,1,0.036
FC2C,hDeltaH,28,-1,7,0.25
FC2C,hDeltaH,28,0,7,0.25
FC2C,hDeltaH,28,3,5,0.179
FC2C,hDeltaH,28,4,8,0.286
PFGs,PFNd,28,-2,3,0.107
PFGs,PFNd,28,-1,16,0.571
PFGs,PFNd,28,0,7,0.25
PFGs,PFNd,28,1,2,0.071
FC3_c,PFNa,28,-1,6,0.214
FC3_c,PFNa,28,0,13,0.464
FC3_c,PFNa,28,1,9,0.321
FS3_b,FS2,28,-3,4,0.143
FS3_b,FS2,28,-2,2,0.071
FS3_b,FS2,28,-1,4,0.143
FS3_b,FS2,28,0,5,0.179
FS3_b,FS2,28,2,3,0.107
FS3_b,FS2,28,3,6,0.214
FS3_b,FS2,28,4,4,0.143
FS3_b,FS3_d,28,-3,4,0.143
FS3_b,FS3_d,28,-2,5,0.179
FS3_b,FS3_d,28,-1,1,0.036
FS3_b,FS3_d,28,0,3,0.107
FS3_b,FS3_d,28,1,2,0.071
FS3_b,FS3_d,28,2,5,0.179
FS3_b,FS3_d,28,3,6,0.214
FS3_b,FS3_d,28,4,2,0.071
PFGs,FC2C,28,-1,4,0.143
PFGs,FC2C,28,0,17,0.607
PFGs,FC2C,28,1,6,0.214
PFGs,FC2C,28,2,1,0.036
hDeltaB,FC3_c,27,1,1,0.037
hDeltaB,FC3_c,27,2,8,0.296
hDeltaB,FC3_c,27,3,10,0.37
hDeltaB,FC3_c,27,4,8,0.296
FC1C_a,PFR_b,27,-1,7,0.259
FC1C_a,PFR_b,27,0,16,0.593
FC1C_a,PFR_b,27,1,4,0.148
FC1B,PFR_a,27,-2,1,0.037
FC1B,PFR_a,27,-1,7,0.259
FC1B,PFR_a,27,0,17,0.63
FC1B,PFR_a,27,1,2,0.074
FC1A,FS4B,27,-1,4,0.148
FC1A,FS4B,27,0,19,0.704
FC1A,FS4B,27,1,4,0.148
FS2,FC3_a,27,-1,2,0.074
FS2,FC3_a,27,0,24,0.889
FS2,FC3_a,27,1,1,0.037
FC1C_b,PFR_b,27,-1,2,0.074
FC1C_b,PFR_b,27,0,22,0.815
FC1C_b,PFR_b,27,1,3,0.111
FC1C_a,FS1A_c,27,-3,1,0.037
FC1C_a,FS1A_c,27,-1,2,0.074
FC1C_a,FS1A_c,27,0,17,0.63
FC1C_a,FS1A_c,27,1,5,0.185
FC1C_a,FS1A_c,27,3,1,0.037
FC1C_a,FS1A_c,27,4,1,0.037
PFNd,FS3_c,27,0,13,0.481
PFNd,FS3_c,27,1,14,0.519
hDeltaA,FC3_b,27,-3,2,0.074
hDeltaA,FC3_b,27,0,4,0.148
hDeltaA,FC3_b,27,1,7,0.259
hDeltaA,FC3_b,27,2,2,0.074
hDeltaA,FC3_b,27,3,5,0.185
hDeltaA,FC3_b,27,4,7,0.259
PFR_a,FS1B_b,27,-1,3,0.111
PFR_a,FS1B_b,27,0,21,0.778
PFR_a,FS1B_b,27,1,3,0.111
PFR_b,FC3_c,27,-3,2,0.074
PFR_b,FC3_c,27,-1,1,0.037
PFR_b,FC3_c,27,0,22,0.815
PFR_b,FC3_c,27,1,2,0.074
PFNv,FC2C,27,-1,5,0.185
PFNv,FC2C,27,0,18,0.667
PFNv,FC2C,27,1,4,0.148
FC3_b,FS4C,27,0,23,0.852
FC3_b,FS4C,27,1,4,0.148
hDeltaI,FC1C_a,27,-3,3,0.111
hDeltaI,FC1C_a,27,1,4,0.148
hDeltaI,FC1C_a,27,2,6,0.222
hDeltaI,FC1C_a,27,3,6,0.222
hDeltaI,FC1C_a,27,4,8,0.296
FC,FS1A_c,27,-3,3,0.111
FC,FS1A_c,27,-2,2,0.074
FC,FS1A_c,27,-1,4,0.148
FC,FS1A_c,27,0,8,0.296
FC,FS1A_c,27,1,3,0.111
FC,FS1A_c,27,2,2,0.074
FC,FS1A_c,27,3,4,0.148
FC,FS1A_c,27,4,1,0.037
FS4A,vDeltaA_b,27,-2,2,0.074
FS4A,vDeltaA_b,27,-1,11,0.407
FS4A,vDeltaA_b,27,0,11,0.407
FS4A,vDeltaA_b,27,1,3,0.111
FC2A,FC2C,27,-1,6,0.222
FC2A,FC2C,27,0,19,0.704
FC2A,FC2C,27,1,2,0.074
FC2A,hDeltaC,27,-2,5,0.185
FC2A,hDeltaC,27,0,4,0.148
FC2A,hDeltaC,27,1,2,0.074
FC2A,hDeltaC,27,2,6,0.222
FC2A,hDeltaC,27,3,10,0.37
hDeltaI,vDeltaL,27,-3,1,0.037
hDeltaI,vDeltaL,27,1,8,0.296
hDeltaI,vDeltaL,27,2,8,0.296
hDeltaI,vDeltaL,27,3,3,0.111
hDeltaI,vDeltaL,27,4,7,0.259
vDeltaF,FC3_b,27,-1,1,0.037
vDeltaF,FC3_b,27,0,15,0.556
vDeltaF,FC3_b,27,1,7,0.259
vDeltaF,FC3_b,27,2,4,0.148
FC1A,FC2C,27,-1,6,0.222
FC1A,FC2C,27,0,18,0.667
FC1A,FC2C,27,1,3,0.111
FC1E,FC3_c,27,-1,6,0.222
FC1E,FC3_c,27,0,12,0.444
FC1E,FC3_c,27,1,7,0.259
FC1E,FC3_c,27,2,2,0.074
FC1D,hDeltaJ,27,-2,2,0.074
FC1D,hDeltaJ,27,0,5,0.185
FC1D,hDeltaJ,27,1,7,0.259
FC1D,hDeltaJ,27,2,9,0.333
FC1D,hDeltaJ,27,3,3,0.111
FC1D,hDeltaJ,27,4,1,0.037
FC1B,FS4A,26,-1,1,0.038
FC1B,FS4A,26,0,23,0.885
FC1B,FS4A,26,1,2,0.077
FC3_b,FS1B_a,26,-2,1,0.038
FC3_b,FS1B_a,26,-1,2,0.077
FC3_b,FS1B_a,26,0,20,0.769
FC3_b,FS1B_a,26,1,3,0.115
FS1B_a,FC2A,26,0,9,0.346
FS1B_a,FC2A,26,1,6,0.231
FS1B_a,FC2A,26,2,9,0.346
FS1B_a,FC2A,26,3,2,0.077
FC1F,FC,26,-2,1,0.038
FC1F,FC,26,-1,1,0.038
FC1F,FC,26,0,17,0.654
FC1F,FC,26,1,7,0.269
PFGs,FC3_c,26,-1,3,0.115
PFGs,FC3_c,26,0,20,0.769
PFGs,FC3_c,26,1,3,0.115
PFNa,hDeltaI,26,0,4,0.154
PFNa,hDeltaI,26,1,2,0.077
PFNa,hDeltaI,26,2,4,0.154
PFNa,hDeltaI,26,3,16,0.615
hDeltaB,vDeltaD,26,2,10,0.385
hDeltaB,vDeltaD,26,3,12,0.462
hDeltaB,vDeltaD,26,4,4,0.154
hDeltaG,FS3_b,26,-3,18,0.692
hDeltaG,FS3_b,26,1,1,0.038
hDeltaG,FS3_b,26,4,7,0.269
PFNv,vDeltaD,26,-1,6,0.231
PFNv,vDeltaD,26,0,19,0.731
PFNv,vDeltaD,26,1,1,0.038
vDeltaI_a,vDeltaF,26,-2,3,0.115
vDeltaI_a,vDeltaF,26,-1,2,0.077
vDeltaI_a,vDeltaF,26,0,17,0.654
vDeltaI_a,vDeltaF,26,1,3,0.115
vDeltaI_a,vDeltaF,26,2,1,0.038
hDeltaG,FS3_d,26,-3,14,0.538
hDeltaG,FS3_d,26,4,12,0.462
vDeltaG,FC3_b,26,-1,4,0.154
vDeltaG,FC3_b,26,0,18,0.692
vDeltaG,FC3_b,26,1,4,0.154
vDeltaB,FS4A,26,-1,6,0.231
vDeltaB,FS4A,26,0,14,0.538
vDeltaB,FS4A,26,1,5,0.192
vDeltaB,FS4A,26,2,1,0.038
FC3_a,FC1A,26,-1,1,0.038
FC3_a,FC1A,26,0,21,0.808
FC3_a,FC1A,26,1,4,0.154
PFGs,PFR_b,26,-1,2,0.077
PFGs,PFR_b,26,0,21,0.808
PFGs,PFR_b,26,1,3,0.115
hDeltaL,hDeltaG,26,-2,4,0.154
hDeltaL,hDeltaG,26,-1,5,0.192
hDeltaL,hDeltaG,26,0,3,0.115
hDeltaL,hDeltaG,26,1,6,0.231
hDeltaL,hDeltaG,26,2,3,0.115
hDeltaL,hDeltaG,26,3,1,0.038
hDeltaL,hDeltaG,26,4,4,0.154
FC2C,hDeltaK,26,-3,3,0.115
FC2C,hDeltaK,26,-2,8,0.308
FC2C,hDeltaK,26,-1,6,0.231
FC2C,hDeltaK,26,0,1,0.038
FC2C,hDeltaK,26,1,1,0.038
FC2C,hDeltaK,26,2,2,0.077
FC2C,hDeltaK,26,4,5,0.192
hDeltaC,FC3_c,26,0,4,0.154
hDeltaC,FC3_c,26,1,5,0.192
hDeltaC,FC3_c,26,2,8,0.308
hDeltaC,FC3_c,26,3,3,0.115
hDeltaC,FC3_c,26,4,6,0.231
PFNa,FC1C_a,26,-1,4,0.154
PFNa,FC1C_a,26,0,18,0.692
PFNa,FC1C_a,26,1,4,0.154
FC3_a,hDeltaM,26,-1,9,0.346
FC3_a,hDeltaM,26,0,8,0.308
FC3_a,hDeltaM,26,3,3,0.115
FC3_a,hDeltaM,26,4,6,0.231
vDeltaL,vDeltaI_a,26,-1,5,0.192
vDeltaL,vDeltaI_a,26,0,16,0.615
vDeltaL,vDeltaI_a,26,1,5,0.192
FS2,PFGs,26,-1,4,0.154
FS2,PFGs,26,0,19,0.731
FS2,PFGs,26,1,3,0.115
FC2C,hDeltaJ,26,-3,1,0.038
FC2C,hDeltaJ,26,-2,3,0.115
FC2C,hDeltaJ,26,-1,1,0.038
FC2C,hDeltaJ,26,0,5,0.192
FC2C,hDeltaJ,26,1,4,0.154
FC2C,hDeltaJ,26,2,6,0.231
FC2C,hDeltaJ,26,3,3,0.115
FC2C,hDeltaJ,26,4,3,0.115
FC2C,FC3_a,26,-1,5,0.192
FC2C,FC3_a,26,0,17,0.654
FC2C,FC3_a,26,1,4,0.154
PFNv,FC1F,26,-1,3,0.115
PFNv,FC1F,26,0,18,0.692
PFNv,FC1F,26,1,5,0.192
hDeltaI,FC,25,1,10,0.4
hDeltaI,FC,25,2,8,0.32
hDeltaI,FC,25,3,6,0.24
hDeltaI,FC,25,4,1,0.04
FC2B,FC,25,0,20,0.8
FC2B,FC,25,1,4,0.16
FC2B,FC,25,2,1,0.04
vDeltaA_a,FS2,25,-1,2,0.08
vDeltaA_a,FS2,25,0,14,0.56
vDeltaA_a,FS2,25,1,7,0.28
vDeltaA_a,FS2,25,2,2,0.08
hDeltaH,hDeltaI,25,-3,1,0.04
hDeltaH,hDeltaI,25,-2,5,0.2
hDeltaH,hDeltaI,25,-1,4,0.16
hDeltaH,hDeltaI,25,0,6,0.24
hDeltaH,hDeltaI,25,1,2,0.08
hDeltaH,hDeltaI,25,2,3,0.12
hDeltaH,hDeltaI,25,3,3,0.12
hDeltaH,hDeltaI,25,4,1,0.04
FC1F,vDeltaI_a,25,-2,1,0.04
FC1F,vDeltaI_a,25,-1,3,0.12
FC1F,vDeltaI_a,25,0,16,0.64
FC1F,vDeltaI_a,25,1,5,0.2
vDeltaH,FC1C_b,25,-1,5,0.2
vDeltaH,FC1C_b,25,0,11,0.44
vDeltaH,FC1C_b,25,1,9,0.36
vDeltaM,PFL3,25,-1,1,0.04
vDeltaM,PFL3,25,0,18,0.72
vDeltaM,PFL3,25,1,6,0.24
hDeltaL,vDeltaB,25,-3,1,0.04
hDeltaL,vDeltaB,25,0,3,0.12
hDeltaL,vDeltaB,25,1,3,0.12
hDeltaL,vDeltaB,25,2,6,0.24
hDeltaL,vDeltaB,25,3,4,0.16
hDeltaL,vDeltaB,25,4,8,0.32
PFR_b,FC2B,25,-1,8,0.32
PFR_b,FC2B,25,0,13,0.52
PFR_b,FC2B,25,1,4,0.16
FC2C,vDeltaI_b,25,-1,7,0.28
FC2C,vDeltaI_b,25,0,16,0.64
FC2C,vDeltaI_b,25,1,2,0.08
FC2B,vDeltaH,25,-1,4,0.16
FC2B,vDeltaH,25,0,15,0.6
FC2B,vDeltaH,25,1,4,0.16
FC2B,vDeltaH,25,2,2,0.08
FC3_a,hDeltaA,25,-3,1,0.04
FC3_a,hDeltaA,25,-1,10,0.4
FC3_a,hDeltaA,25,1,1,0.04
FC3_a,hDeltaA,25,2,4,0.16
FC3_a,hDeltaA,25,3,5,0.2
FC3_a,hDeltaA,25,4,4,0.16
vDeltaF,FS1B_a,25,-2,1,0.04
vDeltaF,FS1B_a,25,-1,1,0.04
vDeltaF,FS1B_a,25,0,11,0.44
vDeltaF,FS1B_a,25,1,8,0.32
vDeltaF,FS1B_a,25,2,4,0.16
vDeltaE,FS1A_b,25,-2,2,0.08
vDeltaE,FS1A_b,25,-1,3,0.12
vDeltaE,FS1A_b,25,0,12,0.48
vDeltaE,FS1A_b,25,1,8,0.32
FC1E,FC3_a,25,-3,2,0.08
FC1E,FC3_a,25,-1,4,0.16
FC1E,FC3_a,25,0,15,0.6
FC1E,FC3_a,25,1,4,0.16
hDeltaJ,FR1,25,0,5,0.2
hDeltaJ,FR1,25,1,6,0.24
hDeltaJ,FR1,25,2,2,0.08
hDeltaJ,FR1,25,3,6,0.24
hDeltaJ,FR1,25,4,6,0.24
FC2B,FS4A,24,0,24,1.0
FC,PFL1,24,-1,2,0.083
FC,PFL1,24,0,13,0.542
FC,PFL1,24,1,9,0.375
FC2B,FR1,24,-1,6,0.25
FC2B,FR1,24,0,13,0.542
FC2B,FR1,24,1,5,0.208
FC3_a,vDeltaK,24,-1,3,0.125
FC3_a,vDeltaK,24,0,12,0.5
FC3_a,vDeltaK,24,1,9,0.375
PFNa,vDeltaE,24,-1,1,0.042
PFNa,vDeltaE,24,0,20,0.833
PFNa,vDeltaE,24,1,3,0.125
PFNm_b,FS4A,24,-1,5,0.208
PFNm_b,FS4A,24,0,14,0.583
PFNm_b,FS4A,24,1,5,0.208
hDeltaG,FC3_c,24,-3,12,0.5
hDeltaG,FC3_c,24,4,12,0.5
hDeltaD,FS3_a,24,-3,16,0.667
hDeltaD,FS3_a,24,4,8,0.333
vDeltaM,hDeltaB,24,-3,2,0.083
vDeltaM,hDeltaB,24,-2,5,0.208
vDeltaM,hDeltaB,24,-1,4,0.167
vDeltaM,hDeltaB,24,0,3,0.125
vDeltaM,hDeltaB,24,1,3,0.125
vDeltaM,hDeltaB,24,4,7,0.292
FS2,hDeltaH,24,-1,4,0.167
FS2,hDeltaH,24,0,2,0.083
FS2,hDeltaH,24,3,8,0.333
FS2,hDeltaH,24,4,10,0.417
vDeltaG,FC3_a,24,-1,4,0.167
vDeltaG,FC3_a,24,0,16,0.667
vDeltaG,FC3_a,24,1,4,0.167
hDeltaK,hDeltaF,24,-3,5,0.208
hDeltaK,hDeltaF,24,-1,3,0.125
hDeltaK,hDeltaF,24,0,7,0.292
hDeltaK,hDeltaF,24,2,6,0.25
hDeltaK,hDeltaF,24,3,3,0.125
FC2B,hDeltaA,24,-1,4,0.167
FC2B,hDeltaA,24,0,3,0.125
FC2B,hDeltaA,24,1,5,0.208
FC2B,hDeltaA,24,2,6,0.25
FC2B,hDeltaA,24,3,5,0.208
FC2B,hDeltaA,24,4,1,0.042
PFNa,vDeltaI_a,24,-1,8,0.333
PFNa,vDeltaI_a,24,0,11,0.458
PFNa,vDeltaI_a,24,1,5,0.208
FC1B,FC2A,24,-1,2,0.083
FC1B,FC2A,24,0,19,0.792
FC1B,FC2A,24,1,3,0.125
FC1B,vDeltaE,24,-1,6,0.25
FC1B,vDeltaE,24,0,16,0.667
FC1B,vDeltaE,24,1,1,0.042
FC1B,vDeltaE,24,2,1,0.042
hDeltaC,hDeltaH,24,-3,2,0.083
hDeltaC,hDeltaH,24,-2,6,0.25
hDeltaC,hDeltaH,24,0,4,0.167
hDeltaC,hDeltaH,24,2,4,0.167
hDeltaC,hDeltaH,24,3,4,0.167
hDeltaC,hDeltaH,24,4,4,0.167
FS2,FC3_b,24,-1,3,0.125
FS2,FC3_b,24,0,19,0.792
FS2,FC3_b,24,1,2,0.083
vDeltaJ,FC2A,24,-1,3,0.125
vDeltaJ,FC2A,24,0,7,0.292
vDeltaJ,FC2A,24,1,13,0.542
vDeltaJ,FC2A,24,2,1,0.042
vDeltaA_a,FS3_d,24,-1,5,0.208
vDeltaA_a,FS3_d,24,0,10,0.417
vDeltaA_a,FS3_d,24,1,9,0.375
FC1C_b,FC1B,24,-1,4,0.167
FC1C_b,FC1B,24,0,16,0.667
FC1C_b,FC1B,24,1,4,0.167
FC2B,PFR_b,24,-1,6,0.25
FC2B,PFR_b,24,0,11,0.458
FC2B,PFR_b,24,1,7,0.292
PFNv,FC1B,23,-1,3,0.13
PFNv,FC1B,23,0,15,0.652
PFNv,FC1B,23,1,5,0.217
FC1F,PFR_a,23,-1,1,0.043
FC1F,PFR_a,23,0,18,0.783
FC1F,PFR_a,23,1,4,0.174
FC1D,FS1B_b,23,-1,4,0.174
FC1D,FS1B_b,23,0,17,0.739
FC1D,FS1B_b,23,1,2,0.087
FC1C_b,FC2C,23,-3,1,0.043
FC1C_b,FC2C,23,-2,1,0.043
FC1C_b,FC2C,23,-1,1,0.043
FC1C_b,FC2C,23,0,17,0.739
FC1C_b,FC2C,23,1,2,0.087
FC1C_b,FC2C,23,3,1,0.043
FC2A,PFR_b,23,-2,1,0.043
FC2A,PFR_b,23,-1,4,0.174
FC2A,PFR_b,23,0,16,0.696
FC2A,PFR_b,23,1,2,0.087
hDeltaJ,FS1B_b,23,0,3,0.13
hDeltaJ,FS1B_b,23,1,4,0.174
hDeltaJ,FS1B_b,23,2,1,0.043
hDeltaJ,FS1B_b,23,3,6,0.261
hDeltaJ,FS1B_b,23,4,9,0.391
PFNa,hDeltaF,23,-3,6,0.261
PFNa,hDeltaF,23,-2,3,0.13
PFNa,hDeltaF,23,-1,10,0.435
PFNa,hDeltaF,23,0,4,0.174
FC2C,FC3_b,23,-1,2,0.087
FC2C,FC3_b,23,0,18,0.783
FC2C,FC3_b,23,1,3,0.13
FC3_c,PFL3,23,-1,6,0.261
FC3_c,PFL3,23,0,15,0.652
FC3_c,PFL3,23,1,2,0.087
hDeltaJ,FC3_b,23,-3,1,0.043
hDeltaJ,FC3_b,23,-1,2,0.087
hDeltaJ,FC3_b,23,0,4,0.174
hDeltaJ,FC3_b,23,1,6,0.261
hDeltaJ,FC3_b,23,2,4,0.174
hDeltaJ,FC3_b,23,3,3,0.13
hDeltaJ,FC3_b,23,4,3,0.13
FC1C_a,FC1A,23,-2,1,0.043
FC1C_a,FC1A,23,-1,2,0.087
FC1C_a,FC1A,23,0,18,0.783
FC1C_a,FC1A,23,1,2,0.087
FC1E,FS1B_a,23,-2,1,0.043
FC1E,FS1B_a,23,-1,9,0.391
FC1E,FS1B_a,23,0,13,0.565
FS3_c,FS3_b,23,-3,1,0.043
FS3_c,FS3_b,23,-2,1,0.043
FS3_c,FS3_b,23,-1,2,0.087
FS3_c,FS3_b,23,0,5,0.217
FS3_c,FS3_b,23,1,2,0.087
FS3_c,FS3_b,23,2,7,0.304
FS3_c,FS3_b,23,3,1,0.043
FS3_c,FS3_b,23,4,4,0.174
PFR_b,vDeltaJ,23,-2,1,0.043
PFR_b,vDeltaJ,23,-1,6,0.261
PFR_b,vDeltaJ,23,0,15,0.652
PFR_b,vDeltaJ,23,1,1,0.043
FS1A_a,FC2B,23,-3,2,0.087
FS1A_a,FC2B,23,-2,4,0.174
FS1A_a,FC2B,23,-1,1,0.043
FS1A_a,FC2B,23,0,3,0.13
FS1A_a,FC2B,23,1,6,0.261
FS1A_a,FC2B,23,2,2,0.087
FS1A_a,FC2B,23,3,4,0.174
FS1A_a,FC2B,23,4,1,0.043
PFNd,hDeltaC,23,-2,1,0.043
PFNd,hDeltaC,23,-1,2,0.087
PFNd,hDeltaC,23,0,3,0.13
PFNd,hDeltaC,23,1,4,0.174
PFNd,hDeltaC,23,2,6,0.261
PFNd,hDeltaC,23,3,2,0.087
PFNd,hDeltaC,23,4,5,0.217
vDeltaG,FC2C,23,-1,4,0.174
vDeltaG,FC2C,23,0,16,0.696
vDeltaG,FC2C,23,1,3,0.13
hDeltaC,PFL3,23,-3,4,0.174
hDeltaC,PFL3,23,-2,1,0.043
hDeltaC,PFL3,23,1,6,0.261
hDeltaC,PFL3,23,2,6,0.261
hDeltaC,PFL3,23,3,2,0.087
hDeltaC,PFL3,23,4,4,0.174
PFNv,FS2,23,-1,1,0.043
PFNv,FS2,23,0,18,0.783
PFNv,FS2,23,1,4,0.174
FC2B,vDeltaI_b,23,-1,3,0.13
FC2B,vDeltaI_b,23,0,11,0.478
FC2B,vDeltaI_b,23,1,8,0.348
FC2B,vDeltaI_b,23,2,1,0.043
vDeltaG,PFR_a,23,-1,7,0.304
vDeltaG,PFR_a,23,0,10,0.435
vDeltaG,PFR_a,23,1,6,0.261
FC2C,FR1,23,-1,2,0.087
FC2C,FR1,23,0,18,0.783
FC2C,FR1,23,1,1,0.043
FC2C,FR1,23,4,2,0.087
hDeltaB,vDeltaI_a,22,1,2,0.091
hDeltaB,vDeltaI_a,22,2,15,0.682
hDeltaB,vDeltaI_a,22,3,4,0.182
hDeltaB,vDeltaI_a,22,4,1,0.045
PFNm_b,hDeltaE,22,-1,15,0.682
PFNm_b,hDeltaE,22,0,7,0.318
FS2,FS1A_b,22,-2,1,0.045
FS2,FS1A_b,22,-1,2,0.091
FS2,FS1A_b,22,0,14,0.636
FS2,FS1A_b,22,1,4,0.182
FS2,FS1A_b,22,2,1,0.045
hDeltaH,hDeltaM,22,0,5,0.227
hDeltaH,hDeltaM,22,3,2,0.091
hDeltaH,hDeltaM,22,4,15,0.682
hDeltaD,vDeltaD,22,-3,4,0.182
hDeltaD,vDeltaD,22,4,18,0.818
hDeltaB,vDeltaF,22,1,5,0.227
hDeltaB,vDeltaF,22,2,11,0.5
hDeltaB,vDeltaF,22,3,5,0.227
hDeltaB,vDeltaF,22,4,1,0.045
FC3_c,FC,22,-2,1,0.045
FC3_c,FC,22,-1,1,0.045
FC3_c,FC,22,0,16,0.727
FC3_c,FC,22,1,4,0.182
vDeltaF,FS1A_b,22,-1,1,0.045
vDeltaF,FS1A_b,22,0,16,0.727
vDeltaF,FS1A_b,22,1,5,0.227
FC2C,FC1E,22,-1,6,0.273
FC2C,FC1E,22,0,15,0.682
FC2C,FC1E,22,1,1,0.045
hDeltaC,FS1A_c,22,-3,2,0.091
hDeltaC,FS1A_c,22,0,3,0.136
hDeltaC,FS1A_c,22,2,5,0.227
hDeltaC,FS1A_c,22,3,10,0.455
hDeltaC,FS1A_c,22,4,2,0.091
hDeltaG,FC3_a,22,-3,9,0.409
hDeltaG,FC3_a,22,3,5,0.227
hDeltaG,FC3_a,22,4,8,0.364
vDeltaH,hDeltaG,22,-2,4,0.182
vDeltaH,hDeltaG,22,-1,5,0.227
vDeltaH,hDeltaG,22,0,13,0.591
PFNm_a,FS3_d,22,-1,7,0.318
PFNm_a,FS3_d,22,0,14,0.636
PFNm_a,FS3_d,22,1,1,0.045
vDeltaE,FS3_c,22,0,15,0.682
vDeltaE,FS3_c,22,1,7,0.318
FC2C,FC1C_b,22,-1,2,0.091
FC2C,FC1C_b,22,0,15,0.682
FC2C,FC1C_b,22,1,5,0.227
PFNv,PFR_b,22,-1,4,0.182
PFNv,PFR_b,22,0,15,0.682
PFNv,PFR_b,22,1,3,0.136
FC1F,vDeltaF,22,-3,2,0.091
FC1F,vDeltaF,22,-2,1,0.045
FC1F,vDeltaF,22,-1,3,0.136
FC1F,vDeltaF,22,0,8,0.364
FC1F,vDeltaF,22,1,8,0.364
FC1D,vDeltaG,22,-2,1,0.045
FC1D,vDeltaG,22,-1,5,0.227
FC1D,vDeltaG,22,0,9,0.409
FC1D,vDeltaG,22,1,7,0.318
hDeltaI,FS4A,22,1,6,0.273
hDeltaI,FS4A,22,2,3,0.136
hDeltaI,FS4A,22,3,7,0.318
hDeltaI,FS4A,22,4,6,0.273
FC2B,hDeltaK,22,-3,2,0.091
FC2B,hDeltaK,22,-2,4,0.182
FC2B,hDeltaK,22,-1,3,0.136
FC2B,hDeltaK,22,0,4,0.182
FC2B,hDeltaK,22,1,1,0.045
FC2B,hDeltaK,22,3,3,0.136
FC2B,hDeltaK,22,4,5,0.227
FS4A,FS3_d,22,-1,4,0.182
FS4A,FS3_d,22,0,12,0.545
FS4A,FS3_d,22,1,5,0.227
FS4A,FS3_d,22,3,1,0.045
vDeltaA_a,vDeltaI_b,22,0,17,0.773
vDeltaA_a,vDeltaI_b,22,1,5,0.227
vDeltaA_b,FS4B,22,-2,1,0.045
vDeltaA_b,FS4B,22,-1,11,0.5
vDeltaA_b,FS4B,22,0,6,0.273
vDeltaA_b,FS4B,22,1,3,0.136
vDeltaA_b,FS4B,22,2,1,0.045
FS2,FC2B,22,-1,1,0.045
FS2,FC2B,22,0,14,0.636
FS2,FC2B,22,1,7,0.318
FC3_c,FS1A_c,22,-1,2,0.091
FC3_c,FS1A_c,22,0,17,0.773
FC3_c,FS1A_c,22,1,3,0.136
vDeltaF,hDeltaJ,22,-3,5,0.227
vDeltaF,hDeltaJ,22,-2,3,0.136
vDeltaF,hDeltaJ,22,-1,7,0.318
vDeltaF,hDeltaJ,22,0,4,0.182
vDeltaF,hDeltaJ,22,1,1,0.045
vDeltaF,hDeltaJ,22,4,2,0.091
vDeltaF,vDeltaI_b,22,-2,2,0.091
vDeltaF,vDeltaI_b,22,-1,2,0.091
vDeltaF,vDeltaI_b,22,0,11,0.5
vDeltaF,vDeltaI_b,22,1,6,0.273
vDeltaF,vDeltaI_b,22,2,1,0.045
hDeltaD,FS1A_b,21,-3,15,0.714
hDeltaD,FS1A_b,21,3,1,0.048
hDeltaD,FS1A_b,21,4,5,0.238
hDeltaI,PFL1,21,-3,2,0.095
hDeltaI,PFL1,21,2,3,0.143
hDeltaI,PFL1,21,3,7,0.333
hDeltaI,PFL1,21,4,9,0.429
hDeltaB,FC2A,21,1,4,0.19
hDeltaB,FC2A,21,2,8,0.381
hDeltaB,FC2A,21,3,7,0.333
hDeltaB,FC2A,21,4,2,0.095
vDeltaE,FC3_c,21,-1,5,0.238
vDeltaE,FC3_c,21,0,12,0.571
vDeltaE,FC3_c,21,1,4,0.19
PFNa,hDeltaG,21,-1,13,0.619
PFNa,hDeltaG,21,0,8,0.381
FC1A,vDeltaI_a,21,-1,6,0.286
FC1A,vDeltaI_a,21,0,14,0.667
FC1A,vDeltaI_a,21,1,1,0.048
FC1C_b,FC1F,21,-1,4,0.19
FC1C_b,FC1F,21,0,14,0.667
FC1C_b,FC1F,21,1,3,0.143
FC2C,vDeltaC,21,-1,7,0.333
FC2C,vDeltaC,21,0,6,0.286
FC2C,vDeltaC,21,1,5,0.238
FC2C,vDeltaC,21,2,3,0.143
FC1D,hDeltaA,21,-1,1,0.048
FC1D,hDeltaA,21,0,3,0.143
FC1D,hDeltaA,21,1,3,0.143
FC1D,hDeltaA,21,2,9,0.429
FC1D,hDeltaA,21,3,1,0.048
FC1D,hDeltaA,21,4,4,0.19
PFR_b,vDeltaG,21,-1,8,0.381
PFR_b,vDeltaG,21,0,11,0.524
PFR_b,vDeltaG,21,1,2,0.095
FC3_c,FC2A,21,-1,2,0.095
FC3_c,FC2A,21,0,17,0.81
FC3_c,FC2A,21,1,2,0.095
FS3_b,FS3_c,21,-2,3,0.143
FS3_b,FS3_c,21,-1,2,0.095
FS3_b,FS3_c,21,0,4,0.19
FS3_b,FS3_c,21,2,7,0.333
FS3_b,FS3_c,21,3,1,0.048
FS3_b,FS3_c,21,4,4,0.19
FC3_c,FS3_d,21,-1,2,0.095
FC3_c,FS3_d,21,0,18,0.857
FC3_c,FS3_d,21,1,1,0.048
FC3_c,hDeltaK,21,-3,1,0.048
FC3_c,hDeltaK,21,-2,1,0.048
FC3_c,hDeltaK,21,-1,6,0.286
FC3_c,hDeltaK,21,0,2,0.095
FC3_c,hDeltaK,21,1,2,0.095
FC3_c,hDeltaK,21,2,3,0.143
FC3_c,hDeltaK,21,3,3,0.143
FC3_c,hDeltaK,21,4,3,0.143
FC3_a,vDeltaC,21,-2,5,0.238
FC3_a,vDeltaC,21,-1,5,0.238
FC3_a,vDeltaC,21,0,11,0.524
PFGs,hDeltaE,21,-3,1,0.048
PFGs,hDeltaE,21,-2,1,0.048
PFGs,hDeltaE,21,-1,2,0.095
PFGs,hDeltaE,21,0,2,0.095
PFGs,hDeltaE,21,1,1,0.048
PFGs,hDeltaE,21,3,4,0.19
PFGs,hDeltaE,21,4,10,0.476
hDeltaC,PFL2,21,-3,3,0.143
hDeltaC,PFL2,21,1,2,0.095
hDeltaC,PFL2,21,2,4,0.19
hDeltaC,PFL2,21,3,5,0.238
hDeltaC,PFL2,21,4,7,0.333
PFR_b,hDeltaC,21,-3,1,0.048
PFR_b,hDeltaC,21,-2,2,0.095
PFR_b,hDeltaC,21,-1,2,0.095
PFR_b,hDeltaC,21,0,5,0.238
PFR_b,hDeltaC,21,1,4,0.19
PFR_b,hDeltaC,21,2,3,0.143
PFR_b,hDeltaC,21,3,2,0.095
PFR_b,hDeltaC,21,4,2,0.095
vDeltaL,hDeltaB,21,-3,6,0.286
vDeltaL,hDeltaB,21,-2,3,0.143
vDeltaL,hDeltaB,21,-1,4,0.19
vDeltaL,hDeltaB,21,0,1,0.048
vDeltaL,hDeltaB,21,4,7,0.333
hDeltaJ,PFNd,21,0,3,0.143
hDeltaJ,PFNd,21,1,9,0.429
hDeltaJ,PFNd,21,2,3,0.143
hDeltaJ,PFNd,21,3,6,0.286
vDeltaI_a,FC2C,21,-1,3,0.143
vDeltaI_a,FC2C,21,0,13,0.619
vDeltaI_a,FC2C,21,1,5,0.238
FC2B,FC3_a,21,-1,6,0.286
FC2B,FC3_a,21,0,12,0.571
FC2B,FC3_a,21,1,3,0.143
PFNa,FS4B,21,-1,4,0.19
PFNa,FS4B,21,0,13,0.619
PFNa,FS4B,21,1,4,0.19
FS1A_c,hDeltaA,20,-3,5,0.25
FS1A_c,hDeltaA,20,-2,2,0.1
FS1A_c,hDeltaA,20,3,4,0.2
FS1A_c,hDeltaA,20,4,9,0.45
vDeltaA_a,hDeltaL,20,-3,1,0.05
vDeltaA_a,hDeltaL,20,-2,2,0.1
vDeltaA_a,hDeltaL,20,-1,1,0.05
vDeltaA_a,hDeltaL,20,0,1,0.05
vDeltaA_a,hDeltaL,20,1,9,0.45
vDeltaA_a,hDeltaL,20,2,1,0.05
vDeltaA_a,hDeltaL,20,3,2,0.1
vDeltaA_a,hDeltaL,20,4,3,0.15
FS1B_a,FC2B,20,0,7,0.35
FS1B_a,FC2B,20,1,11,0.55
FS1B_a,FC2B,20,2,2,0.1
FS1A_a,vDeltaK,20,-1,5,0.25
FS1A_a,vDeltaK,20,0,15,0.75
FC3_c,vDeltaI_b,20,-1,1,0.05
FC3_c,vDeltaI_b,20,0,17,0.85
FC3_c,vDeltaI_b,20,1,2,0.1
FS2,vDeltaF,20,-2,1,0.05
FS2,vDeltaF,20,-1,5,0.25
FS2,vDeltaF,20,0,11,0.55
FS2,vDeltaF,20,1,3,0.15
hDeltaJ,FC1E,20,-1,6,0.3
hDeltaJ,FC1E,20,0,1,0.05
hDeltaJ,FC1E,20,1,3,0.15
hDeltaJ,FC1E,20,2,3,0.15
hDeltaJ,FC1E,20,3,2,0.1
hDeltaJ,FC1E,20,4,5,0.25
FC1F,FR2,20,0,12,0.6
FC1F,FR2,20,1,8,0.4
FC1C_a,hDeltaH,20,-1,6,0.3
FC1C_a,hDeltaH,20,0,14,0.7
hDeltaI,hDeltaC,20,-3,1,0.05
hDeltaI,hDeltaC,20,-2,4,0.2
hDeltaI,hDeltaC,20,-1,3,0.15
hDeltaI,hDeltaC,20,0,1,0.05
hDeltaI,hDeltaC,20,2,7,0.35
hDeltaI,hDeltaC,20,3,4,0.2
PFNv,PFNm_b,20,-3,1,0.05
PFNv,PFNm_b,20,-2,3,0.15
PFNv,PFNm_b,20,-1,2,0.1
PFNv,PFNm_b,20,0,11,0.55
PFNv,PFNm_b,20,2,2,0.1
PFNv,PFNm_b,20,4,1,0.05
vDeltaL,hDeltaK,20,-3,1,0.05
vDeltaL,hDeltaK,20,1,9,0.45
vDeltaL,hDeltaK,20,2,9,0.45
vDeltaL,hDeltaK,20,4,1,0.05
FC3_c,PFL1,20,-1,3,0.15
FC3_c,PFL1,20,0,13,0.65
FC3_c,PFL1,20,1,4,0.2
hDeltaI,FR2,20,-3,3,0.15
hDeltaI,FR2,20,0,2,0.1
hDeltaI,FR2,20,1,2,0.1
hDeltaI,FR2,20,2,3,0.15
hDeltaI,FR2,20,3,3,0.15
hDeltaI,FR2,20,4,7,0.35
FC1A,vDeltaH,20,-1,8,0.4
FC1A,vDeltaH,20,0,8,0.4
FC1A,vDeltaH,20,1,4,0.2
vDeltaE,FC3_a,20,-1,6,0.3
vDeltaE,FC3_a,20,0,9,0.45
vDeltaE,FC3_a,20,1,2,0.1
vDeltaE,FC3_a,20,2,3,0.15
hDeltaI,FC3_b,20,-3,3,0.15
hDeltaI,FC3_b,20,0,2,0.1
hDeltaI,FC3_b,20,1,4,0.2
hDeltaI,FC3_b,20,2,1,0.05
hDeltaI,FC3_b,20,3,5,0.25
hDeltaI,FC3_b,20,4,5,0.25
PFGs,FS2,20,-1,3,0.15
PFGs,FS2,20,0,10,0.5
PFGs,FS2,20,1,7,0.35
FC1D,FC2B,20,-3,2,0.1
FC1D,FC2B,20,-1,3,0.15
FC1D,FC2B,20,0,13,0.65
FC1D,FC2B,20,1,2,0.1
PFGs,PFR_a,20,-2,2,0.1
PFGs,PFR_a,20,-1,1,0.05
PFGs,PFR_a,20,0,15,0.75
PFGs,PFR_a,20,1,1,0.05
PFGs,PFR_a,20,4,1,0.05
hDeltaA,FR2,20,-3,1,0.05
hDeltaA,FR2,20,1,4,0.2
hDeltaA,FR2,20,2,5,0.25
hDeltaA,FR2,20,3,3,0.15
hDeltaA,FR2,20,4,7,0.35
FS1A_c,FC2C,20,-3,1,0.05
FS1A_c,FC2C,20,-2,1,0.05
FS1A_c,FC2C,20,-1,6,0.3
FS1A_c,FC2C,20,0,1,0.05
FS1A_c,FC2C,20,2,2,0.1
FS1A_c,FC2C,20,3,6,0.3
FS1A_c,FC2C,20,4,3,0.15
PFR_a,FS1A_b,20,-1,3,0.15
PFR_a,FS1A_b,20,0,13,0.65
PFR_a,FS1A_b,20,1,4,0.2
FC2B,vDeltaI_a,20,-2,1,0.05
FC2B,vDeltaI_a,20,-1,6,0.3
FC2B,vDeltaI_a,20,0,9,0.45
FC2B,vDeltaI_a,20,1,4,0.2
FC3_a,PFL2,19,-3,3,0.158
FC3_a,PFL2,19,-1,2,0.105
FC3_a,PFL2,19,0,10,0.526
FC3_a,PFL2,19,1,4,0.211
FC1A,FC2A,19,-1,2,0.105
FC1A,FC2A,19,0,14,0.737
FC1A,FC2A,19,1,2,0.105
FC1A,FC2A,19,2,1,0.053
vDeltaE,PFL3,19,0,11,0.579
vDeltaE,PFL3,19,1,8,0.421
hDeltaJ,vDeltaI_b,19,-2,7,0.368
hDeltaJ,vDeltaI_b,19,1,3,0.158
hDeltaJ,vDeltaI_b,19,2,2,0.105
hDeltaJ,vDeltaI_b,19,3,3,0.158
hDeltaJ,vDeltaI_b,19,4,4,0.211
vDeltaA_a,vDeltaM,19,-1,2,0.105
vDeltaA_a,vDeltaM,19,0,16,0.842
vDeltaA_a,vDeltaM,19,1,1,0.053
FC2B,hDeltaI,19,-2,5,0.263
FC2B,hDeltaI,19,-1,3,0.158
FC2B,hDeltaI,19,0,4,0.211
FC2B,hDeltaI,19,1,4,0.211
FC2B,hDeltaI,19,2,1,0.053
FC2B,hDeltaI,19,3,2,0.105
vDeltaE,hDeltaM,19,-2,4,0.211
vDeltaE,hDeltaM,19,-1,3,0.158
vDeltaE,hDeltaM,19,0,8,0.421
vDeltaE,hDeltaM,19,1,3,0.158
vDeltaE,hDeltaM,19,2,1,0.053
FS3_a,vDeltaC,19,-2,3,0.158
FS3_a,vDeltaC,19,-1,5,0.263
FS3_a,vDeltaC,19,0,10,0.526
FS3_a,vDeltaC,19,1,1,0.053
hDeltaG,hDeltaK,19,-3,1,0.053
hDeltaG,hDeltaK,19,-2,1,0.053
hDeltaG,hDeltaK,19,-1,1,0.053
hDeltaG,hDeltaK,19,1,3,0.158
hDeltaG,hDeltaK,19,2,5,0.263
hDeltaG,hDeltaK,19,3,5,0.263
hDeltaG,hDeltaK,19,4,3,0.158
PFNa,hDeltaM,19,-1,12,0.632
PFNa,hDeltaM,19,0,7,0.368
PFR_b,PFL3,19,-2,3,0.158
PFR_b,PFL3,19,-1,1,0.053
PFR_b,PFL3,19,0,6,0.316
PFR_b,PFL3,19,1,8,0.421
PFR_b,PFL3,19,2,1,0.053
PFR_b,FC2C,19,-1,2,0.105
PFR_b,FC2C,19,0,16,0.842
PFR_b,FC2C,19,1,1,0.053
FC1B,hDeltaM,19,-1,10,0.526
FC1B,hDeltaM,19,0,8,0.421
FC1B,hDeltaM,19,3,1,0.053
vDeltaE,FS1A_c,19,-2,1,0.053
vDeltaE,FS1A_c,19,-1,5,0.263
vDeltaE,FS1A_c,19,0,8,0.421
vDeltaE,FS1A_c,19,1,3,0.158
vDeltaE,FS1A_c,19,2,2,0.105
vDeltaC,hDeltaC,19,-3,5,0.263
vDeltaC,hDeltaC,19,-2,4,0.211
vDeltaC,hDeltaC,19,-1,5,0.263
vDeltaC,hDeltaC,19,1,1,0.053
vDeltaC,hDeltaC,19,2,1,0.053
vDeltaC,hDeltaC,19,3,3,0.158
FC2C,PFR_b,19,-1,1,0.053
FC2C,PFR_b,19,0,16,0.842
FC2C,PFR_b,19,1,2,0.105
FC1D,PFL3,19,-1,6,0.316
FC1D,PFL3,19,0,13,0.684
vDeltaI_b,hDeltaI,19,-3,4,0.211
vDeltaI_b,hDeltaI,19,-2,3,0.158
vDeltaI_b,hDeltaI,19,-1,3,0.158
vDeltaI_b,hDeltaI,19,2,5,0.263
vDeltaI_b,hDeltaI,19,3,1,0.053
vDeltaI_b,hDeltaI,19,4,3,0.158
FC1E,hDeltaJ,19,-3,1,0.053
FC1E,hDeltaJ,19,0,4,0.211
FC1E,hDeltaJ,19,1,5,0.263
FC1E,hDeltaJ,19,2,4,0.211
FC1E,hDeltaJ,19,3,3,0.158
FC1E,hDeltaJ,19,4,2,0.105
hDeltaA,vDeltaG,18,1,6,0.333
hDeltaA,vDeltaG,18,2,9,0.5
hDeltaA,vDeltaG,18,3,3,0.167
vDeltaM,vDeltaB,18,-1,2,0.111
vDeltaM,vDeltaB,18,0,13,0.722
vDeltaM,vDeltaB,18,1,2,0.111
vDeltaM,vDeltaB,18,2,1,0.056
FS4A,FS2,18,-1,4,0.222
FS4A,FS2,18,0,10,0.556
FS4A,FS2,18,1,4,0.222
FS2,FC3_c,18,-1,1,0.056
FS2,FC3_c,18,0,14,0.778
FS2,FC3_c,18,1,3,0.167
hDeltaF,FS1A_c,18,-3,1,0.056
hDeltaF,FS1A_c,18,-2,11,0.611
hDeltaF,FS1A_c,18,-1,6,0.333
FC3_a,PFNv,18,-1,1,0.056
FC3_a,PFNv,18,0,12,0.667
FC3_a,PFNv,18,1,5,0.278
FC1C_b,FC3_b,18,-3,1,0.056
FC1C_b,FC3_b,18,-1,1,0.056
FC1C_b,FC3_b,18,0,13,0.722
FC1C_b,FC3_b,18,1,3,0.167
hDeltaJ,FC1C_b,18,0,5,0.278
hDeltaJ,FC1C_b,18,1,1,0.056
hDeltaJ,FC1C_b,18,2,2,0.111
hDeltaJ,FC1C_b,18,3,6,0.333
hDeltaJ,FC1C_b,18,4,4,0.222
hDeltaI,FC1C_b,18,-3,1,0.056
hDeltaI,FC1C_b,18,-1,1,0.056
hDeltaI,FC1C_b,18,1,2,0.111
hDeltaI,FC1C_b,18,2,9,0.5
hDeltaI,FC1C_b,18,3,2,0.111
hDeltaI,FC1C_b,18,4,3,0.167
vDeltaF,FC3_c,18,-1,2,0.111
vDeltaF,FC3_c,18,0,9,0.5
vDeltaF,FC3_c,18,1,4,0.222
vDeltaF,FC3_c,18,3,3,0.167
FC1C_a,FC,18,-3,1,0.056
FC1C_a,FC,18,-1,4,0.222
FC1C_a,FC,18,0,6,0.333
FC1C_a,FC,18,1,3,0.167
FC1C_a,FC,18,2,1,0.056
FC1C_a,FC,18,3,1,0.056
FC1C_a,FC,18,4,2,0.111
PFNv,PFNm_a,18,0,14,0.778
PFNv,PFNm_a,18,1,4,0.222
FC1D,FS1A_b,18,-1,3,0.167
FC1D,FS1A_b,18,0,12,0.667
FC1D,FS1A_b,18,1,3,0.167
FC1E,FS3_d,18,0,18,1.0
vDeltaA_a,vDeltaI_a,18,0,11,0.611
vDeltaA_a,vDeltaI_a,18,1,2,0.111
vDeltaA_a,vDeltaI_a,18,2,5,0.278
vDeltaK,hDeltaM,18,-1,1,0.056
vDeltaK,hDeltaM,18,0,1,0.056
vDeltaK,hDeltaM,18,3,11,0.611
vDeltaK,hDeltaM,18,4,5,0.278
PFNd,FC3_b,18,0,5,0.278
PFNd,FC3_b,18,1,13,0.722
FC2A,FC1E,18,-1,3,0.167
FC2A,FC1E,18,0,13,0.722
FC2A,FC1E,18,4,2,0.111
FC2C,FR2,18,-2,2,0.111
FC2C,FR2,18,-1,1,0.056
FC2C,FR2,18,0,15,0.833
FC2C,FC1D,18,-2,1,0.056
FC2C,FC1D,18,-1,8,0.444
FC2C,FC1D,18,0,8,0.444
FC2C,FC1D,18,1,1,0.056
FS1A_b,FS1B_a,18,-3,4,0.222
FS1A_b,FS1B_a,18,-1,1,0.056
FS1A_b,FS1B_a,18,0,2,0.111
FS1A_b,FS1B_a,18,1,4,0.222
FS1A_b,FS1B_a,18,2,3,0.167
FS1A_b,FS1B_a,18,3,2,0.111
FS1A_b,FS1B_a,18,4,2,0.111
FC2C,FC3_c,18,-1,5,0.278
FC2C,FC3_c,18,0,13,0.722
vDeltaK,FC2B,18,-1,1,0.056
vDeltaK,FC2B,18,0,14,0.778
vDeltaK,FC2B,18,1,3,0.167
vDeltaL,PFGs,18,-1,1,0.056
vDeltaL,PFGs,18,0,10,0.556
vDeltaL,PFGs,18,1,7,0.389
FC1F,PFNd,18,-1,8,0.444
FC1F,PFNd,18,0,10,0.556
vDeltaF,PFL3,18,-1,2,0.111
vDeltaF,PFL3,18,0,8,0.444
vDeltaF,PFL3,18,1,5,0.278
vDeltaF,PFL3,18,2,3,0.167
FC1B,FC2C,18,-1,2,0.111
FC1B,FC2C,18,0,15,0.833
FC1B,FC2C,18,1,1,0.056
FC1D,FR1,18,-1,3,0.167
FC1D,FR1,18,0,12,0.667
FC1D,FR1,18,1,2,0.111
FC1D,FR1,18,2,1,0.056
FC2B,FC3_b,18,-1,2,0.111
FC2B,FC3_b,18,0,12,0.667
FC2B,FC3_b,18,1,4,0.222
FC3_a,FS4C,18,0,15,0.833
FC3_a,FS4C,18,1,3,0.167
PFR_a,FC1B,18,-1,1,0.056
PFR_a,FC1B,18,0,13,0.722
PFR_a,FC1B,18,1,4,0.222
hDeltaJ,FC3_a,18,0,1,0.056
hDeltaJ,FC3_a,18,1,5,0.278
hDeltaJ,FC3_a,18,2,4,0.222
hDeltaJ,FC3_a,18,3,2,0.111
hDeltaJ,FC3_a,18,4,6,0.333
vDeltaD,hDeltaK,18,-3,5,0.278
vDeltaD,hDeltaK,18,-2,3,0.167
vDeltaD,hDeltaK,18,-1,4,0.222
vDeltaD,hDeltaK,18,0,3,0.167
vDeltaD,hDeltaK,18,2,1,0.056
vDeltaD,hDeltaK,18,3,1,0.056
vDeltaD,hDeltaK,18,4,1,0.056
FC1B,FS3_d,17,-1,1,0.059
FC1B,FS3_d,17,0,16,0.941
hDeltaG,FS4C,17,-3,6,0.353
hDeltaG,FS4C,17,4,11,0.647
FC3_c,FS3_c,17,0,13,0.765
FC3_c,FS3_c,17,1,3,0.176
FC3_c,FS3_c,17,2,1,0.059
PFNm_b,vDeltaI_b,17,-1,3,0.176
PFNm_b,vDeltaI_b,17,0,14,0.824
vDeltaG,FC1D,17,-1,1,0.059
vDeltaG,FC1D,17,0,16,0.941
FC1E,PFR_b,17,-1,1,0.059
FC1E,PFR_b,17,0,12,0.706
FC1E,PFR_b,17,1,4,0.235
FC1F,hDeltaG,17,-1,2,0.118
FC1F,hDeltaG,17,0,3,0.176
FC1F,hDeltaG,17,3,7,0.412
FC1F,hDeltaG,17,4,5,0.294
PFNv,vDeltaF,17,-2,2,0.118
PFNv,vDeltaF,17,-1,2,0.118
PFNv,vDeltaF,17,0,9,0.529
PFNv,vDeltaF,17,1,4,0.235
FC2B,FR2,17,-1,1,0.059
FC2B,FR2,17,0,15,0.882
FC2B,FR2,17,1,1,0.059
FS2,FS1B_a,17,-2,2,0.118
FS2,FS1B_a,17,-1,3,0.176
FS2,FS1B_a,17,0,5,0.294
FS2,FS1B_a,17,1,1,0.059
FS2,FS1B_a,17,2,2,0.118
FS2,FS1B_a,17,3,2,0.118
FS2,FS1B_a,17,4,2,0.118
PFNm_a,vDeltaK,17,-1,5,0.294
PFNm_a,vDeltaK,17,0,9,0.529
PFNm_a,vDeltaK,17,1,3,0.176
vDeltaH,FC1D,17,-1,1,0.059
vDeltaH,FC1D,17,0,12,0.706
vDeltaH,FC1D,17,1,1,0.059
vDeltaH,FC1D,17,2,3,0.176
FC2A,FC1D,17,-1,1,0.059
FC2A,FC1D,17,0,16,0.941
PFR_a,PFL1,17,-1,2,0.118
PFR_a,PFL1,17,0,11,0.647
PFR_a,PFL1,17,1,4,0.235
hDeltaB,FS4B,17,1,2,0.118
hDeltaB,FS4B,17,2,3,0.176
hDeltaB,FS4B,17,3,8,0.471
hDeltaB,FS4B,17,4,4,0.235
FC3_c,PFNv,17,0,17,1.0
FC3_c,hDeltaM,17,-1,4,0.235
FC3_c,hDeltaM,17,0,9,0.529
FC3_c,hDeltaM,17,1,1,0.059
FC3_c,hDeltaM,17,3,2,0.118
FC3_c,hDeltaM,17,4,1,0.059
hDeltaG,FS4A,17,-3,10,0.588
hDeltaG,FS4A,17,4,7,0.412
PFR_b,FS4A,17,-1,3,0.176
PFR_b,FS4A,17,0,13,0.765
PFR_b,FS4A,17,1,1,0.059
PFR_b,hDeltaL,17,-3,1,0.059
PFR_b,hDeltaL,17,-2,1,0.059
PFR_b,hDeltaL,17,-1,1,0.059
PFR_b,hDeltaL,17,0,4,0.235
PFR_b,hDeltaL,17,1,3,0.176
PFR_b,hDeltaL,17,2,5,0.294
PFR_b,hDeltaL,17,3,1,0.059
PFR_b,hDeltaL,17,4,1,0.059
FC2A,FR2,17,-1,1,0.059
FC2A,FR2,17,0,15,0.882
FC2A,FR2,17,3,1,0.059
hDeltaH,FC3_a,17,-3,7,0.412
hDeltaH,FC3_a,17,0,2,0.118
hDeltaH,FC3_a,17,4,8,0.471
FC2A,vDeltaI_a,17,-2,1,0.059
FC2A,vDeltaI_a,17,-1,6,0.353
FC2A,vDeltaI_a,17,0,6,0.353
FC2A,vDeltaI_a,17,1,4,0.235
vDeltaK,hDeltaK,17,-2,1,0.059
vDeltaK,hDeltaK,17,-1,4,0.235
vDeltaK,hDeltaK,17,1,4,0.235
vDeltaK,hDeltaK,17,2,6,0.353
vDeltaK,hDeltaK,17,3,1,0.059
vDeltaK,hDeltaK,17,4,1,0.059
FC1D,vDeltaH,17,-1,3,0.176
FC1D,vDeltaH,17,0,9,0.529
FC1D,vDeltaH,17,1,5,0.294
FC2B,FC1D,17,-1,4,0.235
FC2B,FC1D,17,0,12,0.706
FC2B,FC1D,17,1,1,0.059
vDeltaD,FS1A_b,17,-1,2,0.118
vDeltaD,FS1A_b,17,0,7,0.412
vDeltaD,FS1A_b,17,1,6,0.353
vDeltaD,FS1A_b,17,2,2,0.118
vDeltaG,PFL2,17,-1,4,0.235
vDeltaG,PFL2,17,0,9,0.529
vDeltaG,PFL2,17,1,3,0.176
vDeltaG,PFL2,17,2,1,0.059
FS3_d,FS4A,17,-3,1,0.059
FS3_d,FS4A,17,-2,3,0.176
FS3_d,FS4A,17,-1,3,0.176
FS3_d,FS4A,17,0,4,0.235
FS3_d,FS4A,17,1,4,0.235
FS3_d,FS4A,17,2,1,0.059
FS3_d,FS4A,17,3,1,0.059
vDeltaG,hDeltaJ,17,-3,2,0.118
vDeltaG,hDeltaJ,17,-2,4,0.235
vDeltaG,hDeltaJ,17,-1,1,0.059
vDeltaG,hDeltaJ,17,2,1,0.059
vDeltaG,hDeltaJ,17,3,2,0.118
vDeltaG,hDeltaJ,17,4,7,0.412
FC1A,PFL3,17,-1,3,0.176
FC1A,PFL3,17,0,13,0.765
FC1A,PFL3,17,1,1,0.059
PFNv,vDeltaC,17,-1,5,0.294
PFNv,vDeltaC,17,0,9,0.529
PFNv,vDeltaC,17,1,3,0.176
FC1D,FC2A,17,-3,1,0.059
FC1D,FC2A,17,-2,1,0.059
FC1D,FC2A,17,-1,2,0.118
FC1D,FC2A,17,0,8,0.471
FC1D,FC2A,17,1,5,0.294
FC1E,PFNa,17,-1,5,0.294
FC1E,PFNa,17,0,10,0.588
FC1E,PFNa,17,1,2,0.118
FC3_b,PFNa,17,-2,1,0.059
FC3_b,PFNa,17,-1,3,0.176
FC3_b,PFNa,17,0,11,0.647
FC3_b,PFNa,17,1,2,0.118
hDeltaA,vDeltaH,16,-1,7,0.438
hDeltaA,vDeltaH,16,0,4,0.25
hDeltaA,vDeltaH,16,1,3,0.188
hDeltaA,vDeltaH,16,4,2,0.125
PFL3,FC2A,16,-1,1,0.062
PFL3,FC2A,16,0,14,0.875
PFL3,FC2A,16,1,1,0.062
hDeltaH,FR2,16,-3,11,0.688
hDeltaH,FR2,16,1,1,0.062
hDeltaH,FR2,16,4,4,0.25
FC1E,FS1A_a,16,-2,1,0.062
FC1E,FS1A_a,16,-1,1,0.062
FC1E,FS1A_a,16,0,11,0.688
FC1E,FS1A_a,16,1,3,0.188
FC1D,hDeltaH,16,-1,6,0.375
FC1D,hDeltaH,16,0,10,0.625
FC1C_a,FC1F,16,-1,2,0.125
FC1C_a,FC1F,16,0,11,0.688
FC1C_a,FC1F,16,1,3,0.188
hDeltaG,hDeltaM,16,-3,1,0.062
hDeltaG,hDeltaM,16,0,1,0.062
hDeltaG,hDeltaM,16,1,2,0.125
hDeltaG,hDeltaM,16,3,2,0.125
hDeltaG,hDeltaM,16,4,10,0.625
hDeltaK,vDeltaD,16,0,2,0.125
hDeltaK,vDeltaD,16,1,5,0.312
hDeltaK,vDeltaD,16,2,4,0.25
hDeltaK,vDeltaD,16,4,5,0.312
hDeltaM,vDeltaK,16,-3,12,0.75
hDeltaM,vDeltaK,16,4,4,0.25
hDeltaM,FS4B,16,-3,10,0.625
hDeltaM,FS4B,16,4,6,0.375
hDeltaA,FC1C_a,16,-3,1,0.062
hDeltaA,FC1C_a,16,0,1,0.062
hDeltaA,FC1C_a,16,1,1,0.062
hDeltaA,FC1C_a,16,2,2,0.125
hDeltaA,FC1C_a,16,3,6,0.375
hDeltaA,FC1C_a,16,4,5,0.312
hDeltaJ,FS4C,16,-3,3,0.188
hDeltaJ,FS4C,16,0,2,0.125
hDeltaJ,FS4C,16,1,2,0.125
hDeltaJ,FS4C,16,2,1,0.062
hDeltaJ,FS4C,16,3,5,0.312
hDeltaJ,FS4C,16,4,3,0.188
FC1E,FS3_b,16,-1,3,0.188
FC1E,FS3_b,16,0,11,0.688
FC1E,FS3_b,16,1,2,0.125
FC3_b,PFL1,16,-1,5,0.312
FC3_b,PFL1,16,0,9,0.562
FC3_b,PFL1,16,1,2,0.125
PFR_a,hDeltaL,16,-3,1,0.062
PFR_a,hDeltaL,16,-2,1,0.062
PFR_a,hDeltaL,16,-1,1,0.062
PFR_a,hDeltaL,16,0,4,0.25
PFR_a,hDeltaL,16,1,2,0.125
PFR_a,hDeltaL,16,2,3,0.188
PFR_a,hDeltaL,16,3,3,0.188
PFR_a,hDeltaL,16,4,1,0.062
FC3_c,hDeltaI,16,-2,1,0.062
FC3_c,hDeltaI,16,0,1,0.062
FC3_c,hDeltaI,16,1,4,0.25
FC3_c,hDeltaI,16,2,3,0.188
FC3_c,hDeltaI,16,3,6,0.375
FC3_c,hDeltaI,16,4,1,0.062
FC1B,PFNd,16,-1,7,0.438
FC1B,PFNd,16,0,9,0.562
hDeltaM,vDeltaI_a,16,-3,8,0.5
hDeltaM,vDeltaI_a,16,-2,1,0.062
hDeltaM,vDeltaI_a,16,4,7,0.438
FC3_c,FS4C,16,0,12,0.75
FC3_c,FS4C,16,1,4,0.25
PFNd,FS3_a,16,0,7,0.438
PFNd,FS3_a,16,1,9,0.562
PFNa,vDeltaF,16,-1,4,0.25
PFNa,vDeltaF,16,0,11,0.688
PFNa,vDeltaF,16,1,1,0.062
FC2A,hDeltaK,16,-2,4,0.25
FC2A,hDeltaK,16,-1,1,0.062
FC2A,hDeltaK,16,0,1,0.062
FC2A,hDeltaK,16,1,2,0.125
FC2A,hDeltaK,16,2,2,0.125
FC2A,hDeltaK,16,3,4,0.25
FC2A,hDeltaK,16,4,2,0.125
vDeltaB,FS3_b,16,-1,4,0.25
vDeltaB,FS3_b,16,0,8,0.5
vDeltaB,FS3_b,16,1,3,0.188
vDeltaB,FS3_b,16,2,1,0.062
FC2C,vDeltaG,16,-2,1,0.062
FC2C,vDeltaG,16,-1,2,0.125
FC2C,vDeltaG,16,0,8,0.5
FC2C,vDeltaG,16,1,5,0.312
FC1F,FC2A,16,-1,6,0.375
FC1F,FC2A,16,0,7,0.438
FC1F,FC2A,16,1,3,0.188
PFR_a,FC1D,16,-1,1,0.062
PFR_a,FC1D,16,0,13,0.812
PFR_a,FC1D,16,1,2,0.125
FC1C_a,FC3_a,15,-1,2,0.133
FC1C_a,FC3_a,15,0,11,0.733
FC1C_a,FC3_a,15,1,2,0.133
FS1B_a,FS1A_a,15,-1,1,0.067
FS1B_a,FS1A_a,15,0,1,0.067
FS1B_a,FS1A_a,15,1,5,0.333
FS1B_a,FS1A_a,15,2,7,0.467
FS1B_a,FS1A_a,15,4,1,0.067
FC2B,FS3_a,15,0,12,0.8
FC2B,FS3_a,15,1,3,0.2
FS1A_b,FC2A,15,0,5,0.333
FS1A_b,FC2A,15,1,10,0.667
hDeltaJ,vDeltaD,15,-3,1,0.067
hDeltaJ,vDeltaD,15,2,2,0.133
hDeltaJ,vDeltaD,15,3,4,0.267
hDeltaJ,vDeltaD,15,4,8,0.533
FC1E,hDeltaH,15,-1,3,0.2
FC1E,hDeltaH,15,0,9,0.6
FC1E,hDeltaH,15,1,1,0.067
FC1E,hDeltaH,15,4,2,0.133
PFNd,vDeltaK,15,0,9,0.6
PFNd,vDeltaK,15,1,6,0.4
PFNa,vDeltaH,15,-1,7,0.467
PFNa,vDeltaH,15,0,7,0.467
PFNa,vDeltaH,15,1,1,0.067
FS1B_a,FS1A_b,15,-3,1,0.067
FS1B_a,FS1A_b,15,-2,3,0.2
FS1B_a,FS1A_b,15,-1,3,0.2
FS1B_a,FS1A_b,15,1,4,0.267
FS1B_a,FS1A_b,15,2,1,0.067
FS1B_a,FS1A_b,15,4,3,0.2
FC,FC1C_b,15,-3,1,0.067
FC,FC1C_b,15,-1,1,0.067
FC,FC1C_b,15,0,10,0.667
FC,FC1C_b,15,1,2,0.133
FC,FC1C_b,15,2,1,0.067
hDeltaF,vDeltaF,15,-3,2,0.133
hDeltaF,vDeltaF,15,-1,3,0.2
hDeltaF,vDeltaF,15,0,3,0.2
hDeltaF,vDeltaF,15,4,7,0.467
vDeltaJ,hDeltaM,15,-3,2,0.133
vDeltaJ,hDeltaM,15,-2,1,0.067
vDeltaJ,hDeltaM,15,-1,1,0.067
vDeltaJ,hDeltaM,15,0,4,0.267
vDeltaJ,hDeltaM,15,1,1,0.067
vDeltaJ,hDeltaM,15,4,6,0.4
PFGs,vDeltaD,15,-1,3,0.2
PFGs,vDeltaD,15,0,9,0.6
PFGs,vDeltaD,15,1,3,0.2
FC1C_a,FC2C,15,0,11,0.733
FC1C_a,FC2C,15,1,3,0.2
FC1C_a,FC2C,15,4,1,0.067
PFNd,FC3_c,15,0,7,0.467
PFNd,FC3_c,15,1,8,0.533
PFNv,hDeltaG,15,-1,6,0.4
PFNv,hDeltaG,15,0,9,0.6
hDeltaC,FC3_b,15,-3,2,0.133
hDeltaC,FC3_b,15,1,5,0.333
hDeltaC,FC3_b,15,2,6,0.4
hDeltaC,FC3_b,15,4,2,0.133
FC1E,FS1B_b,15,-1,3,0.2
FC1E,FS1B_b,15,0,10,0.667
FC1E,FS1B_b,15,1,2,0.133
hDeltaA,PFNd,15,0,5,0.333
hDeltaA,PFNd,15,1,2,0.133
hDeltaA,PFNd,15,2,5,0.333
hDeltaA,PFNd,15,3,1,0.067
hDeltaA,PFNd,15,4,2,0.133
PFR_a,FS4A,15,-1,3,0.2
PFR_a,FS4A,15,0,11,0.733
PFR_a,FS4A,15,1,1,0.067
PFR_b,PFNd,15,-3,1,0.067
PFR_b,PFNd,15,-1,7,0.467
PFR_b,PFNd,15,0,4,0.267
PFR_b,PFNd,15,1,3,0.2
FC1C_b,FC3_c,15,-1,3,0.2
FC1C_b,FC3_c,15,0,8,0.533
FC1C_b,FC3_c,15,1,3,0.2
FC1C_b,FC3_c,15,2,1,0.067
FC1C_a,FC1B,15,-1,1,0.067
FC1C_a,FC1B,15,0,12,0.8
FC1C_a,FC1B,15,1,1,0.067
FC1C_a,FC1B,15,2,1,0.067
FC2A,FR1,15,-1,1,0.067
FC2A,FR1,15,0,13,0.867
FC2A,FR1,15,1,1,0.067
vDeltaG,FS1A_b,15,-2,1,0.067
vDeltaG,FS1A_b,15,-1,3,0.2
vDeltaG,FS1A_b,15,0,10,0.667
vDeltaG,FS1A_b,15,1,1,0.067
PFGs,vDeltaC,15,-2,1,0.067
PFGs,vDeltaC,15,-1,4,0.267
PFGs,vDeltaC,15,0,7,0.467
PFGs,vDeltaC,15,1,3,0.2
PFNv,FC2B,15,-1,2,0.133
PFNv,FC2B,15,0,11,0.733
PFNv,FC2B,15,1,2,0.133
FC1A,PFL2,15,0,13,0.867
FC1A,PFL2,15,1,2,0.133
FC3_c,hDeltaB,15,-3,1,0.067
FC3_c,hDeltaB,15,-1,2,0.133
FC3_c,hDeltaB,15,1,2,0.133
FC3_c,hDeltaB,15,2,4,0.267
FC3_c,hDeltaB,15,3,4,0.267
FC3_c,hDeltaB,15,4,2,0.133
FC1C_b,hDeltaC,15,-1,3,0.2
FC1C_b,hDeltaC,15,0,1,0.067
FC1C_b,hDeltaC,15,1,3,0.2
FC1C_b,hDeltaC,15,2,7,0.467
FC1C_b,hDeltaC,15,4,1,0.067
FC3_b,FS1A_c,15,-2,1,0.067
FC3_b,FS1A_c,15,-1,1,0.067
FC3_b,FS1A_c,15,0,11,0.733
FC3_b,FS1A_c,15,1,2,0.133
hDeltaB,PFL2,14,1,2,0.143
hDeltaB,PFL2,14,2,11,0.786
hDeltaB,PFL2,14,4,1,0.071
hDeltaA,FC,14,0,1,0.071
hDeltaA,FC,14,1,11,0.786
hDeltaA,FC,14,2,2,0.143
hDeltaH,vDeltaK,14,-3,1,0.071
hDeltaH,vDeltaK,14,4,13,0.929
hDeltaF,FR1,14,-3,2,0.143
hDeltaF,FR1,14,-2,9,0.643
hDeltaF,FR1,14,-1,1,0.071
hDeltaF,FR1,14,4,2,0.143
FC1C_b,FC3_a,14,0,11,0.786
FC1C_b,FC3_a,14,1,2,0.143
FC1C_b,FC3_a,14,3,1,0.071
FC2B,FC3_c,14,-1,1,0.071
FC2B,FC3_c,14,0,9,0.643
FC2B,FC3_c,14,1,4,0.286
FC1F,FC2C,14,-1,1,0.071
FC1F,FC2C,14,0,10,0.714
FC1F,FC2C,14,1,3,0.214
PFGs,hDeltaG,14,-1,3,0.214
PFGs,hDeltaG,14,0,4,0.286
PFGs,hDeltaG,14,3,5,0.357
PFGs,hDeltaG,14,4,2,0.143
PFR_b,FC1C_a,14,0,12,0.857
PFR_b,FC1C_a,14,1,2,0.143
vDeltaJ,vDeltaL,14,-1,2,0.143
vDeltaJ,vDeltaL,14,0,6,0.429
vDeltaJ,vDeltaL,14,1,6,0.429
FC1E,FC2A,14,-2,1,0.071
FC1E,FC2A,14,-1,1,0.071
FC1E,FC2A,14,0,9,0.643
FC1E,FC2A,14,1,2,0.143
FC1E,FC2A,14,2,1,0.071
PFR_a,FC1C_b,14,-1,1,0.071
PFR_a,FC1C_b,14,0,13,0.929
vDeltaM,PFL2,14,-1,1,0.071
vDeltaM,PFL2,14,0,8,0.571
vDeltaM,PFL2,14,1,5,0.357
FC2C,FC1B,14,-1,2,0.143
FC2C,FC1B,14,0,10,0.714
FC2C,FC1B,14,1,2,0.143
FC2A,PFL1,14,-1,3,0.214
FC2A,PFL1,14,0,6,0.429
FC2A,PFL1,14,1,2,0.143
FC2A,PFL1,14,2,3,0.214
vDeltaI_a,hDeltaA,14,-3,2,0.143
vDeltaI_a,hDeltaA,14,-1,1,0.071
vDeltaI_a,hDeltaA,14,0,1,0.071
vDeltaI_a,hDeltaA,14,1,6,0.429
vDeltaI_a,hDeltaA,14,3,2,0.143
vDeltaI_a,hDeltaA,14,4,2,0.143
FC3_b,FC2C,14,-1,2,0.143
FC3_b,FC2C,14,0,10,0.714
FC3_b,FC2C,14,1,2,0.143
PFNd,PFNa,14,-3,1,0.071
PFNd,PFNa,14,-1,1,0.071
PFNd,PFNa,14,0,5,0.357
PFNd,PFNa,14,1,7,0.5
PFNd,FC3_a,14,0,8,0.571
PFNd,FC3_a,14,1,6,0.429
PFGs,vDeltaE,14,-2,2,0.143
PFGs,vDeltaE,14,-1,3,0.214
PFGs,vDeltaE,14,0,6,0.429
PFGs,vDeltaE,14,1,3,0.214
hDeltaM,vDeltaF,14,-3,1,0.071
hDeltaM,vDeltaF,14,-2,3,0.214
hDeltaM,vDeltaF,14,1,1,0.071
hDeltaM,vDeltaF,14,2,2,0.143
hDeltaM,vDeltaF,14,3,2,0.143
hDeltaM,vDeltaF,14,4,5,0.357
FC3_a,hDeltaB,14,-2,2,0.143
FC3_a,hDeltaB,14,-1,1,0.071
FC3_a,hDeltaB,14,0,2,0.143
FC3_a,hDeltaB,14,1,4,0.286
FC3_a,hDeltaB,14,2,3,0.214
FC3_a,hDeltaB,14,3,2,0.143
FC1A,vDeltaF,14,-1,3,0.214
FC1A,vDeltaF,14,0,6,0.429
FC1A,vDeltaF,14,1,5,0.357
vDeltaA_a,vDeltaL,14,0,7,0.5
vDeltaA_a,vDeltaL,14,1,7,0.5
FS3_d,hDeltaE,14,-3,2,0.143
FS3_d,hDeltaE,14,-2,1,0.071
FS3_d,hDeltaE,14,-1,3,0.214
FS3_d,hDeltaE,14,0,1,0.071
FS3_d,hDeltaE,14,2,2,0.143
FS3_d,hDeltaE,14,3,4,0.286
FS3_d,hDeltaE,14,4,1,0.071
FS2,FS4C,14,-2,1,0.071
FS2,FS4C,14,-1,1,0.071
FS2,FS4C,14,0,9,0.643
FS2,FS4C,14,1,2,0.143
FS2,FS4C,14,2,1,0.071
FS2,FS1A_a,14,-2,1,0.071
FS2,FS1A_a,14,-1,2,0.143
FS2,FS1A_a,14,0,8,0.571
FS2,FS1A_a,14,1,3,0.214
FC2C,vDeltaI_a,14,-1,1,0.071
FC2C,vDeltaI_a,14,0,11,0.786
FC2C,vDeltaI_a,14,1,2,0.143
vDeltaE,FS3_a,14,-1,5,0.357
vDeltaE,FS3_a,14,0,5,0.357
vDeltaE,FS3_a,14,1,3,0.214
vDeltaE,FS3_a,14,2,1,0.071
FC1D,hDeltaM,14,-1,4,0.286
FC1D,hDeltaM,14,0,8,0.571
FC1D,hDeltaM,14,1,1,0.071
FC1D,hDeltaM,14,3,1,0.071
FC1E,hDeltaC,14,-1,1,0.071
FC1E,hDeltaC,14,0,4,0.286
FC1E,hDeltaC,14,1,3,0.214
FC1E,hDeltaC,14,2,4,0.286
FC1E,hDeltaC,14,3,1,0.071
FC1E,hDeltaC,14,4,1,0.071
FC1F,vDeltaE,14,-2,1,0.071
FC1F,vDeltaE,14,-1,3,0.214
FC1F,vDeltaE,14,0,8,0.571
FC1F,vDeltaE,14,1,1,0.071
FC1F,vDeltaE,14,2,1,0.071
FC1C_a,FC3_c,14,-2,1,0.071
FC1C_a,FC3_c,14,-1,1,0.071
FC1C_a,FC3_c,14,0,11,0.786
FC1C_a,FC3_c,14,2,1,0.071
FC3_a,PFNd,14,-1,7,0.5
FC3_a,PFNd,14,0,7,0.5
vDeltaF,PFL2,14,0,3,0.214
vDeltaF,PFL2,14,1,10,0.714
vDeltaF,PFL2,14,2,1,0.071
PFNa,FR2,14,0,14,1.0
hDeltaJ,vDeltaH,14,1,4,0.286
hDeltaJ,vDeltaH,14,2,6,0.429
hDeltaJ,vDeltaH,14,3,1,0.071
hDeltaJ,vDeltaH,14,4,3,0.214
FS2,FS1B_b,14,-1,2,0.143
FS2,FS1B_b,14,0,7,0.5
FS2,FS1B_b,14,2,2,0.143
FS2,FS1B_b,14,3,1,0.071
FS2,FS1B_b,14,4,2,0.143
FS2,hDeltaC,14,-3,2,0.143
FS2,hDeltaC,14,-1,1,0.071
FS2,hDeltaC,14,0,1,0.071
FS2,hDeltaC,14,1,2,0.143
FS2,hDeltaC,14,2,5,0.357
FS2,hDeltaC,14,3,2,0.143
FS2,hDeltaC,14,4,1,0.071
FC1B,FS3_b,13,0,13,1.0
FS1A_b,FS4B,13,-1,9,0.692
FS1A_b,FS4B,13,0,4,0.308
hDeltaE,FC2B,13,-3,1,0.077
hDeltaE,FC2B,13,4,12,0.923
hDeltaF,FC3_c,13,-3,5,0.385
hDeltaF,FC3_c,13,-2,8,0.615
hDeltaH,vDeltaE,13,-3,2,0.154
hDeltaH,vDeltaE,13,0,1,0.077
hDeltaH,vDeltaE,13,4,10,0.769
PFNm_b,FC2A,13,0,6,0.462
PFNm_b,FC2A,13,1,7,0.538
FC3_c,FS4A,13,0,13,1.0
FC2A,FC3_b,13,-1,4,0.308
FC2A,FC3_b,13,0,6,0.462
FC2A,FC3_b,13,1,3,0.231
PFR_b,hDeltaM,13,-1,10,0.769
PFR_b,hDeltaM,13,0,1,0.077
PFR_b,hDeltaM,13,3,1,0.077
PFR_b,hDeltaM,13,4,1,0.077
FC1F,PFGs,13,0,12,0.923
FC1F,PFGs,13,1,1,0.077
PFGs,hDeltaH,13,-1,6,0.462
PFGs,hDeltaH,13,0,3,0.231
PFGs,hDeltaH,13,3,2,0.154
PFGs,hDeltaH,13,4,2,0.154
hDeltaI,FC3_c,13,0,2,0.154
hDeltaI,FC3_c,13,1,1,0.077
hDeltaI,FC3_c,13,2,5,0.385
hDeltaI,FC3_c,13,3,1,0.077
hDeltaI,FC3_c,13,4,4,0.308
hDeltaI,FC3_a,13,-3,2,0.154
hDeltaI,FC3_a,13,1,1,0.077
hDeltaI,FC3_a,13,2,3,0.231
hDeltaI,FC3_a,13,3,6,0.462
hDeltaI,FC3_a,13,4,1,0.077
FC1E,hDeltaI,13,0,3,0.231
FC1E,hDeltaI,13,1,5,0.385
FC1E,hDeltaI,13,2,3,0.231
FC1E,hDeltaI,13,3,2,0.154
hDeltaI,FS3_d,13,-3,1,0.077
hDeltaI,FS3_d,13,1,6,0.462
hDeltaI,FS3_d,13,2,3,0.231
hDeltaI,FS3_d,13,3,1,0.077
hDeltaI,FS3_d,13,4,2,0.154
vDeltaH,FC1C_a,13,-1,1,0.077
vDeltaH,FC1C_a,13,0,6,0.462
vDeltaH,FC1C_a,13,1,6,0.462
PFNm_b,hDeltaL,13,0,3,0.231
PFNm_b,hDeltaL,13,1,1,0.077
PFNm_b,hDeltaL,13,2,2,0.154
PFNm_b,hDeltaL,13,3,5,0.385
PFNm_b,hDeltaL,13,4,2,0.154
FC2B,FS3_c,13,-1,1,0.077
FC2B,FS3_c,13,0,10,0.769
FC2B,FS3_c,13,1,2,0.154
FC3_b,hDeltaB,13,-3,1,0.077
FC3_b,hDeltaB,13,-2,1,0.077
FC3_b,hDeltaB,13,-1,2,0.154
FC3_b,hDeltaB,13,0,1,0.077
FC3_b,hDeltaB,13,1,4,0.308
FC3_b,hDeltaB,13,2,3,0.231
FC3_b,hDeltaB,13,3,1,0.077
PFNa,PFL3,13,-1,1,0.077
PFNa,PFL3,13,0,12,0.923
PFL3,hDeltaI,13,-3,1,0.077
PFL3,hDeltaI,13,-2,1,0.077
PFL3,hDeltaI,13,0,1,0.077
PFL3,hDeltaI,13,1,4,0.308
PFL3,hDeltaI,13,2,5,0.385
PFL3,hDeltaI,13,3,1,0.077
PFNd,FS3_d,13,0,8,0.615
PFNd,FS3_d,13,1,5,0.385
hDeltaH,hDeltaK,13,0,2,0.154
hDeltaH,hDeltaK,13,1,2,0.154
hDeltaH,hDeltaK,13,2,5,0.385
hDeltaH,hDeltaK,13,3,1,0.077
hDeltaH,hDeltaK,13,4,3,0.231
PFR_b,FS1A_a,13,-1,2,0.154
PFR_b,FS1A_a,13,0,10,0.769
PFR_b,FS1A_a,13,1,1,0.077
vDeltaE,hDeltaK,13,-3,1,0.077
vDeltaE,hDeltaK,13,-2,2,0.154
vDeltaE,hDeltaK,13,-1,3,0.231
vDeltaE,hDeltaK,13,0,1,0.077
vDeltaE,hDeltaK,13,3,2,0.154
vDeltaE,hDeltaK,13,4,4,0.308
vDeltaD,FS4C,13,-1,1,0.077
vDeltaD,FS4C,13,0,4,0.308
vDeltaD,FS4C,13,1,7,0.538
vDeltaD,FS4C,13,2,1,0.077
FC2B,hDeltaL,13,-3,1,0.077
FC2B,hDeltaL,13,0,3,0.231
FC2B,hDeltaL,13,1,6,0.462
FC2B,hDeltaL,13,2,2,0.154
FC2B,hDeltaL,13,3,1,0.077
vDeltaH,FC1E,13,-1,1,0.077
vDeltaH,FC1E,13,0,9,0.692
vDeltaH,FC1E,13,1,3,0.231
FC2C,FC1F,13,-1,1,0.077
FC2C,FC1F,13,0,8,0.615
FC2C,FC1F,13,1,4,0.308
hDeltaK,FC2C,13,-3,1,0.077
hDeltaK,FC2C,13,-2,3,0.231
hDeltaK,FC2C,13,0,1,0.077
hDeltaK,FC2C,13,1,2,0.154
hDeltaK,FC2C,13,2,3,0.231
hDeltaK,FC2C,13,3,1,0.077
hDeltaK,FC2C,13,4,2,0.154
hDeltaB,FS1A_a,13,-3,1,0.077
hDeltaB,FS1A_a,13,-1,1,0.077
hDeltaB,FS1A_a,13,1,3,0.231
hDeltaB,FS1A_a,13,2,5,0.385
hDeltaB,FS1A_a,13,4,3,0.231
FC1B,vDeltaD,13,-1,4,0.308
FC1B,vDeltaD,13,0,8,0.615
FC1B,vDeltaD,13,1,1,0.077
PFR_b,FR2,13,-2,1,0.077
PFR_b,FR2,13,-1,2,0.154
PFR_b,FR2,13,0,10,0.769
hDeltaB,FC3_b,13,-1,1,0.077
hDeltaB,FC3_b,13,1,5,0.385
hDeltaB,FC3_b,13,2,4,0.308
hDeltaB,FC3_b,13,3,3,0.231
FC2A,vDeltaI_b,13,-1,2,0.154
FC2A,vDeltaI_b,13,0,7,0.538
FC2A,vDeltaI_b,13,1,4,0.308
FC2A,FC1C_b,13,-1,2,0.154
FC2A,FC1C_b,13,0,9,0.692
FC2A,FC1C_b,13,1,2,0.154
FC3_c,PFNd,13,-1,7,0.538
FC3_c,PFNd,13,0,6,0.462
FS3_c,vDeltaC,13,-1,2,0.154
FS3_c,vDeltaC,13,0,9,0.692
FS3_c,vDeltaC,13,1,2,0.154
FS3_a,FC2C,13,-1,4,0.308
FS3_a,FC2C,13,0,9,0.692
vDeltaG,vDeltaD,12,0,12,1.0
vDeltaE,PFL2,12,0,9,0.75
vDeltaE,PFL2,12,1,3,0.25
hDeltaI,vDeltaI_a,12,1,1,0.083
hDeltaI,vDeltaI_a,12,2,4,0.333
hDeltaI,vDeltaI_a,12,3,2,0.167
hDeltaI,vDeltaI_a,12,4,5,0.417
FS2,FS4B,12,-1,1,0.083
FS2,FS4B,12,0,11,0.917
FC,FC1E,12,-1,3,0.25
FC,FC1E,12,0,8,0.667
FC,FC1E,12,1,1,0.083
FS1B_a,vDeltaF,12,-1,2,0.167
FS1B_a,vDeltaF,12,0,6,0.5
FS1B_a,vDeltaF,12,1,1,0.083
FS1B_a,vDeltaF,12,2,3,0.25
FC1E,FS1A_b,12,-1,1,0.083
FC1E,FS1A_b,12,0,10,0.833
FC1E,FS1A_b,12,1,1,0.083
PFNv,FS1A_b,12,-1,1,0.083
PFNv,FS1A_b,12,0,7,0.583
PFNv,FS1A_b,12,1,4,0.333
hDeltaJ,FC3_c,12,-1,3,0.25
hDeltaJ,FC3_c,12,0,2,0.167
hDeltaJ,FC3_c,12,1,1,0.083
hDeltaJ,FC3_c,12,2,3,0.25
hDeltaJ,FC3_c,12,3,1,0.083
hDeltaJ,FC3_c,12,4,2,0.167
vDeltaH,PFL2,12,-1,5,0.417
vDeltaH,PFL2,12,0,5,0.417
vDeltaH,PFL2,12,1,2,0.167
FC,FS1A_b,12,-2,6,0.5
FC,FS1A_b,12,0,1,0.083
FC,FS1A_b,12,1,2,0.167
FC,FS1A_b,12,2,2,0.167
FC,FS1A_b,12,3,1,0.083
FC1C_b,FS3_d,12,0,12,1.0
FS3_d,hDeltaD,12,-3,3,0.25
FS3_d,hDeltaD,12,-1,2,0.167
FS3_d,hDeltaD,12,2,1,0.083
FS3_d,hDeltaD,12,3,2,0.167
FS3_d,hDeltaD,12,4,4,0.333
hDeltaC,FS1B_b,12,-3,1,0.083
hDeltaC,FS1B_b,12,0,1,0.083
hDeltaC,FS1B_b,12,1,8,0.667
hDeltaC,FS1B_b,12,2,1,0.083
hDeltaC,FS1B_b,12,4,1,0.083
FC1D,PFR_b,12,-2,1,0.083
FC1D,PFR_b,12,0,8,0.667
FC1D,PFR_b,12,1,1,0.083
FC1D,PFR_b,12,2,1,0.083
FC1D,PFR_b,12,3,1,0.083
FC2A,vDeltaK,12,-1,2,0.167
FC2A,vDeltaK,12,0,7,0.583
FC2A,vDeltaK,12,1,3,0.25
PFR_a,FC1C_a,12,0,8,0.667
PFR_a,FC1C_a,12,1,4,0.333
PFR_b,PFL2,12,-1,1,0.083
PFR_b,PFL2,12,0,5,0.417
PFR_b,PFL2,12,1,3,0.25
PFR_b,PFL2,12,4,3,0.25
hDeltaA,FC3_a,12,-3,1,0.083
hDeltaA,FC3_a,12,1,4,0.333
hDeltaA,FC3_a,12,2,2,0.167
hDeltaA,FC3_a,12,3,4,0.333
hDeltaA,FC3_a,12,4,1,0.083
FS3_a,FS1A_b,12,-1,4,0.333
FS3_a,FS1A_b,12,0,7,0.583
FS3_a,FS1A_b,12,2,1,0.083
FS1A_c,FC,12,-3,2,0.167
FS1A_c,FC,12,-2,3,0.25
FS1A_c,FC,12,0,3,0.25
FS1A_c,FC,12,2,1,0.083
FS1A_c,FC,12,4,3,0.25
FC,FS1A_a,12,-3,2,0.167
FC,FS1A_a,12,-2,2,0.167
FC,FS1A_a,12,-1,2,0.167
FC,FS1A_a,12,0,3,0.25
FC,FS1A_a,12,1,1,0.083
FC,FS1A_a,12,3,1,0.083
FC,FS1A_a,12,4,1,0.083
FS1B_b,FS1A_c,12,-3,2,0.167
FS1B_b,FS1A_c,12,-2,3,0.25
FS1B_b,FS1A_c,12,-1,2,0.167
FS1B_b,FS1A_c,12,1,2,0.167
FS1B_b,FS1A_c,12,2,1,0.083
FS1B_b,FS1A_c,12,3,1,0.083
FS1B_b,FS1A_c,12,4,1,0.083
vDeltaI_b,FC1C_a,12,0,8,0.667
vDeltaI_b,FC1C_a,12,1,4,0.333
FC1F,FC2B,12,-1,1,0.083
FC1F,FC2B,12,0,10,0.833
FC1F,FC2B,12,1,1,0.083
vDeltaE,FS1A_a,12,-2,1,0.083
vDeltaE,FS1A_a,12,0,5,0.417
vDeltaE,FS1A_a,12,1,4,0.333
vDeltaE,FS1A_a,12,2,2,0.167
FS2,PFR_b,12,-1,2,0.167
FS2,PFR_b,12,0,9,0.75
FS2,PFR_b,12,1,1,0.083
vDeltaI_b,FS2,12,-1,2,0.167
vDeltaI_b,FS2,12,0,4,0.333
vDeltaI_b,FS2,12,1,5,0.417
vDeltaI_b,FS2,12,2,1,0.083
FC2B,FS3_d,12,0,11,0.917
FC2B,FS3_d,12,1,1,0.083
FC1C_b,FS1A_b,12,0,9,0.75
FC1C_b,FS1A_b,12,1,2,0.167
FC1C_b,FS1A_b,12,2,1,0.083
PFNm_b,PFNd,12,-1,9,0.75
PFNm_b,PFNd,12,0,3,0.25
vDeltaI_a,vDeltaK,12,0,9,0.75
vDeltaI_a,vDeltaK,12,1,3,0.25
PFNv,FS4C,12,-1,1,0.083
PFNv,FS4C,12,0,10,0.833
PFNv,FS4C,12,1,1,0.083
PFNv,FC1E,12,-1,1,0.083
PFNv,FC1E,12,0,9,0.75
PFNv,FC1E,12,1,2,0.167
FR1,FC2B,12,-3,2,0.167
FR1,FC2B,12,-1,1,0.083
FR1,FC2B,12,0,5,0.417
FR1,FC2B,12,1,2,0.167
FR1,FC2B,12,3,1,0.083
FR1,FC2B,12,4,1,0.083
FC1F,PFNv,12,-1,1,0.083
FC1F,PFNv,12,0,8,0.667
FC1F,PFNv,12,1,3,0.25
PFR_b,FC2A,12,-1,1,0.083
PFR_b,FC2A,12,0,10,0.833
PFR_b,FC2A,12,1,1,0.083
hDeltaA,hDeltaC,12,-2,5,0.417
hDeltaA,hDeltaC,12,-1,1,0.083
hDeltaA,hDeltaC,12,1,2,0.167
hDeltaA,hDeltaC,12,2,2,0.167
hDeltaA,hDeltaC,12,3,1,0.083
hDeltaA,hDeltaC,12,4,1,0.083
hDeltaB,FS4C,12,1,4,0.333
hDeltaB,FS4C,12,2,4,0.333
hDeltaB,FS4C,12,3,2,0.167
hDeltaB,FS4C,12,4,2,0.167
vDeltaJ,vDeltaM,12,-1,4,0.333
vDeltaJ,vDeltaM,12,0,6,0.5
vDeltaJ,vDeltaM,12,1,2,0.167
PFNd,FR2,12,0,6,0.5
PFNd,FR2,12,1,6,0.5
FC2A,vDeltaG,12,-1,4,0.333
FC2A,vDeltaG,12,0,6,0.5
FC2A,vDeltaG,12,1,2,0.167
FC3_a,FS1A_c,12,0,10,0.833
FC3_a,FS1A_c,12,1,1,0.083
FC3_a,FS1A_c,12,2,1,0.083
FC1F,PFL3,12,-1,2,0.167
FC1F,PFL3,12,0,8,0.667
FC1F,PFL3,12,1,2,0.167
vDeltaG,FC3_c,12,-1,5,0.417
vDeltaG,FC3_c,12,0,5,0.417
vDeltaG,FC3_c,12,1,2,0.167
PFGs,vDeltaF,12,-1,5,0.417
PFGs,vDeltaF,12,0,7,0.583
FC3_b,PFNd,12,-2,1,0.083
FC3_b,PFNd,12,-1,5,0.417
FC3_b,PFNd,12,0,6,0.5
vDeltaI_a,FC3_a,12,-1,1,0.083
vDeltaI_a,FC3_a,12,0,5,0.417
vDeltaI_a,FC3_a,12,1,5,0.417
vDeltaI_a,FC3_a,12,2,1,0.083
vDeltaK,PFGs,12,-1,2,0.167
vDeltaK,PFGs,12,0,7,0.583
vDeltaK,PFGs,12,1,3,0.25
vDeltaI_b,FC3_b,12,-1,6,0.5
vDeltaI_b,FC3_b,12,0,3,0.25
vDeltaI_b,FC3_b,12,1,2,0.167
vDeltaI_b,FC3_b,12,2,1,0.083
FS1B_a,vDeltaE,11,-1,2,0.182
FS1B_a,vDeltaE,11,0,8,0.727
FS1B_a,vDeltaE,11,1,1,0.091
FC1F,vDeltaD,11,-1,1,0.091
FC1F,vDeltaD,11,0,9,0.818
FC1F,vDeltaD,11,1,1,0.091
FS4A,hDeltaL,11,0,6,0.545
FS4A,hDeltaL,11,2,1,0.091
FS4A,hDeltaL,11,3,2,0.182
FS4A,hDeltaL,11,4,2,0.182
PFL2,hDeltaH,11,-3,1,0.091
PFL2,hDeltaH,11,0,4,0.364
PFL2,hDeltaH,11,4,6,0.545
hDeltaF,FC1C_a,11,-3,9,0.818
hDeltaF,FC1C_a,11,4,2,0.182
FC2C,vDeltaJ,11,-2,1,0.091
FC2C,vDeltaJ,11,-1,5,0.455
FC2C,vDeltaJ,11,0,5,0.455
vDeltaG,hDeltaA,11,-2,4,0.364
vDeltaG,hDeltaA,11,1,1,0.091
vDeltaG,hDeltaA,11,3,2,0.182
vDeltaG,hDeltaA,11,4,4,0.364
vDeltaC,hDeltaD,11,-1,1,0.091
vDeltaC,hDeltaD,11,3,2,0.182
vDeltaC,hDeltaD,11,4,8,0.727
FC3_b,FS3_d,11,-1,2,0.182
FC3_b,FS3_d,11,0,9,0.818
FC2C,PFNa,11,-1,2,0.182
FC2C,PFNa,11,0,8,0.727
FC2C,PFNa,11,1,1,0.091
hDeltaI,FC1E,11,1,5,0.455
hDeltaI,FC1E,11,2,1,0.091
hDeltaI,FC1E,11,3,2,0.182
hDeltaI,FC1E,11,4,3,0.273
vDeltaF,hDeltaK,11,-2,2,0.182
vDeltaF,hDeltaK,11,-1,5,0.455
vDeltaF,hDeltaK,11,4,4,0.364
FC2C,FC1C_a,11,-2,3,0.273
FC2C,FC1C_a,11,-1,3,0.273
FC2C,FC1C_a,11,0,5,0.455
hDeltaH,FC3_c,11,-3,4,0.364
hDeltaH,FC3_c,11,4,7,0.636
FC3_c,FS3_b,11,0,9,0.818
FC3_c,FS3_b,11,1,2,0.182
hDeltaA,PFL1,11,-3,2,0.182
hDeltaA,PFL1,11,-2,1,0.091
hDeltaA,PFL1,11,0,1,0.091
hDeltaA,PFL1,11,1,2,0.182
hDeltaA,PFL1,11,2,3,0.273
hDeltaA,PFL1,11,3,2,0.182
vDeltaD,FS3_b,11,-1,1,0.091
vDeltaD,FS3_b,11,0,6,0.545
vDeltaD,FS3_b,11,1,3,0.273
vDeltaD,FS3_b,11,2,1,0.091
FC1A,hDeltaH,11,-1,5,0.455
FC1A,hDeltaH,11,0,5,0.455
FC1A,hDeltaH,11,4,1,0.091
FS3_b,hDeltaE,11,0,6,0.545
FS3_b,hDeltaE,11,3,2,0.182
FS3_b,hDeltaE,11,4,3,0.273
vDeltaF,vDeltaI_a,11,-1,2,0.182
vDeltaF,vDeltaI_a,11,0,4,0.364
vDeltaF,vDeltaI_a,11,1,5,0.455
FC3_b,FS3_c,11,-1,1,0.091
FC3_b,FS3_c,11,0,10,0.909
FC3_c,FS3_a,11,-1,2,0.182
FC3_c,FS3_a,11,0,8,0.727
FC3_c,FS3_a,11,1,1,0.091
FC2B,vDeltaE,11,-1,4,0.364
FC2B,vDeltaE,11,0,2,0.182
FC2B,vDeltaE,11,1,3,0.273
FC2B,vDeltaE,11,2,2,0.182
PFNv,FC1D,11,-1,2,0.182
PFNv,FC1D,11,0,8,0.727
PFNv,FC1D,11,1,1,0.091
FC1A,hDeltaM,11,-1,5,0.455
FC1A,hDeltaM,11,0,4,0.364
FC1A,hDeltaM,11,4,2,0.182
FC1C_b,PFNa,11,-1,4,0.364
FC1C_b,PFNa,11,0,6,0.545
FC1C_b,PFNa,11,1,1,0.091
FC,FC1C_a,11,-1,2,0.182
FC,FC1C_a,11,0,2,0.182
FC,FC1C_a,11,1,3,0.273
FC,FC1C_a,11,3,2,0.182
FC,FC1C_a,11,4,2,0.182
hDeltaJ,vDeltaI_a,11,1,2,0.182
hDeltaJ,vDeltaI_a,11,2,3,0.273
hDeltaJ,vDeltaI_a,11,3,3,0.273
hDeltaJ,vDeltaI_a,11,4,3,0.273
FC1D,PFNd,11,-1,3,0.273
FC1D,PFNd,11,0,8,0.727
FC3_c,PFL2,11,-1,2,0.182
FC3_c,PFL2,11,0,8,0.727
FC3_c,PFL2,11,1,1,0.091
FC1D,vDeltaI_a,11,-1,4,0.364
FC1D,vDeltaI_a,11,0,6,0.545
FC1D,vDeltaI_a,11,1,1,0.091
vDeltaG,PFGs,11,-1,4,0.364
vDeltaG,PFGs,11,0,5,0.455
vDeltaG,PFGs,11,1,2,0.182
PFR_a,FC1E,11,-1,2,0.182
PFR_a,FC1E,11,0,6,0.545
PFR_a,FC1E,11,1,3,0.273
vDeltaF,vDeltaH,11,-2,2,0.182
vDeltaF,vDeltaH,11,0,7,0.636
vDeltaF,vDeltaH,11,2,1,0.091
vDeltaF,vDeltaH,11,3,1,0.091
PFNv,FC2A,11,-1,1,0.091
PFNv,FC2A,11,0,9,0.818
PFNv,FC2A,11,1,1,0.091
vDeltaE,hDeltaF,11,-3,1,0.091
vDeltaE,hDeltaF,11,-2,3,0.273
vDeltaE,hDeltaF,11,-1,2,0.182
vDeltaE,hDeltaF,11,2,1,0.091
vDeltaE,hDeltaF,11,3,3,0.273
vDeltaE,hDeltaF,11,4,1,0.091
FS3_c,FC2C,11,-2,1,0.091
FS3_c,FC2C,11,-1,1,0.091
FS3_c,FC2C,11,0,4,0.364
FS3_c,FC2C,11,1,4,0.364
FS3_c,FC2C,11,3,1,0.091
vDeltaC,FS3_b,11,-2,1,0.091
vDeltaC,FS3_b,11,-1,2,0.182
vDeltaC,FS3_b,11,0,3,0.273
vDeltaC,FS3_b,11,1,4,0.364
vDeltaC,FS3_b,11,2,1,0.091
FS3_a,vDeltaD,11,-2,1,0.091
FS3_a,vDeltaD,11,-1,4,0.364
FS3_a,vDeltaD,11,0,4,0.364
FS3_a,vDeltaD,11,1,1,0.091
FS3_a,vDeltaD,11,2,1,0.091
hDeltaH,hDeltaB,11,-2,1,0.091
hDeltaH,hDeltaB,11,0,2,0.182
hDeltaH,hDeltaB,11,1,3,0.273
hDeltaH,hDeltaB,11,2,2,0.182
hDeltaH,hDeltaB,11,3,2,0.182
hDeltaH,hDeltaB,11,4,1,0.091
vDeltaA_a,vDeltaB,11,-1,1,0.091
vDeltaA_a,vDeltaB,11,0,7,0.636
vDeltaA_a,vDeltaB,11,1,3,0.273
PFNm_a,FS2,10,0,9,0.9
PFNm_a,FS2,10,1,1,0.1
hDeltaE,FS1A_c,10,-3,8,0.8
hDeltaE,FS1A_c,10,4,2,0.2
FC2B,FC1B,10,-1,1,0.1
FC2B,FC1B,10,0,9,0.9
hDeltaE,hDeltaK,10,2,5,0.5
hDeltaE,hDeltaK,10,4,5,0.5
FS1A_b,FC1C_a,10,-1,1,0.1
FS1A_b,FC1C_a,10,0,6,0.6
FS1A_b,FC1C_a,10,1,1,0.1
FS1A_b,FC1C_a,10,4,2,0.2
hDeltaG,hDeltaA,10,1,4,0.4
hDeltaG,hDeltaA,10,2,1,0.1
hDeltaG,hDeltaA,10,3,3,0.3
hDeltaG,hDeltaA,10,4,2,0.2
vDeltaI_b,PFR_a,10,-1,1,0.1
vDeltaI_b,PFR_a,10,0,7,0.7
vDeltaI_b,PFR_a,10,1,2,0.2
hDeltaF,PFL3,10,-3,1,0.1
hDeltaF,PFL3,10,-2,1,0.1
hDeltaF,PFL3,10,-1,5,0.5
hDeltaF,PFL3,10,4,3,0.3
FC1A,FS1A_a,10,-1,1,0.1
FC1A,FS1A_a,10,0,8,0.8
FC1A,FS1A_a,10,1,1,0.1
vDeltaK,FC2A,10,0,8,0.8
vDeltaK,FC2A,10,1,2,0.2
FC2A,FS3_d,10,-1,1,0.1
FC2A,FS3_d,10,0,7,0.7
FC2A,FS3_d,10,1,2,0.2
vDeltaA_a,hDeltaA,10,0,3,0.3
vDeltaA_a,hDeltaA,10,1,2,0.2
vDeltaA_a,hDeltaA,10,2,2,0.2
vDeltaA_a,hDeltaA,10,3,3,0.3
FC1C_b,FC2A,10,-3,2,0.2
FC1C_b,FC2A,10,-1,1,0.1
FC1C_b,FC2A,10,0,6,0.6
FC1C_b,FC2A,10,1,1,0.1
hDeltaL,PFL3,10,1,5,0.5
hDeltaL,PFL3,10,3,2,0.2
hDeltaL,PFL3,10,4,3,0.3
FC2B,PFGs,10,-1,1,0.1
FC2B,PFGs,10,0,8,0.8
FC2B,PFGs,10,1,1,0.1
FC3_c,FS1A_b,10,-1,3,0.3
FC3_c,FS1A_b,10,0,7,0.7
PFL3,PFR_a,10,-1,2,0.2
PFL3,PFR_a,10,0,7,0.7
PFL3,PFR_a,10,1,1,0.1
PFR_a,FS4C,10,-1,1,0.1
PFR_a,FS4C,10,0,8,0.8
PFR_a,FS4C,10,1,1,0.1
vDeltaM,FR1,10,-1,3,0.3
vDeltaM,FR1,10,0,3,0.3
vDeltaM,FR1,10,1,4,0.4
FC3_c,FR2,10,-1,1,0.1
FC3_c,FR2,10,0,6,0.6
FC3_c,FR2,10,1,3,0.3
hDeltaB,FR2,10,-3,1,0.1
hDeltaB,FR2,10,2,1,0.1
hDeltaB,FR2,10,3,4,0.4
hDeltaB,FR2,10,4,4,0.4
hDeltaI,FC1D,10,2,3,0.3
hDeltaI,FC1D,10,3,4,0.4
hDeltaI,FC1D,10,4,3,0.3
FS3_b,hDeltaL,10,-3,1,0.1
FS3_b,hDeltaL,10,-2,3,0.3
FS3_b,hDeltaL,10,0,1,0.1
FS3_b,hDeltaL,10,3,1,0.1
FS3_b,hDeltaL,10,4,4,0.4
vDeltaE,FS1B_b,10,-1,6,0.6
vDeltaE,FS1B_b,10,0,3,0.3
vDeltaE,FS1B_b,10,1,1,0.1
FC3_c,FS1A_a,10,-1,3,0.3
FC3_c,FS1A_a,10,0,7,0.7
FC3_c,hDeltaA,10,-1,2,0.2
FC3_c,hDeltaA,10,1,1,0.1
FC3_c,hDeltaA,10,2,2,0.2
FC3_c,hDeltaA,10,3,2,0.2
FC3_c,hDeltaA,10,4,3,0.3
FS2,FR1,10,-1,2,0.2
FS2,FR1,10,0,8,0.8
FC1C_b,hDeltaI,10,-2,3,0.3
FC1C_b,hDeltaI,10,-1,1,0.1
FC1C_b,hDeltaI,10,0,2,0.2
FC1C_b,hDeltaI,10,2,1,0.1
FC1C_b,hDeltaI,10,3,3,0.3
PFNa,FS1B_b,10,-1,4,0.4
PFNa,FS1B_b,10,0,4,0.4
PFNa,FS1B_b,10,1,2,0.2
FS2,PFL2,10,-1,1,0.1
FS2,PFL2,10,0,6,0.6
FS2,PFL2,10,1,3,0.3
FC1B,FS4B,10,-1,1,0.1
FC1B,FS4B,10,0,7,0.7
FC1B,FS4B,10,1,2,0.2
hDeltaM,FC3_b,10,-3,5,0.5
hDeltaM,FC3_b,10,4,5,0.5
PFNa,FC2A,10,0,10,1.0
PFNm_a,vDeltaL,10,-1,1,0.1
PFNm_a,vDeltaL,10,0,9,0.9
hDeltaH,vDeltaJ,10,-3,1,0.1
hDeltaH,vDeltaJ,10,3,3,0.3
hDeltaH,vDeltaJ,10,4,6,0.6
vDeltaI_b,FC3_a,10,0,6,0.6
vDeltaI_b,FC3_a,10,1,4,0.4
FC1A,FC2B,10,-1,4,0.4
FC1A,FC2B,10,0,3,0.3
FC1A,FC2B,10,1,3,0.3
FC1C_a,FS1B_a,10,-1,2,0.2
FC1C_a,FS1B_a,10,0,7,0.7
FC1C_a,FS1B_a,10,1,1,0.1
PFR_b,PFL1,10,-1,5,0.5
PFR_b,PFL1,10,0,3,0.3
PFR_b,PFL1,10,1,2,0.2
PFL3,vDeltaK,10,-2,1,0.1
PFL3,vDeltaK,10,-1,4,0.4
PFL3,vDeltaK,10,0,1,0.1
PFL3,vDeltaK,10,1,4,0.4
FC3_b,FS4B,10,0,10,1.0
PFR_b,FS1B_a,10,-1,3,0.3
PFR_b,FS1B_a,10,0,4,0.4
PFR_b,FS1B_a,10,1,3,0.3
hDeltaJ,FC1B,10,-3,1,0.1
hDeltaJ,FC1B,10,-1,1,0.1
hDeltaJ,FC1B,10,2,2,0.2
hDeltaJ,FC1B,10,3,4,0.4
hDeltaJ,FC1B,10,4,2,0.2
hDeltaB,FC1B,10,1,3,0.3
hDeltaB,FC1B,10,2,1,0.1
hDeltaB,FC1B,10,4,6,0.6
hDeltaJ,FC1C_a,10,-3,1,0.1
hDeltaJ,FC1C_a,10,0,1,0.1
hDeltaJ,FC1C_a,10,1,3,0.3
hDeltaJ,FC1C_a,10,2,2,0.2
hDeltaJ,FC1C_a,10,3,2,0.2
hDeltaJ,FC1C_a,10,4,1,0.1
vDeltaI_a,hDeltaC,10,-2,3,0.3
vDeltaI_a,hDeltaC,10,0,1,0.1
vDeltaI_a,hDeltaC,10,1,3,0.3
vDeltaI_a,hDeltaC,10,2,2,0.2
vDeltaI_a,hDeltaC,10,3,1,0.1
vDeltaI_a,FC3_b,10,-1,4,0.4
vDeltaI_a,FC3_b,10,0,4,0.4
vDeltaI_a,FC3_b,10,1,2,0.2
FC1E,FC2B,10,-1,2,0.2
FC1E,FC2B,10,0,8,0.8
FC3_b,FR2,10,-1,4,0.4
FC3_b,FR2,10,0,6,0.6
PFGs,hDeltaI,10,-3,1,0.1
PFGs,hDeltaI,10,-1,1,0.1
PFGs,hDeltaI,10,0,2,0.2
PFGs,hDeltaI,10,1,1,0.1
PFGs,hDeltaI,10,2,1,0.1
PFGs,hDeltaI,10,3,2,0.2
PFGs,hDeltaI,10,4,2,0.2
PFR_a,FS3_d,10,-1,2,0.2
PFR_a,FS3_d,10,0,8,0.8
vDeltaE,FC3_b,10,-1,2,0.2
vDeltaE,FC3_b,10,0,4,0.4
vDeltaE,FC3_b,10,1,2,0.2
vDeltaE,FC3_b,10,2,2,0.2
PFR_b,FS1A_c,10,-1,2,0.2
PFR_b,FS1A_c,10,0,8,0.8
FS3_a,FS3_d,10,0,5,0.5
FS3_a,FS3_d,10,2,1,0.1
FS3_a,FS3_d,10,3,1,0.1
FS3_a,FS3_d,10,4,3,0.3
vDeltaA_a,hDeltaF,10,-3,1,0.1
vDeltaA_a,hDeltaF,10,-1,1,0.1
vDeltaA_a,hDeltaF,10,0,1,0.1
vDeltaA_a,hDeltaF,10,1,3,0.3
vDeltaA_a,hDeltaF,10,2,1,0.1
vDeltaA_a,hDeltaF,10,3,1,0.1
vDeltaA_a,hDeltaF,10,4,2,0.2
FS3_d,FS1B_b,10,-3,1,0.1
FS3_d,FS1B_b,10,-2,2,0.2
FS3_d,FS1B_b,10,-1,2,0.2
FS3_d,FS1B_b,10,0,1,0.1
FS3_d,FS1B_b,10,1,2,0.2
FS3_d,FS1B_b,10,4,2,0.2
hDeltaB,vDeltaC,9,3,9,1.0
FS1A_b,FS2,9,0,7,0.778
FS1A_b,FS2,9,1,1,0.111
FS1A_b,FS2,9,3,1,0.111
vDeltaI_b,vDeltaL,9,0,9,1.0
vDeltaK,FS1A_c,9,-1,2,0.222
vDeltaK,FS1A_c,9,0,5,0.556
vDeltaK,FS1A_c,9,1,2,0.222
vDeltaJ,FC2C,9,0,2,0.222
vDeltaJ,FC2C,9,1,7,0.778
PFGs,PFL2,9,-1,2,0.222
PFGs,PFL2,9,0,4,0.444
PFGs,PFL2,9,1,1,0.111
PFGs,PFL2,9,4,2,0.222
hDeltaG,hDeltaH,9,0,2,0.222
hDeltaG,hDeltaH,9,4,7,0.778
FC2A,FC3_a,9,-1,3,0.333
FC2A,FC3_a,9,0,3,0.333
FC2A,FC3_a,9,1,3,0.333
FR2,FR1,9,-3,1,0.111
FR2,FR1,9,0,1,0.111
FR2,FR1,9,1,2,0.222
FR2,FR1,9,2,4,0.444
FR2,FR1,9,3,1,0.111
FC2B,hDeltaB,9,-3,1,0.111
FC2B,hDeltaB,9,-1,1,0.111
FC2B,hDeltaB,9,1,4,0.444
FC2B,hDeltaB,9,2,3,0.333
PFNm_a,PFNv,9,-2,1,0.111
PFNm_a,PFNv,9,0,8,0.889
vDeltaE,FS4C,9,-1,1,0.111
vDeltaE,FS4C,9,0,5,0.556
vDeltaE,FS4C,9,1,3,0.333
FC3_b,vDeltaC,9,-2,1,0.111
FC3_b,vDeltaC,9,-1,1,0.111
FC3_b,vDeltaC,9,0,6,0.667
FC3_b,vDeltaC,9,1,1,0.111
vDeltaG,FC1C_a,9,-1,1,0.111
vDeltaG,FC1C_a,9,0,4,0.444
vDeltaG,FC1C_a,9,1,4,0.444
FS4B,hDeltaD,9,-1,1,0.111
FS4B,hDeltaD,9,0,3,0.333
FS4B,hDeltaD,9,1,3,0.333
FS4B,hDeltaD,9,4,2,0.222
PFR_b,vDeltaE,9,-2,1,0.111
PFR_b,vDeltaE,9,-1,2,0.222
PFR_b,vDeltaE,9,0,6,0.667
FC2C,PFNm_b,9,-1,9,1.0
FC1B,PFL3,9,-1,3,0.333
FC1B,PFL3,9,0,5,0.556
FC1B,PFL3,9,1,1,0.111
PFNa,hDeltaH,9,-1,6,0.667
PFNa,hDeltaH,9,0,3,0.333
hDeltaB,FC3_a,9,-3,1,0.111
hDeltaB,FC3_a,9,1,1,0.111
hDeltaB,FC3_a,9,2,4,0.444
hDeltaB,FC3_a,9,3,3,0.333
hDeltaI,hDeltaG,9,-2,1,0.111
hDeltaI,hDeltaG,9,0,1,0.111
hDeltaI,hDeltaG,9,2,1,0.111
hDeltaI,hDeltaG,9,3,3,0.333
hDeltaI,hDeltaG,9,4,3,0.333
hDeltaM,FC1C_a,9,-3,4,0.444
hDeltaM,FC1C_a,9,4,5,0.556
FS1B_b,FS3_d,9,-3,3,0.333
FS1B_b,FS3_d,9,0,3,0.333
FS1B_b,FS3_d,9,1,1,0.111
FS1B_b,FS3_d,9,3,2,0.222
FC3_c,FS4B,9,0,7,0.778
FC3_c,FS4B,9,1,2,0.222
PFNm_a,PFL3,9,-1,2,0.222
PFNm_a,PFL3,9,0,7,0.778
vDeltaI_b,hDeltaC,9,-3,1,0.111
vDeltaI_b,hDeltaC,9,-2,2,0.222
vDeltaI_b,hDeltaC,9,-1,1,0.111
vDeltaI_b,hDeltaC,9,1,1,0.111
vDeltaI_b,hDeltaC,9,2,1,0.111
vDeltaI_b,hDeltaC,9,3,2,0.222
vDeltaI_b,hDeltaC,9,4,1,0.111
FC1A,FS2,9,0,9,1.0
vDeltaG,FC1E,9,0,8,0.889
vDeltaG,FC1E,9,1,1,0.111
FS1B_a,FS1B_b,9,-2,3,0.333
FS1B_a,FS1B_b,9,-1,2,0.222
FS1B_a,FS1B_b,9,0,1,0.111
FS1B_a,FS1B_b,9,3,2,0.222
FS1B_a,FS1B_b,9,4,1,0.111
FC2C,PFL1,9,0,7,0.778
FC2C,PFL1,9,1,2,0.222
hDeltaB,FS1A_b,9,1,2,0.222
hDeltaB,FS1A_b,9,3,3,0.333
hDeltaB,FS1A_b,9,4,4,0.444
PFNv,hDeltaK,9,-1,3,0.333
PFNv,hDeltaK,9,0,1,0.111
PFNv,hDeltaK,9,1,2,0.222
PFNv,hDeltaK,9,2,1,0.111
PFNv,hDeltaK,9,3,1,0.111
PFNv,hDeltaK,9,4,1,0.111
vDeltaI_b,FC1C_b,9,0,6,0.667
vDeltaI_b,FC1C_b,9,1,3,0.333
FC2B,FC1F,9,-3,1,0.111
FC2B,FC1F,9,-1,1,0.111
FC2B,FC1F,9,0,6,0.667
FC2B,FC1F,9,1,1,0.111
FC1C_a,FC2A,9,-3,1,0.111
FC1C_a,FC2A,9,-1,1,0.111
FC1C_a,FC2A,9,0,5,0.556
FC1C_a,FC2A,9,1,1,0.111
FC1C_a,FC2A,9,2,1,0.111
vDeltaC,FS4C,9,-1,2,0.222
vDeltaC,FS4C,9,0,4,0.444
vDeltaC,FS4C,9,1,3,0.333
FC1E,vDeltaF,9,-1,1,0.111
FC1E,vDeltaF,9,0,7,0.778
FC1E,vDeltaF,9,2,1,0.111
FC1E,FR1,9,0,6,0.667
FC1E,FR1,9,1,3,0.333
PFGs,FS3_c,9,-1,2,0.222
PFGs,FS3_c,9,0,5,0.556
PFGs,FS3_c,9,1,2,0.222
FC1E,PFL3,9,-1,2,0.222
FC1E,PFL3,9,0,7,0.778
FC2C,hDeltaA,9,-3,1,0.111
FC2C,hDeltaA,9,-1,3,0.333
FC2C,hDeltaA,9,1,3,0.333
FC2C,hDeltaA,9,4,2,0.222
FC1D,PFL2,9,-1,2,0.222
FC1D,PFL2,9,0,5,0.556
FC1D,PFL2,9,1,2,0.222
FC1B,FS1A_a,9,-1,1,0.111
FC1B,FS1A_a,9,0,8,0.889
FC1C_a,FS1A_b,9,-2,2,0.222
FC1C_a,FS1A_b,9,-1,2,0.222
FC1C_a,FS1A_b,9,0,1,0.111
FC1C_a,FS1A_b,9,1,2,0.222
FC1C_a,FS1A_b,9,3,1,0.111
FC1C_a,FS1A_b,9,4,1,0.111
FC1D,vDeltaF,9,-1,2,0.222
FC1D,vDeltaF,9,0,4,0.444
FC1D,vDeltaF,9,1,3,0.333
FC3_a,PFL1,9,-1,3,0.333
FC3_a,PFL1,9,0,5,0.556
FC3_a,PFL1,9,1,1,0.111
hDeltaJ,FS3_b,9,-3,1,0.111
hDeltaJ,FS3_b,9,1,1,0.111
hDeltaJ,FS3_b,9,2,1,0.111
hDeltaJ,FS3_b,9,3,3,0.333
hDeltaJ,FS3_b,9,4,3,0.333
PFNd,PFL3,9,-2,3,0.333
PFNd,PFL3,9,0,3,0.333
PFNd,PFL3,9,1,3,0.333
PFNd,vDeltaA_a,9,-2,1,0.111
PFNd,vDeltaA_a,9,-1,1,0.111
PFNd,vDeltaA_a,9,0,2,0.222
PFNd,vDeltaA_a,9,1,5,0.556
hDeltaG,hDeltaB,9,-2,2,0.222
hDeltaG,hDeltaB,9,0,1,0.111
hDeltaG,hDeltaB,9,1,1,0.111
hDeltaG,hDeltaB,9,2,3,0.333
hDeltaG,hDeltaB,9,3,1,0.111
hDeltaG,hDeltaB,9,4,1,0.111
PFNd,FC2B,9,0,5,0.556
PFNd,FC2B,9,1,4,0.444
FC1E,hDeltaA,9,0,4,0.444
FC1E,hDeltaA,9,1,2,0.222
FC1E,hDeltaA,9,2,2,0.222
FC1E,hDeltaA,9,3,1,0.111
PFR_a,FC1F,9,-2,1,0.111
PFR_a,FC1F,9,-1,1,0.111
PFR_a,FC1F,9,0,6,0.667
PFR_a,FC1F,9,4,1,0.111
vDeltaH,FS2,9,-3,1,0.111
vDeltaH,FS2,9,-1,2,0.222
vDeltaH,FS2,9,0,5,0.556
vDeltaH,FS2,9,1,1,0.111
FC1C_b,hDeltaJ,9,-2,2,0.222
FC1C_b,hDeltaJ,9,1,2,0.222
FC1C_b,hDeltaJ,9,2,1,0.111
FC1C_b,hDeltaJ,9,3,4,0.444
PFR_b,PFNv,9,-3,2,0.222
PFR_b,PFNv,9,-1,1,0.111
PFR_b,PFNv,9,0,4,0.444
PFR_b,PFNv,9,1,2,0.222
FS3_c,FS3_d,9,-3,1,0.111
FS3_c,FS3_d,9,-2,1,0.111
FS3_c,FS3_d,9,0,4,0.444
FS3_c,FS3_d,9,1,2,0.222
FS3_c,FS3_d,9,4,1,0.111
hDeltaE,hDeltaC,8,-2,1,0.125
hDeltaE,hDeltaC,8,-1,5,0.625
hDeltaE,hDeltaC,8,2,1,0.125
hDeltaE,hDeltaC,8,3,1,0.125
FC3_b,FS4A,8,0,8,1.0
FS1B_a,PFL3,8,1,6,0.75
FS1B_a,PFL3,8,2,2,0.25
hDeltaH,FC1C_a,8,0,5,0.625
hDeltaH,FC1C_a,8,4,3,0.375
PFNv,hDeltaH,8,-1,2,0.25
PFNv,hDeltaH,8,0,6,0.75
hDeltaE,hDeltaG,8,-1,1,0.125
hDeltaE,hDeltaG,8,0,5,0.625
hDeltaE,hDeltaG,8,4,2,0.25
FS1B_a,hDeltaH,8,-3,1,0.125
FS1B_a,hDeltaH,8,0,4,0.5
FS1B_a,hDeltaH,8,1,3,0.375
FC1C_b,FS3_b,8,0,8,1.0
vDeltaJ,FS1B_a,8,-1,1,0.125
vDeltaJ,FS1B_a,8,0,6,0.75
vDeltaJ,FS1B_a,8,1,1,0.125
FC2B,FC1E,8,-3,1,0.125
FC2B,FC1E,8,-1,1,0.125
FC2B,FC1E,8,0,6,0.75
PFNv,PFL2,8,-3,3,0.375
PFNv,PFL2,8,0,4,0.5
PFNv,PFL2,8,1,1,0.125
hDeltaJ,FC1D,8,-1,4,0.5
hDeltaJ,FC1D,8,1,1,0.125
hDeltaJ,FC1D,8,4,3,0.375
FC1A,FS1A_b,8,0,8,1.0
FS3_b,FS1A_c,8,-3,2,0.25
FS3_b,FS1A_c,8,0,2,0.25
FS3_b,FS1A_c,8,3,4,0.5
FC1C_a,FS3_d,8,0,8,1.0
FS4A,FS3_a,8,0,7,0.875
FS4A,FS3_a,8,1,1,0.125
PFL3,vDeltaJ,8,-1,5,0.625
PFL3,vDeltaJ,8,0,1,0.125
PFL3,vDeltaJ,8,1,2,0.25
hDeltaM,hDeltaB,8,-1,1,0.125
hDeltaM,hDeltaB,8,2,5,0.625
hDeltaM,hDeltaB,8,3,1,0.125
hDeltaM,hDeltaB,8,4,1,0.125
FS1B_a,hDeltaG,8,-2,1,0.125
FS1B_a,hDeltaG,8,0,2,0.25
FS1B_a,hDeltaG,8,1,5,0.625
vDeltaB,FS4C,8,-1,3,0.375
vDeltaB,FS4C,8,0,5,0.625
FC2A,FC,8,-1,3,0.375
FC2A,FC,8,0,1,0.125
FC2A,FC,8,1,4,0.5
FC1C_b,PFGs,8,0,8,1.0
FS2,FC1B,8,0,8,1.0
PFNm_a,PFNd,8,-1,5,0.625
PFNm_a,PFNd,8,0,3,0.375
vDeltaL,hDeltaJ,8,-2,1,0.125
vDeltaL,hDeltaJ,8,-1,3,0.375
vDeltaL,hDeltaJ,8,1,3,0.375
vDeltaL,hDeltaJ,8,4,1,0.125
vDeltaM,FS1A_a,8,0,2,0.25
vDeltaM,FS1A_a,8,1,6,0.75
FC1F,FS3_d,8,-2,1,0.125
FC1F,FS3_d,8,0,6,0.75
FC1F,FS3_d,8,1,1,0.125
FS3_b,FS1A_b,8,-3,1,0.125
FS3_b,FS1A_b,8,-1,2,0.25
FS3_b,FS1A_b,8,0,5,0.625
hDeltaM,PFL1,8,-3,1,0.125
hDeltaM,PFL1,8,-2,3,0.375
hDeltaM,PFL1,8,4,4,0.5
hDeltaG,hDeltaF,8,-1,3,0.375
hDeltaG,hDeltaF,8,2,1,0.125
hDeltaG,hDeltaF,8,4,4,0.5
PFL3,FC2C,8,0,3,0.375
PFL3,FC2C,8,1,1,0.125
PFL3,FC2C,8,3,3,0.375
PFL3,FC2C,8,4,1,0.125
FC3_a,PFNa,8,-1,2,0.25
FC3_a,PFNa,8,0,4,0.5
FC3_a,PFNa,8,1,2,0.25
vDeltaE,PFR_a,8,-1,3,0.375
vDeltaE,PFR_a,8,0,3,0.375
vDeltaE,PFR_a,8,1,1,0.125
vDeltaE,PFR_a,8,2,1,0.125
FS4A,FC2C,8,-1,3,0.375
FS4A,FC2C,8,0,3,0.375
FS4A,FC2C,8,1,1,0.125
FS4A,FC2C,8,4,1,0.125
FC1A,PFNv,8,-1,2,0.25
FC1A,PFNv,8,0,5,0.625
FC1A,PFNv,8,1,1,0.125
vDeltaM,hDeltaK,8,-2,1,0.125
vDeltaM,hDeltaK,8,1,3,0.375
vDeltaM,hDeltaK,8,3,2,0.25
vDeltaM,hDeltaK,8,4,2,0.25
vDeltaM,hDeltaJ,8,-3,2,0.25
vDeltaM,hDeltaJ,8,-2,1,0.125
vDeltaM,hDeltaJ,8,-1,3,0.375
vDeltaM,hDeltaJ,8,4,2,0.25
FS3_a,PFGs,8,-1,1,0.125
FS3_a,PFGs,8,0,6,0.75
FS3_a,PFGs,8,1,1,0.125
vDeltaJ,vDeltaH,8,-1,1,0.125
vDeltaJ,vDeltaH,8,0,5,0.625
vDeltaJ,vDeltaH,8,1,2,0.25
vDeltaI_b,PFGs,8,-1,1,0.125
vDeltaI_b,PFGs,8,0,7,0.875
vDeltaC,FS3_d,8,-1,3,0.375
vDeltaC,FS3_d,8,0,1,0.125
vDeltaC,FS3_d,8,1,4,0.5
vDeltaG,FS1B_b,8,-1,1,0.125
vDeltaG,FS1B_b,8,0,6,0.75
vDeltaG,FS1B_b,8,1,1,0.125
PFNm_b,FS2,8,-1,2,0.25
PFNm_b,FS2,8,0,1,0.125
PFNm_b,FS2,8,1,5,0.625
FC1E,hDeltaG,8,-1,2,0.25
FC1E,hDeltaG,8,0,4,0.5
FC1E,hDeltaG,8,3,2,0.25
hDeltaC,FS4C,8,2,2,0.25
hDeltaC,FS4C,8,3,1,0.125
hDeltaC,FS4C,8,4,5,0.625
hDeltaI,FS3_a,8,1,1,0.125
hDeltaI,FS3_a,8,2,3,0.375
hDeltaI,FS3_a,8,3,3,0.375
hDeltaI,FS3_a,8,4,1,0.125
hDeltaM,vDeltaJ,8,-3,1,0.125
hDeltaM,vDeltaJ,8,-2,2,0.25
hDeltaM,vDeltaJ,8,3,2,0.25
hDeltaM,vDeltaJ,8,4,3,0.375
vDeltaI_a,FC1D,8,0,5,0.625
vDeltaI_a,FC1D,8,1,3,0.375
FS1A_b,FC2B,8,-3,2,0.25
FS1A_b,FC2B,8,-2,3,0.375
FS1A_b,FC2B,8,-1,1,0.125
FS1A_b,FC2B,8,1,1,0.125
FS1A_b,FC2B,8,4,1,0.125
FC2B,FS3_b,8,0,7,0.875
FC2B,FS3_b,8,1,1,0.125
FC1C_a,FS1B_b,8,0,8,1.0
vDeltaH,FS1B_a,8,-1,2,0.25
vDeltaH,FS1B_a,8,0,4,0.5
vDeltaH,FS1B_a,8,1,2,0.25
PFNv,FS3_b,8,-1,3,0.375
PFNv,FS3_b,8,0,5,0.625
FC1C_b,hDeltaG,8,-1,3,0.375
FC1C_b,hDeltaG,8,0,5,0.625
PFNd,FS3_b,8,-1,1,0.125
PFNd,FS3_b,8,0,3,0.375
PFNd,FS3_b,8,1,3,0.375
PFNd,FS3_b,8,2,1,0.125
PFNa,FS3_a,8,-1,1,0.125
PFNa,FS3_a,8,0,4,0.5
PFNa,FS3_a,8,1,3,0.375
hDeltaJ,hDeltaL,8,-3,2,0.25
hDeltaJ,hDeltaL,8,-2,2,0.25
hDeltaJ,hDeltaL,8,1,1,0.125
hDeltaJ,hDeltaL,8,2,3,0.375
FC1C_a,hDeltaA,8,-3,1,0.125
FC1C_a,hDeltaA,8,-2,1,0.125
FC1C_a,hDeltaA,8,0,2,0.25
FC1C_a,hDeltaA,8,1,1,0.125
FC1C_a,hDeltaA,8,2,1,0.125
FC1C_a,hDeltaA,8,3,2,0.25
FC1C_b,FS1B_a,8,-1,2,0.25
FC1C_b,FS1B_a,8,0,4,0.5
FC1C_b,FS1B_a,8,1,1,0.125
FC1C_b,FS1B_a,8,4,1,0.125
FC1B,FS3_a,8,0,8,1.0
hDeltaJ,PFL1,8,-3,1,0.125
hDeltaJ,PFL1,8,-2,1,0.125
hDeltaJ,PFL1,8,-1,2,0.25
hDeltaJ,PFL1,8,1,1,0.125
hDeltaJ,PFL1,8,4,3,0.375
FC2A,FS4C,8,0,8,1.0
hDeltaK,FS3_a,8,0,2,0.25
hDeltaK,FS3_a,8,2,1,0.125
hDeltaK,FS3_a,8,3,4,0.5
hDeltaK,FS3_a,8,4,1,0.125
PFNv,hDeltaI,8,1,5,0.625
PFNv,hDeltaI,8,2,2,0.25
PFNv,hDeltaI,8,3,1,0.125
FC3_a,FS1A_b,8,0,5,0.625
FC3_a,FS1A_b,8,1,3,0.375
PFNa,FC2B,8,0,7,0.875
PFNa,FC2B,8,1,1,0.125
PFNa,FS3_d,8,-1,2,0.25
PFNa,FS3_d,8,0,6,0.75
FC1F,hDeltaA,8,-2,1,0.125
FC1F,hDeltaA,8,-1,3,0.375
FC1F,hDeltaA,8,1,1,0.125
FC1F,hDeltaA,8,2,1,0.125
FC1F,hDeltaA,8,3,1,0.125
FC1F,hDeltaA,8,4,1,0.125
FC1B,FS1A_b,8,-1,4,0.5
FC1B,FS1A_b,8,0,3,0.375
FC1B,FS1A_b,8,1,1,0.125
hDeltaA,FC2C,8,-1,1,0.125
hDeltaA,FC2C,8,1,5,0.625
hDeltaA,FC2C,8,2,2,0.25
hDeltaB,FC1A,8,1,2,0.25
hDeltaB,FC1A,8,2,3,0.375
hDeltaB,FC1A,8,3,2,0.25
hDeltaB,FC1A,8,4,1,0.125
FC2C,FC1A,8,-1,3,0.375
FC2C,FC1A,8,0,5,0.625
hDeltaK,FC3_a,8,-3,1,0.125
hDeltaK,FC3_a,8,1,2,0.25
hDeltaK,FC3_a,8,2,1,0.125
hDeltaK,FC3_a,8,3,3,0.375
hDeltaK,FC3_a,8,4,1,0.125
PFNa,PFNm_a,8,-2,1,0.125
PFNa,PFNm_a,8,0,6,0.75
PFNa,PFNm_a,8,4,1,0.125
FC2C,hDeltaB,8,-1,2,0.25
FC2C,hDeltaB,8,0,3,0.375
FC2C,hDeltaB,8,1,1,0.125
FC2C,hDeltaB,8,2,1,0.125
FC2C,hDeltaB,8,3,1,0.125
FS2,FS1A_c,8,-3,1,0.125
FS2,FS1A_c,8,-2,2,0.25
FS2,FS1A_c,8,0,2,0.25
FS2,FS1A_c,8,1,3,0.375
FC2C,PFR_a,8,-1,2,0.25
FC2C,PFR_a,8,0,5,0.625
FC2C,PFR_a,8,1,1,0.125
vDeltaH,PFR_a,8,-1,2,0.25
vDeltaH,PFR_a,8,0,3,0.375
vDeltaH,PFR_a,8,1,2,0.25
vDeltaH,PFR_a,8,2,1,0.125
PFGs,PFNv,8,-1,2,0.25
PFGs,PFNv,8,0,4,0.5
PFGs,PFNv,8,1,2,0.25
FS2,hDeltaK,8,-3,1,0.125
FS2,hDeltaK,8,-1,1,0.125
FS2,hDeltaK,8,1,1,0.125
FS2,hDeltaK,8,2,3,0.375
FS2,hDeltaK,8,4,2,0.25
vDeltaI_a,FS1B_a,8,-1,2,0.25
vDeltaI_a,FS1B_a,8,0,3,0.375
vDeltaI_a,FS1B_a,8,1,2,0.25
vDeltaI_a,FS1B_a,8,2,1,0.125
hDeltaI,FS4B,8,-3,1,0.125
hDeltaI,FS4B,8,2,1,0.125
hDeltaI,FS4B,8,3,3,0.375
hDeltaI,FS4B,8,4,3,0.375
vDeltaD,FS3_d,8,-1,1,0.125
vDeltaD,FS3_d,8,0,6,0.75
vDeltaD,FS3_d,8,1,1,0.125
PFGs,PFL3,8,-2,2,0.25
PFGs,PFL3,8,-1,1,0.125
PFGs,PFL3,8,0,4,0.5
PFGs,PFL3,8,2,1,0.125
FS2,PFL3,8,-1,2,0.25
FS2,PFL3,8,0,4,0.5
FS2,PFL3,8,1,2,0.25
FS1A_a,vDeltaI_b,7,0,7,1.0
FS1A_a,hDeltaA,7,2,7,1.0
hDeltaE,vDeltaE,7,4,7,1.0
FC2A,vDeltaE,7,0,7,1.0
vDeltaG,vDeltaM,7,0,7,1.0
hDeltaL,PFL2,7,2,1,0.143
hDeltaL,PFL2,7,3,1,0.143
hDeltaL,PFL2,7,4,5,0.714
vDeltaI_a,FC,7,0,7,1.0
vDeltaI_b,FC1E,7,0,6,0.857
vDeltaI_b,FC1E,7,1,1,0.143
hDeltaJ,vDeltaK,7,1,7,1.0
FC3_b,FS3_a,7,0,7,1.0
PFNm_a,hDeltaE,7,-1,7,1.0
hDeltaC,FS1B_a,7,-3,3,0.429
hDeltaC,FS1B_a,7,1,2,0.286
hDeltaC,FS1B_a,7,2,2,0.286
hDeltaB,FS1A_c,7,1,3,0.429
hDeltaB,FS1A_c,7,3,1,0.143
hDeltaB,FS1A_c,7,4,3,0.429
hDeltaF,PFL2,7,-3,3,0.429
hDeltaF,PFL2,7,4,4,0.571
FS3_c,PFGs,7,-1,3,0.429
FS3_c,PFGs,7,0,2,0.286
FS3_c,PFGs,7,1,2,0.286
PFNm_b,vDeltaH,7,0,7,1.0
FS1A_b,FC1E,7,0,7,1.0
FS2,hDeltaM,7,-1,2,0.286
FS2,hDeltaM,7,3,2,0.286
FS2,hDeltaM,7,4,3,0.429
FS3_b,hDeltaG,7,0,3,0.429
FS3_b,hDeltaG,7,4,4,0.571
vDeltaM,FC2A,7,-1,3,0.429
vDeltaM,FC2A,7,0,2,0.286
vDeltaM,FC2A,7,1,1,0.143
vDeltaM,FC2A,7,2,1,0.143
PFNd,vDeltaI_a,7,0,6,0.857
PFNd,vDeltaI_a,7,1,1,0.143
FC2A,vDeltaH,7,-1,2,0.286
FC2A,vDeltaH,7,1,5,0.714
hDeltaA,vDeltaE,7,1,2,0.286
hDeltaA,vDeltaE,7,2,2,0.286
hDeltaA,vDeltaE,7,3,3,0.429
hDeltaK,PFNd,7,0,1,0.143
hDeltaK,PFNd,7,2,2,0.286
hDeltaK,PFNd,7,4,4,0.571
vDeltaK,hDeltaC,7,-1,5,0.714
vDeltaK,hDeltaC,7,3,1,0.143
vDeltaK,hDeltaC,7,4,1,0.143
PFNd,PFL1,7,-1,1,0.143
PFNd,PFL1,7,0,2,0.286
PFNd,PFL1,7,1,4,0.571
PFR_b,FC1F,7,-1,4,0.571
PFR_b,FC1F,7,0,3,0.429
hDeltaB,FC1E,7,1,1,0.143
hDeltaB,FC1E,7,2,1,0.143
hDeltaB,FC1E,7,3,1,0.143
hDeltaB,FC1E,7,4,4,0.571
FC2C,PFNm_a,7,-1,1,0.143
FC2C,PFNm_a,7,0,2,0.286
FC2C,PFNm_a,7,1,4,0.571
FS3_c,FS4A,7,-3,1,0.143
FS3_c,FS4A,7,-2,2,0.286
FS3_c,FS4A,7,0,2,0.286
FS3_c,FS4A,7,1,1,0.143
FS3_c,FS4A,7,3,1,0.143
vDeltaK,FC2C,7,-1,1,0.143
vDeltaK,FC2C,7,0,4,0.571
vDeltaK,FC2C,7,1,2,0.286
vDeltaI_a,hDeltaJ,7,-3,1,0.143
vDeltaI_a,hDeltaJ,7,-2,1,0.143
vDeltaI_a,hDeltaJ,7,-1,2,0.286
vDeltaI_a,hDeltaJ,7,1,1,0.143
vDeltaI_a,hDeltaJ,7,3,1,0.143
vDeltaI_a,hDeltaJ,7,4,1,0.143
vDeltaI_a,PFGs,7,-1,2,0.286
vDeltaI_a,PFGs,7,0,4,0.571
vDeltaI_a,PFGs,7,1,1,0.143
FC1E,PFL2,7,0,6,0.857
FC1E,PFL2,7,1,1,0.143
vDeltaJ,PFR_a,7,-1,1,0.143
vDeltaJ,PFR_a,7,0,4,0.571
vDeltaJ,PFR_a,7,1,2,0.286
FC1C_a,PFNa,7,0,4,0.571
FC1C_a,PFNa,7,1,3,0.429
FC1C_a,PFNd,7,-1,6,0.857
FC1C_a,PFNd,7,0,1,0.143
FC1C_b,FR1,7,-1,1,0.143
FC1C_b,FR1,7,0,3,0.429
FC1C_b,FR1,7,1,3,0.429
FS1B_a,vDeltaG,7,0,4,0.571
FS1B_a,vDeltaG,7,1,3,0.429
vDeltaG,FC1C_b,7,-1,2,0.286
vDeltaG,FC1C_b,7,0,5,0.714
hDeltaI,FS3_c,7,-3,1,0.143
hDeltaI,FS3_c,7,1,4,0.571
hDeltaI,FS3_c,7,2,1,0.143
hDeltaI,FS3_c,7,3,1,0.143
FC1F,FS1A_b,7,0,6,0.857
FC1F,FS1A_b,7,2,1,0.143
vDeltaH,FC2C,7,-1,1,0.143
vDeltaH,FC2C,7,0,3,0.429
vDeltaH,FC2C,7,1,2,0.286
vDeltaH,FC2C,7,2,1,0.143
PFNm_b,vDeltaK,7,-1,4,0.571
PFNm_b,vDeltaK,7,0,3,0.429
hDeltaH,FS4C,7,-3,4,0.571
hDeltaH,FS4C,7,4,3,0.429
vDeltaH,FS1A_c,7,-1,2,0.286
vDeltaH,FS1A_c,7,0,3,0.429
vDeltaH,FS1A_c,7,1,2,0.286
FS1A_c,FC2B,7,-3,1,0.143
FS1A_c,FC2B,7,-2,3,0.429
FS1A_c,FC2B,7,0,2,0.286
FS1A_c,FC2B,7,1,1,0.143
PFNm_b,vDeltaA_a,7,-1,1,0.143
PFNm_b,vDeltaA_a,7,0,6,0.857
FC2B,PFL1,7,0,6,0.857
FC2B,PFL1,7,2,1,0.143
hDeltaA,FS4A,7,1,2,0.286
hDeltaA,FS4A,7,2,2,0.286
hDeltaA,FS4A,7,3,1,0.143
hDeltaA,FS4A,7,4,2,0.286
FC1C_a,FC3_b,7,-3,1,0.143
FC1C_a,FC3_b,7,-1,2,0.286
FC1C_a,FC3_b,7,0,4,0.571
hDeltaJ,FS4A,7,2,1,0.143
hDeltaJ,FS4A,7,3,6,0.857
FS3_c,hDeltaG,7,-1,1,0.143
FS3_c,hDeltaG,7,0,3,0.429
FS3_c,hDeltaG,7,3,2,0.286
FS3_c,hDeltaG,7,4,1,0.143
PFNd,FC1D,7,0,5,0.714
PFNd,FC1D,7,1,2,0.286
FC3_b,FS3_b,7,0,5,0.714
FC3_b,FS3_b,7,1,2,0.286
hDeltaC,PFR_b,7,-2,1,0.143
hDeltaC,PFR_b,7,1,2,0.286
hDeltaC,PFR_b,7,3,1,0.143
hDeltaC,PFR_b,7,4,3,0.429
FC3_a,FS1A_a,7,-1,3,0.429
FC3_a,FS1A_a,7,0,4,0.571
FC3_b,PFL2,7,-3,1,0.143
FC3_b,PFL2,7,-1,2,0.286
FC3_b,PFL2,7,0,3,0.429
FC3_b,PFL2,7,1,1,0.143
FC3_a,FS3_b,7,-2,1,0.143
FC3_a,FS3_b,7,-1,1,0.143
FC3_a,FS3_b,7,0,4,0.571
FC3_a,FS3_b,7,1,1,0.143
PFNd,hDeltaM,7,0,7,1.0
FC1A,PFNd,7,-1,3,0.429
FC1A,PFNd,7,0,4,0.571
FC3_a,FS4A,7,0,7,1.0
FC2B,FC1C_a,7,-1,2,0.286
FC2B,FC1C_a,7,0,4,0.571
FC2B,FC1C_a,7,1,1,0.143
FC1E,PFNd,7,-1,3,0.429
FC1E,PFNd,7,0,3,0.429
FC1E,PFNd,7,1,1,0.143
FC2C,PFNv,7,-1,4,0.571
FC2C,PFNv,7,0,3,0.429
FC1D,FS1A_a,7,0,4,0.571
FC1D,FS1A_a,7,1,3,0.429
hDeltaJ,vDeltaM,7,-3,1,0.143
hDeltaJ,vDeltaM,7,0,1,0.143
hDeltaJ,vDeltaM,7,2,1,0.143
hDeltaJ,vDeltaM,7,3,4,0.571
hDeltaE,vDeltaA_b,7,-3,3,0.429
hDeltaE,vDeltaA_b,7,2,1,0.143
hDeltaE,vDeltaA_b,7,4,3,0.429
PFNm_b,PFNv,7,-1,2,0.286
PFNm_b,PFNv,7,0,4,0.571
PFNm_b,PFNv,7,1,1,0.143
vDeltaI_a,FS2,7,-1,2,0.286
vDeltaI_a,FS2,7,0,3,0.429
vDeltaI_a,FS2,7,1,2,0.286
FC1C_b,FC2B,7,-3,2,0.286
FC1C_b,FC2B,7,-2,1,0.143
FC1C_b,FC2B,7,-1,1,0.143
FC1C_b,FC2B,7,0,3,0.429
PFNa,vDeltaD,7,-1,2,0.286
PFNa,vDeltaD,7,0,5,0.714
FS1B_a,FS3_d,7,-3,1,0.143
FS1B_a,FS3_d,7,-2,1,0.143
FS1B_a,FS3_d,7,-1,2,0.286
FS1B_a,FS3_d,7,0,1,0.143
FS1B_a,FS3_d,7,2,2,0.286
vDeltaH,vDeltaF,7,-1,1,0.143
vDeltaH,vDeltaF,7,0,3,0.429
vDeltaH,vDeltaF,7,1,2,0.286
vDeltaH,vDeltaF,7,2,1,0.143
FS2,PFNd,7,-1,6,0.857
FS2,PFNd,7,0,1,0.143
vDeltaD,FS1B_b,7,-1,2,0.286
vDeltaD,FS1B_b,7,0,5,0.714
FC2C,vDeltaH,7,-1,1,0.143
FC2C,vDeltaH,7,0,5,0.714
FC2C,vDeltaH,7,1,1,0.143
vDeltaI_b,FS1A_a,7,-1,3,0.429
vDeltaI_b,FS1A_a,7,0,3,0.429
vDeltaI_b,FS1A_a,7,1,1,0.143
FS1B_a,FC2C,7,-3,1,0.143
FS1B_a,FC2C,7,0,3,0.429
FS1B_a,FC2C,7,1,2,0.286
FS1B_a,FC2C,7,3,1,0.143
FS3_c,FS1A_b,7,-1,1,0.143
FS3_c,FS1A_b,7,0,3,0.429
FS3_c,FS1A_b,7,1,2,0.286
FS3_c,FS1A_b,7,4,1,0.143
vDeltaA_a,PFL3,7,-1,3,0.429
vDeltaA_a,PFL3,7,0,4,0.571
vDeltaA_a,vDeltaC,7,0,5,0.714
vDeltaA_a,vDeltaC,7,1,2,0.286
hDeltaI,FC1A,6,-3,1,0.167
hDeltaI,FC1A,6,1,1,0.167
hDeltaI,FC1A,6,2,4,0.667
PFL1,hDeltaC,6,1,5,0.833
PFL1,hDeltaC,6,4,1,0.167
vDeltaI_b,vDeltaD,6,0,6,1.0
hDeltaF,hDeltaM,6,-3,5,0.833
hDeltaF,hDeltaM,6,4,1,0.167
PFL1,FC2A,6,-2,3,0.5
PFL1,FC2A,6,2,3,0.5
FC1A,vDeltaI_b,6,0,6,1.0
FC1D,vDeltaE,6,-2,1,0.167
FC1D,vDeltaE,6,0,5,0.833
PFR_a,FS3_a,6,0,5,0.833
PFR_a,FS3_a,6,1,1,0.167
hDeltaC,hDeltaB,6,0,5,0.833
hDeltaC,hDeltaB,6,2,1,0.167
hDeltaB,hDeltaF,6,-1,3,0.5
hDeltaB,hDeltaF,6,0,2,0.333
hDeltaB,hDeltaF,6,1,1,0.167
PFL1,PFNv,6,-1,1,0.167
PFL1,PFNv,6,0,1,0.167
PFL1,PFNv,6,2,4,0.667
PFL2,hDeltaM,6,0,2,0.333
PFL2,hDeltaM,6,3,2,0.333
PFL2,hDeltaM,6,4,2,0.333
FC3_b,FS1A_b,6,0,6,1.0
FS3_d,FS1A_c,6,0,3,0.5
FS3_d,FS1A_c,6,4,3,0.5
FS1A_c,FC1C_b,6,-3,2,0.333
FS1A_c,FC1C_b,6,0,4,0.667
FC2A,PFNd,6,-1,3,0.5
FC2A,PFNd,6,0,3,0.5
FC2A,vDeltaJ,6,-1,3,0.5
FC2A,vDeltaJ,6,0,3,0.5
FS3_d,FS3_a,6,-3,2,0.333
FS3_d,FS3_a,6,-2,1,0.167
FS3_d,FS3_a,6,-1,1,0.167
FS3_d,FS3_a,6,2,1,0.167
FS3_d,FS3_a,6,4,1,0.167
vDeltaA_a,PFGs,6,0,6,1.0
hDeltaJ,FC,6,1,3,0.5
hDeltaJ,FC,6,2,3,0.5
vDeltaA_b,hDeltaL,6,-1,1,0.167
vDeltaA_b,hDeltaL,6,1,1,0.167
vDeltaA_b,hDeltaL,6,2,3,0.5
vDeltaA_b,hDeltaL,6,4,1,0.167
vDeltaB,FS4B,6,-1,3,0.5
vDeltaB,FS4B,6,0,3,0.5
PFGs,FS3_b,6,-1,5,0.833
PFGs,FS3_b,6,0,1,0.167
vDeltaE,FS3_d,6,-1,1,0.167
vDeltaE,FS3_d,6,0,3,0.5
vDeltaE,FS3_d,6,1,2,0.333
FS3_c,FS4C,6,0,3,0.5
FS3_c,FS4C,6,1,1,0.167
FS3_c,FS4C,6,2,2,0.333
FC,FS1B_a,6,-3,1,0.167
FC,FS1B_a,6,-2,2,0.333
FC,FS1B_a,6,0,2,0.333
FC,FS1B_a,6,1,1,0.167
FC1C_a,FS1A_a,6,0,5,0.833
FC1C_a,FS1A_a,6,3,1,0.167
FC1C_a,FC2B,6,-2,2,0.333
FC1C_a,FC2B,6,-1,1,0.167
FC1C_a,FC2B,6,0,3,0.5
FC2B,FS4B,6,0,6,1.0
FS3_c,FS1B_a,6,-2,1,0.167
FS3_c,FS1B_a,6,0,2,0.333
FS3_c,FS1B_a,6,4,3,0.5
vDeltaD,FC3_c,6,-1,1,0.167
vDeltaD,FC3_c,6,0,5,0.833
PFNm_b,vDeltaG,6,0,6,1.0
PFNa,FS1A_b,6,0,4,0.667
PFNa,FS1A_b,6,1,2,0.333
FC1B,hDeltaG,6,-1,4,0.667
FC1B,hDeltaG,6,0,2,0.333
FC1B,hDeltaA,6,-1,1,0.167
FC1B,hDeltaA,6,0,1,0.167
FC1B,hDeltaA,6,1,2,0.333
FC1B,hDeltaA,6,2,2,0.333
hDeltaM,hDeltaL,6,-2,2,0.333
hDeltaM,hDeltaL,6,0,1,0.167
hDeltaM,hDeltaL,6,1,1,0.167
hDeltaM,hDeltaL,6,3,1,0.167
hDeltaM,hDeltaL,6,4,1,0.167
FC1F,FS3_c,6,0,5,0.833
FC1F,FS3_c,6,1,1,0.167
FC1B,PFL2,6,-1,1,0.167
FC1B,PFL2,6,0,4,0.667
FC1B,PFL2,6,1,1,0.167
PFNm_a,hDeltaL,6,0,3,0.5
PFNm_a,hDeltaL,6,3,3,0.5
hDeltaK,FC3_b,6,1,1,0.167
hDeltaK,FC3_b,6,2,1,0.167
hDeltaK,FC3_b,6,4,4,0.667
PFNd,FC1B,6,0,3,0.5
PFNd,FC1B,6,1,3,0.5
FC3_c,vDeltaK,6,0,5,0.833
FC3_c,vDeltaK,6,1,1,0.167
PFNv,FR1,6,0,5,0.833
PFNv,FR1,6,1,1,0.167
PFNv,FS1B_b,6,-1,2,0.333
PFNv,FS1B_b,6,0,1,0.167
PFNv,FS1B_b,6,1,3,0.5
FC,FS4C,6,0,6,1.0
PFNd,FC1F,6,0,4,0.667
PFNd,FC1F,6,1,1,0.167
PFNd,FC1F,6,2,1,0.167
PFNa,FS3_b,6,-1,2,0.333
PFNa,FS3_b,6,0,3,0.5
PFNa,FS3_b,6,1,1,0.167
hDeltaA,FC1C_b,6,-3,1,0.167
hDeltaA,FC1C_b,6,2,4,0.667
hDeltaA,FC1C_b,6,4,1,0.167
PFNm_a,FS1A_a,6,-1,1,0.167
PFNm_a,FS1A_a,6,0,5,0.833
FC1B,PFGs,6,-1,1,0.167
FC1B,PFGs,6,0,5,0.833
hDeltaB,FC1D,6,1,1,0.167
hDeltaB,FC1D,6,2,3,0.5
hDeltaB,FC1D,6,3,2,0.333
hDeltaB,vDeltaA_a,6,2,4,0.667
hDeltaB,vDeltaA_a,6,3,2,0.333
hDeltaD,hDeltaL,6,-1,1,0.167
hDeltaD,hDeltaL,6,0,2,0.333
hDeltaD,hDeltaL,6,1,1,0.167
hDeltaD,hDeltaL,6,2,1,0.167
hDeltaD,hDeltaL,6,4,1,0.167
hDeltaC,FS4A,6,1,2,0.333
hDeltaC,FS4A,6,2,2,0.333
hDeltaC,FS4A,6,3,2,0.333
hDeltaI,FS3_b,6,2,1,0.167
hDeltaI,FS3_b,6,3,1,0.167
hDeltaI,FS3_b,6,4,4,0.667
FC1C_a,FS3_b,6,0,5,0.833
FC1C_a,FS3_b,6,1,1,0.167
PFNa,hDeltaB,6,-3,1,0.167
PFNa,hDeltaB,6,0,1,0.167
PFNa,hDeltaB,6,1,1,0.167
PFNa,hDeltaB,6,2,1,0.167
PFNa,hDeltaB,6,3,2,0.333
vDeltaH,hDeltaC,6,-1,2,0.333
vDeltaH,hDeltaC,6,0,1,0.167
vDeltaH,hDeltaC,6,2,1,0.167
vDeltaH,hDeltaC,6,3,1,0.167
vDeltaH,hDeltaC,6,4,1,0.167
FC1F,FS3_a,6,-2,1,0.167
FC1F,FS3_a,6,0,4,0.667
FC1F,FS3_a,6,1,1,0.167
hDeltaK,hDeltaJ,6,0,6,1.0
vDeltaG,hDeltaK,6,-2,3,0.5
vDeltaG,hDeltaK,6,-1,1,0.167
vDeltaG,hDeltaK,6,0,1,0.167
vDeltaG,hDeltaK,6,2,1,0.167
FC1F,PFL2,6,-3,1,0.167
FC1F,PFL2,6,-1,1,0.167
FC1F,PFL2,6,0,4,0.667
FC3_c,hDeltaF,6,-1,3,0.5
FC3_c,hDeltaF,6,0,1,0.167
FC3_c,hDeltaF,6,4,2,0.333
hDeltaL,vDeltaF,6,0,1,0.167
hDeltaL,vDeltaF,6,2,3,0.5
hDeltaL,vDeltaF,6,3,1,0.167
hDeltaL,vDeltaF,6,4,1,0.167
FC3_a,vDeltaB,6,-1,2,0.333
FC3_a,vDeltaB,6,0,3,0.5
FC3_a,vDeltaB,6,1,1,0.167
FC2C,vDeltaB,6,-2,2,0.333
FC2C,vDeltaB,6,0,4,0.667
hDeltaG,FC3_b,6,-3,4,0.667
hDeltaG,FC3_b,6,4,2,0.333
FC2A,vDeltaF,6,-2,1,0.167
FC2A,vDeltaF,6,-1,1,0.167
FC2A,vDeltaF,6,0,3,0.5
FC2A,vDeltaF,6,1,1,0.167
PFNd,FS4C,6,0,2,0.333
PFNd,FS4C,6,1,4,0.667
PFNv,PFL1,6,-2,2,0.333
PFNv,PFL1,6,0,1,0.167
PFNv,PFL1,6,1,1,0.167
PFNv,PFL1,6,2,2,0.333
PFNa,PFL2,6,0,5,0.833
PFNa,PFL2,6,1,1,0.167
FC3_a,FS3_d,6,-1,1,0.167
FC3_a,FS3_d,6,0,5,0.833
PFNd,FS1B_b,6,0,2,0.333
PFNd,FS1B_b,6,1,4,0.667
hDeltaB,FS1B_a,6,1,1,0.167
hDeltaB,FS1B_a,6,2,1,0.167
hDeltaB,FS1B_a,6,3,2,0.333
hDeltaB,FS1B_a,6,4,2,0.333
PFGs,FS3_a,6,-1,1,0.167
PFGs,FS3_a,6,0,4,0.667
PFGs,FS3_a,6,1,1,0.167
hDeltaK,hDeltaL,6,-2,1,0.167
hDeltaK,hDeltaL,6,-1,1,0.167
hDeltaK,hDeltaL,6,0,1,0.167
hDeltaK,hDeltaL,6,2,3,0.5
vDeltaI_b,hDeltaJ,6,-3,1,0.167
vDeltaI_b,hDeltaJ,6,-2,1,0.167
vDeltaI_b,hDeltaJ,6,3,3,0.5
vDeltaI_b,hDeltaJ,6,4,1,0.167
vDeltaC,hDeltaK,6,-3,2,0.333
vDeltaC,hDeltaK,6,-1,2,0.333
vDeltaC,hDeltaK,6,0,2,0.333
vDeltaH,FC3_b,6,-1,1,0.167
vDeltaH,FC3_b,6,0,2,0.333
vDeltaH,FC3_b,6,1,3,0.5
FR1,FC2C,6,-3,1,0.167
FR1,FC2C,6,-2,1,0.167
FR1,FC2C,6,-1,1,0.167
FR1,FC2C,6,0,1,0.167
FR1,FC2C,6,1,1,0.167
FR1,FC2C,6,3,1,0.167
FC1B,hDeltaB,6,-2,2,0.333
FC1B,hDeltaB,6,-1,1,0.167
FC1B,hDeltaB,6,0,1,0.167
FC1B,hDeltaB,6,3,1,0.167
FC1B,hDeltaB,6,4,1,0.167
vDeltaI_a,PFR_a,6,-1,1,0.167
vDeltaI_a,PFR_a,6,0,4,0.667
vDeltaI_a,PFR_a,6,1,1,0.167
PFR_b,FS3_c,6,0,6,1.0
vDeltaJ,hDeltaG,6,-1,1,0.167
vDeltaJ,hDeltaG,6,0,4,0.667
vDeltaJ,hDeltaG,6,1,1,0.167
vDeltaH,FC3_a,6,-1,1,0.167
vDeltaH,FC3_a,6,0,1,0.167
vDeltaH,FC3_a,6,1,3,0.5
vDeltaH,FC3_a,6,2,1,0.167
hDeltaB,FS1B_b,6,-3,1,0.167
hDeltaB,FS1B_b,6,1,2,0.333
hDeltaB,FS1B_b,6,2,1,0.167
hDeltaB,FS1B_b,6,3,1,0.167
hDeltaB,FS1B_b,6,4,1,0.167
FC1B,PFNv,6,-1,1,0.167
FC1B,PFNv,6,0,5,0.833
FC1C_b,hDeltaH,6,-1,5,0.833
FC1C_b,hDeltaH,6,0,1,0.167
FC1C_b,FS1A_a,6,-1,1,0.167
FC1C_b,FS1A_a,6,0,3,0.5
FC1C_b,FS1A_a,6,2,2,0.333
FS1A_b,FS1B_b,6,-3,1,0.167
FS1A_b,FS1B_b,6,-1,1,0.167
FS1A_b,FS1B_b,6,0,2,0.333
FS1A_b,FS1B_b,6,1,1,0.167
FS1A_b,FS1B_b,6,4,1,0.167
FC2A,FC1C_a,6,-2,1,0.167
FC2A,FC1C_a,6,0,5,0.833
hDeltaM,FC1E,6,-3,3,0.5
hDeltaM,FC1E,6,4,3,0.5
vDeltaK,hDeltaB,6,-3,2,0.333
vDeltaK,hDeltaB,6,-1,2,0.333
vDeltaK,hDeltaB,6,0,1,0.167
vDeltaK,hDeltaB,6,4,1,0.167
vDeltaC,FS4A,6,-1,1,0.167
vDeltaC,FS4A,6,0,3,0.5
vDeltaC,FS4A,6,1,2,0.333
FS1B_b,FS3_b,6,-3,2,0.333
FS1B_b,FS3_b,6,1,1,0.167
FS1B_b,FS3_b,6,2,2,0.333
FS1B_b,FS3_b,6,3,1,0.167
FS3_a,FS4C,6,0,4,0.667
FS3_a,FS4C,6,1,1,0.167
FS3_a,FS4C,6,3,1,0.167
FS2,vDeltaB,6,-1,2,0.333
FS2,vDeltaB,6,0,4,0.667
FS3_b,PFL2,6,-1,1,0.167
FS3_b,PFL2,6,0,3,0.5
FS3_b,PFL2,6,1,2,0.333
FS3_d,FS3_c,6,-3,1,0.167
FS3_d,FS3_c,6,-1,2,0.333
FS3_d,FS3_c,6,0,1,0.167
FS3_d,FS3_c,6,2,1,0.167
FS3_d,FS3_c,6,4,1,0.167
FS1A_a,vDeltaJ,5,-1,5,1.0
FC1A,FS3_a,5,0,5,1.0
hDeltaD,FS1A_a,5,4,5,1.0
FS1A_b,vDeltaK,5,-1,5,1.0
PFL3,hDeltaG,5,-1,1,0.2
PFL3,hDeltaG,5,3,4,0.8
hDeltaK,hDeltaE,5,0,1,0.2
hDeltaK,hDeltaE,5,4,4,0.8
FS1A_b,vDeltaE,5,-1,5,1.0
PFNv,FS3_d,5,0,5,1.0
vDeltaG,hDeltaI,5,3,2,0.4
vDeltaG,hDeltaI,5,4,3,0.6
PFNa,vDeltaC,5,-1,1,0.2
PFNa,vDeltaC,5,0,4,0.8
FC,FS4A,5,-1,1,0.2
FC,FS4A,5,0,4,0.8
FC,FC,5,-3,1,0.2
FC,FC,5,1,3,0.6
FC,FC,5,4,1,0.2
vDeltaL,FS1A_a,5,1,5,1.0
hDeltaD,FS1B_b,5,-3,2,0.4
hDeltaD,FS1B_b,5,4,3,0.6
FS1A_b,FS3_b,5,0,4,0.8
FS1A_b,FS3_b,5,3,1,0.2
hDeltaA,FS3_c,5,1,3,0.6
hDeltaA,FS3_c,5,4,2,0.4
PFL1,PFR_a,5,-3,1,0.2
PFL1,PFR_a,5,-2,2,0.4
PFL1,PFR_a,5,-1,1,0.2
PFL1,PFR_a,5,1,1,0.2
hDeltaC,hDeltaE,5,-3,4,0.8
hDeltaC,hDeltaE,5,2,1,0.2
hDeltaI,PFNd,5,0,2,0.4
hDeltaI,PFNd,5,3,1,0.2
hDeltaI,PFNd,5,4,2,0.4
hDeltaB,hDeltaD,5,0,2,0.4
hDeltaB,hDeltaD,5,2,3,0.6
hDeltaI,vDeltaH,5,1,2,0.4
hDeltaI,vDeltaH,5,2,2,0.4
hDeltaI,vDeltaH,5,4,1,0.2
hDeltaI,FC1F,5,-2,1,0.2
hDeltaI,FC1F,5,3,2,0.4
hDeltaI,FC1F,5,4,2,0.4
vDeltaA_a,hDeltaG,5,-3,2,0.4
vDeltaA_a,hDeltaG,5,-1,2,0.4
vDeltaA_a,hDeltaG,5,1,1,0.2
FC1A,FS4A,5,-1,1,0.2
FC1A,FS4A,5,0,1,0.2
FC1A,FS4A,5,1,3,0.6
vDeltaI_a,FS1A_c,5,0,4,0.8
vDeltaI_a,FS1A_c,5,1,1,0.2
vDeltaE,hDeltaE,5,-2,2,0.4
vDeltaE,hDeltaE,5,-1,2,0.4
vDeltaE,hDeltaE,5,3,1,0.2
FS1B_b,FS4A,5,1,1,0.2
FS1B_b,FS4A,5,2,1,0.2
FS1B_b,FS4A,5,3,2,0.4
FS1B_b,FS4A,5,4,1,0.2
FS4C,vDeltaA_b,5,0,5,1.0
PFNm_a,PFL2,5,0,5,1.0
vDeltaM,hDeltaH,5,-2,1,0.2
vDeltaM,hDeltaH,5,0,3,0.6
vDeltaM,hDeltaH,5,3,1,0.2
vDeltaD,FC3_a,5,-1,1,0.2
vDeltaD,FC3_a,5,0,2,0.4
vDeltaD,FC3_a,5,1,2,0.4
FS1B_a,PFL2,5,0,2,0.4
FS1B_a,PFL2,5,1,2,0.4
FS1B_a,PFL2,5,2,1,0.2
hDeltaC,hDeltaI,5,-1,1,0.2
hDeltaC,hDeltaI,5,0,4,0.8
PFNm_a,FC,5,-1,1,0.2
PFNm_a,FC,5,0,1,0.2
PFNm_a,FC,5,1,3,0.6
hDeltaI,hDeltaL,5,-2,1,0.2
hDeltaI,hDeltaL,5,0,3,0.6
hDeltaI,hDeltaL,5,2,1,0.2
FS3_b,FC2C,5,0,5,1.0
hDeltaM,FS3_d,5,-3,2,0.4
hDeltaM,FS3_d,5,4,3,0.6
FC1F,vDeltaC,5,0,4,0.8
FC1F,vDeltaC,5,1,1,0.2
hDeltaC,hDeltaD,5,-1,2,0.4
hDeltaC,hDeltaD,5,0,2,0.4
hDeltaC,hDeltaD,5,4,1,0.2
FC3_c,vDeltaJ,5,0,4,0.8
FC3_c,vDeltaJ,5,1,1,0.2
vDeltaI_a,PFNv,5,-1,2,0.4
vDeltaI_a,PFNv,5,0,2,0.4
vDeltaI_a,PFNv,5,1,1,0.2
FS1B_b,FS4B,5,0,2,0.4
FS1B_b,FS4B,5,3,3,0.6
PFNv,FS4A,5,-1,1,0.2
PFNv,FS4A,5,0,2,0.4
PFNv,FS4A,5,1,2,0.4
PFNa,hDeltaK,5,-3,1,0.2
PFNa,hDeltaK,5,0,1,0.2
PFNa,hDeltaK,5,2,2,0.4
PFNa,hDeltaK,5,3,1,0.2
FS1A_b,FS4C,5,-1,1,0.2
FS1A_b,FS4C,5,0,3,0.6
FS1A_b,FS4C,5,1,1,0.2
vDeltaA_b,FS2,5,-1,2,0.4
vDeltaA_b,FS2,5,0,3,0.6
FC1A,FS3_d,5,0,4,0.8
FC1A,FS3_d,5,1,1,0.2
hDeltaB,vDeltaJ,5,2,4,0.8
hDeltaB,vDeltaJ,5,3,1,0.2
FC1F,hDeltaM,5,-2,1,0.2
FC1F,hDeltaM,5,-1,2,0.4
FC1F,hDeltaM,5,0,2,0.4
PFR_a,FC,5,0,5,1.0
FC1C_a,FR1,5,0,5,1.0
hDeltaI,FC1B,5,1,2,0.4
hDeltaI,FC1B,5,3,3,0.6
PFNa,FS4A,5,-1,2,0.4
PFNa,FS4A,5,0,3,0.6
PFNm_a,FS1A_b,5,0,3,0.6
PFNm_a,FS1A_b,5,1,2,0.4
FC1A,hDeltaG,5,-1,5,1.0
hDeltaB,FC,5,1,1,0.2
hDeltaB,FC,5,2,4,0.8
hDeltaC,PFNd,5,0,3,0.6
hDeltaC,PFNd,5,1,2,0.4
hDeltaL,PFR_b,5,-1,1,0.2
hDeltaL,PFR_b,5,3,3,0.6
hDeltaL,PFR_b,5,4,1,0.2
FC2C,vDeltaA_a,5,-2,1,0.2
FC2C,vDeltaA_a,5,-1,1,0.2
FC2C,vDeltaA_a,5,0,3,0.6
PFNd,FS4A,5,0,2,0.4
PFNd,FS4A,5,1,3,0.6
PFNd,FC1E,5,0,2,0.4
PFNd,FC1E,5,1,3,0.6
PFNd,FC1A,5,0,2,0.4
PFNd,FC1A,5,1,3,0.6
PFNa,hDeltaD,5,-1,1,0.2
PFNa,hDeltaD,5,0,4,0.8
PFNd,FC2A,5,0,3,0.6
PFNd,FC2A,5,1,2,0.4
vDeltaF,vDeltaD,5,-1,1,0.2
vDeltaF,vDeltaD,5,0,1,0.2
vDeltaF,vDeltaD,5,1,3,0.6
hDeltaC,vDeltaK,5,1,2,0.4
hDeltaC,vDeltaK,5,2,3,0.6
hDeltaL,FC3_c,5,0,1,0.2
hDeltaL,FC3_c,5,3,3,0.6
hDeltaL,FC3_c,5,4,1,0.2
vDeltaF,hDeltaI,5,4,5,1.0
FC3_a,FR2,5,-1,1,0.2
FC3_a,FR2,5,0,2,0.4
FC3_a,FR2,5,2,2,0.4
hDeltaG,hDeltaJ,5,-3,1,0.2
hDeltaG,hDeltaJ,5,1,1,0.2
hDeltaG,hDeltaJ,5,2,3,0.6
PFNv,PFL3,5,0,2,0.4
PFNv,PFL3,5,3,2,0.4
PFNv,PFL3,5,4,1,0.2
vDeltaK,vDeltaG,5,0,3,0.6
vDeltaK,vDeltaG,5,1,2,0.4
vDeltaK,FC3_b,5,0,3,0.6
vDeltaK,FC3_b,5,1,2,0.4
PFNa,FS1A_c,5,-1,2,0.4
PFNa,FS1A_c,5,0,2,0.4
PFNa,FS1A_c,5,1,1,0.2
PFNv,FS1B_a,5,-1,1,0.2
PFNv,FS1B_a,5,0,2,0.4
PFNv,FS1B_a,5,1,2,0.4
PFNv,hDeltaF,5,-3,1,0.2
PFNv,hDeltaF,5,-2,1,0.2
PFNv,hDeltaF,5,-1,1,0.2
PFNv,hDeltaF,5,0,1,0.2
PFNv,hDeltaF,5,1,1,0.2
PFGs,FS3_d,5,0,5,1.0
PFR_a,FS3_b,5,0,5,1.0
PFR_a,FS3_c,5,0,5,1.0
vDeltaG,vDeltaJ,5,-1,1,0.2
vDeltaG,vDeltaJ,5,0,3,0.6
vDeltaG,vDeltaJ,5,1,1,0.2
PFNd,FS1A_a,5,-1,2,0.4
PFNd,FS1A_a,5,0,2,0.4
PFNd,FS1A_a,5,1,1,0.2
hDeltaK,hDeltaG,5,0,1,0.2
hDeltaK,hDeltaG,5,1,3,0.6
hDeltaK,hDeltaG,5,4,1,0.2
hDeltaL,PFR_a,5,-2,1,0.2
hDeltaL,PFR_a,5,1,2,0.4
hDeltaL,PFR_a,5,3,1,0.2
hDeltaL,PFR_a,5,4,1,0.2
hDeltaK,vDeltaE,5,-3,2,0.4
hDeltaK,vDeltaE,5,1,2,0.4
hDeltaK,vDeltaE,5,2,1,0.2
hDeltaK,hDeltaB,5,0,5,1.0
FC2A,FC1A,5,-1,1,0.2
FC2A,FC1A,5,0,3,0.6
FC2A,FC1A,5,1,1,0.2
vDeltaF,FS1B_b,5,-2,1,0.2
vDeltaF,FS1B_b,5,0,2,0.4
vDeltaF,FS1B_b,5,1,2,0.4
hDeltaJ,FC1F,5,-3,1,0.2
hDeltaJ,FC1F,5,2,1,0.2
hDeltaJ,FC1F,5,3,2,0.4
hDeltaJ,FC1F,5,4,1,0.2
FC2A,hDeltaB,5,0,2,0.4
FC2A,hDeltaB,5,2,1,0.2
FC2A,hDeltaB,5,3,1,0.2
FC2A,hDeltaB,5,4,1,0.2
PFL1,FR2,5,-3,1,0.2
PFL1,FR2,5,0,2,0.4
PFL1,FR2,5,1,1,0.2
PFL1,FR2,5,3,1,0.2
hDeltaC,vDeltaI_b,5,2,1,0.2
hDeltaC,vDeltaI_b,5,3,2,0.4
hDeltaC,vDeltaI_b,5,4,2,0.4
vDeltaI_a,hDeltaK,5,-3,1,0.2
vDeltaI_a,hDeltaK,5,-2,2,0.4
vDeltaI_a,hDeltaK,5,-1,1,0.2
vDeltaI_a,hDeltaK,5,2,1,0.2
FC1C_a,hDeltaB,5,-2,1,0.2
FC1C_a,hDeltaB,5,0,2,0.4
FC1C_a,hDeltaB,5,3,1,0.2
FC1C_a,hDeltaB,5,4,1,0.2
FC1F,FS4A,5,0,4,0.8
FC1F,FS4A,5,1,1,0.2
FC1E,vDeltaG,5,-1,1,0.2
FC1E,vDeltaG,5,0,3,0.6
FC1E,vDeltaG,5,1,1,0.2
vDeltaI_a,PFL2,5,0,2,0.4
vDeltaI_a,PFL2,5,1,1,0.2
vDeltaI_a,PFL2,5,2,2,0.4
vDeltaI_a,vDeltaL,5,0,5,1.0
vDeltaI_b,FS1A_b,5,0,4,0.8
vDeltaI_b,FS1A_b,5,1,1,0.2
PFR_b,FC1C_b,5,0,5,1.0
FC,FC1D,5,-1,1,0.2
FC,FC1D,5,0,3,0.6
FC,FC1D,5,1,1,0.2
FS1A_a,FS1B_a,5,-1,2,0.4
FS1A_a,FS1B_a,5,0,1,0.2
FS1A_a,FS1B_a,5,1,1,0.2
FS1A_a,FS1B_a,5,4,1,0.2
vDeltaJ,FS1A_a,5,0,3,0.6
vDeltaJ,FS1A_a,5,1,2,0.4
vDeltaI_a,vDeltaB,5,0,3,0.6
vDeltaI_a,vDeltaB,5,1,2,0.4
hDeltaM,PFGs,5,-3,4,0.8
hDeltaM,PFGs,5,4,1,0.2
PFGs,FS4A,5,-1,1,0.2
PFGs,FS4A,5,0,3,0.6
PFGs,FS4A,5,1,1,0.2
hDeltaK,FS2,5,1,2,0.4
hDeltaK,FS2,5,2,1,0.2
hDeltaK,FS2,5,3,1,0.2
hDeltaK,FS2,5,4,1,0.2
FC1C_a,hDeltaJ,5,-3,1,0.2
FC1C_a,hDeltaJ,5,0,2,0.4
FC1C_a,hDeltaJ,5,1,1,0.2
FC1C_a,hDeltaJ,5,2,1,0.2
vDeltaI_b,FS1A_c,5,-2,1,0.2
vDeltaI_b,FS1A_c,5,-1,1,0.2
vDeltaI_b,FS1A_c,5,0,2,0.4
vDeltaI_b,FS1A_c,5,1,1,0.2
FS3_a,FS1A_c,5,0,5,1.0
FS3_c,vDeltaD,5,-1,2,0.4
FS3_c,vDeltaD,5,0,2,0.4
FS3_c,vDeltaD,5,2,1,0.2
FS3_b,PFL3,5,-1,1,0.2
FS3_b,PFL3,5,0,1,0.2
FS3_b,PFL3,5,1,3,0.6
PFL1,PFNa,5,-1,1,0.2
PFL1,PFNa,5,0,4,0.8
FS1A_a,FC,5,-3,1,0.2
FS1A_a,FC,5,2,3,0.6
FS1A_a,FC,5,3,1,0.2
vDeltaC,FS1A_b,5,-1,1,0.2
vDeltaC,FS1A_b,5,0,1,0.2
vDeltaC,FS1A_b,5,1,3,0.6
FS4C,FS1B_a,5,-3,1,0.2
FS4C,FS1B_a,5,0,3,0.6
FS4C,FS1B_a,5,4,1,0.2
FS4B,vDeltaA_b,5,0,3,0.6
FS4B,vDeltaA_b,5,1,1,0.2
FS4B,vDeltaA_b,5,2,1,0.2
FS3_d,FC2C,5,0,4,0.8
FS3_d,FC2C,5,4,1,0.2
FS3_d,FS4C,5,-2,2,0.4
FS3_d,FS4C,5,-1,1,0.2
FS3_d,FS4C,5,0,2,0.4
PFL2,PFL1,5,-1,2,0.4
PFL2,PFL1,5,1,2,0.4
PFL2,PFL1,5,4,1,0.2
FS1A_b,vDeltaB,4,-1,4,1.0
vDeltaH,FC,4,0,4,1.0
FC,vDeltaG,4,0,4,1.0
FS1A_b,FC1C_b,4,0,3,0.75
FS1A_b,FC1C_b,4,1,1,0.25
FS1A_b,hDeltaA,4,2,1,0.25
FS1A_b,hDeltaA,4,3,3,0.75
vDeltaA_a,FC2B,4,0,3,0.75
vDeltaA_a,FC2B,4,1,1,0.25
FS2,FC1F,4,0,4,1.0
PFNm_b,PFL3,4,0,4,1.0
hDeltaH,FS3_c,4,-3,3,0.75
hDeltaH,FS3_c,4,4,1,0.25
hDeltaF,FC,4,-2,4,1.0
PFL1,FC1E,4,0,3,0.75
PFL1,FC1E,4,1,1,0.25
PFL1,FC1A,4,0,2,0.5
PFL1,FC1A,4,1,2,0.5
PFL3,hDeltaH,4,0,1,0.25
PFL3,hDeltaH,4,2,2,0.5
PFL3,hDeltaH,4,4,1,0.25
PFL1,hDeltaB,4,-2,1,0.25
PFL1,hDeltaB,4,-1,3,0.75
hDeltaM,FS4A,4,-3,3,0.75
hDeltaM,FS4A,4,4,1,0.25
hDeltaA,FS4C,4,2,3,0.75
hDeltaA,FS4C,4,4,1,0.25
hDeltaJ,vDeltaC,4,2,2,0.5
hDeltaJ,vDeltaC,4,3,2,0.5
FS1A_c,FC1A,4,0,4,1.0
FS1A_c,FS3_a,4,-2,1,0.25
FS1A_c,FS3_a,4,3,3,0.75
FS1A_c,FC1D,4,0,4,1.0
FS1B_a,FS4C,4,0,4,1.0
PFR_b,FS1B_b,4,-1,3,0.75
PFR_b,FS1B_b,4,0,1,0.25
FS3_d,FS1A_b,4,-1,1,0.25
FS3_d,FS1A_b,4,0,2,0.5
FS3_d,FS1A_b,4,1,1,0.25
vDeltaM,vDeltaH,4,-1,1,0.25
vDeltaM,vDeltaH,4,0,3,0.75
hDeltaJ,FS4B,4,1,2,0.5
hDeltaJ,FS4B,4,2,1,0.25
hDeltaJ,FS4B,4,3,1,0.25
vDeltaB,vDeltaA_a,4,0,4,1.0
FS2,FC1E,4,0,4,1.0
vDeltaK,vDeltaA_a,4,0,4,1.0
PFL1,hDeltaI,4,-2,4,1.0
FC,FS3_d,4,-1,2,0.5
FC,FS3_d,4,0,2,0.5
FC,FC1B,4,0,4,1.0
vDeltaF,vDeltaB,4,0,4,1.0
vDeltaB,hDeltaC,4,-3,1,0.25
vDeltaB,hDeltaC,4,0,1,0.25
vDeltaB,hDeltaC,4,4,2,0.5
vDeltaC,FC2B,4,-1,1,0.25
vDeltaC,FC2B,4,0,3,0.75
FS1B_a,FC3_a,4,0,3,0.75
FS1B_a,FC3_a,4,1,1,0.25
FC2A,PFGs,4,0,3,0.75
FC2A,PFGs,4,1,1,0.25
hDeltaG,PFNd,4,3,3,0.75
hDeltaG,PFNd,4,4,1,0.25
vDeltaM,hDeltaL,4,1,3,0.75
vDeltaM,hDeltaL,4,2,1,0.25
vDeltaA_b,FS3_b,4,-1,1,0.25
vDeltaA_b,FS3_b,4,0,3,0.75
hDeltaM,FC1D,4,4,4,1.0
FS4A,PFL3,4,0,3,0.75
FS4A,PFL3,4,1,1,0.25
hDeltaD,FC2B,4,4,4,1.0
vDeltaI_a,PFNa,4,-1,3,0.75
vDeltaI_a,PFNa,4,0,1,0.25
FC2B,hDeltaF,4,-3,1,0.25
FC2B,hDeltaF,4,0,2,0.5
FC2B,hDeltaF,4,3,1,0.25
PFNa,hDeltaE,4,-1,4,1.0
FC1A,hDeltaL,4,0,2,0.5
FC1A,hDeltaL,4,1,2,0.5
FS3_a,FC1B,4,0,4,1.0
FC,PFL3,4,0,3,0.75
FC,PFL3,4,1,1,0.25
PFNd,vDeltaJ,4,-1,1,0.25
PFNd,vDeltaJ,4,0,1,0.25
PFNd,vDeltaJ,4,1,2,0.5
PFL3,vDeltaL,4,0,1,0.25
PFL3,vDeltaL,4,1,3,0.75
PFL3,vDeltaG,4,-1,2,0.5
PFL3,vDeltaG,4,0,1,0.25
PFL3,vDeltaG,4,1,1,0.25
PFNm_a,FS1B_b,4,0,2,0.5
PFNm_a,FS1B_b,4,1,2,0.5
PFNv,vDeltaI_a,4,0,3,0.75
PFNv,vDeltaI_a,4,1,1,0.25
FC,FS4B,4,0,4,1.0
hDeltaB,PFNv,4,2,1,0.25
hDeltaB,PFNv,4,3,2,0.5
hDeltaB,PFNv,4,4,1,0.25
FC1D,FS3_b,4,-1,1,0.25
FC1D,FS3_b,4,0,3,0.75
vDeltaG,vDeltaL,4,0,4,1.0
FC2A,FS3_c,4,-1,1,0.25
FC2A,FS3_c,4,0,3,0.75
PFNd,PFL2,4,0,3,0.75
PFNd,PFL2,4,1,1,0.25
FC2C,vDeltaM,4,-2,3,0.75
FC2C,vDeltaM,4,0,1,0.25
FC2C,vDeltaL,4,-2,2,0.5
FC2C,vDeltaL,4,-1,1,0.25
FC2C,vDeltaL,4,0,1,0.25
hDeltaJ,vDeltaJ,4,1,2,0.5
hDeltaJ,vDeltaJ,4,2,2,0.5
PFNv,FS1A_c,4,-1,1,0.25
PFNv,FS1A_c,4,0,3,0.75
PFNv,FS4B,4,0,4,1.0
vDeltaK,FS2,4,-1,1,0.25
vDeltaK,FS2,4,0,3,0.75
FC1F,FS1A_a,4,0,4,1.0
PFNv,FC1C_b,4,0,4,1.0
PFGs,PFNm_b,4,-1,3,0.75
PFGs,PFNm_b,4,2,1,0.25
FC1F,FS4B,4,0,4,1.0
PFNm_a,FR1,4,-1,1,0.25
PFNm_a,FR1,4,0,1,0.25
PFNm_a,FR1,4,1,2,0.5
hDeltaJ,FS3_d,4,-3,1,0.25
hDeltaJ,FS3_d,4,2,2,0.5
hDeltaJ,FS3_d,4,4,1,0.25
FC1E,PFNv,4,0,4,1.0
FC1E,FS2,4,0,4,1.0
PFNd,hDeltaL,4,1,2,0.5
PFNd,hDeltaL,4,2,2,0.5
hDeltaB,FC1C_a,4,2,2,0.5
hDeltaB,FC1C_a,4,3,1,0.25
hDeltaB,FC1C_a,4,4,1,0.25
PFGs,FC1C_a,4,0,4,1.0
hDeltaK,vDeltaC,4,-1,1,0.25
hDeltaK,vDeltaC,4,0,1,0.25
hDeltaK,vDeltaC,4,1,2,0.5
FC1D,FS2,4,0,2,0.5
FC1D,FS2,4,1,2,0.5
FC2A,FS3_a,4,0,3,0.75
FC2A,FS3_a,4,1,1,0.25
vDeltaE,FS3_b,4,-1,1,0.25
vDeltaE,FS3_b,4,0,1,0.25
vDeltaE,FS3_b,4,1,1,0.25
vDeltaE,FS3_b,4,2,1,0.25
FC2B,vDeltaJ,4,-1,2,0.5
FC2B,vDeltaJ,4,0,2,0.5
hDeltaF,FC3_a,4,-3,3,0.75
hDeltaF,FC3_a,4,2,1,0.25
FC2A,vDeltaM,4,-1,2,0.5
FC2A,vDeltaM,4,0,2,0.5
FC1E,hDeltaB,4,-2,1,0.25
FC1E,hDeltaB,4,0,1,0.25
FC1E,hDeltaB,4,2,2,0.5
FS1A_c,FS1B_b,4,-3,1,0.25
FS1A_c,FS1B_b,4,2,2,0.5
FS1A_c,FS1B_b,4,4,1,0.25
FC1C_b,hDeltaB,4,-2,1,0.25
FC1C_b,hDeltaB,4,-1,2,0.5
FC1C_b,hDeltaB,4,3,1,0.25
hDeltaC,FR1,4,3,3,0.75
hDeltaC,FR1,4,4,1,0.25
PFNv,FR2,4,0,3,0.75
PFNv,FR2,4,1,1,0.25
PFR_b,vDeltaH,4,-1,3,0.75
PFR_b,vDeltaH,4,0,1,0.25
FC1C_b,hDeltaL,4,1,1,0.25
FC1C_b,hDeltaL,4,2,3,0.75
FC2A,FC3_c,4,-1,1,0.25
FC2A,FC3_c,4,0,3,0.75
PFGs,vDeltaB,4,-1,3,0.75
PFGs,vDeltaB,4,0,1,0.25
vDeltaL,hDeltaH,4,-3,1,0.25
vDeltaL,hDeltaH,4,-2,1,0.25
vDeltaL,hDeltaH,4,0,1,0.25
vDeltaL,hDeltaH,4,1,1,0.25
vDeltaI_b,vDeltaM,4,0,3,0.75
vDeltaI_b,vDeltaM,4,1,1,0.25
FC2C,PFNd,4,-1,1,0.25
FC2C,PFNd,4,0,3,0.75
PFR_b,FC1D,4,-1,1,0.25
PFR_b,FC1D,4,0,3,0.75
FS1B_a,FC1E,4,-2,1,0.25
FS1B_a,FC1E,4,-1,1,0.25
FS1B_a,FC1E,4,0,1,0.25
FS1B_a,FC1E,4,2,1,0.25
FC2C,vDeltaK,4,0,4,1.0
PFR_b,FS3_d,4,-1,1,0.25
PFR_b,FS3_d,4,0,3,0.75
vDeltaD,FS1A_c,4,1,4,1.0
PFNm_a,vDeltaM,4,-1,1,0.25
PFNm_a,vDeltaM,4,0,2,0.5
PFNm_a,vDeltaM,4,1,1,0.25
vDeltaD,FR1,4,-1,2,0.5
vDeltaD,FR1,4,0,1,0.25
vDeltaD,FR1,4,1,1,0.25
FS3_c,hDeltaC,4,2,3,0.75
FS3_c,hDeltaC,4,4,1,0.25
PFL3,PFGs,4,0,2,0.5
PFL3,PFGs,4,1,2,0.5
PFL3,FC2B,4,0,4,1.0
vDeltaC,vDeltaA_b,4,-1,2,0.5
vDeltaC,vDeltaA_b,4,0,2,0.5
FC1C_a,hDeltaI,4,0,1,0.25
FC1C_a,hDeltaI,4,1,1,0.25
FC1C_a,hDeltaI,4,2,2,0.5
FC1C_a,PFGs,4,0,4,1.0
vDeltaB,vDeltaD,4,-1,1,0.25
vDeltaB,vDeltaD,4,0,3,0.75
FC2B,vDeltaK,4,-1,1,0.25
FC2B,vDeltaK,4,0,2,0.5
FC2B,vDeltaK,4,1,1,0.25
PFR_a,FC1A,4,-1,1,0.25
PFR_a,FC1A,4,0,2,0.5
PFR_a,FC1A,4,4,1,0.25
FC1A,PFR_b,4,-3,1,0.25
FC1A,PFR_b,4,-1,1,0.25
FC1A,PFR_b,4,0,2,0.5
PFL3,hDeltaJ,4,-2,1,0.25
PFL3,hDeltaJ,4,1,2,0.5
PFL3,hDeltaJ,4,4,1,0.25
FS3_b,FS1B_a,4,-1,1,0.25
FS3_b,FS1B_a,4,0,1,0.25
FS3_b,FS1B_a,4,1,1,0.25
FS3_b,FS1B_a,4,4,1,0.25
FS3_b,PFGs,4,0,2,0.5
FS3_b,PFGs,4,1,2,0.5
PFGs,vDeltaL,4,-1,2,0.5
PFGs,vDeltaL,4,0,2,0.5
FC1E,hDeltaM,4,-1,2,0.5
FC1E,hDeltaM,4,0,2,0.5
FS3_c,PFL2,4,0,4,1.0
vDeltaL,FR1,4,-1,1,0.25
vDeltaL,FR1,4,0,2,0.5
vDeltaL,FR1,4,1,1,0.25
FC3_b,hDeltaL,4,2,2,0.5
FC3_b,hDeltaL,4,3,2,0.5
hDeltaB,vDeltaB,4,1,1,0.25
hDeltaB,vDeltaB,4,2,2,0.5
hDeltaB,vDeltaB,4,3,1,0.25
FS1A_b,PFL3,4,0,2,0.5
FS1A_b,PFL3,4,1,2,0.5
FS1A_b,FC,4,-3,1,0.25
FS1A_b,FC,4,-2,1,0.25
FS1A_b,FC,4,-1,1,0.25
FS1A_b,FC,4,2,1,0.25
FR2,PFR_b,4,0,3,0.75
FR2,PFR_b,4,3,1,0.25
vDeltaA_b,FS4C,4,0,2,0.5
vDeltaA_b,FS4C,4,1,2,0.5
vDeltaA_a,FC1B,4,-3,1,0.25
vDeltaA_a,FC1B,4,-1,2,0.5
vDeltaA_a,FC1B,4,0,1,0.25
FR2,FC2A,4,-3,1,0.25
FR2,FC2A,4,-1,1,0.25
FR2,FC2A,4,0,1,0.25
FR2,FC2A,4,3,1,0.25
PFL1,FC1F,4,0,3,0.75
PFL1,FC1F,4,1,1,0.25
vDeltaA_b,vDeltaC,4,-1,1,0.25
vDeltaA_b,vDeltaC,4,0,3,0.75
PFL3,PFR_b,4,-1,1,0.25
PFL3,PFR_b,4,1,3,0.75
FS2,vDeltaG,4,-1,1,0.25
FS2,vDeltaG,4,0,2,0.5
FS2,vDeltaG,4,2,1,0.25
vDeltaM,hDeltaM,4,0,2,0.5
vDeltaM,hDeltaM,4,2,1,0.25
vDeltaM,hDeltaM,4,3,1,0.25
FS3_b,hDeltaC,4,-1,1,0.25
FS3_b,hDeltaC,4,1,1,0.25
FS3_b,hDeltaC,4,2,2,0.5
FS3_b,hDeltaF,4,-3,1,0.25
FS3_b,hDeltaF,4,-2,1,0.25
FS3_b,hDeltaF,4,-1,1,0.25
FS3_b,hDeltaF,4,3,1,0.25
FS3_d,FS1B_a,4,-1,1,0.25
FS3_d,FS1B_a,4,0,1,0.25
FS3_d,FS1B_a,4,4,2,0.5
PFL1,PFR_b,4,-1,2,0.5
PFL1,PFR_b,4,1,1,0.25
PFL1,PFR_b,4,3,1,0.25
PFL2,hDeltaA,4,-3,1,0.25
PFL2,hDeltaA,4,0,1,0.25
PFL2,hDeltaA,4,1,1,0.25
PFL2,hDeltaA,4,2,1,0.25
FS1A_b,vDeltaD,3,-1,3,1.0
FC1A,FS3_c,3,0,3,1.0
hDeltaL,FS1B_a,3,2,3,1.0
FC,hDeltaG,3,-1,3,1.0
FR1,FS4A,3,0,3,1.0
vDeltaG,vDeltaE,3,0,3,1.0
FS4A,PFL2,3,0,3,1.0
FS3_a,FS4B,3,0,3,1.0
hDeltaE,FS1A_a,3,4,3,1.0
PFNm_a,PFL1,3,0,3,1.0
vDeltaI_b,hDeltaL,3,0,2,0.667
vDeltaI_b,hDeltaL,3,4,1,0.333
PFNd,FC1C_b,3,1,3,1.0
PFR_b,PFNm_b,3,-3,1,0.333
PFR_b,PFNm_b,3,-2,2,0.667
PFL1,FC3_a,3,0,1,0.333
PFL1,FC3_a,3,2,2,0.667
PFL1,FC3_b,3,0,3,1.0
PFR_b,FS4C,3,0,1,0.333
PFR_b,FS4C,3,1,2,0.667
hDeltaA,FC1B,3,-3,2,0.667
hDeltaA,FC1B,3,2,1,0.333
PFGs,FC1C_b,3,-1,2,0.667
PFGs,FC1C_b,3,1,1,0.333
hDeltaH,FC,3,-3,1,0.333
hDeltaH,FC,3,4,2,0.667
FR1,hDeltaH,3,-1,1,0.333
FR1,hDeltaH,3,3,2,0.667
PFR_b,FS3_a,3,-1,1,0.333
PFR_b,FS3_a,3,0,2,0.667
hDeltaH,hDeltaL,3,-2,3,1.0
vDeltaA_a,PFL2,3,0,1,0.333
vDeltaA_a,PFL2,3,1,2,0.667
vDeltaM,vDeltaC,3,0,3,1.0
hDeltaM,FC,3,4,3,1.0
vDeltaA_a,FR1,3,-1,1,0.333
vDeltaA_a,FR1,3,1,2,0.667
vDeltaA_a,FS1A_b,3,0,2,0.667
vDeltaA_a,FS1A_b,3,1,1,0.333
FS1B_b,FS3_c,3,-1,2,0.667
FS1B_b,FS3_c,3,0,1,0.333
vDeltaA_a,hDeltaI,3,-2,2,0.667
vDeltaA_a,hDeltaI,3,1,1,0.333
FS2,hDeltaD,3,0,2,0.667
FS2,hDeltaD,3,4,1,0.333
vDeltaL,FC1C_a,3,0,1,0.333
vDeltaL,FC1C_a,3,1,2,0.667
vDeltaL,FC1D,3,-1,2,0.667
vDeltaL,FC1D,3,1,1,0.333
vDeltaK,vDeltaF,3,0,3,1.0
vDeltaL,FC2B,3,-1,1,0.333
vDeltaL,FC2B,3,1,2,0.667
vDeltaK,FC1A,3,0,3,1.0
vDeltaK,vDeltaC,3,0,3,1.0
vDeltaL,FS4A,3,-1,2,0.667
vDeltaL,FS4A,3,0,1,0.333
FC,hDeltaA,3,1,1,0.333
FC,hDeltaA,3,3,2,0.667
vDeltaI_a,vDeltaA_a,3,0,2,0.667
vDeltaI_a,vDeltaA_a,3,1,1,0.333
vDeltaI_a,vDeltaM,3,0,2,0.667
vDeltaI_a,vDeltaM,3,1,1,0.333
FC1C_a,PFR_a,3,-1,1,0.333
FC1C_a,PFR_a,3,0,2,0.667
FS1A_b,hDeltaM,3,0,3,1.0
FC1C_a,FS3_c,3,0,3,1.0
hDeltaG,FC1C_a,3,-3,1,0.333
hDeltaG,FC1C_a,3,4,2,0.667
vDeltaI_a,FC1A,3,0,2,0.667
vDeltaI_a,FC1A,3,1,1,0.333
vDeltaH,hDeltaA,3,-3,2,0.667
vDeltaH,hDeltaA,3,4,1,0.333
FC1B,vDeltaB,3,-1,3,1.0
FS4A,FC2B,3,0,3,1.0
FS4A,FS3_b,3,0,3,1.0
vDeltaK,vDeltaH,3,0,3,1.0
hDeltaK,vDeltaA_a,3,1,2,0.667
hDeltaK,vDeltaA_a,3,4,1,0.333
FS3_a,FC2B,3,0,3,1.0
PFGs,hDeltaM,3,-1,3,1.0
FC,FS3_b,3,-2,2,0.667
FC,FS3_b,3,-1,1,0.333
vDeltaC,FC3_c,3,-1,1,0.333
vDeltaC,FC3_c,3,0,2,0.667
PFNd,PFNm_b,3,0,1,0.333
PFNd,PFNm_b,3,1,2,0.667
PFL3,vDeltaI_a,3,-1,2,0.667
PFL3,vDeltaI_a,3,0,1,0.333
PFNd,hDeltaD,3,0,3,1.0
PFL1,hDeltaM,3,-1,2,0.667
PFL1,hDeltaM,3,0,1,0.333
FC1C_b,vDeltaF,3,-1,2,0.667
FC1C_b,vDeltaF,3,0,1,0.333
vDeltaI_a,PFL1,3,0,2,0.667
vDeltaI_a,PFL1,3,1,1,0.333
vDeltaH,hDeltaK,3,-1,1,0.333
vDeltaH,hDeltaK,3,2,2,0.667
vDeltaI_a,FS3_c,3,-1,1,0.333
vDeltaI_a,FS3_c,3,0,2,0.667
FS1A_a,FC1C_b,3,0,2,0.667
FS1A_a,FC1C_b,3,1,1,0.333
PFNv,vDeltaL,3,0,3,1.0
FC2B,vDeltaD,3,0,2,0.667
FC2B,vDeltaD,3,1,1,0.333
FC1D,PFNv,3,-1,1,0.333
FC1D,PFNv,3,1,2,0.667
FC2B,vDeltaC,3,-1,1,0.333
FC2B,vDeltaC,3,0,2,0.667
hDeltaA,FC1D,3,-3,1,0.333
hDeltaA,FC1D,3,1,2,0.667
FC3_a,FS4B,3,-1,2,0.667
FC3_a,FS4B,3,1,1,0.333
FC2B,vDeltaL,3,0,3,1.0
PFNv,FC,3,-1,1,0.333
PFNv,FC,3,0,1,0.333
PFNv,FC,3,1,1,0.333
FC3_b,vDeltaL,3,-1,1,0.333
FC3_b,vDeltaL,3,1,2,0.667
FC2A,PFNa,3,-1,1,0.333
FC2A,PFNa,3,0,2,0.667
hDeltaJ,hDeltaF,3,1,2,0.667
hDeltaJ,hDeltaF,3,2,1,0.333
PFNa,vDeltaB,3,0,3,1.0
FC1D,hDeltaL,3,2,1,0.333
FC1D,hDeltaL,3,3,1,0.333
FC1D,hDeltaL,3,4,1,0.333
PFGs,FS4B,3,0,3,1.0
PFGs,FC2B,3,0,2,0.667
PFGs,FC2B,3,1,1,0.333
FS1A_a,FS1B_b,3,0,3,1.0
FS1A_a,hDeltaC,3,-3,1,0.333
FS1A_a,hDeltaC,3,3,1,0.333
FS1A_a,hDeltaC,3,4,1,0.333
vDeltaG,FC1F,3,-1,2,0.667
vDeltaG,FC1F,3,0,1,0.333
vDeltaG,hDeltaL,3,1,1,0.333
vDeltaG,hDeltaL,3,3,1,0.333
vDeltaG,hDeltaL,3,4,1,0.333
hDeltaJ,FS3_a,3,3,3,1.0
vDeltaF,FC1C_a,3,-1,1,0.333
vDeltaF,FC1C_a,3,0,1,0.333
vDeltaF,FC1C_a,3,2,1,0.333
hDeltaL,PFL1,3,-3,1,0.333
hDeltaL,PFL1,3,-1,1,0.333
hDeltaL,PFL1,3,4,1,0.333
FC3_a,hDeltaF,3,-2,1,0.333
FC3_a,hDeltaF,3,-1,1,0.333
FC3_a,hDeltaF,3,2,1,0.333
FS2,hDeltaI,3,-1,1,0.333
FS2,hDeltaI,3,2,1,0.333
FS2,hDeltaI,3,3,1,0.333
hDeltaJ,vDeltaL,3,1,1,0.333
hDeltaJ,vDeltaL,3,2,1,0.333
hDeltaJ,vDeltaL,3,4,1,0.333
hDeltaA,FS4B,3,1,1,0.333
hDeltaA,FS4B,3,3,1,0.333
hDeltaA,FS4B,3,4,1,0.333
hDeltaA,FS3_d,3,1,1,0.333
hDeltaA,FS3_d,3,2,2,0.667
hDeltaK,hDeltaI,3,0,2,0.667
hDeltaK,hDeltaI,3,2,1,0.333
FC2A,FC1B,3,-1,1,0.333
FC2A,FC1B,3,0,2,0.667
FC2A,FC1F,3,-1,3,1.0
FC1C_b,FS1B_b,3,0,3,1.0
PFNd,hDeltaF,3,-2,2,0.667
PFNd,hDeltaF,3,-1,1,0.333
FC1D,PFR_a,3,0,3,1.0
PFR_b,FS3_b,3,-1,1,0.333
PFR_b,FS3_b,3,0,2,0.667
FR1,FC2A,3,0,1,0.333
FR1,FC2A,3,1,1,0.333
FR1,FC2A,3,3,1,0.333
FC1C_b,PFL2,3,-1,1,0.333
FC1C_b,PFL2,3,0,2,0.667
FC1C_b,PFR_a,3,0,3,1.0
FC1D,PFGs,3,-1,1,0.333
FC1D,PFGs,3,0,2,0.667
PFNa,vDeltaI_b,3,0,3,1.0
PFNa,FS2,3,0,3,1.0
FC1C_a,PFL3,3,-1,1,0.333
FC1C_a,PFL3,3,0,1,0.333
FC1C_a,PFL3,3,1,1,0.333
vDeltaE,hDeltaJ,3,-2,1,0.333
vDeltaE,hDeltaJ,3,-1,2,0.667
PFGs,PFNa,3,-1,1,0.333
PFGs,PFNa,3,1,2,0.667
vDeltaI_a,FS3_a,3,-1,1,0.333
vDeltaI_a,FS3_a,3,0,2,0.667
PFL3,hDeltaB,3,-2,1,0.333
PFL3,hDeltaB,3,-1,1,0.333
PFL3,hDeltaB,3,2,1,0.333
FS1A_a,FC1C_a,3,0,1,0.333
FS1A_a,FC1C_a,3,3,2,0.667
FC1B,hDeltaL,3,1,1,0.333
FC1B,hDeltaL,3,3,2,0.667
FC1B,FS3_c,3,-1,1,0.333
FC1B,FS3_c,3,0,2,0.667
FC1C_b,PFNd,3,-1,1,0.333
FC1C_b,PFNd,3,0,2,0.667
PFR_b,FS1A_b,3,-1,2,0.667
PFR_b,FS1A_b,3,1,1,0.333
PFR_b,FC1E,3,0,2,0.667
PFR_b,FC1E,3,1,1,0.333
FC,hDeltaJ,3,-1,1,0.333
FC,hDeltaJ,3,1,1,0.333
FC,hDeltaJ,3,4,1,0.333
PFR_a,PFNv,3,0,2,0.667
PFR_a,PFNv,3,1,1,0.333
vDeltaD,vDeltaF,3,0,2,0.667
vDeltaD,vDeltaF,3,1,1,0.333
hDeltaB,vDeltaG,3,2,2,0.667
hDeltaB,vDeltaG,3,4,1,0.333
hDeltaB,FC1C_b,3,1,2,0.667
hDeltaB,FC1C_b,3,2,1,0.333
FC1C_b,FS2,3,0,3,1.0
vDeltaH,hDeltaJ,3,-2,1,0.333
vDeltaH,hDeltaJ,3,-1,1,0.333
vDeltaH,hDeltaJ,3,2,1,0.333
PFR_b,FC1B,3,-1,1,0.333
PFR_b,FC1B,3,0,2,0.667
PFGs,vDeltaM,3,-1,2,0.667
PFGs,vDeltaM,3,0,1,0.333
hDeltaM,FC1C_b,3,-3,1,0.333
hDeltaM,FC1C_b,3,4,2,0.667
PFL3,vDeltaI_b,3,-1,1,0.333
PFL3,vDeltaI_b,3,0,2,0.667
PFL3,hDeltaM,3,-1,1,0.333
PFL3,hDeltaM,3,4,2,0.667
vDeltaC,vDeltaE,3,-1,1,0.333
vDeltaC,vDeltaE,3,0,1,0.333
vDeltaC,vDeltaE,3,2,1,0.333
vDeltaC,FS4B,3,-1,2,0.667
vDeltaC,FS4B,3,1,1,0.333
vDeltaI_b,FS1B_a,3,-1,1,0.333
vDeltaI_b,FS1B_a,3,0,1,0.333
vDeltaI_b,FS1B_a,3,1,1,0.333
FC,FC2B,3,-2,2,0.667
FC,FC2B,3,-1,1,0.333
FC,FC3_b,3,-1,1,0.333
FC,FC3_b,3,0,2,0.667
vDeltaB,hDeltaK,3,-3,1,0.333
vDeltaB,hDeltaK,3,-1,1,0.333
vDeltaB,hDeltaK,3,0,1,0.333
PFGs,FR1,3,0,3,1.0
PFGs,FC2A,3,0,3,1.0
FC2B,FC1C_b,3,0,1,0.333
FC2B,FC1C_b,3,1,2,0.667
hDeltaJ,FC1A,3,1,1,0.333
hDeltaJ,FC1A,3,2,1,0.333
hDeltaJ,FC1A,3,3,1,0.333
FS3_a,FC3_a,3,-1,1,0.333
FS3_a,FC3_a,3,0,2,0.667
FS3_a,FS4A,3,0,2,0.667
FS3_a,FS4A,3,2,1,0.333
PFNv,vDeltaB,3,-1,1,0.333
PFNv,vDeltaB,3,0,1,0.333
PFNv,vDeltaB,3,1,1,0.333
vDeltaC,hDeltaG,3,3,1,0.333
vDeltaC,hDeltaG,3,4,2,0.667
vDeltaJ,hDeltaK,3,-3,1,0.333
vDeltaJ,hDeltaK,3,1,1,0.333
vDeltaJ,hDeltaK,3,3,1,0.333
FS1B_a,FC1D,3,0,1,0.333
FS1B_a,FC1D,3,1,1,0.333
FS1B_a,FC1D,3,4,1,0.333
vDeltaA_b,vDeltaF,3,0,2,0.667
vDeltaA_b,vDeltaF,3,1,1,0.333
FC1F,vDeltaI_b,3,-1,1,0.333
FC1F,vDeltaI_b,3,0,2,0.667
vDeltaI_b,vDeltaE,3,0,2,0.667
vDeltaI_b,vDeltaE,3,1,1,0.333
FS3_b,FS4A,3,0,2,0.667
FS3_b,FS4A,3,2,1,0.333
vDeltaK,FC1D,3,0,3,1.0
FC1F,hDeltaB,3,-3,1,0.333
FC1F,hDeltaB,3,2,1,0.333
FC1F,hDeltaB,3,4,1,0.333
FS4A,vDeltaB,3,0,2,0.667
FS4A,vDeltaB,3,1,1,0.333
vDeltaJ,PFGs,3,0,1,0.333
vDeltaJ,PFGs,3,2,2,0.667
vDeltaI_a,vDeltaC,3,0,2,0.667
vDeltaI_a,vDeltaC,3,2,1,0.333
FC2C,hDeltaD,3,-1,2,0.667
FC2C,hDeltaD,3,0,1,0.333
vDeltaK,FS1A_a,3,-1,1,0.333
vDeltaK,FS1A_a,3,0,1,0.333
vDeltaK,FS1A_a,3,1,1,0.333
hDeltaH,FC1C_b,3,-3,2,0.667
hDeltaH,FC1C_b,3,0,1,0.333
FC1B,vDeltaC,3,0,2,0.667
FC1B,vDeltaC,3,1,1,0.333
vDeltaK,hDeltaJ,3,-3,1,0.333
vDeltaK,hDeltaJ,3,-1,2,0.667
hDeltaH,PFL1,3,-3,1,0.333
hDeltaH,PFL1,3,-2,1,0.333
hDeltaH,PFL1,3,1,1,0.333
hDeltaH,FS4A,3,-1,1,0.333
hDeltaH,FS4A,3,4,2,0.667
hDeltaB,vDeltaA_b,3,1,1,0.333
hDeltaB,vDeltaA_b,3,3,1,0.333
hDeltaB,vDeltaA_b,3,4,1,0.333
vDeltaH,FS1B_b,3,0,1,0.333
vDeltaH,FS1B_b,3,1,2,0.667
vDeltaF,FS3_c,3,0,2,0.667
vDeltaF,FS3_c,3,1,1,0.333
FS1B_a,hDeltaC,3,1,1,0.333
FS1B_a,hDeltaC,3,2,1,0.333
FS1B_a,hDeltaC,3,3,1,0.333
vDeltaI_a,hDeltaI,3,-3,1,0.333
vDeltaI_a,hDeltaI,3,1,1,0.333
vDeltaI_a,hDeltaI,3,4,1,0.333
FS4A,hDeltaF,3,0,1,0.333
FS4A,hDeltaF,3,3,1,0.333
FS4A,hDeltaF,3,4,1,0.333
vDeltaL,hDeltaC,3,1,2,0.667
vDeltaL,hDeltaC,3,2,1,0.333
vDeltaM,hDeltaC,3,2,1,0.333
vDeltaM,hDeltaC,3,3,1,0.333
vDeltaM,hDeltaC,3,4,1,0.333
PFL1,PFL2,3,-3,1,0.333
PFL1,PFL2,3,-1,1,0.333
PFL1,PFL2,3,1,1,0.333
vDeltaG,vDeltaK,3,0,2,0.667
vDeltaG,vDeltaK,3,1,1,0.333
vDeltaA_a,vDeltaD,3,0,3,1.0
FS1B_a,hDeltaJ,3,-2,2,0.667
FS1B_a,hDeltaJ,3,3,1,0.333
FS2,FC1D,3,0,3,1.0
FS2,FR2,3,-1,1,0.333
FS2,FR2,3,0,2,0.667
vDeltaD,vDeltaB,3,0,1,0.333
vDeltaD,vDeltaB,3,1,2,0.667
vDeltaJ,FS1A_c,3,0,3,1.0
FS3_a,hDeltaD,3,-1,1,0.333
FS3_a,hDeltaD,3,0,1,0.333
FS3_a,hDeltaD,3,4,1,0.333
vDeltaA_b,vDeltaI_a,3,-1,1,0.333
vDeltaA_b,vDeltaI_a,3,0,2,0.667
FS4C,vDeltaA_a,3,-2,2,0.667
FS4C,vDeltaA_a,3,2,1,0.333
FS3_a,PFNm_b,3,-1,2,0.667
FS3_a,PFNm_b,3,0,1,0.333
FS3_d,PFGs,3,0,1,0.333
FS3_d,PFGs,3,2,2,0.667
vDeltaM,PFL1,3,0,2,0.667
vDeltaM,PFL1,3,1,1,0.333
vDeltaL,hDeltaM,3,0,1,0.333
vDeltaL,hDeltaM,3,3,1,0.333
vDeltaL,hDeltaM,3,4,1,0.333
vDeltaA_a,PFNa,3,0,3,1.0
FS3_d,vDeltaB,3,0,1,0.333
FS3_d,vDeltaB,3,1,1,0.333
FS3_d,vDeltaB,3,2,1,0.333
vDeltaA_a,PFNd,3,-1,1,0.333
vDeltaA_a,PFNd,3,0,1,0.333
vDeltaA_a,PFNd,3,2,1,0.333
PFL2,hDeltaJ,3,-3,1,0.333
PFL2,hDeltaJ,3,1,1,0.333
PFL2,hDeltaJ,3,2,1,0.333
PFL2,vDeltaK,3,0,2,0.667
PFL2,vDeltaK,3,1,1,0.333
PFNa,FS1B_a,3,0,1,0.333
PFNa,FS1B_a,3,1,2,0.667
PFL1,FC2C,3,-1,1,0.333
PFL1,FC2C,3,0,1,0.333
PFL1,FC2C,3,3,1,0.333
PFL2,FC2A,3,-1,1,0.333
PFL2,FC2A,3,0,2,0.667
vDeltaE,vDeltaK,2,0,2,1.0
FS1A_c,FS4B,2,0,2,1.0
vDeltaA_a,FS3_a,2,0,2,1.0
vDeltaK,FC1C_b,2,1,2,1.0
FS1A_c,hDeltaJ,2,2,2,1.0
FS2,FC1C_a,2,0,2,1.0
vDeltaJ,vDeltaA_a,2,0,2,1.0
FR2,FS3_d,2,0,2,1.0
FS1A_b,PFL2,2,1,2,1.0
FS1A_c,vDeltaJ,2,0,2,1.0
FS1A_c,vDeltaM,2,0,2,1.0
vDeltaF,vDeltaA_a,2,0,2,1.0
vDeltaF,vDeltaA_b,2,0,2,1.0
hDeltaG,FC,2,4,2,1.0
FS1B_a,FS3_b,2,0,2,1.0
FS1A_b,hDeltaI,2,3,2,1.0
hDeltaI,vDeltaE,2,1,2,1.0
hDeltaL,hDeltaM,2,2,2,1.0
hDeltaD,PFL1,2,4,2,1.0
hDeltaD,hDeltaH,2,2,2,1.0
vDeltaG,PFL1,2,0,2,1.0
vDeltaH,hDeltaI,2,4,2,1.0
FC1F,vDeltaJ,2,0,2,1.0
FS1A_b,vDeltaC,2,-1,2,1.0
vDeltaA_b,FS3_a,2,1,2,1.0
vDeltaI_b,vDeltaC,2,0,2,1.0
hDeltaJ,vDeltaB,2,1,2,1.0
FS3_a,FC1D,2,0,2,1.0
FC,vDeltaC,2,1,2,1.0
hDeltaK,PFNm_b,2,2,2,1.0
hDeltaF,vDeltaA_a,2,4,2,1.0
vDeltaE,hDeltaD,2,0,2,1.0
hDeltaM,FS3_a,2,4,2,1.0
vDeltaG,FS3_c,2,0,2,1.0
PFNa,FS3_c,2,0,2,1.0
PFR_b,PFNm_a,2,2,2,1.0
PFGs,hDeltaD,2,-1,2,1.0
FC2A,PFNm_b,2,0,2,1.0
hDeltaF,vDeltaG,2,-3,2,1.0
hDeltaL,FC1C_a,2,4,2,1.0
PFNd,FS1B_a,2,1,2,1.0
vDeltaK,FS1B_b,2,-1,1,0.5
vDeltaK,FS1B_b,2,0,1,0.5
PFNa,vDeltaL,2,0,2,1.0
hDeltaF,hDeltaJ,2,-2,1,0.5
hDeltaF,hDeltaJ,2,4,1,0.5
FC1D,hDeltaG,2,-1,2,1.0
FC1D,hDeltaB,2,1,1,0.5
FC1D,hDeltaB,2,2,1,0.5
hDeltaG,hDeltaD,2,0,1,0.5
hDeltaG,hDeltaD,2,4,1,0.5
PFNv,FC1A,2,0,2,1.0
PFNv,vDeltaG,2,0,2,1.0
PFGs,FC1B,2,0,1,0.5
PFGs,FC1B,2,3,1,0.5
PFGs,FS4C,2,1,2,1.0
PFNv,FC1C_a,2,-1,1,0.5
PFNv,FC1C_a,2,1,1,0.5
hDeltaI,vDeltaG,2,2,1,0.5
hDeltaI,vDeltaG,2,3,1,0.5
FC1E,vDeltaH,2,1,1,0.5
FC1E,vDeltaH,2,2,1,0.5
FC1E,vDeltaC,2,0,2,1.0
PFNm_a,FC1D,2,0,1,0.5
PFNm_a,FC1D,2,1,1,0.5
PFNd,FC1C_a,2,0,1,0.5
PFNd,FC1C_a,2,1,1,0.5
FC1E,PFR_a,2,-1,1,0.5
FC1E,PFR_a,2,0,1,0.5
FC1E,vDeltaD,2,-1,2,1.0
hDeltaB,FC1F,2,3,1,0.5
hDeltaB,FC1F,2,4,1,0.5
hDeltaG,vDeltaI_a,2,4,2,1.0
hDeltaG,hDeltaI,2,0,1,0.5
hDeltaG,hDeltaI,2,4,1,0.5
FC1A,hDeltaB,2,0,1,0.5
FC1A,hDeltaB,2,2,1,0.5
FC1D,vDeltaI_b,2,0,2,1.0
FC3_a,vDeltaM,2,-1,1,0.5
FC3_a,vDeltaM,2,1,1,0.5
FC3_a,vDeltaL,2,-1,1,0.5
FC3_a,vDeltaL,2,0,1,0.5
vDeltaI_b,hDeltaB,2,-3,1,0.5
vDeltaI_b,hDeltaB,2,4,1,0.5
FC1A,FS3_b,2,0,2,1.0
hDeltaD,hDeltaC,2,2,1,0.5
hDeltaD,hDeltaC,2,4,1,0.5
hDeltaK,FC2B,2,0,1,0.5
hDeltaK,FC2B,2,1,1,0.5
hDeltaK,FS3_c,2,2,1,0.5
hDeltaK,FS3_c,2,4,1,0.5
PFNd,vDeltaA_b,2,0,2,1.0
PFL1,FC1C_b,2,1,2,1.0
PFL1,FR1,2,-3,1,0.5
PFL1,FR1,2,3,1,0.5
hDeltaC,hDeltaA,2,-1,1,0.5
hDeltaC,hDeltaA,2,0,1,0.5
vDeltaF,FS4B,2,-1,1,0.5
vDeltaF,FS4B,2,1,1,0.5
vDeltaH,PFGs,2,0,2,1.0
FR1,hDeltaJ,2,-3,1,0.5
FR1,hDeltaJ,2,1,1,0.5
FR1,hDeltaB,2,4,2,1.0
hDeltaC,PFL1,2,0,1,0.5
hDeltaC,PFL1,2,4,1,0.5
hDeltaC,vDeltaH,2,2,2,1.0
PFNd,FS1A_c,2,1,2,1.0
vDeltaG,FC1A,2,0,2,1.0
PFR_a,vDeltaD,2,0,2,1.0
FC3_c,PFNm_b,2,0,1,0.5
FC3_c,PFNm_b,2,1,1,0.5
FR2,FC1A,2,0,2,1.0
FC1A,PFGs,2,0,2,1.0
hDeltaL,FS4B,2,2,1,0.5
hDeltaL,FS4B,2,3,1,0.5
FC1E,vDeltaI_a,2,0,2,1.0
FS1A_a,FS3_d,2,0,2,1.0
FC3_b,PFNm_b,2,0,1,0.5
FC3_b,PFNm_b,2,1,1,0.5
PFNa,PFR_b,2,0,2,1.0
vDeltaE,vDeltaG,2,0,1,0.5
vDeltaE,vDeltaG,2,1,1,0.5
FS1B_a,FC,2,3,1,0.5
FS1B_a,FC,2,4,1,0.5
hDeltaJ,FS3_c,2,1,1,0.5
hDeltaJ,FS3_c,2,4,1,0.5
hDeltaK,PFL3,2,2,1,0.5
hDeltaK,PFL3,2,4,1,0.5
PFL3,FC3_a,2,0,2,1.0
vDeltaH,vDeltaJ,2,0,2,1.0
vDeltaH,vDeltaK,2,-1,1,0.5
vDeltaH,vDeltaK,2,0,1,0.5
FC3_b,FS1A_a,2,-1,1,0.5
FC3_b,FS1A_a,2,0,1,0.5
FC1C_a,hDeltaG,2,-1,1,0.5
FC1C_a,hDeltaG,2,0,1,0.5
FC1C_a,vDeltaG,2,0,2,1.0
hDeltaL,FC3_a,2,3,2,1.0
hDeltaL,hDeltaJ,2,-1,1,0.5
hDeltaL,hDeltaJ,2,0,1,0.5
hDeltaA,FC1F,2,2,1,0.5
hDeltaA,FC1F,2,4,1,0.5
FC1B,vDeltaI_b,2,0,2,1.0
PFNd,FS1A_b,2,0,2,1.0
PFNm_a,FS4A,2,0,2,1.0
PFR_b,PFNa,2,-3,1,0.5
PFR_b,PFNa,2,1,1,0.5
FC,FR2,2,-1,1,0.5
FC,FR2,2,0,1,0.5
FC,FC1A,2,0,2,1.0
FC,hDeltaC,2,2,1,0.5
FC,hDeltaC,2,4,1,0.5
FC,FR1,2,-1,1,0.5
FC,FR1,2,1,1,0.5
FC,PFL2,2,-1,1,0.5
FC,PFL2,2,1,1,0.5
hDeltaC,PFNa,2,1,2,1.0
hDeltaC,FC1C_a,2,-3,1,0.5
hDeltaC,FC1C_a,2,3,1,0.5
PFNv,vDeltaK,2,0,2,1.0
FS1A_a,FC3_b,2,0,2,1.0
vDeltaC,PFNa,2,0,2,1.0
FC1C_b,vDeltaG,2,-1,1,0.5
FC1C_b,vDeltaG,2,0,1,0.5
vDeltaF,vDeltaJ,2,-1,1,0.5
vDeltaF,vDeltaJ,2,0,1,0.5
hDeltaB,PFNa,2,2,1,0.5
hDeltaB,PFNa,2,3,1,0.5
FS1A_c,FS4A,2,0,2,1.0
hDeltaD,PFNd,2,0,2,1.0
vDeltaH,FS4A,2,0,1,0.5
vDeltaH,FS4A,2,2,1,0.5
hDeltaE,vDeltaA_a,2,-3,1,0.5
hDeltaE,vDeltaA_a,2,4,1,0.5
PFR_b,FS4B,2,0,2,1.0
vDeltaI_a,FS4A,2,0,2,1.0
vDeltaI_a,vDeltaE,2,-1,1,0.5
vDeltaI_a,vDeltaE,2,0,1,0.5
PFL1,hDeltaJ,2,0,1,0.5
PFL1,hDeltaJ,2,1,1,0.5
hDeltaM,vDeltaM,2,3,1,0.5
hDeltaM,vDeltaM,2,4,1,0.5
PFNm_a,vDeltaA_a,2,-1,1,0.5
PFNm_a,vDeltaA_a,2,0,1,0.5
FS1A_a,hDeltaM,2,-1,1,0.5
FS1A_a,hDeltaM,2,4,1,0.5
FC1E,vDeltaE,2,0,1,0.5
FC1E,vDeltaE,2,1,1,0.5
PFNm_a,hDeltaD,2,-1,2,1.0
vDeltaC,FS1B_b,2,-1,1,0.5
vDeltaC,FS1B_b,2,1,1,0.5
hDeltaM,FC3_c,2,-3,1,0.5
hDeltaM,FC3_c,2,4,1,0.5
PFR_b,FC,2,0,2,1.0
PFR_b,FC1A,2,0,1,0.5
PFR_b,FC1A,2,3,1,0.5
hDeltaF,vDeltaA_b,2,-1,1,0.5
hDeltaF,vDeltaA_b,2,4,1,0.5
PFL3,FS2,2,0,1,0.5
PFL3,FS2,2,1,1,0.5
vDeltaJ,FC1C_a,2,0,1,0.5
vDeltaJ,FC1C_a,2,1,1,0.5
vDeltaJ,vDeltaG,2,0,1,0.5
vDeltaJ,vDeltaG,2,1,1,0.5
hDeltaC,vDeltaI_a,2,-3,1,0.5
hDeltaC,vDeltaI_a,2,2,1,0.5
hDeltaK,PFNm_a,2,2,1,0.5
hDeltaK,PFNm_a,2,3,1,0.5
hDeltaK,PFNv,2,2,2,1.0
FC1C_a,PFNv,2,0,2,1.0
vDeltaI_b,FC1D,2,0,2,1.0
vDeltaI_b,FS4A,2,0,1,0.5
vDeltaI_b,FS4A,2,1,1,0.5
FC,PFNa,2,0,1,0.5
FC,PFNa,2,1,1,0.5
FC,vDeltaD,2,0,2,1.0
FC,FS2,2,-1,1,0.5
FC,FS2,2,0,1,0.5
PFNd,vDeltaD,2,-1,1,0.5
PFNd,vDeltaD,2,0,1,0.5
FS1B_b,FS1A_b,2,-2,1,0.5
FS1B_b,FS1A_b,2,4,1,0.5
FS3_a,vDeltaB,2,-1,1,0.5
FS3_a,vDeltaB,2,0,1,0.5
FS3_a,PFL3,2,0,2,1.0
FS3_a,PFNa,2,0,1,0.5
FS3_a,PFNa,2,1,1,0.5
hDeltaK,FC3_c,2,2,1,0.5
hDeltaK,FC3_c,2,3,1,0.5
vDeltaI_b,FS1B_b,2,-1,1,0.5
vDeltaI_b,FS1B_b,2,1,1,0.5
vDeltaH,FS1A_a,2,-1,1,0.5
vDeltaH,FS1A_a,2,0,1,0.5
vDeltaI_b,hDeltaK,2,-1,1,0.5
vDeltaI_b,hDeltaK,2,3,1,0.5
FS1B_b,FC2C,2,-3,2,1.0
vDeltaJ,FC3_b,2,0,1,0.5
vDeltaJ,FC3_b,2,1,1,0.5
vDeltaJ,vDeltaF,2,0,2,1.0
FS2,PFNv,2,0,2,1.0
FS2,hDeltaA,2,-3,1,0.5
FS2,hDeltaA,2,-2,1,0.5
hDeltaK,vDeltaF,2,3,1,0.5
hDeltaK,vDeltaF,2,4,1,0.5
FS1A_b,FR1,2,0,2,1.0
hDeltaC,FS4B,2,0,1,0.5
hDeltaC,FS4B,2,4,1,0.5
FS1B_b,FC1F,2,0,2,1.0
FS1A_c,FS2,2,-3,1,0.5
FS1A_c,FS2,2,3,1,0.5
FS1A_c,FS3_c,2,0,2,1.0
PFGs,vDeltaG,2,0,2,1.0
PFL3,vDeltaE,2,0,2,1.0
FC1F,FS3_b,2,0,2,1.0
vDeltaM,FR2,2,0,1,0.5
vDeltaM,FR2,2,1,1,0.5
hDeltaH,FS3_d,2,-3,1,0.5
hDeltaH,FS3_d,2,4,1,0.5
hDeltaM,FC1B,2,-3,1,0.5
hDeltaM,FC1B,2,4,1,0.5
FS4B,FS1B_b,2,-2,1,0.5
FS4B,FS1B_b,2,0,1,0.5
FS4B,FS1A_a,2,0,2,1.0
hDeltaH,FS3_a,2,-3,1,0.5
hDeltaH,FS3_a,2,4,1,0.5
vDeltaM,vDeltaF,2,0,2,1.0
FS1A_c,FS3_b,2,-3,1,0.5
FS1A_c,FS3_b,2,1,1,0.5
FS1A_c,FC1C_a,2,0,2,1.0
PFNm_b,vDeltaM,2,-1,2,1.0
FS1B_a,PFR_b,2,2,2,1.0
PFNm_b,FC1B,2,0,2,1.0
hDeltaA,hDeltaG,2,3,1,0.5
hDeltaA,hDeltaG,2,4,1,0.5
vDeltaD,PFR_a,2,0,1,0.5
vDeltaD,PFR_a,2,1,1,0.5
vDeltaM,FS1A_c,2,-1,1,0.5
vDeltaM,FS1A_c,2,0,1,0.5
FS3_c,FC2B,2,0,2,1.0
FS1A_a,hDeltaJ,2,-2,1,0.5
FS1A_a,hDeltaJ,2,3,1,0.5
FS1A_c,PFR_a,2,0,2,1.0
vDeltaA_a,PFR_b,2,0,2,1.0
FS1B_a,FC3_b,2,1,1,0.5
FS1B_a,FC3_b,2,2,1,0.5
vDeltaD,FS4A,2,-1,1,0.5
vDeltaD,FS4A,2,0,1,0.5
FS4A,hDeltaG,2,-1,1,0.5
FS4A,hDeltaG,2,3,1,0.5
FC1C_a,hDeltaM,2,-1,1,0.5
FC1C_a,hDeltaM,2,0,1,0.5
FS1A_c,hDeltaI,2,3,1,0.5
FS1A_c,hDeltaI,2,4,1,0.5
FR2,PFL3,2,-1,1,0.5
FR2,PFL3,2,0,1,0.5
FR2,FC2B,2,1,1,0.5
FR2,FC2B,2,4,1,0.5
PFL1,hDeltaF,2,-2,2,1.0
FC1C_a,vDeltaH,2,-2,1,0.5
FC1C_a,vDeltaH,2,0,1,0.5
vDeltaC,vDeltaG,2,0,2,1.0
vDeltaC,vDeltaA_a,2,0,2,1.0
vDeltaI_b,vDeltaA_a,2,0,2,1.0
vDeltaI_b,FS3_b,2,0,1,0.5
vDeltaI_b,FS3_b,2,1,1,0.5
FC2C,vDeltaA_b,2,-1,1,0.5
FC2C,vDeltaA_b,2,0,1,0.5
vDeltaA_b,vDeltaE,2,0,2,1.0
vDeltaA_b,vDeltaD,2,0,2,1.0
vDeltaK,FS1B_a,2,0,2,1.0
FR2,hDeltaJ,2,2,1,0.5
FR2,hDeltaJ,2,4,1,0.5
FS2,vDeltaI_b,2,-1,1,0.5
FS2,vDeltaI_b,2,1,1,0.5
FS4A,FC1B,2,0,2,1.0
FS4C,FS1A_c,2,-1,1,0.5
FS4C,FS1A_c,2,0,1,0.5
FR2,FC1E,2,1,2,1.0
FS1B_b,FS3_a,2,-1,1,0.5
FS1B_b,FS3_a,2,0,1,0.5
vDeltaK,FS1A_b,2,0,2,1.0
FS4C,FS2,2,0,2,1.0
FS3_c,hDeltaJ,2,3,1,0.5
FS3_c,hDeltaJ,2,4,1,0.5
FS3_c,FS4B,2,0,1,0.5
FS3_c,FS4B,2,2,1,0.5
PFL1,hDeltaA,2,-2,1,0.5
PFL1,hDeltaA,2,3,1,0.5
PFL1,hDeltaK,2,0,2,1.0
FS3_a,PFNv,2,0,1,0.5
FS3_a,PFNv,2,2,1,0.5
FS3_b,hDeltaJ,2,-1,2,1.0
vDeltaM,PFNm_b,2,-1,1,0.5
vDeltaM,PFNm_b,2,1,1,0.5
vDeltaM,FS4A,2,-1,1,0.5
vDeltaM,FS4A,2,1,1,0.5
vDeltaL,vDeltaA_a,2,-1,1,0.5
vDeltaL,vDeltaA_a,2,0,1,0.5
vDeltaL,vDeltaA_b,2,-1,1,0.5
vDeltaL,vDeltaA_b,2,0,1,0.5
vDeltaA_a,FS3_c,2,-1,1,0.5
vDeltaA_a,FS3_c,2,0,1,0.5
vDeltaL,FC2A,2,1,2,1.0
FS3_c,vDeltaB,2,0,1,0.5
FS3_c,vDeltaB,2,1,1,0.5
vDeltaA_b,hDeltaA,2,2,1,0.5
vDeltaA_b,hDeltaA,2,3,1,0.5
FS3_a,vDeltaA_b,2,-1,2,1.0
FS2,FC2A,2,0,2,1.0
vDeltaM,FS2,2,0,1,0.5
vDeltaM,FS2,2,2,1,0.5
vDeltaA_b,vDeltaI_b,2,-1,1,0.5
vDeltaA_b,vDeltaI_b,2,0,1,0.5
vDeltaA_b,PFNm_b,2,0,1,0.5
vDeltaA_b,PFNm_b,2,1,1,0.5
FS3_b,FC2B,2,-1,1,0.5
FS3_b,FC2B,2,0,1,0.5
vDeltaM,FC1C_a,2,0,2,1.0
FS3_b,vDeltaC,2,0,2,1.0
FS3_d,hDeltaG,2,3,1,0.5
FS3_d,hDeltaG,2,4,1,0.5
FS3_d,PFL3,2,0,2,1.0
FS3_d,FS4B,2,0,2,1.0
FS3_d,vDeltaD,2,-1,1,0.5
FS3_d,vDeltaD,2,0,1,0.5
vDeltaA_a,FC1A,2,1,2,1.0
vDeltaA_a,PFNm_b,2,0,1,0.5
vDeltaA_a,PFNm_b,2,1,1,0.5
FS3_d,hDeltaF,2,-2,2,1.0
vDeltaM,PFNd,2,-1,1,0.5
vDeltaM,PFNd,2,0,1,0.5
FS3_b,FS1B_b,2,-2,1,0.5
FS3_b,FS1B_b,2,0,1,0.5
vDeltaL,vDeltaD,2,0,1,0.5
vDeltaL,vDeltaD,2,1,1,0.5
FS3_d,hDeltaL,2,2,1,0.5
FS3_d,hDeltaL,2,4,1,0.5
FS1A_b,hDeltaH,2,-1,1,0.5
FS1A_b,hDeltaH,2,3,1,0.5
FS1A_a,FC2A,2,-3,1,0.5
FS1A_a,FC2A,2,-1,1,0.5
PFL3,FS1A_c,2,-1,1,0.5
PFL3,FS1A_c,2,0,1,0.5
FS1B_a,FS4B,2,0,2,1.0
vDeltaM,FC2B,2,-1,1,0.5
vDeltaM,FC2B,2,0,1,0.5
PFL3,FS1A_a,2,-1,1,0.5
PFL3,FS1A_a,2,0,1,0.5
PFR_a,hDeltaF,2,-3,2,1.0
PFL2,FR1,2,0,2,1.0
PFR_a,FS4B,2,0,1,0.5
PFR_a,FS4B,2,1,1,0.5
hDeltaH,FC1F,2,-3,1,0.5
hDeltaH,FC1F,2,4,1,0.5
vDeltaI_a,FS1A_a,2,1,2,1.0
hDeltaH,FS4B,2,-3,1,0.5
hDeltaH,FS4B,2,4,1,0.5
hDeltaH,PFNd,2,4,2,1.0
hDeltaA,FC3_c,2,3,1,0.5
hDeltaA,FC3_c,2,4,1,0.5
hDeltaH,hDeltaF,2,2,2,1.0
PFL1,PFNd,2,0,1,0.5
PFL1,PFNd,2,2,1,0.5
PFL1,vDeltaI_b,2,-1,2,1.0
PFL2,vDeltaG,2,0,2,1.0
PFL1,FC1D,2,0,1,0.5
PFL1,FC1D,2,1,1,0.5
FS1A_b,FS3_c,2,-1,1,0.5
FS1A_b,FS3_c,2,3,1,0.5
FC1C_b,vDeltaI_a,2,0,1,0.5
FC1C_b,vDeltaI_a,2,2,1,0.5
FC3_c,vDeltaM,2,-1,1,0.5
FC3_c,vDeltaM,2,0,1,0.5
vDeltaA_b,vDeltaK,2,-1,1,0.5
vDeltaA_b,vDeltaK,2,0,1,0.5
PFNv,vDeltaM,2,0,2,1.0
FS3_c,vDeltaF,2,0,1,0.5
FS3_c,vDeltaF,2,1,1,0.5
FC3_b,vDeltaM,1,1,1,1.0
FC2A,vDeltaD,1,0,1,1.0
vDeltaK,hDeltaG,1,0,1,1.0
vDeltaK,hDeltaL,1,0,1,1.0
FC1D,vDeltaA_a,1,-1,1,1.0
hDeltaG,FR2,1,4,1,1.0
hDeltaL,hDeltaA,1,2,1,1.0
PFGs,FS1B_b,1,1,1,1.0
FS1A_a,PFR_a,1,0,1,1.0
vDeltaG,vDeltaA_a,1,0,1,1.0
vDeltaG,vDeltaB,1,0,1,1.0
vDeltaG,FR2,1,0,1,1.0
PFNm_a,FC1B,1,1,1,1.0
PFGs,FC1F,1,0,1,1.0
hDeltaG,FS4B,1,4,1,1.0
hDeltaG,vDeltaA_b,1,4,1,1.0
hDeltaG,FC1F,1,-3,1,1.0
hDeltaK,FS3_b,1,0,1,1.0
FC1A,vDeltaM,1,1,1,1.0
hDeltaI,vDeltaF,1,4,1,1.0
FC3_b,hDeltaF,1,0,1,1.0
PFNa,vDeltaM,1,0,1,1.0
hDeltaL,vDeltaG,1,2,1,1.0
FS2,vDeltaJ,1,1,1,1.0
FC1A,vDeltaE,1,2,1,1.0
hDeltaA,FC1E,1,1,1,1.0
hDeltaD,hDeltaG,1,1,1,1.0
FC2B,PFNv,1,0,1,1.0
hDeltaC,vDeltaJ,1,1,1,1.0
hDeltaF,FC1B,1,3,1,1.0
hDeltaK,FR1,1,-2,1,1.0
vDeltaF,FS3_b,1,-1,1,1.0
vDeltaF,FC,1,0,1,1.0
vDeltaF,FC1A,1,-1,1,1.0
FC2A,FS4B,1,0,1,1.0
FC1B,hDeltaK,1,2,1,1.0
hDeltaG,vDeltaK,1,4,1,1.0
hDeltaG,vDeltaB,1,4,1,1.0
FR1,hDeltaI,1,4,1,1.0
FR1,hDeltaK,1,2,1,1.0
FC3_c,vDeltaA_b,1,0,1,1.0
PFGs,FS1A_b,1,-2,1,1.0
FC1B,vDeltaL,1,1,1,1.0
FR1,hDeltaL,1,0,1,1.0
vDeltaE,vDeltaA_a,1,0,1,1.0
vDeltaG,PFNa,1,0,1,1.0
PFNm_a,hDeltaI,1,3,1,1.0
FR2,FC1C_b,1,0,1,1.0
hDeltaJ,PFNm_a,1,-2,1,1.0
FC1A,hDeltaK,1,1,1,1.0
FR1,vDeltaH,1,0,1,1.0
FC1D,hDeltaF,1,-1,1,1.0
FC1C_b,vDeltaK,1,0,1,1.0
FC1C_a,vDeltaF,1,-1,1,1.0
FC1C_a,hDeltaL,1,2,1,1.0
FC1C_a,hDeltaC,1,3,1,1.0
FS1A_a,FC1A,1,0,1,1.0
FS1A_a,FS4C,1,0,1,1.0
vDeltaG,hDeltaB,1,-1,1,1.0
FC1D,hDeltaD,1,-1,1,1.0
vDeltaK,FC,1,0,1,1.0
PFGs,FC1D,1,0,1,1.0
PFNm_a,FC3_a,1,0,1,1.0
PFL3,FS3_b,1,0,1,1.0
PFL3,FC1A,1,0,1,1.0
vDeltaH,FS3_d,1,0,1,1.0
vDeltaH,FR2,1,0,1,1.0
FC1D,FS3_c,1,1,1,1.0
FC1C_a,vDeltaD,1,-1,1,1.0
FC1C_a,FS3_a,1,0,1,1.0
hDeltaD,hDeltaJ,1,2,1,1.0
hDeltaD,hDeltaK,1,2,1,1.0
FR1,vDeltaK,1,0,1,1.0
FR1,PFL1,1,1,1,1.0
FC1E,PFGs,1,0,1,1.0
FC1C_b,vDeltaH,1,-1,1,1.0
FC1C_b,vDeltaI_b,1,0,1,1.0
FC,PFNd,1,0,1,1.0
FC,hDeltaH,1,0,1,1.0
FC,FC3_c,1,0,1,1.0
PFR_a,hDeltaD,1,0,1,1.0
hDeltaC,vDeltaM,1,2,1,1.0
hDeltaC,vDeltaL,1,2,1,1.0
PFNa,PFR_a,1,1,1,1.0
hDeltaJ,hDeltaD,1,2,1,1.0
PFNv,vDeltaJ,1,0,1,1.0
PFNv,hDeltaD,1,-1,1,1.0
FS1A_a,FC3_c,1,0,1,1.0
vDeltaD,FS4B,1,1,1,1.0
FC1C_b,hDeltaF,1,-3,1,1.0
FC2A,hDeltaG,1,0,1,1.0
FC2A,FS4A,1,0,1,1.0
vDeltaF,vDeltaC,1,0,1,1.0
hDeltaE,FR1,1,4,1,1.0
vDeltaG,FS3_d,1,0,1,1.0
hDeltaJ,PFNa,1,4,1,1.0
PFNm_a,FC1A,1,0,1,1.0
vDeltaD,vDeltaM,1,0,1,1.0
FS3_c,hDeltaK,1,-2,1,1.0
FS3_c,FS1A_a,1,-1,1,1.0
hDeltaL,PFNd,1,-2,1,1.0
hDeltaL,hDeltaD,1,2,1,1.0
hDeltaL,hDeltaB,1,0,1,1.0
PFNd,vDeltaE,1,1,1,1.0
vDeltaK,FS4B,1,0,1,1.0
vDeltaC,PFNm_a,1,0,1,1.0
PFL3,vDeltaH,1,-1,1,1.0
PFL3,FR2,1,0,1,1.0
PFNm_a,FC3_b,1,0,1,1.0
vDeltaJ,FC1C_b,1,1,1,1.0
FC1C_a,PFL2,1,0,1,1.0
vDeltaK,PFNa,1,0,1,1.0
vDeltaI_b,FC,1,0,1,1.0
vDeltaI_b,FC3_c,1,0,1,1.0
FC,PFR_b,1,-1,1,1.0
FC,PFGs,1,-1,1,1.0
FC,vDeltaF,1,1,1,1.0
FC,hDeltaI,1,-1,1,1.0
FC,FS3_a,1,0,1,1.0
FC,vDeltaA_b,1,-1,1,1.0
hDeltaI,PFNa,1,1,1,1.0
FC1C_b,hDeltaK,1,1,1,1.0
PFGs,FC1A,1,0,1,1.0
hDeltaE,PFL3,1,-3,1,1.0
FR1,vDeltaF,1,-1,1,1.0
hDeltaG,vDeltaI_b,1,4,1,1.0
PFNv,vDeltaA_b,1,0,1,1.0
FS3_a,FC1C_a,1,0,1,1.0
FC1E,vDeltaM,1,1,1,1.0
FS3_a,FS1B_a,1,-1,1,1.0
FS4C,FS3_d,1,2,1,1.0
PFNd,vDeltaG,1,1,1,1.0
PFNv,hDeltaE,1,-1,1,1.0
hDeltaB,PFNm_b,1,2,1,1.0
vDeltaH,hDeltaL,1,2,1,1.0
FC1C_a,FS2,1,0,1,1.0
vDeltaL,FS3_d,1,0,1,1.0
vDeltaI_b,FS4B,1,0,1,1.0
FS1B_b,FR2,1,-1,1,1.0
FS1B_b,FC2A,1,-1,1,1.0
vDeltaJ,FS2,1,1,1,1.0
vDeltaJ,vDeltaB,1,0,1,1.0
hDeltaK,FS1A_a,1,2,1,1.0
FS1B_a,hDeltaB,1,4,1,1.0
FS1B_a,FR1,1,0,1,1.0
hDeltaK,hDeltaA,1,-2,1,1.0
hDeltaK,FS4B,1,-3,1,1.0
vDeltaI_b,PFNa,1,0,1,1.0
FC1D,vDeltaD,1,-1,1,1.0
FS1A_b,FR2,1,0,1,1.0
FS4C,FC2C,1,-3,1,1.0
FS3_b,FC3_a,1,1,1,1.0
FS3_a,FC1A,1,0,1,1.0
hDeltaK,FS1A_b,1,4,1,1.0
hDeltaK,FS3_d,1,3,1,1.0
hDeltaK,PFR_a,1,3,1,1.0
FS1B_b,FS1A_a,1,0,1,1.0
hDeltaK,hDeltaM,1,-1,1,1.0
FC2B,vDeltaB,1,2,1,1.0
FC1F,hDeltaK,1,2,1,1.0
hDeltaF,hDeltaD,1,-3,1,1.0
vDeltaA_b,hDeltaC,1,-2,1,1.0
FS4A,FS3_c,1,0,1,1.0
vDeltaJ,hDeltaC,1,1,1,1.0
FS1A_b,FC1A,1,-1,1,1.0
PFL3,FS4B,1,-1,1,1.0
FC1E,hDeltaK,1,4,1,1.0
hDeltaC,FC,1,1,1,1.0
PFL3,FC,1,0,1,1.0
FC1F,hDeltaL,1,1,1,1.0
FS3_c,FC1C_b,1,0,1,1.0
hDeltaK,PFNa,1,3,1,1.0
vDeltaL,vDeltaG,1,0,1,1.0
hDeltaM,PFNd,1,1,1,1.0
hDeltaH,hDeltaE,1,0,1,1.0
hDeltaH,FC1E,1,0,1,1.0
hDeltaM,FS3_b,1,4,1,1.0
hDeltaM,FC1A,1,4,1,1.0
PFNm_b,FS1A_a,1,0,1,1.0
vDeltaL,FS2,1,0,1,1.0
vDeltaE,PFNa,1,0,1,1.0
hDeltaM,FC1F,1,4,1,1.0
hDeltaM,hDeltaF,1,2,1,1.0
vDeltaE,FC2A,1,0,1,1.0
FC1D,PFNm_b,1,0,1,1.0
FS4C,PFGs,1,0,1,1.0
PFNm_b,FS1A_b,1,0,1,1.0
PFNm_b,vDeltaL,1,0,1,1.0
FS1B_a,FS3_a,1,-1,1,1.0
FS1B_a,PFL1,1,0,1,1.0
PFNm_b,vDeltaJ,1,0,1,1.0
vDeltaI_a,FS3_b,1,1,1,1.0
FS4A,PFGs,1,0,1,1.0
hDeltaE,PFR_a,1,-2,1,1.0
FC1F,hDeltaF,1,-2,1,1.0
hDeltaL,hDeltaH,1,2,1,1.0
FS3_c,FC1E,1,0,1,1.0
FC1C_b,PFNv,1,0,1,1.0
hDeltaG,vDeltaH,1,4,1,1.0
FC1C_b,vDeltaC,1,0,1,1.0
FC1C_b,vDeltaE,1,0,1,1.0
vDeltaH,FC1F,1,-1,1,1.0
vDeltaH,FS4C,1,-1,1,1.0
vDeltaJ,vDeltaD,1,0,1,1.0
vDeltaJ,FC1E,1,-1,1,1.0
vDeltaJ,FS4A,1,0,1,1.0
FR2,FC3_b,1,0,1,1.0
FR2,hDeltaI,1,0,1,1.0
vDeltaA_a,vDeltaH,1,0,1,1.0
FS1A_b,FS4A,1,4,1,1.0
vDeltaH,FS1A_b,1,-1,1,1.0
vDeltaI_a,FS1B_b,1,0,1,1.0
vDeltaG,vDeltaA_b,1,0,1,1.0
FC2A,vDeltaL,1,0,1,1.0
vDeltaI_a,hDeltaL,1,-3,1,1.0
FC2B,PFNa,1,0,1,1.0
FS1A_a,hDeltaB,1,1,1,1.0
FS1A_a,PFR_b,1,1,1,1.0
vDeltaB,vDeltaE,1,1,1,1.0
FS1B_a,hDeltaK,1,4,1,1.0
FS1B_a,vDeltaI_b,1,0,1,1.0
FS1B_a,FC1B,1,1,1,1.0
FS1B_a,vDeltaH,1,1,1,1.0
FS1B_a,FC3_c,1,2,1,1.0
vDeltaG,FS4A,1,1,1,1.0
vDeltaG,FS3_b,1,1,1,1.0
hDeltaG,FC1E,1,-3,1,1.0
hDeltaG,PFL1,1,4,1,1.0
vDeltaD,hDeltaD,1,-1,1,1.0
vDeltaD,hDeltaH,1,-3,1,1.0
PFL2,hDeltaF,1,2,1,1.0
FS4A,hDeltaB,1,3,1,1.0
FC1C_a,vDeltaK,1,0,1,1.0
PFNa,PFGs,1,0,1,1.0
FS1A_b,FS3_d,1,-2,1,1.0
vDeltaF,PFNd,1,0,1,1.0
vDeltaF,vDeltaM,1,0,1,1.0
vDeltaF,hDeltaF,1,2,1,1.0
FS1A_c,hDeltaK,1,-2,1,1.0
FS1A_c,PFL3,1,1,1,1.0
FS1A_c,vDeltaK,1,1,1,1.0
PFGs,hDeltaA,1,-2,1,1.0
PFGs,PFL1,1,-1,1,1.0
PFNm_b,PFL2,1,0,1,1.0
vDeltaD,hDeltaA,1,-2,1,1.0
FS1B_a,FC1C_b,1,-2,1,1.0
vDeltaM,FS3_a,1,0,1,1.0
FS1B_b,FC,1,-2,1,1.0
vDeltaJ,FC1A,1,0,1,1.0
PFL1,hDeltaD,1,4,1,1.0
PFL1,hDeltaH,1,3,1,1.0
vDeltaC,PFNm_b,1,-1,1,1.0
FS3_a,PFL2,1,1,1,1.0
FS3_a,hDeltaJ,1,0,1,1.0
vDeltaC,vDeltaI_a,1,0,1,1.0
vDeltaC,vDeltaL,1,1,1,1.0
vDeltaI_b,vDeltaA_b,1,0,1,1.0
vDeltaF,hDeltaB,1,-2,1,1.0
vDeltaF,vDeltaL,1,0,1,1.0
FC1C_a,vDeltaE,1,0,1,1.0
vDeltaI_a,PFNd,1,-1,1,1.0
PFL3,vDeltaF,1,-1,1,1.0
FS1A_c,FR2,1,0,1,1.0
FS1A_b,hDeltaL,1,4,1,1.0
FR2,FS3_b,1,0,1,1.0
FR2,hDeltaB,1,2,1,1.0
FS4A,FS1A_b,1,-1,1,1.0
FS2,vDeltaM,1,-1,1,1.0
PFNm_b,hDeltaK,1,-3,1,1.0
FS4C,FC3_b,1,0,1,1.0
FR2,PFL2,1,0,1,1.0
FR2,PFR_a,1,0,1,1.0
FR2,hDeltaA,1,4,1,1.0
FR2,FC1D,1,0,1,1.0
FR2,FS1B_b,1,0,1,1.0
FR2,FS1B_a,1,0,1,1.0
FR2,FC1C_a,1,0,1,1.0
FC,hDeltaB,1,2,1,1.0
FC,FC1F,1,0,1,1.0
vDeltaL,vDeltaH,1,0,1,1.0
FS3_c,FS1A_c,1,0,1,1.0
FS3_c,FS1B_b,1,0,1,1.0
FS3_c,vDeltaI_b,1,0,1,1.0
FS2,FC1C_b,1,0,1,1.0
vDeltaA_a,hDeltaH,1,-2,1,1.0
FS3_a,hDeltaG,1,1,1,1.0
FS3_a,FS1A_a,1,2,1,1.0
FS3_a,FR2,1,1,1,1.0
vDeltaE,vDeltaC,1,0,1,1.0
vDeltaE,vDeltaB,1,0,1,1.0
vDeltaE,FS4A,1,-1,1,1.0
vDeltaE,FS4B,1,-1,1,1.0
vDeltaI_b,FS4C,1,0,1,1.0
FS1B_b,hDeltaH,1,-3,1,1.0
FS1B_b,FC3_a,1,1,1,1.0
FS1B_b,vDeltaF,1,2,1,1.0
vDeltaI_a,FC1F,1,0,1,1.0
FS4C,FS3_b,1,3,1,1.0
FS3_c,FC,1,0,1,1.0
FS1A_c,FC1B,1,0,1,1.0
PFL1,PFGs,1,2,1,1.0
vDeltaL,FC1A,1,1,1,1.0
FS3_a,FC,1,0,1,1.0
FS3_a,hDeltaB,1,2,1,1.0
FS3_b,hDeltaK,1,0,1,1.0
vDeltaK,PFNm_b,1,0,1,1.0
vDeltaM,FS3_d,1,0,1,1.0
vDeltaE,FS1B_a,1,1,1,1.0
vDeltaK,FC1C_a,1,0,1,1.0
vDeltaK,FC3_a,1,0,1,1.0
vDeltaK,FC1B,1,0,1,1.0
vDeltaK,FR2,1,-1,1,1.0
FS3_c,hDeltaD,1,3,1,1.0
FS3_c,PFL3,1,0,1,1.0
FS4C,FC1C_a,1,0,1,1.0
vDeltaA_a,FR2,1,0,1,1.0
vDeltaL,FR2,1,1,1,1.0
vDeltaL,FC2C,1,1,1,1.0
FR2,vDeltaK,1,1,1,1.0
vDeltaA_b,vDeltaG,1,0,1,1.0
FR2,vDeltaL,1,-1,1,1.0
vDeltaM,FC3_c,1,1,1,1.0
FS2,FC,1,0,1,1.0
FS3_c,PFNm_b,1,0,1,1.0
vDeltaA_b,vDeltaL,1,1,1,1.0
FS3_a,hDeltaK,1,4,1,1.0
FS3_a,hDeltaC,1,4,1,1.0
FS3_a,PFNm_a,1,0,1,1.0
vDeltaC,PFNd,1,0,1,1.0
vDeltaA_a,vDeltaE,1,0,1,1.0
FS4B,PFNd,1,-1,1,1.0
vDeltaA_a,FS1B_b,1,0,1,1.0
FS1B_b,hDeltaL,1,1,1,1.0
FS4A,FS1B_b,1,1,1,1.0
PFNm_a,FS1A_c,1,0,1,1.0
vDeltaA_a,vDeltaF,1,0,1,1.0
FS4C,PFL1,1,-1,1,1.0
FS3_d,vDeltaA_b,1,1,1,1.0
FS3_a,FC1C_b,1,0,1,1.0
FS3_b,FS1A_a,1,-1,1,1.0
vDeltaJ,FC1D,1,0,1,1.0
vDeltaJ,PFNa,1,0,1,1.0
FS2,PFNm_b,1,0,1,1.0
vDeltaA_a,hDeltaJ,1,-1,1,1.0
vDeltaA_a,PFNm_a,1,0,1,1.0
FS4A,vDeltaM,1,0,1,1.0
FS4A,PFNa,1,0,1,1.0
FS3_a,FS1B_b,1,0,1,1.0
vDeltaA_a,FC1D,1,0,1,1.0
FS3_b,vDeltaL,1,0,1,1.0
vDeltaM,FS1A_b,1,0,1,1.0
FS3_d,PFL2,1,1,1,1.0
FS3_b,hDeltaD,1,0,1,1.0
FS3_b,vDeltaE,1,0,1,1.0
vDeltaA_b,PFR_a,1,0,1,1.0
FS1B_a,hDeltaM,1,0,1,1.0
FS1B_a,FS3_c,1,-2,1,1.0
FS4A,hDeltaM,1,0,1,1.0
FS4A,vDeltaJ,1,0,1,1.0
vDeltaI_b,hDeltaF,1,-3,1,1.0
FS3_d,vDeltaE,1,1,1,1.0
FS3_d,FC2A,1,0,1,1.0
vDeltaA_a,vDeltaG,1,1,1,1.0
FS4A,PFL1,1,0,1,1.0
FS4A,PFNd,1,-1,1,1.0
vDeltaA_b,PFNd,1,-1,1,1.0
FS4B,PFNm_b,1,1,1,1.0
vDeltaM,hDeltaG,1,4,1,1.0
FS3_b,hDeltaM,1,3,1,1.0
FS3_b,FC1D,1,0,1,1.0
vDeltaA_a,hDeltaC,1,4,1,1.0
FS3_d,FC3_a,1,0,1,1.0
hDeltaM,FS3_c,1,-3,1,1.0
FR2,PFL1,1,0,1,1.0
vDeltaK,PFNm_a,1,0,1,1.0
FS4A,FC1A,1,0,1,1.0
FS4A,FC3_b,1,0,1,1.0
FS4A,hDeltaC,1,1,1,1.0
FS4C,vDeltaL,1,0,1,1.0
FS4A,hDeltaH,1,4,1,1.0
FS4B,FS1A_b,1,1,1,1.0
FS4B,FS1A_c,1,0,1,1.0
FS4B,FC1D,1,0,1,1.0
FS3_b,FC2A,1,0,1,1.0
FS3_c,hDeltaB,1,1,1,1.0
FS3_b,vDeltaG,1,1,1,1.0
FS3_b,vDeltaI_b,1,0,1,1.0
FS3_b,FC3_b,1,0,1,1.0
FS3_d,FC3_b,1,1,1,1.0
FS3_d,PFR_a,1,0,1,1.0
vDeltaA_a,FC2A,1,0,1,1.0
vDeltaM,FC2C,1,0,1,1.0
hDeltaL,PFNm_b,1,-3,1,1.0
FS3_d,FC1B,1,0,1,1.0
FS3_d,FC2B,1,0,1,1.0
FS4A,hDeltaI,1,2,1,1.0
vDeltaK,FC1E,1,-1,1,1.0
FS4C,FC1E,1,0,1,1.0
FS1A_b,PFR_b,1,0,1,1.0
FS1A_b,FC3_a,1,0,1,1.0
FS3_d,FC1C_b,1,0,1,1.0
vDeltaM,FC3_a,1,0,1,1.0
PFL3,FS1A_b,1,-1,1,1.0
PFL3,vDeltaM,1,0,1,1.0
PFL2,FC1A,1,0,1,1.0
PFL2,hDeltaD,1,-3,1,1.0
PFL2,FS3_b,1,0,1,1.0
PFR_a,PFNa,1,-1,1,1.0
PFL2,FC2C,1,-1,1,1.0
PFL2,FS3_a,1,1,1,1.0
PFL3,FC3_c,1,0,1,1.0
PFR_a,vDeltaA_a,1,0,1,1.0
hDeltaK,FS4A,1,3,1,1.0
hDeltaA,FC1A,1,3,1,1.0
FC3_c,hDeltaE,1,-1,1,1.0
hDeltaG,vDeltaJ,1,-3,1,1.0
hDeltaM,FC3_a,1,-3,1,1.0
hDeltaH,FS3_b,1,4,1,1.0
PFL3,hDeltaK,1,1,1,1.0
FC2A,hDeltaL,1,3,1,1.0
PFNa,hDeltaA,1,3,1,1.0
FS2,vDeltaL,1,0,1,1.0
hDeltaC,vDeltaA_a,1,2,1,1.0
PFL1,vDeltaE,1,0,1,1.0
PFL1,FC3_c,1,1,1,1.0
PFL1,vDeltaC,1,-1,1,1.0
PFL1,FS1A_a,1,-1,1,1.0
PFL1,FC1B,1,-1,1,1.0
PFL1,hDeltaL,1,-3,1,1.0
FC2B,PFNd,1,-1,1,1.0
vDeltaI_b,FC1B,1,2,1,1.0
PFL2,hDeltaG,1,0,1,1.0
PFL2,vDeltaF,1,-1,1,1.0
PFL2,hDeltaC,1,0,1,1.0
PFL1,vDeltaF,1,0,1,1.0
PFL2,FC3_b,1,-1,1,1.0
PFL1,FC1C_a,1,0,1,1.0
PFL1,vDeltaG,1,1,1,1.0
PFNd,vDeltaF,1,1,1,1.0
PFR_b,vDeltaD,1,0,1,1.0
PFL1,FS1B_b,1,0,1,1.0
PFL1,FC,1,0,1,1.0
PFGs,FS1A_a,1,-1,1,1.0
FR1,PFGs,1,0,1,1.0
FR1,FC3_b,1,3,1,1.0
FR1,PFR_a,1,-1,1,1.0
FR1,FC1B,1,-2,1,1.0
hDeltaI,vDeltaC,1,4,1,1.0
FC2B,vDeltaM,1,0,1,1.0
FR1,FC1F,1,1,1,1.0
hDeltaH,vDeltaM,1,-3,1,1.0
FC2A,FS3_b,1,0,1,1.0
FC3_c,vDeltaB,1,0,1,1.0
hDeltaF,PFL1,1,-1,1,1.0
FC1A,vDeltaK,1,0,1,1.0
FC1B,vDeltaM,1,-1,1,1.0
PFL2,vDeltaA_b,1,0,1,1.0
vDeltaD,FC1A,1,1,1,1.0
vDeltaD,FR2,1,1,1,1.0
FS1A_b,FS3_a,1,0,1,1.0
FC1F,vDeltaM,1,0,1,1.0
FC1F,vDeltaK,1,0,1,1.0
vDeltaM,FS3_c,1,0,1,1.0
FS1A_a,vDeltaG,1,1,1,1.0
FS1A_a,PFGs,1,0,1,1.0
FS1A_a,PFL3,1,0,1,1.0
FS1A_a,PFL1,1,1,1,1.0
vDeltaL,vDeltaC,1,1,1,1.0
vDeltaA_b,PFGs,1,0,1,1.0
PFL2,PFR_b,1,1,1,1.0
PFNv,vDeltaH,1,0,1,1.0
