type_pre,type_post,total,mean_offset_deg,resultant_length,ncol_pre,ncol_post
PFNd,hDeltaB,20165,187.7,0.216,8,12
PFNa,PFNa,13850,172.1,0.02,9,9
PFNv,PFNv,9048,172.7,0.106,9,9
FR1,FR1,8694,177.2,0.119,9,9
PFNd,PFNd,8109,4.1,0.013,8,8
hDeltaB,PFR_a,6717,194.6,0.931,12,9
hDeltaB,PFR_b,5787,196.2,0.911,12,9
PFGs,hDeltaK,4790,164.6,0.922,9,12
hDeltaB,hDeltaK,4672,180.2,0.944,12,12
PFNv,hDeltaB,4344,343.0,0.841,9,12
hDeltaB,hDeltaJ,4232,6.3,0.153,12,12
PFNa,FC1B,4078,3.5,0.853,9,9
hDeltaB,vDeltaM,4009,194.7,0.881,12,9
hDeltaA,PFL3,3881,193.7,0.916,12,9
hDeltaB,hDeltaI,3575,4.0,0.596,12,12
hDeltaI,PFL3,3468,192.5,0.901,12,9
PFNd,PFR_a,3430,20.8,0.919,8,9
vDeltaA_a,hDeltaD,3285,306.9,0.03,9,8
vDeltaA_a,vDeltaA_a,3266,1.6,0.686,9,9
hDeltaL,FC2C,3187,198.0,0.881,12,9
hDeltaB,FR1,3168,195.5,0.922,12,9
vDeltaK,hDeltaA,3168,345.0,0.394,9,12
hDeltaB,PFGs,3125,196.8,0.944,12,9
vDeltaB,hDeltaE,3102,159.3,0.169,9,8
hDeltaJ,FC2A,3062,193.7,0.877,12,9
vDeltaM,vDeltaK,3058,1.9,0.896,9,9
vDeltaD,hDeltaL,2858,210.4,0.038,9,12
hDeltaK,PFGs,2846,196.0,0.924,12,9
PFNa,FC1A,2823,359.4,0.862,9,9
FC2C,PFL3,2700,1.9,0.895,9,9
PFR_a,hDeltaA,2666,249.5,0.02,9,12
hDeltaJ,FC2B,2573,195.1,0.883,12,9
PFNa,FC1F,2542,358.0,0.84,9,8
FC2A,PFL3,2512,359.4,0.888,9,9
FC2B,PFL3,2478,1.3,0.879,9,9
hDeltaH,FC2B,2437,202.0,0.858,8,9
hDeltaM,PFL3,2428,201.6,0.904,8,9
hDeltaC,FC2B,2414,194.7,0.885,12,9
vDeltaL,hDeltaA,2406,344.6,0.246,9,12
vDeltaE,hDeltaG,2405,166.4,0.124,9,8
vDeltaM,hDeltaA,2250,346.4,0.444,9,12
PFNm_b,PFNm_b,2231,357.3,0.19,9,9
hDeltaF,FC2C,2223,210.8,0.855,6,9
hDeltaB,hDeltaA,2216,1.3,0.794,12,12
hDeltaE,FC2C,2207,203.8,0.886,8,9
PFR_b,PFR_a,2199,358.5,0.485,9,9
hDeltaA,PFR_a,2195,194.5,0.93,12,9
hDeltaB,vDeltaL,2094,192.6,0.901,12,9
PFNa,FC1D,2038,358.8,0.868,9,9
FC2C,PFL2,2013,359.7,0.884,9,9
hDeltaI,PFL2,1942,194.0,0.895,12,9
hDeltaL,FS2,1885,193.0,0.865,12,9
vDeltaA_b,hDeltaD,1848,162.6,0.103,9,8
vDeltaG,hDeltaH,1789,340.0,0.278,9,8
vDeltaC,hDeltaL,1759,164.4,0.59,9,12
PFR_b,PFR_b,1722,182.7,0.16,9,9
hDeltaG,FC2B,1711,201.6,0.857,8,9
PFNm_a,PFNm_b,1644,1.5,0.131,9,9
vDeltaA_b,hDeltaE,1628,343.2,0.066,9,8
hDeltaC,vDeltaE,1604,195.1,0.864,12,9
PFNd,hDeltaA,1587,186.2,0.94,8,12
vDeltaF,hDeltaG,1582,337.2,0.285,9,8
hDeltaC,hDeltaF,1578,348.4,0.149,12,6
hDeltaM,PFL2,1555,202.7,0.915,8,9
vDeltaF,hDeltaH,1464,154.3,0.286,9,8
hDeltaG,FC2C,1460,206.4,0.877,8,9
hDeltaH,PFL3,1448,203.2,0.895,8,9
hDeltaA,PFL2,1447,195.6,0.898,12,9
hDeltaB,FS2,1413,197.8,0.926,12,9
PFNm_a,PFNm_a,1403,319.3,0.051,9,9
hDeltaA,hDeltaI,1388,182.9,0.846,12,12
hDeltaD,FC2C,1372,203.1,0.903,8,9
FC1D,PFL1,1349,358.6,0.857,9,9
PFNa,hDeltaJ,1338,343.6,0.888,9,12
PFNm_b,PFNm_a,1320,348.6,0.104,9,9
PFR_b,PFGs,1310,360.0,0.903,9,9
PFNa,hDeltaC,1275,343.5,0.923,9,12
hDeltaC,vDeltaD,1262,196.9,0.879,12,9
PFR_b,hDeltaH,1261,356.2,0.025,9,8
FC3_a,PFR_a,1261,359.4,0.933,9,9
vDeltaI_a,hDeltaH,1250,339.7,0.812,9,8
hDeltaG,FS2,1241,200.7,0.874,8,9
FC2B,PFL2,1230,0.9,0.88,9,9
hDeltaD,FS4A,1227,200.3,0.871,8,9
FC3_b,PFR_a,1211,356.8,0.911,9,9
vDeltaA_a,FS4A,1194,2.4,0.775,9,9
vDeltaI_a,FC2A,1164,1.6,0.841,9,9
hDeltaH,PFR_a,1148,201.7,0.899,8,9
PFNa,FC3_c,1137,355.1,0.851,9,9
vDeltaC,hDeltaE,1112,161.7,0.107,9,8
vDeltaM,vDeltaL,1106,0.1,0.861,9,9
hDeltaD,vDeltaB,1092,203.2,0.855,8,9
hDeltaC,vDeltaF,1092,197.0,0.888,12,9
FC2A,PFL2,1090,359.1,0.892,9,9
FC2B,hDeltaM,1073,336.0,0.594,9,8
vDeltaI_b,hDeltaH,1044,337.6,0.764,9,8
hDeltaA,PFR_b,1034,196.2,0.915,12,9
hDeltaB,hDeltaH,1010,353.5,0.866,12,8
PFNd,hDeltaJ,1005,188.3,0.723,8,12
PFNm_b,vDeltaC,999,354.5,0.873,9,9
hDeltaC,FC2C,980,199.9,0.891,12,9
hDeltaF,hDeltaC,971,192.9,0.637,6,12
hDeltaM,FC2B,958,204.4,0.868,8,9
vDeltaG,hDeltaM,954,158.0,0.593,9,8
vDeltaM,vDeltaJ,927,359.1,0.854,9,8
PFNm_b,vDeltaB,910,357.5,0.885,9,9
PFNa,FC3_b,885,1.1,0.855,9,9
hDeltaB,hDeltaB,882,180.5,0.441,12,12
vDeltaF,FC2B,880,0.7,0.822,9,9
PFL3,PFL3,853,171.1,0.098,9,9
FC3_b,vDeltaG,852,358.3,0.846,9,9
hDeltaB,FS4A,849,197.1,0.951,12,9
FC1E,PFL1,849,1.3,0.879,9,9
hDeltaL,vDeltaD,844,196.6,0.867,12,9
vDeltaG,FC2B,835,0.1,0.814,9,9
vDeltaI_b,vDeltaI_b,831,1.5,0.817,9,9
vDeltaE,hDeltaL,829,343.7,0.426,9,12
PFNm_b,FC2C,814,0.7,0.913,9,9
FC3_a,vDeltaG,808,2.4,0.866,9,9
hDeltaF,vDeltaD,797,208.7,0.823,6,9
PFR_b,hDeltaG,795,336.7,0.38,9,8
hDeltaH,FS2,786,202.1,0.874,8,9
hDeltaD,vDeltaA_b,786,197.8,0.865,8,9
PFNv,hDeltaC,780,341.5,0.866,9,12
PFNa,FC1E,774,2.5,0.886,9,9
PFR_a,hDeltaJ,769,163.9,0.458,9,12
PFR_a,hDeltaB,763,166.5,0.225,9,12
FC3_a,hDeltaH,762,159.1,0.267,9,8
hDeltaF,hDeltaL,756,190.9,0.796,6,12
FS2,FS2,753,335.8,0.062,9,9
PFNm_a,FC2C,749,357.9,0.948,9,9
FC3_b,hDeltaH,745,155.8,0.175,9,8
FC3_a,vDeltaF,744,357.3,0.834,9,9
vDeltaI_b,vDeltaI_a,740,356.6,0.829,9,9
hDeltaB,hDeltaG,736,353.3,0.453,12,8
hDeltaF,PFGs,726,210.7,0.888,6,9
vDeltaI_a,vDeltaI_a,708,358.3,0.74,9,9
FS4A,FS4A,706,195.1,0.03,9,9
vDeltaH,hDeltaH,701,317.0,0.689,7,8
hDeltaC,vDeltaC,701,196.2,0.881,12,9
vDeltaM,vDeltaI_b,700,0.9,0.885,9,9
FC3_b,PFGs,695,359.9,0.923,9,9
FC2C,FS1A_c,681,2.3,0.832,9,9
vDeltaK,PFL2,679,358.9,0.919,9,9
FC3_c,PFR_a,678,3.2,0.913,9,9
hDeltaF,vDeltaC,678,209.9,0.826,6,9
FC1A,PFL1,672,355.0,0.849,9,9
FC1D,FC1C_b,668,4.4,0.866,9,9
FC1A,FC1E,666,358.2,0.86,9,9
FC2C,hDeltaM,665,333.9,0.869,9,8
FC1B,hDeltaC,665,338.6,0.894,9,12
hDeltaG,FR1,657,200.8,0.895,8,9
PFNv,PFNa,657,1.3,0.908,9,9
hDeltaG,vDeltaE,653,202.0,0.869,8,9
FC1A,FC1D,649,0.1,0.813,9,9
hDeltaE,PFGs,640,199.9,0.907,8,9
vDeltaH,FC2A,631,340.2,0.779,7,9
vDeltaG,FC2A,631,359.6,0.83,9,9
hDeltaD,vDeltaA_a,630,198.5,0.845,8,9
vDeltaI_a,vDeltaI_b,628,2.5,0.815,9,9
hDeltaE,FS3_d,624,199.5,0.837,8,9
PFR_a,hDeltaH,619,131.5,0.034,9,8
FC2C,FC2C,607,359.9,0.417,9,9
PFL2,PFL2,606,125.6,0.067,9,9
hDeltaH,FR1,602,202.1,0.893,8,9
hDeltaL,FC2B,594,188.9,0.887,12,9
FC3_b,vDeltaI_a,593,0.5,0.844,9,9
hDeltaH,vDeltaG,587,202.4,0.878,8,9
hDeltaJ,PFR_a,584,194.5,0.916,12,9
hDeltaG,PFL3,582,204.2,0.909,8,9
hDeltaD,FS4B,579,204.6,0.855,8,9
PFR_a,PFR_b,579,1.6,0.455,9,9
FC3_b,vDeltaF,577,354.9,0.828,9,9
FC3_b,hDeltaJ,575,341.1,0.837,9,12
FC1B,FC3_c,568,347.4,0.845,9,9
vDeltaL,vDeltaK,557,0.9,0.909,9,9
FC1C_b,PFL1,554,357.3,0.845,9,9
hDeltaI,hDeltaI,548,179.4,0.845,12,12
PFNa,FC3_a,545,2.1,0.879,9,9
FC2B,FS1A_a,545,358.5,0.919,9,9
FC3_a,hDeltaJ,544,345.0,0.856,9,12
FC3_b,PFR_b,543,1.7,0.887,9,9
FC2C,FS1A_b,540,358.1,0.851,9,9
hDeltaE,hDeltaF,537,172.0,0.873,8,6
vDeltaK,PFL3,536,0.1,0.928,9,9
FC3_a,PFR_b,535,3.0,0.895,9,9
FC1B,FC1C_b,531,1.4,0.85,9,9
FC1D,FC1E,531,357.9,0.81,9,9
hDeltaG,vDeltaF,528,204.4,0.863,8,9
hDeltaL,FS3_a,523,203.4,0.854,12,9
FC3_a,FS2,520,1.4,0.887,9,9
hDeltaM,hDeltaH,516,182.1,0.895,8,8
FC3_c,FR1,512,4.7,0.893,9,9
FC1A,FC1C_b,510,4.4,0.863,9,9
FC1B,FC1E,508,353.4,0.857,9,9
FC3_a,PFGs,502,1.3,0.917,9,9
hDeltaE,hDeltaE,498,179.4,0.917,8,8
hDeltaL,FS3_c,498,190.7,0.856,12,8
hDeltaJ,vDeltaF,496,196.9,0.854,12,9
hDeltaM,hDeltaM,493,181.0,0.943,8,8
FC1B,FC1D,491,357.4,0.85,9,9
FC2A,FC2A,491,11.4,0.235,9,9
vDeltaB,vDeltaB,490,0.2,0.758,9,9
FC2B,FS1A_c,484,1.3,0.913,9,9
PFL1,PFL1,481,161.0,0.174,9,9
hDeltaD,FS3_d,478,207.2,0.876,8,9
vDeltaB,hDeltaD,475,154.9,0.55,9,8
hDeltaL,vDeltaC,474,197.0,0.862,12,9
FC3_c,hDeltaJ,474,352.9,0.849,9,12
hDeltaF,hDeltaF,468,181.0,0.937,6,6
vDeltaI_a,FR1,462,358.6,0.845,9,9
vDeltaE,FS2,459,360.0,0.834,9,9
FC1D,FR2,455,1.5,0.916,9,9
FC1B,FC3_a,455,358.8,0.905,9,9
vDeltaJ,hDeltaA,454,349.7,0.713,8,12
vDeltaF,FS2,454,359.4,0.853,9,9
FC2A,hDeltaM,452,334.9,0.198,9,8
FC2C,FS1B_b,448,359.6,0.939,9,9
hDeltaL,FS1A_b,444,198.7,0.852,12,9
vDeltaK,hDeltaI,442,346.6,0.777,9,12
FC3_b,FS2,440,358.5,0.919,9,9
hDeltaJ,hDeltaJ,440,163.4,0.068,12,12
PFNm_a,vDeltaC,439,356.8,0.907,9,9
FC3_a,FR1,432,358.1,0.896,9,9
hDeltaE,FS3_b,431,202.0,0.834,8,9
vDeltaD,FS2,431,358.7,0.859,9,9
hDeltaD,vDeltaC,429,202.5,0.888,8,9
hDeltaE,vDeltaC,429,204.4,0.861,8,9
hDeltaH,PFL2,427,204.0,0.905,8,9
hDeltaB,PFNd,427,171.9,0.922,12,8
FC3_b,vDeltaH,426,20.3,0.81,9,7
FC2A,FS1A_c,423,358.7,0.925,9,9
hDeltaF,FS3_a,421,217.4,0.82,6,9
FC1F,hDeltaC,421,349.5,0.89,8,12
hDeltaL,hDeltaL,413,178.2,0.934,12,12
PFNa,PFL1,410,358.4,0.912,9,9
hDeltaE,FS4C,409,199.1,0.9,8,9
hDeltaJ,hDeltaC,408,182.5,0.334,12,12
FC3_a,hDeltaG,400,159.2,0.274,9,8
PFR_a,hDeltaI,394,341.8,0.288,9,12
FC2C,FS4C,389,1.7,0.914,9,9
vDeltaA_b,vDeltaA_b,388,1.1,0.765,9,9
PFNm_b,vDeltaD,387,359.4,0.898,9,9
PFNv,hDeltaJ,387,350.4,0.634,9,12
PFR_a,PFR_a,387,43.4,0.118,9,9
hDeltaM,FC2A,383,201.9,0.897,8,9
FC1A,FC1C_a,377,359.9,0.877,9,9
hDeltaJ,FR2,374,193.8,0.906,12,9
FC3_a,vDeltaI_a,372,4.7,0.876,9,9
vDeltaC,PFGs,372,0.5,0.893,9,9
hDeltaK,hDeltaK,372,359.5,0.928,12,12
hDeltaH,vDeltaF,371,199.7,0.859,8,9
hDeltaM,FS1A_c,370,206.0,0.914,8,9
vDeltaA_a,FS4B,370,7.0,0.65,9,9
FC3_a,vDeltaE,367,0.2,0.823,9,9
FC1F,FC1C_b,366,5.1,0.852,8,9
hDeltaF,FS3_b,365,208.6,0.837,6,9
FC1F,FC3_a,365,5.4,0.881,8,9
FC2C,FS1A_a,363,355.2,0.843,9,9
FC3_c,hDeltaG,362,161.8,0.396,9,8
hDeltaG,hDeltaG,361,179.9,0.97,8,8
vDeltaG,PFR_b,359,359.6,0.858,9,9
FC3_b,FR1,358,357.5,0.891,9,9
FC3_c,FS2,357,359.9,0.879,9,9
hDeltaB,hDeltaL,356,353.4,0.72,12,12
hDeltaC,hDeltaC,355,183.2,0.399,12,12
hDeltaI,PFGs,352,191.2,0.928,12,9
FC1B,FC3_b,352,1.8,0.827,9,9
FC3_c,hDeltaH,351,177.5,0.172,9,8
FC1D,FC1C_a,351,359.3,0.871,9,9
PFNm_b,vDeltaA_b,349,358.3,0.822,9,9
vDeltaC,vDeltaC,348,1.5,0.755,9,9
FC3_c,vDeltaE,347,7.0,0.813,9,9
hDeltaA,FS2,345,195.4,0.929,12,9
FC3_c,hDeltaC,342,345.6,0.786,9,12
vDeltaE,FC2B,340,1.8,0.804,9,9
FC1A,FC3_c,339,353.2,0.869,9,9
PFR_a,FC2B,337,4.3,0.891,9,9
FC1E,FR2,336,359.2,0.917,9,9
FC1B,FC1C_a,334,352.9,0.851,9,9
hDeltaF,FS3_c,333,205.4,0.816,6,8
hDeltaH,FS1A_c,329,201.8,0.891,8,9
hDeltaF,FS4C,328,209.2,0.888,6,9
FC2B,FS1B_a,327,2.6,0.945,9,9
hDeltaE,FS4A,326,202.4,0.902,8,9
vDeltaA_b,FS4A,324,358.5,0.834,9,9
hDeltaE,FS3_a,323,210.8,0.873,8,9
FC1F,FC1E,322,359.0,0.877,8,9
FS2,hDeltaG,321,155.5,0.346,9,8
hDeltaM,hDeltaK,320,188.6,0.95,8,12
PFNm_a,hDeltaC,319,338.5,0.93,9,12
hDeltaJ,FS1A_a,315,190.3,0.814,12,9
PFR_a,vDeltaL,315,359.3,0.915,9,9
FC1E,FC1D,313,359.3,0.72,9,9
FC3_c,vDeltaF,311,8.4,0.828,9,9
PFNm_a,vDeltaD,310,359.1,0.922,9,9
vDeltaD,hDeltaG,305,148.1,0.542,9,8
FC1D,FC1D,305,7.2,0.64,9,9
vDeltaK,vDeltaK,305,1.8,0.921,9,9
FC1E,FC1C_b,304,3.0,0.629,9,9
vDeltaK,vDeltaI_b,304,356.7,0.909,9,9
hDeltaH,FS1B_a,303,202.4,0.908,8,9
FC2B,FS1A_b,303,0.4,0.904,9,9
PFR_a,vDeltaM,303,0.2,0.867,9,9
hDeltaA,FS1A_c,302,194.0,0.925,12,9
hDeltaE,FS2,298,203.4,0.867,8,9
hDeltaM,FS1A_a,297,202.7,0.871,8,9
FC2C,FS1B_a,297,1.7,0.947,9,9
PFNm_a,FC2B,297,354.5,0.89,9,9
hDeltaB,hDeltaC,297,177.0,0.33,12,12
PFR_a,PFL3,296,358.9,0.91,9,9
FC1A,FC1B,293,2.7,0.787,9,9
FC3_a,vDeltaH,292,25.1,0.844,9,7
FC2A,FS1A_a,290,357.8,0.896,9,9
vDeltaD,PFGs,289,1.9,0.88,9,9
hDeltaJ,hDeltaH,286,172.5,0.835,12,8
hDeltaA,hDeltaA,284,182.1,0.943,12,12
vDeltaL,hDeltaI,282,349.8,0.868,9,12
FC3_b,vDeltaI_b,281,356.8,0.855,9,9
FC1C_a,PFL1,280,356.6,0.843,9,9
FC1F,FC3_c,278,359.2,0.851,8,9
FC1F,FC3_b,274,2.4,0.877,8,9
vDeltaH,hDeltaM,271,137.1,0.619,7,8
hDeltaM,FS1B_a,268,203.0,0.924,8,9
hDeltaE,FS3_c,265,207.8,0.875,8,8
PFR_b,hDeltaA,265,165.6,0.394,9,12
hDeltaG,FS1A_c,264,203.3,0.85,8,9
vDeltaI_a,PFR_b,262,0.6,0.851,9,9
hDeltaD,hDeltaE,261,182.2,0.563,8,8
hDeltaB,hDeltaM,261,350.7,0.771,12,8
hDeltaF,FS3_d,261,202.8,0.881,6,9
PFNv,PFNd,258,345.2,0.661,9,8
vDeltaI_a,vDeltaH,256,22.3,0.787,9,7
FC1B,FC1A,256,0.5,0.824,9,9
hDeltaD,FS4C,253,199.9,0.875,8,9
FC2B,FC2B,253,9.3,0.315,9,9
hDeltaF,vDeltaE,252,209.7,0.838,6,9
FS2,hDeltaL,252,165.7,0.115,9,12
hDeltaH,FC2A,251,202.7,0.889,8,9
vDeltaM,hDeltaI,251,348.1,0.819,9,12
FC3_b,hDeltaC,251,344.5,0.786,9,12
hDeltaI,FS1A_c,250,195.7,0.915,12,9
FC1A,hDeltaC,250,341.1,0.901,9,12
hDeltaG,FS1B_b,247,201.9,0.91,8,9
vDeltaF,PFR_b,247,0.2,0.811,9,9
vDeltaC,hDeltaF,247,326.1,0.151,9,6
hDeltaL,vDeltaE,246,192.7,0.906,12,9
hDeltaB,vDeltaK,246,201.7,0.931,12,9
hDeltaJ,vDeltaG,246,193.5,0.867,12,9
hDeltaF,hDeltaE,245,182.8,0.749,6,8
hDeltaI,hDeltaA,245,202.4,0.107,12,12
hDeltaF,FS2,241,211.7,0.844,6,9
FC1E,FC1C_a,238,357.5,0.796,9,9
FC3_b,vDeltaE,238,354.8,0.877,9,9
FC1F,FC1D,235,7.3,0.84,8,9
FS4C,FS4C,235,292.3,0.035,9,9
FC3_c,PFR_b,234,9.5,0.905,9,9
hDeltaL,FS3_b,234,195.5,0.875,12,9
FC1F,FC1C_a,234,2.8,0.875,8,9
hDeltaG,PFR_a,233,198.9,0.909,8,9
FC3_c,PFGs,232,6.4,0.911,9,9
hDeltaL,PFGs,231,195.8,0.95,12,9
FC2B,FC2C,228,357.8,0.669,9,9
vDeltaC,FS2,227,2.4,0.82,9,9
hDeltaF,FS1A_b,225,207.6,0.784,6,9
vDeltaL,vDeltaL,224,4.9,0.826,9,9
FS1A_a,FS1A_a,224,338.8,0.081,9,9
FC3_c,vDeltaG,222,7.7,0.855,9,9
vDeltaI_b,FC2B,222,359.3,0.792,9,9
FC3_c,FC1C_b,221,5.7,0.877,9,9
FC1D,FC1A,221,2.8,0.738,9,9
hDeltaJ,vDeltaE,220,195.3,0.895,12,9
vDeltaA_a,vDeltaA_b,220,1.2,0.819,9,9
PFNm_b,hDeltaF,217,326.3,0.862,9,6
FC3_a,vDeltaI_b,217,4.1,0.86,9,9
FC2A,FS1A_b,217,353.1,0.926,9,9
FC2A,FS1B_a,217,357.7,0.913,9,9
vDeltaJ,hDeltaH,216,348.3,0.629,8,8
PFNm_a,hDeltaJ,216,347.1,0.914,9,12
hDeltaA,hDeltaJ,216,186.6,0.645,12,12
FS4A,FS4B,216,354.8,0.187,9,9
hDeltaC,PFGs,215,198.8,0.887,12,9
FC3_c,FC3_b,214,357.5,0.875,9,9
vDeltaE,PFGs,213,359.8,0.88,9,9
vDeltaG,hDeltaG,212,333.4,0.786,9,8
PFR_a,FC2A,212,4.9,0.913,9,9
hDeltaB,FS3_a,211,198.8,0.957,12,9
vDeltaH,FR1,211,337.3,0.811,7,9
vDeltaI_a,FC2B,211,354.3,0.825,9,9
vDeltaF,hDeltaM,208,183.7,0.247,9,8
FC1E,FC1E,207,2.5,0.408,9,9
FC3_a,hDeltaC,205,339.5,0.736,9,12
hDeltaA,vDeltaK,204,194.5,0.516,12,9
hDeltaM,hDeltaA,203,188.4,0.782,8,12
hDeltaM,hDeltaC,203,188.1,0.942,8,12
hDeltaC,vDeltaG,203,199.3,0.908,12,9
FC2B,FS1B_b,203,0.7,0.914,9,9
vDeltaJ,PFL2,202,4.8,0.9,8,9
PFR_a,hDeltaC,202,215.8,0.035,9,12
vDeltaD,FC2C,202,2.0,0.849,9,9
FC2C,FC2B,201,4.4,0.639,9,9
FC3_c,FC3_a,200,2.3,0.883,9,9
PFNm_a,vDeltaB,200,354.1,0.891,9,9
PFR_a,PFNd,200,337.3,0.924,9,8
hDeltaM,FS1A_b,199,203.6,0.924,8,9
vDeltaB,hDeltaF,197,330.0,0.723,9,6
vDeltaG,FR1,197,359.9,0.826,9,9
hDeltaL,hDeltaF,196,165.1,0.618,12,6
PFNd,vDeltaL,196,19.0,0.895,8,9
hDeltaB,PFL1,195,198.9,0.891,12,9
vDeltaE,FC2C,195,2.1,0.811,9,9
vDeltaB,vDeltaC,195,0.3,0.8,9,9
hDeltaB,FS3_d,194,195.8,0.952,12,9
vDeltaJ,vDeltaI_b,194,0.1,0.82,8,9
FC1C_b,FC1E,194,353.2,0.529,9,9
PFR_a,vDeltaK,194,1.4,0.925,9,9
PFNd,hDeltaH,193,182.5,0.831,8,8
hDeltaG,FS1A_b,192,202.0,0.873,8,9
hDeltaF,FC2B,191,203.5,0.832,6,9
hDeltaH,PFR_b,191,205.3,0.889,8,9
FC1B,FR1,189,3.0,0.877,9,9
vDeltaJ,PFL3,188,4.5,0.899,8,9
hDeltaD,hDeltaF,187,175.3,0.857,8,6
vDeltaG,FS2,187,351.0,0.88,9,9
hDeltaB,FS3_c,185,193.6,0.944,12,8
FC1B,FC1F,185,354.6,0.808,9,8
hDeltaC,PFR_a,183,195.3,0.93,12,9
vDeltaL,vDeltaI_b,183,359.6,0.896,9,9
FS4B,FS4B,182,1.0,0.082,9,9
hDeltaG,PFL2,180,197.9,0.874,8,9
hDeltaA,FS1B_a,180,194.5,0.919,12,9
vDeltaI_b,FR1,178,5.5,0.846,9,9
PFR_a,hDeltaK,177,343.7,0.326,9,12
FC1A,FC3_a,176,358.5,0.852,9,9
FC1A,FC1F,176,0.7,0.843,9,8
FC3_b,FC3_b,175,358.7,0.907,9,9
vDeltaH,FC2B,175,338.0,0.753,7,9
PFR_a,FS2,175,2.1,0.915,9,9
PFR_b,hDeltaJ,175,347.9,0.474,9,12
PFNa,FR1,174,357.0,0.92,9,9
PFR_a,FC3_a,173,1.7,0.943,9,9
FS1A_b,FS1A_a,173,21.0,0.063,9,9
hDeltaH,hDeltaH,172,178.0,0.962,8,8
FC1A,FR2,172,356.1,0.85,9,9
FC1C_b,FC1C_b,172,354.7,0.187,9,9
hDeltaL,FS4C,171,199.6,0.906,12,9
FC1B,PFL1,171,355.3,0.827,9,9
PFNm_a,hDeltaF,168,329.9,0.88,9,6
PFR_a,PFGs,167,0.9,0.861,9,9
FS1A_c,FS1A_c,166,251.7,0.063,9,9
PFNd,hDeltaG,165,204.2,0.188,8,8
hDeltaC,FS1A_a,164,197.7,0.872,12,9
FC1F,FR1,163,4.9,0.853,8,9
hDeltaM,PFR_b,163,200.2,0.921,8,9
PFR_b,FS2,163,354.7,0.87,9,9
PFR_a,vDeltaF,163,2.0,0.866,9,9
hDeltaE,hDeltaD,162,183.6,0.549,8,8
PFNm_a,vDeltaE,162,356.0,0.943,9,9
hDeltaD,hDeltaD,161,181.5,0.862,8,8
FC3_b,FC1C_b,161,1.9,0.882,9,9
vDeltaI_a,vDeltaG,161,359.6,0.77,9,9
hDeltaI,PFR_b,160,199.5,0.895,12,9
vDeltaH,vDeltaI_a,156,335.8,0.773,7,9
FC3_c,vDeltaD,156,2.0,0.845,9,9
PFNm_a,vDeltaI_a,156,1.1,0.955,9,9
FC1C_b,FC1D,156,356.7,0.843,9,9
FC1B,FC1B,156,358.2,0.791,9,9
FC2B,hDeltaC,156,340.5,0.575,9,12
hDeltaL,FS1B_b,155,192.2,0.933,12,9
FC1D,FC1B,155,6.2,0.842,9,9
FC2A,hDeltaA,154,345.7,0.814,9,12
PFR_a,FC3_b,154,6.0,0.927,9,9
FC1C_b,FC1C_a,154,334.1,0.328,9,9
hDeltaC,hDeltaL,152,170.8,0.411,12,12
vDeltaB,PFGs,152,6.7,0.876,9,9
FC1A,FC1A,151,0.7,0.437,9,9
PFR_a,hDeltaG,150,333.3,0.42,9,8
PFGs,hDeltaC,149,166.2,0.269,9,12
FC1F,FC1A,149,4.4,0.86,8,9
hDeltaJ,hDeltaM,149,169.4,0.824,12,8
vDeltaM,vDeltaM,149,9.8,0.84,9,9
FC1B,FS1B_b,147,354.5,0.924,9,9
FC1F,FC1B,146,10.4,0.87,8,9
hDeltaE,FS1A_b,145,204.3,0.872,8,9
FC3_a,FC3_b,145,4.2,0.884,9,9
PFR_a,hDeltaM,144,324.5,0.101,9,8
FS1A_b,FS1A_c,144,40.2,0.043,9,9
FC1F,hDeltaJ,143,346.0,0.824,8,12
PFR_b,hDeltaB,141,167.2,0.576,9,12
FS2,FS3_a,141,9.4,0.468,9,9
hDeltaJ,FS1A_c,141,196.6,0.856,12,9
vDeltaI_b,vDeltaH,140,26.1,0.795,9,7
hDeltaC,hDeltaJ,140,0.6,0.937,12,12
FC1A,FC3_b,139,3.3,0.785,9,9
FC2C,FS3_d,139,0.3,0.926,9,9
vDeltaL,vDeltaM,139,357.3,0.899,9,9
FS4B,FS4C,139,56.0,0.12,9,9
FC3_c,FC1E,138,359.7,0.861,9,9
FC1E,FS4C,138,0.8,0.895,9,9
hDeltaE,vDeltaB,138,196.2,0.869,8,9
FC1E,FC1A,138,2.5,0.884,9,9
FS1B_b,FS1B_b,138,299.1,0.048,9,9
FC2B,FS2,137,0.2,0.864,9,9
FC2B,FC2A,137,5.6,0.612,9,9
hDeltaH,FS1B_b,136,197.0,0.871,8,9
hDeltaI,PFR_a,136,193.5,0.902,12,9
vDeltaH,PFR_b,135,332.8,0.756,7,9
hDeltaM,hDeltaI,134,188.9,0.765,8,12
FS1A_c,FS1A_b,134,219.2,0.031,9,9
FC3_b,FC3_a,133,358.5,0.925,9,9
hDeltaC,hDeltaG,133,172.1,0.673,12,8
vDeltaI_b,FC2A,133,2.5,0.876,9,9
FS3_d,FS3_d,132,21.9,0.067,9,9
hDeltaM,FS1B_b,131,198.9,0.901,8,9
vDeltaB,hDeltaL,131,171.4,0.813,9,12
hDeltaF,FS4A,131,202.3,0.902,6,9
vDeltaM,vDeltaI_a,131,352.1,0.895,9,9
PFNm_b,hDeltaC,131,349.5,0.905,9,12
FC3_b,FC1B,130,0.6,0.897,9,9
FC1C_a,FC1C_b,130,15.9,0.221,9,9
FS4C,FS4B,130,138.8,0.083,9,9
FC3_c,FC1C_a,129,1.9,0.886,9,9
FC3_b,FC1C_a,128,355.8,0.931,9,9
hDeltaL,FS3_d,128,187.0,0.866,12,9
vDeltaL,vDeltaJ,128,6.5,0.832,9,8
FC2B,hDeltaH,128,128.6,0.111,9,8
PFR_a,FR1,128,359.3,0.922,9,9
vDeltaG,PFL3,127,0.4,0.857,9,9
vDeltaK,vDeltaJ,127,350.4,0.878,9,8
FC1B,hDeltaJ,126,336.6,0.866,9,12
FC3_a,vDeltaD,125,1.6,0.836,9,9
PFR_b,vDeltaI_b,125,1.1,0.867,9,9
FS1A_a,FS1A_b,124,247.6,0.127,9,9
FS1A_b,FS1A_b,123,6.9,0.068,9,9
hDeltaG,PFR_b,122,207.0,0.887,8,9
FC2A,FC2B,122,356.6,0.454,9,9
FC1C_a,FC1E,121,351.3,0.694,9,9
FC3_c,FC1B,121,11.4,0.846,9,9
vDeltaC,FC2C,120,358.9,0.843,9,9
FS3_a,hDeltaE,119,329.4,0.238,9,8
vDeltaA_a,hDeltaE,118,337.1,0.695,9,8
FC1E,FS4B,118,358.5,0.911,9,9
PFR_a,vDeltaG,118,3.4,0.9,9,9
PFNm_b,FS3_d,118,358.0,0.849,9,9
PFNd,FS2,118,26.2,0.912,8,9
FC2A,hDeltaJ,118,173.9,0.398,9,12
FC1D,FS4C,117,360.0,0.95,9,9
FC2B,hDeltaJ,117,173.2,0.464,9,12
PFNm_a,vDeltaF,116,4.0,0.849,9,9
FS4B,FS4A,116,271.7,0.071,9,9
hDeltaG,FS3_c,115,205.2,0.915,8,8
FC1B,FS1B_a,115,356.8,0.879,9,9
FC1C_b,FR2,115,0.8,0.913,9,9
FC3_b,hDeltaG,114,146.1,0.42,9,8
vDeltaI_b,PFR_b,114,354.0,0.843,9,9
FC2C,FS2,114,355.3,0.861,9,9
hDeltaG,FS1B_a,113,197.6,0.89,8,9
hDeltaG,PFGs,113,201.6,0.919,8,9
hDeltaG,FS1A_a,113,199.1,0.749,8,9
vDeltaL,PFL2,112,358.5,0.943,9,9
vDeltaI_b,vDeltaJ,111,349.8,0.854,9,8
FR1,FR2,111,11.4,0.237,9,9
hDeltaI,FS1A_b,110,192.5,0.943,12,9
FC3_b,FC3_c,110,352.8,0.865,9,9
FC2C,hDeltaG,110,352.0,0.33,9,8
vDeltaK,vDeltaL,110,4.7,0.903,9,9
PFNv,vDeltaE,109,6.2,0.88,9,9
FC3_c,FC1D,109,3.7,0.83,9,9
FC1E,FC2C,109,1.6,0.93,9,9
FC2C,hDeltaC,109,315.6,0.359,9,12
hDeltaC,FS2,108,192.3,0.849,12,9
PFGs,PFGs,107,357.6,0.788,9,9
FC1D,FC1F,107,355.0,0.832,9,8
PFNv,PFR_a,106,1.3,0.915,9,9
FC3_a,FC1C_a,106,3.5,0.929,9,9
FC2C,FS3_b,106,1.7,0.926,9,9
FC3_a,FC1C_b,106,8.3,0.89,9,9
PFR_b,FR1,105,1.2,0.817,9,9
hDeltaI,vDeltaK,105,192.0,0.905,12,9
FS3_a,hDeltaL,104,156.4,0.501,9,12
FC2C,FS3_a,104,1.3,0.899,9,9
hDeltaE,vDeltaD,103,201.8,0.903,8,9
FC3_b,FC2A,103,0.8,0.875,9,9
FC2C,hDeltaL,103,352.5,0.313,9,12
vDeltaE,PFR_b,102,5.7,0.86,9,9
vDeltaE,vDeltaE,102,3.6,0.787,9,9
hDeltaM,FR2,101,206.0,0.926,8,9
vDeltaI_b,hDeltaG,101,343.1,0.901,9,8
hDeltaA,vDeltaL,101,199.9,0.636,12,9
hDeltaM,hDeltaJ,101,192.7,0.63,8,12
FC1C_a,FC1C_a,100,173.8,0.109,9,9
FC1A,FS4C,99,359.6,0.914,9,9
PFNm_a,vDeltaI_b,97,358.4,0.927,9,9
PFNd,vDeltaM,97,31.3,0.839,8,9
vDeltaI_b,PFL3,97,2.3,0.887,9,9
PFR_a,PFL2,97,0.5,0.898,9,9
hDeltaJ,FC2C,97,200.4,0.923,12,9
vDeltaC,vDeltaD,97,1.4,0.813,9,9
FS2,FS3_c,97,12.9,0.375,9,8
PFNv,FS1A_a,96,358.1,0.855,9,9
FC2C,FS3_c,96,355.2,0.888,9,8
vDeltaF,FR1,96,0.9,0.854,9,9
PFNm_b,vDeltaE,96,2.1,0.941,9,9
FC1D,FC2C,96,359.5,0.893,9,9
vDeltaI_b,vDeltaG,96,2.9,0.827,9,9
FC1F,FS1B_a,95,6.0,0.928,8,9
vDeltaK,PFR_b,95,356.1,0.866,9,9
vDeltaK,vDeltaM,95,357.7,0.9,9,9
hDeltaG,FS3_a,94,206.1,0.903,8,9
hDeltaA,FC2A,94,191.7,0.833,12,9
FC3_a,FC2B,94,0.6,0.865,9,9
vDeltaH,vDeltaI_b,93,336.8,0.814,7,9
FC3_b,FC1F,93,357.8,0.88,9,8
vDeltaF,PFGs,92,5.8,0.839,9,9
hDeltaH,FS1A_a,90,212.0,0.885,8,9
FC3_c,FC1F,90,0.7,0.865,9,8
FS1A_c,FS1A_a,90,38.9,0.166,9,9
FC1B,vDeltaG,89,356.6,0.862,9,9
hDeltaJ,PFNv,89,191.7,0.815,12,9
hDeltaL,FR1,88,189.3,0.934,12,9
hDeltaH,FS1A_b,88,201.4,0.903,8,9
hDeltaH,FC2C,88,205.9,0.919,8,9
FC3_c,FS1B_b,88,358.5,0.95,9,9
hDeltaL,hDeltaC,88,295.1,0.063,12,12
PFGs,hDeltaB,88,302.7,0.055,9,12
vDeltaG,vDeltaG,88,358.9,0.785,9,9
hDeltaI,hDeltaJ,88,328.1,0.067,12,12
FC1D,FC,87,360.0,0.886,9,8
hDeltaM,vDeltaG,87,203.3,0.859,8,9
hDeltaH,vDeltaI_b,87,203.2,0.905,8,9
FS4A,vDeltaA_a,87,15.2,0.596,9,9
hDeltaI,vDeltaJ,86,184.5,0.898,12,8
FC1D,FS4B,86,2.7,0.928,9,9
hDeltaJ,PFL3,85,192.9,0.822,12,9
vDeltaF,hDeltaC,85,355.7,0.177,9,12
vDeltaC,vDeltaB,85,353.8,0.788,9,9
PFNm_b,FC2B,84,0.5,0.878,9,9
FC3_b,hDeltaI,84,352.8,0.791,9,12
hDeltaC,hDeltaK,84,0.7,0.984,12,12
hDeltaJ,hDeltaB,84,176.9,0.193,12,12
PFNd,PFR_b,83,20.1,0.879,8,9
vDeltaK,vDeltaI_a,83,358.7,0.823,9,9
vDeltaD,vDeltaD,83,1.4,0.819,9,9
vDeltaI_b,FC2C,83,4.7,0.885,9,9
FS3_c,hDeltaE,82,353.7,0.144,8,8
vDeltaC,FS3_a,82,4.9,0.87,9,9
vDeltaB,FC2C,82,0.6,0.826,9,9
hDeltaH,hDeltaG,81,171.7,0.845,8,8
hDeltaE,FS4B,81,204.8,0.895,8,9
FC2B,hDeltaG,81,238.6,0.031,9,8
FC2A,FS1B_b,80,0.5,0.938,9,9
vDeltaF,FC2C,80,14.1,0.866,9,9
PFNm_b,PFNa,80,352.8,0.709,9,9
FS3_a,FS2,80,7.8,0.244,9,9
hDeltaA,FS1A_a,79,196.6,0.939,12,9
hDeltaH,vDeltaH,79,224.2,0.821,8,7
hDeltaC,vDeltaB,79,188.4,0.879,12,9
FC3_b,vDeltaJ,79,350.0,0.876,9,8
PFNm_b,FS3_c,79,7.5,0.893,9,8
FC1E,FC1B,79,6.7,0.872,9,9
hDeltaB,FS3_b,78,190.9,0.926,12,9
FC1F,FS1B_b,78,3.9,0.931,8,9
vDeltaJ,hDeltaI,78,355.9,0.605,8,12
vDeltaJ,vDeltaK,78,358.0,0.883,8,9
vDeltaA_b,vDeltaA_a,78,358.8,0.792,9,9
vDeltaI_b,PFL2,77,4.1,0.907,9,9
FC3_b,FC1E,77,356.9,0.857,9,9
hDeltaJ,PFGs,77,193.2,0.929,12,9
hDeltaJ,FS2,77,189.9,0.899,12,9
PFNv,FC3_b,76,10.8,0.842,9,9
hDeltaG,vDeltaD,76,210.5,0.855,8,9
FC1F,vDeltaG,76,3.6,0.835,8,9
vDeltaI_b,hDeltaM,76,142.9,0.566,9,8
PFNm_a,vDeltaG,76,0.6,0.927,9,9
FC1A,FS1B_b,76,1.2,0.915,9,9
vDeltaH,vDeltaG,76,345.4,0.804,7,9
FC1C_b,FS4C,76,354.8,0.923,9,9
FR2,FR2,76,154.6,0.139,9,9
hDeltaI,hDeltaK,76,197.0,0.27,12,12
vDeltaG,vDeltaI_a,76,5.4,0.774,9,9
PFNa,FS4C,76,358.2,0.904,9,9
PFNm_a,FS3_a,75,1.9,0.88,9,9
hDeltaG,hDeltaL,75,180.6,0.749,8,12
vDeltaA_b,vDeltaB,75,5.0,0.815,9,9
vDeltaG,vDeltaI_b,75,0.2,0.782,9,9
hDeltaJ,hDeltaI,75,184.6,0.516,12,12
vDeltaD,hDeltaF,75,154.8,0.16,9,6
FS2,hDeltaB,75,176.9,0.17,9,12
PFNm_a,FC2A,74,359.4,0.901,9,9
FC1C_a,FC1D,74,1.8,0.906,9,9
FC1D,FC3_c,74,354.1,0.865,9,9
vDeltaL,PFL3,74,357.0,0.926,9,9
hDeltaB,FC2C,73,195.0,0.952,12,9
FS3_b,FS3_b,73,163.3,0.168,9,9
FC1B,PFNa,73,356.1,0.858,9,9
PFNm_a,FS3_c,72,358.8,0.935,9,8
hDeltaM,PFR_a,72,198.6,0.926,8,9
PFNm_b,FS3_a,72,4.5,0.885,9,9
FC3_a,FC2A,72,6.3,0.892,9,9
PFR_a,FS1A_a,72,0.4,0.844,9,9
PFNv,hDeltaM,71,333.3,0.919,9,8
PFL1,PFL3,71,348.5,0.278,9,9
vDeltaI_a,hDeltaM,71,164.6,0.481,9,8
FC1C_b,FS4B,71,2.2,0.941,9,9
hDeltaC,FS3_c,71,190.3,0.855,12,8
FS2,hDeltaE,71,340.6,0.775,9,8
hDeltaJ,PFR_b,71,193.5,0.874,12,9
vDeltaF,vDeltaF,71,358.8,0.726,9,9
FS1B_a,FS1A_c,71,30.5,0.248,9,9
vDeltaD,vDeltaC,71,2.0,0.812,9,9
hDeltaD,FS3_b,70,206.1,0.825,8,9
FC2C,FS4A,70,359.4,0.979,9,9
vDeltaJ,vDeltaI_a,70,12.2,0.837,8,9
vDeltaC,FS3_c,70,356.8,0.798,9,8
PFR_a,FS1A_c,70,359.6,0.894,9,9
FS3_a,hDeltaF,69,322.4,0.785,9,6
FC2B,FS4C,69,358.2,0.962,9,9
PFR_a,FC3_c,69,358.9,0.856,9,9
hDeltaI,vDeltaI_b,69,191.9,0.814,12,9
hDeltaL,FS1A_c,68,204.3,0.935,12,9
hDeltaF,FS1B_b,68,215.9,0.905,6,9
FC3_a,vDeltaJ,68,354.5,0.908,9,8
vDeltaI_a,FC1C_a,68,2.0,0.884,9,9
FC3_b,FC2B,68,359.1,0.899,9,9
hDeltaC,FS1A_b,68,201.6,0.86,12,9
vDeltaH,PFL3,67,338.5,0.798,7,9
FS3_a,FS3_a,67,265.4,0.229,9,9
FC1A,FS1B_a,66,348.4,0.899,9,9
vDeltaI_a,hDeltaG,66,340.2,0.892,9,8
FC3_b,FS1B_b,66,1.3,0.938,9,9
hDeltaI,FS1B_b,66,194.8,0.928,12,9
PFNa,hDeltaL,66,347.2,0.886,9,12
FS1A_a,FS1A_c,66,15.6,0.04,9,9
FC1A,FC,65,352.6,0.777,9,8
hDeltaA,FS1B_b,65,201.1,0.943,12,9
FC3_a,FC1F,65,359.0,0.873,9,8
hDeltaH,vDeltaI_a,65,211.3,0.814,8,9
PFNm_b,FS3_b,64,4.5,0.923,9,9
hDeltaF,hDeltaK,64,18.8,0.873,6,12
PFNm_a,FS4C,64,356.0,0.947,9,9
FC2A,FS2,64,359.3,0.922,9,9
vDeltaB,FS3_c,64,3.7,0.79,9,8
FC1B,FS4C,64,360.0,0.89,9,9
vDeltaE,hDeltaC,64,175.4,0.516,9,12
FC3_c,hDeltaL,63,179.8,0.225,9,12
FS2,FS3_d,63,352.5,0.38,9,9
FC3_c,FC1A,63,10.4,0.885,9,9
vDeltaF,hDeltaL,63,339.8,0.694,9,12
FC3_a,FC3_c,63,356.9,0.822,9,9
FS3_a,FS3_c,63,10.1,0.165,9,8
FC3_c,vDeltaH,62,44.5,0.88,9,7
FC3_b,PFNv,62,354.8,0.886,9,9
hDeltaA,hDeltaM,62,21.7,0.076,12,8
FC3_c,vDeltaC,62,8.8,0.756,9,9
PFNd,vDeltaI_b,61,31.7,0.927,8,9
PFNm_a,vDeltaA_b,61,4.2,0.917,9,9
FC1D,FS1A_c,61,358.5,0.9,9,9
FS3_c,hDeltaL,61,180.9,0.442,8,12
vDeltaA_a,vDeltaK,61,3.6,0.858,9,9
vDeltaG,vDeltaH,60,23.8,0.816,9,7
hDeltaI,FS1B_a,60,191.4,0.908,12,9
vDeltaF,vDeltaG,60,14.9,0.837,9,9
FC1C_b,FS4A,60,360.0,0.971,9,9
FS1A_c,FS1B_a,60,321.8,0.181,9,9
vDeltaB,FS3_a,60,4.9,0.768,9,9
hDeltaK,hDeltaC,60,185.4,0.089,12,12
hDeltaI,FC2A,59,195.6,0.932,12,9
FC1B,vDeltaH,59,34.8,0.893,9,7
FC3_a,FC1B,59,5.1,0.939,9,9
FS2,hDeltaF,59,336.3,0.586,9,6
FC2B,vDeltaG,59,12.1,0.814,9,9
hDeltaA,vDeltaI_b,58,2.0,0.432,12,9
hDeltaG,hDeltaC,58,190.3,0.203,8,12
PFNm_a,FS3_b,58,2.7,0.938,9,9
hDeltaJ,FS1A_b,58,195.4,0.917,12,9
hDeltaA,hDeltaK,57,176.4,0.418,12,12
vDeltaI_b,hDeltaA,57,338.5,0.811,9,12
FC1B,FS2,57,357.7,0.944,9,9
hDeltaB,vDeltaE,57,198.4,0.951,12,9
PFR_a,FC2C,57,3.1,0.909,9,9
FC3_c,FS1B_a,56,358.4,0.844,9,9
FS2,FS3_b,56,7.3,0.38,9,9
FC1B,FC,56,353.9,0.808,9,8
FC1F,PFL1,56,357.6,0.848,8,9
FC1B,FR2,56,357.6,0.901,9,9
hDeltaA,hDeltaB,56,330.0,0.067,12,12
FC1F,FS2,56,356.8,0.918,8,9
FC3_b,FC1D,56,1.9,0.925,9,9
FC1E,FC1F,56,359.1,0.84,9,8
FS3_c,FS2,56,26.0,0.13,8,9
FS4A,hDeltaD,56,357.7,0.265,9,8
hDeltaF,FS4B,55,211.6,0.884,6,9
vDeltaD,hDeltaC,55,208.0,0.16,9,12
PFNm_b,FS4B,55,360.0,0.915,9,9
FC1B,vDeltaF,55,355.1,0.841,9,9
FS1B_a,FS1B_a,55,305.6,0.092,9,9
hDeltaC,hDeltaM,54,175.8,0.806,12,8
vDeltaK,hDeltaH,54,356.8,0.275,9,8
PFNd,hDeltaK,54,4.1,0.865,8,12
FS4C,FS1B_b,54,345.4,0.061,9,9
PFGs,hDeltaF,54,144.2,0.461,9,6
FC2B,vDeltaF,54,357.8,0.863,9,9
FC2C,FC2A,54,1.2,0.917,9,9
FS1B_b,FS4C,54,281.0,0.08,9,9
PFNv,FC3_a,53,351.3,0.878,9,9
PFNv,hDeltaL,53,350.9,0.885,9,12
PFGs,FC3_b,53,6.5,0.94,9,9
FC1F,FC1F,53,359.1,0.829,8,8
PFR_a,FR2,53,6.0,0.895,9,9
FC2C,FS4B,53,2.7,0.971,9,9
PFR_a,vDeltaI_b,53,3.4,0.891,9,9
PFR_b,hDeltaI,53,287.8,0.07,9,12
FS4A,hDeltaE,52,348.8,0.548,9,8
hDeltaB,FC2B,52,203.2,0.849,12,9
vDeltaD,hDeltaE,52,229.5,0.298,9,8
FC1C_a,FR2,52,360.0,0.944,9,9
hDeltaA,FS1A_b,52,202.9,0.898,12,9
hDeltaJ,hDeltaA,52,190.7,0.415,12,12
FR1,PFR_b,52,60.8,0.141,9,9
hDeltaJ,hDeltaK,52,354.2,0.164,12,12
PFR_a,FS1B_a,52,0.1,0.9,9,9
FC1D,FC3_b,52,1.9,0.74,9,9
PFR_b,vDeltaL,51,0.9,0.914,9,9
FC3_a,FC3_a,51,6.2,0.896,9,9
vDeltaA_b,FC2C,51,7.5,0.89,9,9
vDeltaF,FC2A,51,359.1,0.88,9,9
FC1E,FS4A,51,10.5,0.912,9,9
FS3_d,FS3_b,51,291.0,0.048,9,9
FC1F,FS1A_c,50,358.2,0.907,8,9
vDeltaA_a,vDeltaJ,50,357.4,0.92,9,8
FS1B_b,FS2,50,8.0,0.094,9,9
vDeltaI_a,vDeltaJ,50,354.2,0.795,9,8
FC3_b,vDeltaD,50,355.2,0.845,9,9
FC2C,hDeltaI,50,351.3,0.599,9,12
FC1F,hDeltaH,49,332.8,0.284,8,8
vDeltaG,FS1A_c,49,3.7,0.773,9,9
PFR_a,vDeltaJ,49,358.2,0.917,9,8
FC3_a,FS1B_b,48,353.2,0.925,9,9
vDeltaM,PFR_b,48,358.1,0.903,9,9
FS3_c,hDeltaF,48,326.3,0.773,8,6
hDeltaH,hDeltaC,48,202.5,0.214,8,12
vDeltaH,vDeltaH,48,2.8,0.664,7,7
FC3_b,vDeltaK,48,358.1,0.878,9,9
hDeltaI,FS1A_a,48,189.2,0.853,12,9
FC2B,PFR_a,48,7.5,0.887,9,9
vDeltaD,FC2B,48,346.0,0.809,9,9
FC2A,hDeltaI,48,353.3,0.384,9,12
PFNa,FC1C_b,48,4.7,0.899,9,9
FS1A_b,FC2C,48,333.0,0.202,9,9
PFL3,hDeltaA,47,55.4,0.114,9,12
PFNm_b,vDeltaF,47,3.3,0.905,9,9
hDeltaM,FS2,47,207.9,0.893,8,9
PFNd,hDeltaI,47,28.5,0.223,8,12
FC1A,hDeltaI,47,348.7,0.883,9,12
PFNm_a,FS4B,47,356.1,0.877,9,9
FC2C,hDeltaF,47,296.6,0.158,9,6
hDeltaE,FS1B_b,46,202.5,0.924,8,9
PFNm_b,vDeltaI_a,46,6.7,0.924,9,9
hDeltaC,FS3_a,46,196.8,0.869,12,9
PFNa,vDeltaG,46,0.9,0.956,9,9
vDeltaA_a,FS4C,46,14.3,0.874,9,9
PFR_b,FC3_b,46,356.6,0.878,9,9
FC1F,vDeltaH,45,24.9,0.899,8,7
hDeltaC,FC2A,45,187.1,0.937,12,9
PFR_b,FC3_a,45,4.7,0.846,9,9
vDeltaF,FS1A_c,45,351.3,0.768,9,9
FC1D,hDeltaC,45,338.7,0.878,9,12
FC1B,vDeltaI_a,45,358.0,0.922,9,9
FC3_c,FC2C,45,1.3,0.807,9,9
PFR_b,vDeltaM,45,360.0,0.857,9,9
hDeltaD,FS2,44,197.4,0.903,8,9
FC3_b,FC1A,44,356.7,0.843,9,9
hDeltaI,hDeltaM,44,156.1,0.073,12,8
hDeltaA,PFGs,44,192.6,0.904,12,9
vDeltaB,vDeltaA_b,44,353.4,0.758,9,9
FS2,FC2C,44,0.9,0.848,9,9
FS3_c,FS3_a,44,87.0,0.178,8,9
FC1C_b,FC,43,349.5,0.774,9,8
hDeltaJ,hDeltaG,43,169.6,0.863,12,8
FC1F,PFR_b,43,3.1,0.926,8,9
FC1A,vDeltaG,43,354.8,0.915,9,9
FC1B,PFR_b,43,352.7,0.905,9,9
vDeltaL,PFR_b,43,351.2,0.86,9,9
FC1F,FS4C,43,2.0,0.946,8,9
FC1C_b,FC1A,43,359.4,0.895,9,9
vDeltaA_b,hDeltaF,42,331.3,0.74,9,6
hDeltaB,vDeltaI_b,42,195.5,0.948,12,9
FC1D,FS1B_a,42,0.7,0.865,9,9
FC2C,FC,42,356.8,0.897,9,8
FC3_a,FC1E,42,359.0,0.923,9,9
FC1D,PFNa,42,11.1,0.877,9,9
hDeltaL,hDeltaK,42,358.8,0.95,12,12
PFNd,PFGs,42,25.9,0.925,8,9
vDeltaD,FS3_c,42,351.2,0.885,9,8
FS2,vDeltaC,42,2.8,0.825,9,9
FC1A,PFNa,42,4.9,0.875,9,9
hDeltaA,hDeltaH,41,162.8,0.167,12,8
hDeltaL,FS1A_a,41,188.9,0.956,12,9
hDeltaA,vDeltaJ,41,134.6,0.114,12,8
vDeltaM,vDeltaA_b,41,358.7,0.88,9,9
hDeltaM,FR1,41,199.9,0.912,8,9
hDeltaL,hDeltaE,41,167.6,0.835,12,8
hDeltaC,FS3_b,41,200.1,0.906,12,9
FC3_a,hDeltaL,41,168.3,0.155,9,12
FS3_c,FS3_c,41,4.5,0.383,8,8
PFR_b,vDeltaI_a,41,356.7,0.894,9,9
FS4A,FS4C,41,13.6,0.353,9,9
FC1C_a,FS4B,41,2.2,0.901,9,9
vDeltaL,PFR_a,41,356.7,0.909,9,9
FC1A,FR1,40,360.0,0.862,9,9
FC1B,hDeltaI,40,343.2,0.891,9,12
hDeltaI,FS2,40,195.0,0.872,12,9
vDeltaJ,FR1,40,9.1,0.894,8,9
hDeltaA,vDeltaM,40,199.2,0.337,12,9
vDeltaJ,PFR_b,40,1.6,0.873,8,9
hDeltaI,FR1,40,195.9,0.937,12,9
vDeltaG,vDeltaF,40,359.5,0.83,9,9
FS2,vDeltaE,40,6.0,0.851,9,9
PFR_a,vDeltaI_a,40,1.2,0.861,9,9
PFR_b,vDeltaF,40,1.9,0.851,9,9
PFNv,PFGs,39,357.6,0.866,9,9
PFGs,hDeltaL,39,196.5,0.074,9,12
vDeltaB,FS2,39,354.3,0.683,9,9
vDeltaM,PFR_a,39,1.9,0.862,9,9
FS2,vDeltaD,39,356.3,0.838,9,9
FC2C,PFGs,39,360.0,0.895,9,9
hDeltaH,hDeltaJ,38,9.6,0.522,8,12
hDeltaI,FC2B,38,189.7,0.902,12,9
FC2C,vDeltaF,38,359.5,0.843,9,9
vDeltaD,vDeltaE,38,7.4,0.862,9,9
FC3_c,FC2B,38,357.6,0.893,9,9
hDeltaI,hDeltaB,38,3.2,0.221,12,12
FS1A_a,FC2C,38,161.1,0.134,9,9
vDeltaE,hDeltaH,37,148.2,0.704,9,8
FC1B,FC2B,37,1.2,0.929,9,9
FC1E,FS1A_c,37,3.4,0.962,9,9
PFNv,FS3_a,37,360.0,0.889,9,9
hDeltaI,hDeltaH,37,150.5,0.248,12,8
FC3_a,hDeltaK,37,224.9,0.112,9,12
FS1B_b,FS1B_a,37,143.8,0.116,9,9
PFNd,FC2C,37,28.7,0.915,8,9
vDeltaI_b,vDeltaK,37,5.5,0.874,9,9
vDeltaA_b,FS3_d,37,354.5,0.748,9,9
hDeltaF,vDeltaB,36,197.7,0.863,6,9
hDeltaH,PFGs,36,202.5,0.565,8,9
FC1B,hDeltaH,36,340.5,0.411,9,8
hDeltaA,FR1,36,185.0,0.876,12,9
FC1D,hDeltaI,36,357.3,0.709,9,12
vDeltaD,FS3_a,36,1.9,0.82,9,9
vDeltaI_a,FC1C_b,36,2.4,0.919,9,9
PFGs,FC3_a,36,5.8,0.964,9,9
vDeltaG,hDeltaC,36,346.3,0.591,9,12
FS4B,vDeltaA_a,36,357.3,0.597,9,9
vDeltaF,PFR_a,36,352.1,0.862,9,9
PFNa,PFNd,36,342.9,0.84,9,8
PFL2,PFL3,36,344.9,0.213,9,9
PFL3,PFL2,36,12.3,0.276,9,9
FC3_b,hDeltaK,36,26.4,0.111,9,12
FC3_b,hDeltaA,35,21.8,0.256,9,12
FC1A,FS1A_c,35,355.0,0.92,9,9
hDeltaJ,PFL2,35,195.5,0.94,12,9
PFNm_a,vDeltaH,35,25.9,0.915,9,7
vDeltaG,FS1B_a,35,357.5,0.917,9,9
vDeltaM,PFGs,35,1.3,0.875,9,9
FC1D,FC3_a,35,360.0,0.893,9,9
FC2A,hDeltaH,35,345.4,0.24,9,8
vDeltaG,FS1A_a,35,3.9,0.759,9,9
FS4C,FS4A,35,313.1,0.251,9,9
vDeltaB,FS3_d,35,346.2,0.731,9,9
hDeltaM,FS4C,34,201.1,0.924,8,9
hDeltaF,FS1A_a,34,187.8,0.944,6,9
hDeltaF,hDeltaG,34,186.6,0.726,6,8
hDeltaE,hDeltaL,34,38.8,0.132,8,12
hDeltaA,vDeltaF,34,193.8,0.91,12,9
PFR_b,vDeltaK,34,353.2,0.877,9,9
hDeltaM,vDeltaI_b,34,207.4,0.895,8,9
FC1B,FS1A_c,34,353.0,0.926,9,9
PFNm_b,FS4C,34,360.0,0.879,9,9
vDeltaF,vDeltaE,34,11.0,0.806,9,9
FS3_d,FS2,34,340.0,0.279,9,9
vDeltaF,FS1A_a,34,352.3,0.84,9,9
hDeltaI,vDeltaM,34,195.1,0.867,12,9
FS2,PFR_a,34,1.3,0.94,9,9
hDeltaH,hDeltaA,33,186.1,0.684,8,12
hDeltaM,hDeltaG,33,180.0,0.939,8,8
hDeltaA,vDeltaI_a,33,26.2,0.645,12,9
hDeltaG,vDeltaG,33,200.5,0.796,8,9
FC3_a,FS3_a,33,1.3,0.92,9,9
hDeltaD,PFGs,33,201.3,0.908,8,9
FC1C_a,FS4C,33,360.0,0.982,9,9
hDeltaC,FC3_a,33,194.9,0.864,12,9
hDeltaA,FC2B,33,185.6,0.873,12,9
PFNv,FC3_c,33,357.3,0.912,9,9
vDeltaK,PFR_a,33,357.3,0.912,9,9
FC1A,hDeltaJ,33,339.0,0.691,9,12
FC3_a,FS1B_a,33,359.8,0.86,9,9
PFNv,FS3_c,33,1.4,0.885,9,8
hDeltaD,FS3_c,33,201.8,0.924,8,8
PFR_a,vDeltaE,33,1.4,0.86,9,9
FC1F,hDeltaI,33,358.5,0.886,8,12
FC1F,PFNa,33,358.6,0.885,8,9
FC2C,hDeltaE,33,175.2,0.105,9,8
PFNd,PFNv,33,17.6,0.326,8,9
FS3_b,FS3_a,33,354.6,0.095,9,9
vDeltaF,FC3_a,33,7.6,0.745,9,9
hDeltaB,PFL3,32,194.3,0.899,12,9
FC3_a,FC,32,11.0,0.926,9,8
PFNm_a,PFNa,32,355.9,0.877,9,9
FC3_a,PFL3,32,2.6,0.964,9,9
FC3_c,FC3_c,32,359.4,0.85,9,9
FC1A,hDeltaA,32,346.0,0.937,9,12
PFNa,PFNv,32,356.3,0.836,9,9
hDeltaI,FS4C,32,194.1,0.96,12,9
hDeltaH,FC3_b,32,208.4,0.464,8,9
FC1C_b,FS1A_c,32,358.1,0.545,9,9
FS3_a,FS3_b,32,1.1,0.289,9,9
FS2,hDeltaJ,32,354.6,0.508,9,12
FC1D,FS4A,32,358.7,0.973,9,9
vDeltaI_a,PFL3,32,8.6,0.882,9,9
FC3_b,hDeltaM,31,154.1,0.209,9,8
PFNm_a,vDeltaJ,31,358.7,0.991,9,8
FC3_a,hDeltaI,31,351.6,0.691,9,12
hDeltaM,vDeltaH,31,221.7,0.816,8,7
PFNa,FC2C,31,9.7,0.947,9,9
PFL3,PFL1,31,21.1,0.517,9,9
vDeltaJ,FC2B,31,13.0,0.795,8,9
FS1B_a,FS2,31,20.3,0.328,9,9
vDeltaE,vDeltaD,31,348.3,0.834,9,9
FC3_a,FC1D,31,352.9,0.922,9,9
PFNa,FC,30,339.4,0.87,9,8
vDeltaI_b,vDeltaF,30,357.9,0.889,9,9
vDeltaM,vDeltaA_a,30,356.1,0.842,9,9
FC1E,FC,30,355.2,0.837,9,8
PFNm_b,hDeltaD,30,333.3,0.89,9,8
FC3_c,vDeltaI_a,30,1.4,0.932,9,9
hDeltaJ,FS1B_a,30,190.0,0.765,12,9
vDeltaE,vDeltaF,30,353.8,0.831,9,9
FC2A,PFR_a,30,357.1,0.943,9,9
vDeltaA_a,FC2C,30,2.9,0.923,9,9
PFNa,PFNm_b,30,3.8,0.501,9,9
FC3_a,FS3_c,29,357.2,0.981,9,8
PFR_a,vDeltaH,29,17.0,0.865,9,7
PFNm_b,hDeltaJ,29,349.2,0.867,9,12
vDeltaE,FR1,29,1.0,0.804,9,9
hDeltaL,FS4A,29,194.3,0.932,12,9
FC3_b,PFL3,29,355.5,0.932,9,9
FC1C_a,FS4A,29,2.8,0.981,9,9
PFR_b,hDeltaK,29,331.3,0.532,9,12
FC1D,FS3_d,29,4.7,0.892,9,9
FC1E,FC3_b,29,353.8,0.904,9,9
hDeltaM,FC2C,29,196.2,0.911,8,9
FC3_a,FC2C,29,1.5,0.93,9,9
PFGs,hDeltaJ,29,178.9,0.438,9,12
vDeltaK,FR1,29,6.5,0.864,9,9
FC2C,vDeltaE,29,352.8,0.861,9,9
FC2C,vDeltaD,29,6.5,0.864,9,9
FS2,FS4A,28,349.7,0.762,9,9
vDeltaI_a,FC1E,28,14.4,0.914,9,9
FC3_b,FC,28,9.4,0.929,9,8
PFNd,FR1,28,26.5,0.907,8,9
vDeltaJ,vDeltaJ,28,357.2,0.829,8,8
hDeltaC,FS3_d,28,185.9,0.781,12,9
hDeltaI,FC2C,28,202.1,0.918,12,9
FC2C,hDeltaH,28,262.1,0.076,9,8
PFGs,PFNd,28,326.8,0.842,9,8
FC3_c,PFNa,28,5.1,0.846,9,9
FS3_b,FS2,28,187.3,0.117,9,9
FS3_b,FS3_d,28,151.8,0.16,9,9
PFGs,FC2C,28,5.7,0.864,9,9
hDeltaB,FC3_c,27,218.9,0.883,12,9
FC1C_a,PFR_b,27,354.9,0.884,9,9
FC1B,PFR_a,27,349.0,0.881,9,9
FC1A,FS4B,27,360.0,0.913,9,9
FS2,FC3_a,27,358.4,0.968,9,9
FC1C_b,PFR_b,27,1.6,0.946,9,9
FC1C_a,FS1A_c,27,6.2,0.728,9,9
PFNd,FS3_c,27,23.4,0.924,8,8
hDeltaA,FC3_b,27,195.6,0.862,12,9
PFR_a,FS1B_b,27,360.0,0.935,9,9
PFR_b,FC3_c,27,358.2,0.841,9,9
PFNv,FC2C,27,358.3,0.903,9,9
FC3_b,FS4C,27,6.2,0.962,9,9
hDeltaI,FC1C_a,27,198.1,0.922,12,9
FC,FS1A_c,27,0.0,0.259,8,9
FS4A,vDeltaA_b,27,339.9,0.824,9,9
FC2A,FC2C,27,353.5,0.919,9,9
FC2A,hDeltaC,27,337.7,0.551,9,12
hDeltaI,vDeltaL,27,193.5,0.884,12,9
vDeltaF,FC3_b,27,8.3,0.912,9,9
FC1A,FC2C,27,355.0,0.906,9,9
FC1E,FC3_c,27,7.3,0.791,9,9
FC1D,hDeltaJ,27,342.1,0.807,9,12
FC1B,FS4A,26,1.6,0.967,9,9
FC3_b,FS1B_a,26,359.3,0.905,9,9
FS1B_a,FC2A,26,51.1,0.724,9,9
FC1F,FC,26,8.1,0.88,8,8
PFGs,FC3_c,26,360.0,0.932,9,9
PFNa,hDeltaI,26,357.2,0.979,9,12
hDeltaB,vDeltaD,26,180.1,0.908,12,9
hDeltaG,FS3_b,26,212.3,0.865,8,9
PFNv,vDeltaD,26,353.3,0.939,9,9
vDeltaI_a,vDeltaF,26,2.5,0.895,9,9
hDeltaG,FS3_d,26,204.3,0.924,8,9
vDeltaG,FC3_b,26,360.0,0.91,9,9
vDeltaB,FS4A,26,358.9,0.849,9,9
FC3_a,FC1A,26,4.9,0.947,9,9
PFGs,PFR_b,26,1.7,0.944,9,9
hDeltaL,hDeltaG,26,153.4,0.145,12,8
FC2C,hDeltaK,26,172.0,0.653,9,12
hDeltaC,FC3_c,26,182.3,0.939,12,9
PFNa,FC1C_a,26,360.0,0.91,9,9
FC3_a,hDeltaM,26,325.8,0.29,9,8
vDeltaL,vDeltaI_a,26,360.0,0.887,9,9
FS2,PFGs,26,358.3,0.922,9,9
FC2C,hDeltaJ,26,336.9,0.255,9,12
FC2C,FC3_a,26,358.3,0.899,9,9
PFNv,FC1F,26,3.4,0.912,9,8
hDeltaI,FC,25,202.5,0.856,12,8
FC2B,FC,25,9.5,0.926,9,8
vDeltaA_a,FS2,25,5.7,0.852,9,9
hDeltaH,hDeltaI,25,304.9,0.086,8,12
FC1F,vDeltaI_a,25,5.3,0.922,8,9
vDeltaH,FC1C_b,25,344.0,0.869,7,9
vDeltaM,PFL3,25,356.7,0.978,9,9
hDeltaL,vDeltaB,25,189.7,0.873,12,9
PFR_b,FC2B,25,352.5,0.867,9,9
FC2C,vDeltaI_b,25,352.9,0.913,9,9
FC2B,vDeltaH,25,32.0,0.81,9,7
FC3_a,hDeltaA,25,185.5,0.057,9,12
vDeltaF,FS1B_a,25,5.2,0.799,9,9
vDeltaE,FS1A_b,25,0.3,0.815,9,9
FC1E,FC3_a,25,355.8,0.772,9,9
hDeltaJ,FR1,25,191.9,0.888,12,9
FC2B,FS4A,24,0.0,1.0,9,9
FC,PFL1,24,13.4,0.89,8,9
FC2B,FR1,24,358.1,0.866,9,9
FC3_a,vDeltaK,24,11.7,0.872,9,9
PFNa,vDeltaE,24,7.1,0.958,9,9
PFNm_b,FS4A,24,360.0,0.878,9,9
hDeltaG,FC3_c,24,202.5,0.924,8,9
hDeltaD,FS3_a,24,210.4,0.933,8,9
vDeltaM,hDeltaB,24,160.4,0.599,9,12
FS2,hDeltaH,24,165.4,0.466,9,8
vDeltaG,FC3_a,24,360.0,0.902,9,9
hDeltaK,hDeltaF,24,348.0,0.774,12,6
FC2B,hDeltaA,24,338.8,0.663,9,12
PFNa,vDeltaI_a,24,8.9,0.95,9,9
FC1B,FC2A,24,1.8,0.939,9,9
FC1B,vDeltaE,24,353.1,0.879,9,9
hDeltaC,hDeltaH,24,343.2,0.209,12,8
FS2,FC3_b,24,358.2,0.939,9,9
vDeltaJ,FC2A,24,9.7,0.878,8,9
vDeltaA_a,FS3_d,24,6.0,0.846,9,9
FC1C_b,FC1B,24,360.0,0.902,9,9
FC2B,PFR_b,24,2.0,0.842,9,9
PFNv,FC1B,23,3.9,0.9,9,9
FC1F,PFR_a,23,5.6,0.941,8,9
FC1D,FS1B_b,23,356.2,0.926,9,9
FC1C_b,FC2C,23,359.1,0.77,9,9
FC2A,PFR_b,23,353.2,0.886,9,9
hDeltaJ,FS1B_b,23,194.8,0.898,12,9
PFNa,hDeltaF,23,334.2,0.875,9,6
FC2C,FC3_b,23,1.9,0.937,9,9
FC3_c,PFL3,23,352.2,0.907,9,9
hDeltaJ,FC3_b,23,182.2,0.766,12,9
FC1C_a,FC1A,23,357.3,0.907,9,9
FC1E,FS1B_a,23,339.2,0.901,9,9
FS3_c,FS3_b,23,68.1,0.281,8,9
PFR_b,vDeltaJ,23,358.1,0.911,9,8
FS1A_a,FC2B,23,47.5,0.174,9,9
PFNd,hDeltaC,23,357.0,0.876,8,12
vDeltaG,FC2C,23,356.2,0.926,9,9
hDeltaC,PFL3,23,212.1,0.603,12,9
PFNv,FS2,23,5.6,0.941,9,9
FC2B,vDeltaI_b,23,19.2,0.878,9,9
vDeltaG,PFR_a,23,357.9,0.835,9,9
FC2C,FR1,23,357.8,0.788,9,9
hDeltaB,vDeltaI_a,22,201.5,0.952,12,9
PFNm_b,hDeltaE,22,328.9,0.934,9,8
FS2,FS1A_b,22,4.4,0.832,9,9
hDeltaH,hDeltaM,22,172.9,0.523,8,8
hDeltaD,vDeltaD,22,200.3,0.925,8,9
hDeltaB,vDeltaF,22,196.5,0.861,12,9
FC3_c,FC,22,3.3,0.889,9,8
vDeltaF,FS1A_b,22,5.9,0.938,9,9
FC2C,FC1E,22,350.0,0.921,9,9
hDeltaC,FS1A_c,22,213.2,0.912,12,9
hDeltaG,FC3_a,22,189.0,0.824,8,9
vDeltaH,hDeltaG,22,310.5,0.87,7,8
PFNm_a,FS3_d,22,347.8,0.914,9,9
vDeltaE,FS3_c,22,11.8,0.94,9,8
FC2C,FC1C_b,22,6.1,0.912,9,9
PFNv,PFR_b,22,358.0,0.907,9,9
FC1F,vDeltaF,22,2.9,0.75,8,9
FC1D,vDeltaG,22,4.4,0.843,9,9
hDeltaI,FS4A,22,197.8,0.958,12,9
FC2B,hDeltaK,22,143.9,0.535,9,12
FS4A,FS3_d,22,4.6,0.805,9,9
vDeltaA_a,vDeltaI_b,22,0.0,1.0,9,9
vDeltaA_b,FS4B,22,340.4,0.767,9,9
FS2,FC2B,22,12.2,0.914,9,9
FC3_c,FS1A_c,22,2.0,0.934,9,9
vDeltaF,hDeltaJ,22,178.1,0.826,9,12
vDeltaF,vDeltaI_b,22,354.4,0.801,9,9
hDeltaD,FS1A_b,21,211.3,0.909,8,9
hDeltaI,PFL1,21,172.4,0.68,12,9
hDeltaB,FC2A,21,195.7,0.95,12,9
vDeltaE,FC3_c,21,353.2,0.853,9,9
PFNa,hDeltaG,21,331.9,0.928,9,8
FC1A,vDeltaI_a,21,349.4,0.918,9,9
FC1C_b,FC1F,21,357.9,0.903,9,8
FC2C,vDeltaC,21,13.6,0.753,9,9
FC1D,hDeltaA,21,348.6,0.825,9,12
PFR_b,vDeltaG,21,349.1,0.891,9,9
FC3_c,FC2A,21,360.0,0.944,9,9
FS3_b,FS3_c,21,77.9,0.16,9,8
FC3_c,FS3_d,21,358.0,0.959,9,9
FC3_c,hDeltaK,21,216.6,0.124,9,12
FC3_a,vDeltaC,21,343.1,0.928,9,9
PFGs,hDeltaE,21,177.5,0.449,9,8
hDeltaC,PFL2,21,181.4,0.651,12,9
PFR_b,hDeltaC,21,337.7,0.39,9,12
vDeltaL,hDeltaB,21,165.3,0.771,9,12
hDeltaJ,PFNd,21,175.3,0.903,12,8
vDeltaI_a,FC2C,21,2.1,0.903,9,9
FC2B,FC3_a,21,353.4,0.88,9,9
PFNa,FS4B,21,360.0,0.888,9,9
FS1A_c,hDeltaA,20,19.7,0.308,9,12
vDeltaA_a,hDeltaL,20,345.0,0.3,9,12
FS1B_a,FC2B,20,33.5,0.886,9,9
FS1A_a,vDeltaK,20,349.2,0.943,9,9
FC3_c,vDeltaI_b,20,2.1,0.957,9,9
FS2,vDeltaF,20,357.7,0.898,9,9
hDeltaJ,FC1E,20,140.4,0.391,12,9
FC1F,FR2,20,17.8,0.927,8,9
FC1C_a,hDeltaH,20,346.9,0.936,9,8
hDeltaI,hDeltaC,20,192.6,0.69,12,12
PFNv,PFNm_b,20,343.7,0.558,9,9
vDeltaL,hDeltaK,20,337.5,0.773,9,12
FC3_c,PFL1,20,2.3,0.898,9,9
hDeltaI,FR2,20,200.4,0.876,12,9
FC1A,vDeltaH,20,20.9,0.88,9,7
vDeltaE,FC3_a,20,352.5,0.817,9,9
hDeltaI,FC3_b,20,193.3,0.926,12,9
PFGs,FS2,20,9.4,0.865,9,9
FC1D,FC2B,20,352.0,0.763,9,9
PFGs,PFR_a,20,352.6,0.777,9,9
hDeltaA,FR2,20,193.4,0.876,12,9
FS1A_c,FC2C,20,173.8,0.136,9,9
PFR_a,FS1A_b,20,2.3,0.898,9,9
FC2B,vDeltaI_a,20,351.5,0.813,9,9
FC3_a,PFL2,19,356.7,0.639,9,9
FC1A,FC2A,19,3.4,0.887,9,9
vDeltaE,PFL3,19,16.3,0.929,9,9
hDeltaJ,vDeltaI_b,19,169.9,0.264,12,9
vDeltaA_a,vDeltaM,19,357.8,0.954,9,9
FC2B,hDeltaI,19,263.5,0.139,9,12
vDeltaE,hDeltaM,19,343.2,0.728,9,8
FS3_a,vDeltaC,19,340.6,0.811,9,9
hDeltaG,hDeltaK,19,20.8,0.597,8,12
PFNa,hDeltaM,19,331.3,0.929,9,8
PFR_b,PFL3,19,13.4,0.669,9,9
PFR_b,FC2C,19,357.8,0.954,9,9
FC1B,hDeltaM,19,336.1,0.827,9,8
vDeltaE,FS1A_c,19,352.4,0.725,9,9
vDeltaC,hDeltaC,19,122.8,0.673,9,12
FC2C,PFR_b,19,2.2,0.954,9,9
FC1D,PFL3,19,346.2,0.935,9,9
vDeltaI_b,hDeltaI,19,183.8,0.119,9,12
FC1E,hDeltaJ,19,346.2,0.712,9,12
hDeltaA,vDeltaG,18,194.4,0.957,12,9
vDeltaM,vDeltaB,18,3.6,0.881,9,9
FS4A,FS2,18,360.0,0.87,9,9
FS2,FC3_c,18,4.8,0.938,9,9
hDeltaF,FS1A_c,18,237.9,0.932,6,9
FC3_a,PFNv,18,9.9,0.916,9,9
FC1C_b,FC3_b,18,2.7,0.841,9,9
hDeltaJ,FC1C_b,18,178.6,0.681,12,9
hDeltaI,FC1C_b,18,212.3,0.845,12,9
vDeltaF,FC3_c,18,15.3,0.78,9,9
FC1C_a,FC,18,2.2,0.419,9,8
PFNv,PFNm_a,18,9.5,0.948,9,9
FC1D,FS1A_b,18,360.0,0.902,9,9
FC1E,FS3_d,18,0.0,1.0,9,9
vDeltaA_a,vDeltaI_a,18,12.1,0.939,9,9
vDeltaK,hDeltaM,18,144.2,0.738,9,8
PFNd,FC3_b,18,32.9,0.939,8,9
FC2A,FC1E,18,350.8,0.738,9,9
FC2C,FR2,18,350.2,0.885,9,9
FC2C,FC1D,18,337.5,0.864,9,9
FS1A_b,FS1B_a,18,100.8,0.21,9,9
FC2C,FC3_c,18,347.9,0.939,9,9
vDeltaK,FC2B,18,360.0,0.935,9,9
vDeltaL,PFGs,18,2.4,0.919,9,9
FC1F,PFNd,18,340.1,0.925,8,8
vDeltaF,PFL3,18,5.0,0.906,9,9
FC1B,FC2C,18,357.6,0.952,9,9
FC1D,FR1,18,1.1,0.863,9,9
FC2B,FC3_b,18,5.0,0.906,9,9
FC3_a,FS4C,18,7.1,0.958,9,9
PFR_a,FC1B,18,7.3,0.926,9,9
hDeltaJ,FC3_a,18,190.2,0.918,12,9
vDeltaD,hDeltaK,18,169.7,0.802,9,12
FC1B,FS3_d,17,357.6,0.984,9,9
hDeltaG,FS4C,17,195.6,0.931,8,9
FC3_c,FS3_c,17,11.7,0.908,9,8
PFNm_b,vDeltaI_b,17,355.1,0.969,9,9
vDeltaG,FC1D,17,357.6,0.984,9,9
FC1E,PFR_b,17,7.8,0.922,9,9
FC1F,hDeltaG,17,147.4,0.386,8,8
PFNv,vDeltaF,17,0.5,0.796,9,9
FC2B,FR2,17,360.0,0.966,9,9
FS2,FS1B_a,17,360.0,0.26,9,9
PFNm_a,vDeltaK,17,2.6,0.915,9,9
vDeltaH,FC1D,17,346.1,0.796,7,9
FC2A,FC1D,17,357.6,0.984,9,9
PFR_a,PFL1,17,5.3,0.9,9,9
hDeltaB,FS4B,17,192.3,0.94,12,9
FC3_c,PFNv,17,0.0,1.0,9,9
FC3_c,hDeltaM,17,356.0,0.597,9,8
hDeltaG,FS4A,17,206.7,0.926,8,9
PFR_b,FS4A,17,354.9,0.935,9,9
PFR_b,hDeltaL,17,322.9,0.498,9,12
FC2A,FR2,17,360.0,0.882,9,9
hDeltaH,FC3_a,17,204.3,0.707,8,9
FC2A,vDeltaI_a,17,349.5,0.782,9,9
vDeltaK,hDeltaK,17,353.2,0.478,9,12
FC1D,vDeltaH,17,32.5,0.92,9,7
FC2B,FC1D,17,352.2,0.922,9,9
vDeltaD,FS1A_b,17,18.7,0.83,9,9
vDeltaG,PFL2,17,1.2,0.821,9,9
FS3_d,FS4A,17,350.3,0.45,9,9
vDeltaG,hDeltaJ,17,153.7,0.8,9,12
FC1A,PFL3,17,354.9,0.935,9,9
PFNv,vDeltaC,17,5.1,0.935,9,9
FC1D,FC2A,17,1.9,0.721,9,9
FC1E,PFNa,17,351.9,0.888,9,9
FC3_b,PFNa,17,353.3,0.861,9,9
hDeltaA,vDeltaH,16,48.8,0.357,12,7
PFL3,FC2A,16,360.0,0.963,9,9
hDeltaH,FR2,16,212.6,0.821,8,9
FC1E,FS1A_a,16,1.7,0.865,9,9
FC1D,hDeltaH,16,343.4,0.929,9,8
FC1C_a,FC1F,16,2.8,0.91,9,8
hDeltaG,hDeltaM,16,167.7,0.621,8,8
hDeltaK,vDeltaD,16,199.9,0.915,12,9
hDeltaM,vDeltaK,16,214.2,0.943,8,9
hDeltaM,FS4B,16,208.4,0.929,8,9
hDeltaA,FC1C_a,16,204.5,0.954,12,9
hDeltaJ,FS4C,16,209.0,0.908,12,9
FC1E,FS3_b,16,357.2,0.91,9,9
FC3_b,PFL1,16,351.4,0.882,9,9
PFR_a,hDeltaL,16,337.1,0.479,9,12
FC3_c,hDeltaI,16,354.8,0.66,9,12
FC1B,PFNd,16,340.5,0.925,9,8
hDeltaM,vDeltaI_a,16,207.7,0.894,8,9
FC3_c,FS4C,16,10.8,0.943,9,9
PFNd,FS3_a,16,25.5,0.925,8,9
PFNa,vDeltaF,16,2.6,0.983,9,9
FC2A,hDeltaK,16,12.6,0.084,9,12
vDeltaB,FS3_b,16,1.3,0.81,9,9
FC2C,vDeltaG,16,5.9,0.858,9,9
FC1F,FC2A,16,351.0,0.846,8,9
PFR_a,FC1D,16,2.7,0.946,9,9
FC1C_a,FC3_a,15,360.0,0.922,9,9
FS1B_a,FS1A_a,15,66.7,0.714,9,9
FC2B,FS3_a,15,8.5,0.952,9,9
FS1A_b,FC2A,15,30.4,0.933,9,9
hDeltaJ,vDeltaD,15,196.9,0.956,12,9
FC1E,hDeltaH,15,351.8,0.662,9,8
PFNd,vDeltaK,15,30.4,0.933,8,9
PFNa,vDeltaH,15,19.1,0.941,9,7
FS1B_a,FS1A_b,15,301.9,0.157,9,9
FC,FC1C_b,15,5.0,0.764,8,9
hDeltaF,vDeltaF,15,212.8,0.681,6,9
vDeltaJ,hDeltaM,15,218.3,0.304,8,8
PFGs,vDeltaD,15,360.0,0.883,9,9
FC1C_a,FC2C,15,9.9,0.82,9,9
PFNd,FC3_c,15,24.1,0.924,8,9
PFNv,hDeltaG,15,342.2,0.927,9,8
hDeltaC,FC3_b,15,201.7,0.926,12,9
FC1E,FS1B_b,15,357.0,0.904,9,9
hDeltaA,PFNd,15,182.6,0.937,12,8
PFR_a,FS4A,15,354.2,0.927,9,9
PFR_b,PFNd,15,341.2,0.73,9,8
FC1C_b,FC3_c,15,4.7,0.819,9,9
FC1C_a,FC1B,15,4.3,0.897,9,9
FC2A,FR1,15,360.0,0.961,9,9
vDeltaG,FS1A_b,15,349.3,0.87,9,9
PFGs,vDeltaC,15,355.3,0.819,9,9
PFNv,FC2B,15,360.0,0.922,9,9
FC1A,PFL2,15,5.6,0.966,9,9
FC3_c,hDeltaB,15,8.4,0.569,9,12
FC1C_b,hDeltaC,15,352.1,0.748,9,12
FC3_b,FS1A_c,15,358.7,0.875,9,9
hDeltaB,PFL2,14,183.0,0.961,12,9
hDeltaA,FC,14,194.0,0.955,12,8
hDeltaH,vDeltaK,14,183.0,0.98,8,9
hDeltaF,FR1,14,223.4,0.851,6,9
FC1C_b,FC3_a,14,10.3,0.85,9,9
FC2B,FC3_c,14,9.6,0.908,9,9
FC1F,FC2C,14,6.3,0.922,8,9
PFGs,hDeltaG,14,67.5,0.109,9,8
PFR_b,FC1C_a,14,6.0,0.963,9,9
vDeltaJ,vDeltaL,14,13.6,0.857,8,9
FC1E,FC2A,14,3.6,0.796,9,9
PFR_a,FC1C_b,14,357.0,0.98,9,9
vDeltaM,PFL2,14,6.3,0.922,9,9
FC2C,FC1B,14,360.0,0.916,9,9
FC2A,PFL1,14,13.5,0.701,9,9
vDeltaI_a,hDeltaA,14,327.7,0.426,9,12
FC3_b,FC2C,14,360.0,0.916,9,9
PFNd,PFNa,14,19.6,0.754,8,9
PFNd,FC3_a,14,19.1,0.925,8,9
PFGs,vDeltaE,14,353.1,0.839,9,9
hDeltaM,vDeltaF,14,206.2,0.6,8,9
FC3_a,hDeltaB,14,332.4,0.654,9,12
FC1A,vDeltaF,14,13.0,0.898,9,9
vDeltaA_a,vDeltaL,14,22.5,0.924,9,9
FS3_d,hDeltaE,14,172.1,0.153,9,8
FS2,FS4C,14,3.6,0.796,9,9
FS2,FS1A_a,14,358.5,0.824,9,9
FC2C,vDeltaI_a,14,6.3,0.922,9,9
vDeltaE,FS3_a,14,354.2,0.786,9,9
FC1D,hDeltaM,14,352.6,0.78,9,8
FC1E,hDeltaC,14,348.5,0.813,9,12
FC1F,vDeltaE,14,354.4,0.828,8,9
FC1C_a,FC3_c,14,356.5,0.838,9,9
FC3_a,PFNd,14,337.5,0.924,9,8
vDeltaF,PFL2,14,12.4,0.938,9,9
PFNa,FR2,14,0.0,1.0,9,9
hDeltaJ,vDeltaH,14,209.5,0.829,12,7
FS2,FS1B_b,14,12.8,0.418,9,9
FS2,hDeltaC,14,344.3,0.324,9,12
FC1B,FS3_b,13,0.0,1.0,9,9
FS1A_b,FS4B,13,328.4,0.936,9,9
hDeltaE,FC2B,13,183.2,0.979,8,9
hDeltaF,FC3_c,13,229.1,0.811,6,9
hDeltaH,vDeltaE,13,187.7,0.808,8,9
PFNm_b,FC2A,13,24.3,0.924,9,9
FC3_c,FS4A,13,0.0,1.0,9,9
FC2A,FC3_b,13,356.3,0.844,9,9
PFR_b,hDeltaM,13,315.0,0.692,9,8
FC1F,PFGs,13,3.2,0.979,8,9
PFGs,hDeltaH,13,323.5,0.366,9,8
hDeltaI,FC3_c,13,182.8,0.855,12,9
hDeltaI,FC3_a,13,206.5,0.953,12,9
FC1E,hDeltaI,13,350.2,0.947,9,12
hDeltaI,FS3_d,13,194.7,0.877,12,9
vDeltaH,FC1C_a,13,353.5,0.879,7,9
PFNm_b,hDeltaL,13,349.7,0.916,9,12
FC2B,FS3_c,13,3.3,0.934,9,8
FC3_b,hDeltaB,13,327.0,0.485,9,12
PFNa,PFL3,13,356.8,0.979,9,9
PFL3,hDeltaI,13,358.3,0.638,9,12
PFNd,FS3_d,13,17.0,0.928,8,9
hDeltaH,hDeltaK,13,5.3,0.819,8,12
PFR_b,FS1A_a,13,356.7,0.934,9,9
vDeltaE,hDeltaK,13,156.4,0.865,9,12
vDeltaD,FS4C,13,3.7,0.844,9,9
FC2B,hDeltaL,13,332.2,0.493,9,12
vDeltaH,FC1E,13,339.8,0.917,7,9
FC2C,FC1F,13,10.4,0.902,9,8
hDeltaK,FC2C,13,211.3,0.805,12,9
hDeltaB,FS1A_a,13,183.8,0.871,12,9
FC1B,vDeltaD,13,352.8,0.872,9,9
PFR_b,FR2,13,348.1,0.897,9,9
hDeltaB,FC3_b,13,194.9,0.82,12,9
FC2A,vDeltaI_b,13,10.4,0.902,9,9
FC2A,FC1C_b,13,360.0,0.91,9,9
FC3_c,PFNd,13,335.7,0.924,9,8
FS3_c,vDeltaC,13,3.5,0.889,8,9
FS3_a,FC2C,13,346.6,0.936,9,9
vDeltaG,vDeltaD,12,0.0,1.0,9,9
vDeltaE,PFL2,12,10.8,0.943,9,9
hDeltaI,vDeltaI_a,12,187.4,0.336,12,9
FS2,FS4B,12,356.5,0.977,9,9
FC,FC1E,12,352.6,0.91,8,9
FS1B_a,vDeltaF,12,15.8,0.703,9,9
FC1E,FS1A_b,12,360.0,0.951,9,9
PFNv,FS1A_b,12,11.4,0.896,9,9
hDeltaJ,FC3_c,12,155.1,0.378,12,9
vDeltaH,PFL2,12,322.6,0.857,7,9
FC,FS1A_b,12,312.3,0.212,8,9
FC1C_b,FS3_d,12,0.0,1.0,9,9
FS3_d,hDeltaD,12,190.4,0.519,9,8
hDeltaC,FS1B_b,12,186.2,0.925,12,9
FC1D,PFR_b,12,10.0,0.677,9,9
FC2A,vDeltaK,12,7.4,0.91,9,9
PFR_a,FC1C_a,12,14.6,0.933,9,9
PFR_b,PFL2,12,16.3,0.419,9,9
hDeltaA,FC3_a,12,193.5,0.808,12,9
FS3_a,FS1A_b,12,349.5,0.833,9,9
FS1A_c,FC,12,247.5,0.308,9,8
FC,FS1A_a,12,300.4,0.33,8,9
FS1B_b,FS1A_c,12,263.8,0.227,9,9
vDeltaI_b,FC1C_a,12,10.8,0.943,9,9
FC1F,FC2B,12,360.0,0.951,8,9
vDeltaE,FS1A_a,12,14.9,0.686,9,9
FS2,PFR_b,12,356.4,0.929,9,9
vDeltaI_b,FS2,12,7.9,0.862,9,9
FC2B,FS3_d,12,3.5,0.977,9,9
FC1C_b,FS1A_b,12,13.1,0.891,9,9
PFNm_b,PFNd,12,325.8,0.943,9,8
vDeltaI_a,vDeltaK,12,10.8,0.943,9,9
PFNv,FS4C,12,360.0,0.951,9,9
PFNv,FC1E,12,3.6,0.929,9,9
FR1,FC2B,12,0.0,0.333,9,9
FC1F,PFNv,12,7.4,0.91,8,9
PFR_b,FC2A,12,360.0,0.951,9,9
hDeltaA,hDeltaC,12,180.0,0.789,12,12
hDeltaB,FS4C,12,192.3,0.934,12,9
vDeltaJ,vDeltaM,12,356.2,0.88,8,9
PFNd,FR2,12,22.5,0.924,8,9
FC2A,vDeltaG,12,356.2,0.88,9,9
FC3_a,FS1A_c,12,9.1,0.904,9,9
FC1F,PFL3,12,360.0,0.902,8,9
vDeltaG,FC3_c,12,348.0,0.848,9,9
PFGs,vDeltaF,12,345.4,0.933,9,9
FC3_b,PFNd,12,334.6,0.88,9,8
vDeltaI_a,FC3_a,12,7.4,0.91,9,9
vDeltaK,PFGs,12,356.4,0.929,9,9
vDeltaI_b,FC3_b,12,344.2,0.775,9,9
FS1B_a,vDeltaE,11,356.0,0.922,9,9
FC1F,vDeltaD,11,360.0,0.947,8,9
FS4A,hDeltaL,11,40.1,0.414,9,12
PFL2,hDeltaH,11,194.6,0.254,9,8
hDeltaF,FC1C_a,11,200.7,0.907,6,9
FC2C,vDeltaJ,11,339.7,0.925,9,8
vDeltaG,hDeltaA,11,357.4,0.102,9,12
vDeltaC,hDeltaD,11,175.4,0.794,9,8
FC3_b,FS3_d,11,352.3,0.955,9,9
FC2C,PFNa,11,356.0,0.922,9,9
hDeltaI,FC1E,11,184.0,0.963,12,9
vDeltaF,hDeltaK,11,160.9,0.95,9,12
FC2C,FC1C_a,11,324.3,0.797,9,9
hDeltaH,FC3_c,11,196.1,0.93,8,9
FC3_c,FS3_b,11,7.7,0.955,9,9
hDeltaA,PFL1,11,220.6,0.705,12,9
vDeltaD,FS3_b,11,4.2,0.869,9,9
FC1A,hDeltaH,11,334.9,0.757,9,8
FS3_b,hDeltaE,11,41.7,0.193,9,8
vDeltaF,vDeltaI_a,11,8.7,0.85,9,9
FC3_b,FS3_c,11,356.2,0.975,9,8
FC3_c,FS3_a,11,356.0,0.922,9,9
FC2B,vDeltaE,11,16.7,0.632,9,9
PFNv,FC1D,11,356.0,0.922,9,9
FC1A,hDeltaM,11,327.4,0.597,9,8
FC1C_b,PFNa,11,347.5,0.888,9,9
FC,FC1C_a,11,45.0,0.273,8,9
hDeltaJ,vDeltaI_a,11,204.8,0.897,12,9
FC1D,PFNd,11,348.2,0.94,9,8
FC3_c,PFL2,11,356.0,0.922,9,9
FC1D,vDeltaI_a,11,356.0,0.922,9,9
vDeltaG,PFGs,11,351.3,0.85,9,9
PFR_a,FC1E,11,4.2,0.869,9,9
vDeltaF,vDeltaH,11,18.8,0.679,9,7
PFNv,FC2A,11,360.0,0.947,9,9
vDeltaE,hDeltaF,11,238.6,0.187,9,6
FS3_c,FC2C,11,15.0,0.643,8,9
vDeltaC,FS3_b,11,360.0,0.712,9,9
FS3_a,vDeltaD,11,344.3,0.712,9,9
hDeltaH,hDeltaB,11,9.9,0.782,8,12
vDeltaA_a,vDeltaB,11,4.0,0.922,9,9
PFNm_a,FS2,10,4.2,0.973,9,9
hDeltaE,FS1A_c,10,216.5,0.952,8,9
FC2B,FC1B,10,355.8,0.973,9,9
hDeltaE,hDeltaK,10,15.0,0.966,8,12
FS1A_b,FC1C_a,10,0.0,0.541,9,9
hDeltaG,hDeltaA,10,0.2,0.58,8,12
vDeltaI_b,PFR_a,10,360.0,0.941,9,9
hDeltaF,PFL3,10,217.7,0.865,6,9
FC1A,FS1A_a,10,360.0,0.941,9,9
vDeltaK,FC2A,10,0.0,1.0,9,9
FC2A,FS3_d,10,4.4,0.915,9,9
vDeltaA_a,hDeltaA,10,337.5,0.937,9,12
FC1C_b,FC2A,10,346.7,0.616,9,9
hDeltaL,PFL3,10,202.6,0.985,12,9
FC2B,PFGs,10,360.0,0.941,9,9
FC3_c,FS1A_b,10,346.9,0.936,9,9
PFL3,PFR_a,10,355.6,0.915,9,9
PFR_a,FS4C,10,360.0,0.941,9,9
vDeltaM,FR1,10,355.3,0.856,9,9
FC3_c,FR2,10,9.1,0.894,9,9
hDeltaB,FR2,10,199.5,0.966,12,9
hDeltaI,FC1D,10,202.5,0.978,12,9
FS3_b,hDeltaL,10,176.4,0.708,9,12
vDeltaE,FS1B_b,10,336.0,0.87,9,9
FC3_c,FS1A_a,10,346.9,0.936,9,9
FC3_c,hDeltaA,10,45.0,0.052,9,12
FS2,FR1,10,351.5,0.952,9,9
FC1C_b,hDeltaI,10,114.3,0.299,9,12
PFNa,FS1B_b,10,350.3,0.836,9,9
FS2,PFL2,10,9.1,0.894,9,9
FC1B,FS4B,10,4.4,0.915,9,9
hDeltaM,FC3_b,10,202.5,0.924,8,9
PFNa,FC2A,10,0.0,1.0,9,9
PFNm_a,vDeltaL,10,355.8,0.973,9,9
hDeltaH,vDeltaJ,10,193.1,0.936,8,8
vDeltaI_b,FC3_a,10,17.8,0.927,9,9
FC1A,FC2B,10,354.9,0.798,9,9
FC1C_a,FS1B_a,10,355.6,0.915,9,9
PFR_b,PFL1,10,345.1,0.823,9,9
PFL3,vDeltaK,10,14.0,0.88,9,9
FC3_b,FS4B,10,0.0,1.0,9,9
PFR_b,FS1B_a,10,360.0,0.824,9,9
hDeltaJ,FC1B,10,199.0,0.768,12,9
hDeltaB,FC1B,10,207.3,0.962,12,9
hDeltaJ,FC1C_a,10,195.8,0.733,12,9
vDeltaI_a,hDeltaC,10,337.6,0.27,9,12
vDeltaI_a,FC3_b,10,350.3,0.836,9,9
FC1E,FC2B,10,351.5,0.952,9,9
FC3_b,FR2,10,342.2,0.927,9,9
PFGs,hDeltaI,10,309.8,0.26,9,12
PFR_a,FS3_d,10,351.5,0.952,9,9
vDeltaE,FC3_b,10,10.3,0.724,9,9
PFR_b,FS1A_c,10,351.5,0.952,9,9
FS3_a,FS3_d,10,52.9,0.214,9,9
vDeltaA_a,hDeltaF,10,138.0,0.364,9,6
FS3_d,FS1B_b,10,292.5,0.293,9,9
hDeltaB,vDeltaC,9,155.8,0.949,12,9
FS1A_b,FS2,9,11.4,0.793,9,9
vDeltaI_b,vDeltaL,9,0.0,1.0,9,9
vDeltaK,FS1A_c,9,343.0,0.807,9,9
vDeltaJ,FC2C,9,30.4,0.933,8,9
PFGs,PFL2,9,350.3,0.465,9,9
hDeltaG,hDeltaH,9,180.0,0.556,8,8
FC2A,FC3_a,9,360.0,0.805,9,9
FR2,FR1,9,79.5,0.612,9,9
FC2B,hDeltaB,9,317.6,0.462,9,12
PFNm_a,PFNv,9,352.9,0.896,9,9
vDeltaE,FS4C,9,10.2,0.884,9,9
FC3_b,vDeltaC,9,355.0,0.906,9,9
vDeltaG,FC1C_a,9,10.2,0.884,9,9
FS4B,hDeltaD,9,20.3,0.453,9,8
PFR_b,vDeltaE,9,349.8,0.884,9,9
FC2C,PFNm_b,9,315.0,1.0,9,9
FC1B,PFL3,9,349.8,0.884,9,9
PFNa,hDeltaH,9,329.6,0.933,9,8
hDeltaB,FC3_a,9,201.3,0.875,12,9
hDeltaI,hDeltaG,9,186.1,0.543,12,8
hDeltaM,FC1C_a,9,199.9,0.925,8,9
FS1B_b,FS3_d,9,0.0,0.019,9,9
FC3_c,FS4B,9,9.5,0.948,9,9
PFNm_a,PFL3,9,350.5,0.948,9,9
vDeltaI_b,hDeltaC,9,267.4,0.249,9,12
FC1A,FS2,9,0.0,1.0,9,9
vDeltaG,FC1E,9,0.0,1.0,9,9
FS1B_a,FS1B_b,9,270.0,0.333,9,9
FC2C,PFL1,9,9.5,0.948,9,9
hDeltaB,FS1A_b,9,189.8,0.955,12,9
PFNv,hDeltaK,9,99.0,0.099,9,12
vDeltaI_b,FC1C_b,9,4.6,0.971,9,9
FC2B,FC1F,9,354.0,0.749,9,8
FC1C_a,FC2A,9,2.9,0.635,9,9
vDeltaC,FS4C,9,357.6,0.792,9,9
FC1E,vDeltaF,9,13.5,0.814,9,9
FC1E,FR1,9,14.6,0.933,9,9
PFGs,FS3_c,9,360.0,0.87,9,8
FC1E,PFL3,9,350.5,0.948,9,9
FC2C,hDeltaA,9,154.4,0.345,9,12
FC1D,PFL2,9,360.0,0.87,9,9
FC1B,FS1A_a,9,355.4,0.971,9,9
FC1C_a,FS1A_b,9,328.6,0.276,9,9
FC1D,vDeltaF,9,11.0,0.82,9,9
FC3_a,PFL1,9,349.8,0.884,9,9
hDeltaJ,FS3_b,9,197.1,0.938,12,9
PFNd,PFL3,9,350.3,0.577,8,9
PFNd,vDeltaA_a,9,16.3,0.723,8,9
hDeltaG,hDeltaB,9,17.6,0.551,8,12
PFNd,FC2B,9,19.9,0.925,8,9
FC1E,hDeltaA,9,347.1,0.93,9,12
PFR_a,FC1F,9,343.3,0.662,9,8
vDeltaH,FS2,9,328.5,0.757,7,9
FC1C_b,hDeltaJ,9,9.1,0.259,9,12
PFR_b,PFNv,9,351.5,0.529,9,9
FS3_c,FS3_d,9,355.5,0.413,8,9
hDeltaE,hDeltaC,8,251.3,0.637,8,12
FC3_b,FS4A,8,0.0,1.0,9,9
FS1B_a,PFL3,8,55.8,0.943,9,9
hDeltaH,FC1C_a,8,0.0,0.25,8,9
PFNv,hDeltaH,8,349.2,0.943,9,8
hDeltaE,hDeltaG,8,349.2,0.472,8,8
FS1B_a,hDeltaH,8,14.6,0.699,9,8
FC1C_b,FS3_b,8,0.0,1.0,9,9
vDeltaJ,FS1B_a,8,360.0,0.927,8,9
FC2B,FC1E,8,346.7,0.771,9,9
PFNv,PFL2,8,331.3,0.368,9,9
hDeltaJ,FC1D,8,115.5,0.16,12,9
FC1A,FS1A_b,8,0.0,1.0,9,9
FS3_b,FS1A_c,8,147.8,0.331,9,9
FC1C_a,FS3_d,8,0.0,1.0,9,9
FS4A,FS3_a,8,5.2,0.967,9,9
PFL3,vDeltaJ,8,360.0,0.854,9,8
hDeltaM,hDeltaB,8,5.0,0.744,8,12
FS1B_a,hDeltaG,8,24.6,0.761,9,8
vDeltaB,FS4C,8,343.4,0.929,9,9
FC2A,FC,8,6.8,0.749,9,8
FC1C_b,PFGs,8,0.0,1.0,9,9
FS2,FC1B,8,0.0,1.0,9,9
PFNm_a,PFNd,8,331.6,0.929,9,8
vDeltaL,hDeltaJ,8,124.6,0.359,9,12
vDeltaM,FS1A_a,8,34.2,0.943,9,9
FC1F,FS3_d,8,357.5,0.839,8,9
FS3_b,FS1A_b,8,339.6,0.761,9,9
hDeltaM,PFL1,8,218.2,0.749,8,9
hDeltaG,hDeltaF,8,212.1,0.3,8,6
PFL3,FC2C,8,78.3,0.361,9,9
FC3_a,PFNa,8,360.0,0.854,9,9
vDeltaE,PFR_a,8,353.8,0.822,9,9
FS4A,FC2C,8,343.7,0.629,9,9
FC1A,PFNv,8,354.3,0.895,9,9
vDeltaM,hDeltaK,8,348.0,0.455,9,12
vDeltaM,hDeltaJ,8,153.1,0.897,9,12
FS3_a,PFGs,8,360.0,0.927,9,9
vDeltaJ,vDeltaH,8,30.2,0.832,8,7
vDeltaI_b,PFGs,8,354.8,0.967,9,9
vDeltaC,FS3_d,8,360.0,0.78,9,9
vDeltaG,FS1B_b,8,354.8,0.967,9,9
PFNm_b,FS2,8,19.6,0.79,9,9
FC1E,hDeltaG,8,360.0,0.5,9,8
hDeltaC,FS4C,8,191.2,0.876,12,9
hDeltaI,FS3_a,8,187.5,0.975,12,9
hDeltaM,vDeltaJ,8,200.3,0.721,8,8
vDeltaI_a,FC1D,8,5.2,0.967,9,9
FS1A_b,FC2B,8,257.2,0.566,9,9
FC2B,FS3_b,8,5.2,0.967,9,9
FC1C_a,FS1B_b,8,0.0,1.0,9,9
vDeltaH,FS1B_a,8,339.8,0.867,7,9
PFNv,FS3_b,8,343.4,0.929,9,9
FC1C_b,hDeltaG,8,343.4,0.929,9,8
PFNd,FS3_b,8,22.5,0.789,8,9
PFNa,FS3_a,8,11.7,0.872,9,9
hDeltaJ,hDeltaL,8,165.7,0.757,12,12
FC1C_a,hDeltaA,8,349.1,0.48,9,12
FC1C_b,FS1B_a,8,352.1,0.646,9,9
FC1B,FS3_a,8,0.0,1.0,9,9
hDeltaJ,PFL1,8,195.5,0.267,12,9
FC2A,FS4C,8,0.0,1.0,9,9
hDeltaK,FS3_a,8,199.0,0.927,12,9
PFNv,hDeltaI,8,345.0,0.966,9,12
FC3_a,FS1A_b,8,16.6,0.929,9,9
PFNa,FC2B,8,5.2,0.967,9,9
PFNa,FS3_d,8,349.2,0.943,9,9
FC1F,hDeltaA,8,333.2,0.464,8,12
FC1B,FS1A_b,8,342.0,0.859,9,9
hDeltaA,FC2C,8,187.5,0.727,12,9
hDeltaB,FC1A,8,192.7,0.704,12,9
FC2C,FC1A,8,343.4,0.929,9,9
hDeltaK,FC3_a,8,190.4,0.802,12,9
PFNa,PFNm_a,8,348.7,0.637,9,9
FC2C,hDeltaB,8,345.3,0.466,9,12
FS2,FS1A_c,8,350.3,0.433,9,9
FC2C,PFR_a,8,354.3,0.895,9,9
vDeltaH,PFR_a,8,348.0,0.806,7,9
PFGs,PFNv,8,360.0,0.854,9,9
FS2,hDeltaK,8,101.2,0.31,9,12
vDeltaI_a,FS1B_a,8,6.2,0.822,9,9
hDeltaI,FS4B,8,206.2,0.935,12,9
vDeltaD,FS3_d,8,360.0,0.927,9,9
PFGs,PFL3,8,340.1,0.626,9,9
FS2,PFL3,8,360.0,0.854,9,9
FS1A_a,vDeltaI_b,7,0.0,1.0,9,9
FS1A_a,hDeltaA,7,330.0,1.0,9,12
hDeltaE,vDeltaE,7,180.0,1.0,8,9
FC2A,vDeltaE,7,0.0,1.0,9,9
vDeltaG,vDeltaM,7,0.0,1.0,9,9
hDeltaL,PFL2,7,192.9,0.996,12,9
vDeltaI_a,FC,7,0.0,1.0,9,8
vDeltaI_b,FC1E,7,0.0,1.0,9,9
hDeltaJ,vDeltaK,7,180.0,1.0,12,9
FC3_b,FS3_a,7,0.0,1.0,9,9
PFNm_a,hDeltaE,7,315.0,1.0,9,8
hDeltaC,FS1B_a,7,180.0,0.143,12,9
hDeltaB,FS1A_c,7,203.6,0.992,12,9
hDeltaF,PFL2,7,190.7,0.954,6,9
FS3_c,PFGs,7,352.7,0.797,8,9
PFNm_b,vDeltaH,7,27.6,0.975,9,7
FS1A_b,FC1E,7,0.0,1.0,9,9
FS2,hDeltaM,7,180.0,0.429,9,8
FS3_b,hDeltaG,7,180.0,0.143,9,8
vDeltaM,FC2A,7,347.6,0.749,9,9
PFNd,vDeltaI_a,7,19.1,0.925,8,9
FC2A,vDeltaH,7,40.3,0.862,9,7
hDeltaA,vDeltaE,7,197.2,0.967,12,9
hDeltaK,PFNd,7,13.5,0.329,12,8
vDeltaK,hDeltaC,7,207.4,0.263,9,12
PFNd,PFL1,7,21.0,0.847,8,9
PFR_b,FC1F,7,334.1,0.925,9,8
hDeltaB,FC1E,7,188.1,0.857,12,9
FC2C,PFNm_a,7,21.0,0.847,9,9
FS3_c,FS4A,7,315.0,0.261,8,9
vDeltaK,FC2C,7,6.6,0.88,9,9
vDeltaI_a,hDeltaJ,7,160.0,0.65,9,12
vDeltaI_a,PFGs,7,346.4,0.857,9,9
FC1E,PFL2,7,6.0,0.963,9,9
vDeltaJ,PFR_a,7,360.0,0.916,8,9
FC1C_a,PFNa,7,19.1,0.925,9,9
FC1C_a,PFNd,7,321.0,0.963,9,8
FC1C_b,FR1,7,13.6,0.857,9,9
FS1B_a,vDeltaG,7,19.1,0.925,9,9
vDeltaG,FC1C_b,7,347.6,0.938,9,9
hDeltaI,FS3_c,7,188.8,0.905,12,8
FC1F,FS1A_b,7,9.5,0.869,8,9
vDeltaH,FC2C,7,351.9,0.875,7,9
PFNm_b,vDeltaK,7,0.0,1.0,9,9
hDeltaH,FS4C,7,205.9,0.925,8,9
vDeltaH,FS1A_c,7,331.0,0.874,7,9
FS1A_c,FC2B,7,303.7,0.515,9,9
PFNm_b,vDeltaA_a,7,6.0,0.963,9,9
FC2B,PFL1,7,9.5,0.869,9,9
hDeltaA,FS4A,7,172.6,0.751,12,9
FC1C_a,FC3_b,7,335.7,0.738,9,9
hDeltaJ,FS4A,7,192.9,0.986,12,9
FS3_c,hDeltaG,7,28.7,0.211,8,8
PFNd,FC1D,7,12.4,0.938,8,9
FC3_b,FS3_b,7,12.4,0.938,9,9
hDeltaC,PFR_b,7,208.6,0.89,12,9
FC3_a,FS1A_a,7,340.9,0.925,9,9
FC3_b,PFL2,7,342.2,0.662,9,9
FC3_a,FS3_b,7,349.5,0.787,9,9
PFNd,hDeltaM,7,0.0,1.0,8,8
FC1A,PFNd,7,340.9,0.925,9,8
FC3_a,FS4A,7,0.0,1.0,9,9
FC2B,FC1C_a,7,353.4,0.88,9,9
FC1E,PFNd,7,346.4,0.857,9,8
FC2C,PFNv,7,334.1,0.925,9,9
FC1D,FS1A_a,7,19.1,0.925,9,9
hDeltaJ,vDeltaM,7,204.2,0.814,12,9
hDeltaE,vDeltaA_b,7,200.7,0.738,8,9
PFNm_b,PFNv,7,353.4,0.88,9,9
vDeltaI_a,FS2,7,360.0,0.833,9,9
FC1C_b,FC2B,7,306.3,0.553,9,9
PFNa,vDeltaD,7,354.0,0.963,9,9
FS1B_a,FS3_d,7,326.7,0.292,9,9
vDeltaH,vDeltaF,7,354.7,0.799,7,9
FS2,PFNd,7,321.0,0.963,9,8
vDeltaD,FS1B_b,7,347.6,0.938,9,9
FC2C,vDeltaH,7,23.7,0.953,9,7
vDeltaI_b,FS1A_a,7,340.9,0.925,9,9
FS1B_a,FC2C,7,25.2,0.474,9,9
FS3_c,FS1A_b,7,9.7,0.597,8,9
vDeltaA_a,PFL3,7,340.9,0.925,9,9
vDeltaA_a,vDeltaC,7,12.4,0.938,9,9
hDeltaI,FC1A,6,197.1,0.929,12,9
PFL1,hDeltaC,6,346.8,0.907,9,12
vDeltaI_b,vDeltaD,6,0.0,1.0,9,9
hDeltaF,hDeltaM,6,190.0,0.992,6,8
PFL1,FC2A,6,180.0,0.0,9,9
FC1A,vDeltaI_b,6,0.0,1.0,9,9
FC1D,vDeltaE,6,348.7,0.85,9,9
PFR_a,FS3_a,6,7.1,0.958,9,9
hDeltaC,hDeltaB,6,0.0,0.667,12,12
hDeltaB,hDeltaF,6,140.1,0.97,12,6
PFL1,PFNv,6,62.6,0.618,9,9
PFL2,hDeltaM,6,135.0,0.333,9,8
FC3_b,FS1A_b,6,0.0,1.0,9,9
FS3_d,FS1A_c,6,90.0,0.0,9,9
FS1A_c,FC1C_b,6,331.3,0.491,9,9
FC2A,PFNd,6,337.5,0.924,9,8
FC2A,vDeltaJ,6,352.9,0.958,9,8
FS3_d,FS3_a,6,231.2,0.454,9,9
vDeltaA_a,PFGs,6,0.0,1.0,9,9
hDeltaJ,FC,6,207.6,0.95,12,8
vDeltaA_b,hDeltaL,6,352.8,0.319,9,12
vDeltaB,FS4B,6,337.5,0.924,9,9
PFGs,FS3_b,6,322.1,0.958,9,9
vDeltaE,FS3_d,6,7.9,0.862,9,9
FS3_c,FS4C,6,36.1,0.765,8,9
FC,FS1B_a,6,315.0,0.471,8,9
FC1C_a,FS1A_a,6,9.4,0.725,9,9
FC1C_a,FC2B,6,323.9,0.765,9,9
FC2B,FS4B,6,0.0,1.0,9,9
FS3_c,FS1B_a,6,225.0,0.236,8,9
vDeltaD,FC3_c,6,345.4,0.933,9,9
PFNm_b,vDeltaG,6,0.0,1.0,9,9
PFNa,FS1A_b,6,14.6,0.933,9,9
FC1B,hDeltaG,6,329.6,0.933,9,8
FC1B,hDeltaA,6,341.9,0.908,9,12
hDeltaM,hDeltaL,6,102.5,0.13,8,12
FC1F,FS3_c,6,7.1,0.958,8,8
FC1B,PFL2,6,360.0,0.902,9,9
PFNm_a,hDeltaL,6,332.4,0.961,9,12
hDeltaK,FC3_b,6,192.4,0.951,12,9
PFNd,FC1B,6,22.5,0.924,8,9
FC3_c,vDeltaK,6,7.1,0.958,9,9
PFNv,FR1,6,7.1,0.958,9,9
PFNv,FS1B_b,6,8.9,0.765,9,9
FC,FS4C,6,0.0,1.0,8,9
PFNd,FC1F,6,19.9,0.835,8,8
PFNa,FS3_b,6,352.1,0.862,9,9
hDeltaA,FC1C_b,6,202.1,0.947,12,9
PFNm_a,FS1A_a,6,352.9,0.958,9,9
FC1B,PFGs,6,352.9,0.958,9,9
hDeltaB,FC1D,6,192.6,0.961,12,9
hDeltaB,vDeltaA_a,6,197.7,0.962,12,9
hDeltaD,hDeltaL,6,3.7,0.662,8,12
hDeltaC,FS4A,6,166.2,0.847,12,9
hDeltaI,FS3_b,6,192.4,0.951,12,9
FC1C_a,FS3_b,6,7.1,0.958,9,9
PFNa,hDeltaB,6,337.4,0.65,9,12
vDeltaH,hDeltaC,6,348.2,0.312,7,12
FC1F,FS3_a,6,356.4,0.786,8,9
hDeltaK,hDeltaJ,6,0.0,1.0,12,12
vDeltaG,hDeltaK,6,148.9,0.612,9,12
FC1F,PFL2,6,340.5,0.707,8,9
FC3_c,hDeltaF,6,352.5,0.33,9,6
hDeltaL,vDeltaF,6,218.8,0.691,12,9
FC3_a,vDeltaB,6,352.1,0.862,9,9
FC2C,vDeltaB,6,345.4,0.933,9,9
hDeltaG,FC3_b,6,210.4,0.933,8,9
FC2A,vDeltaF,6,352.1,0.862,9,9
PFNd,FS4C,6,30.4,0.933,8,9
PFNv,PFL1,6,22.5,0.308,9,9
PFNa,PFL2,6,7.1,0.958,9,9
FC3_a,FS3_d,6,352.9,0.958,9,9
PFNd,FS1B_b,6,30.4,0.933,8,9
hDeltaB,FS1B_a,6,195.2,0.678,12,9
PFGs,FS3_a,6,360.0,0.902,9,9
hDeltaK,hDeltaL,6,187.4,0.65,12,12
vDeltaI_b,hDeltaJ,6,165.3,0.547,9,12
vDeltaC,hDeltaK,6,179.8,0.922,9,12
vDeltaH,FC3_b,6,354.1,0.85,7,9
FR1,FC2C,6,315.0,0.236,9,9
FC1B,hDeltaB,6,177.9,0.567,9,12
vDeltaI_a,PFR_a,6,360.0,0.902,9,9
PFR_b,FS3_c,6,0.0,1.0,9,8
vDeltaJ,hDeltaG,6,352.1,0.862,8,8
vDeltaH,FC3_a,6,7.4,0.79,7,9
hDeltaB,FS1B_b,6,205.4,0.937,12,9
FC1B,PFNv,6,352.9,0.958,9,9
FC1C_b,hDeltaH,6,322.1,0.958,9,8
FC1C_b,FS1A_a,6,19.2,0.654,9,9
FS1A_b,FS1B_b,6,337.5,0.308,9,9
FC2A,FC1C_a,6,348.7,0.85,9,9
hDeltaM,FC1E,6,202.5,0.924,8,9
vDeltaK,hDeltaB,6,169.2,0.629,9,12
vDeltaC,FS4A,6,345.4,0.933,9,9
FS1B_b,FS3_b,6,125.3,0.408,9,9
FS3_a,FS4C,6,19.5,0.707,9,9
FS2,vDeltaB,6,352.9,0.958,9,9
FS3_b,PFL2,6,7.9,0.862,9,9
FS3_d,FS3_c,6,302.2,0.221,9,8
FS1A_a,vDeltaJ,5,315.0,1.0,9,8
FC1A,FS3_a,5,0.0,1.0,9,9
hDeltaD,FS1A_a,5,180.0,1.0,8,9
FS1A_b,vDeltaK,5,315.0,1.0,9,9
PFL3,hDeltaG,5,135.0,0.6,9,8
hDeltaK,hDeltaE,5,354.1,0.635,12,8
FS1A_b,vDeltaE,5,315.0,1.0,9,9
PFNv,FS3_d,5,0.0,1.0,9,9
vDeltaG,hDeltaI,5,330.0,1.0,9,12
PFNa,vDeltaC,5,351.5,0.952,9,9
FC,FS4A,5,351.5,0.952,8,9
FC,FC,5,73.7,0.295,8,8
vDeltaL,FS1A_a,5,27.2,0.927,9,9
hDeltaD,FS1B_b,5,197.8,0.927,8,9
FS1A_b,FS3_b,5,12.1,0.674,9,9
hDeltaA,FS3_c,5,198.1,0.967,12,8
PFL1,PFR_a,5,284.6,0.56,9,9
hDeltaC,hDeltaE,5,324.1,0.502,12,8
hDeltaI,PFNd,5,162.6,0.915,12,8
hDeltaB,hDeltaD,5,174.0,0.992,12,8
hDeltaI,vDeltaH,5,212.8,0.572,12,7
hDeltaI,FC1F,5,209.4,0.695,12,8
vDeltaA_a,hDeltaG,5,286.3,0.295,9,8
FC1A,FS4A,5,20.3,0.816,9,9
vDeltaI_a,FS1A_c,5,8.5,0.952,9,9
vDeltaE,hDeltaE,5,284.6,0.56,9,8
FS1B_b,FS4A,5,118.7,0.712,9,9
FS4C,vDeltaA_b,5,0.0,1.0,9,9
PFNm_a,PFL2,5,0.0,1.0,9,9
vDeltaM,hDeltaH,5,352.7,0.462,9,8
vDeltaD,FC3_a,5,9.7,0.836,9,9
FS1B_a,PFL2,5,35.3,0.836,9,9
hDeltaC,hDeltaI,5,354.1,0.978,12,12
PFNm_a,FC,5,20.3,0.816,9,8
hDeltaI,hDeltaL,5,0.0,0.2,12,12
FS3_b,FC2C,5,0.0,1.0,9,9
hDeltaM,FS3_d,5,197.8,0.927,8,9
FC1F,vDeltaC,5,8.5,0.952,8,9
hDeltaC,hDeltaD,5,3.0,0.981,12,8
FC3_c,vDeltaJ,5,17.8,0.927,9,8
vDeltaI_a,PFNv,5,342.2,0.927,9,9
FS1B_b,FS4B,5,93.3,0.425,9,9
PFNv,FS4A,5,9.7,0.836,9,9
PFNa,hDeltaK,5,360.0,0.546,9,12
FS1A_b,FS4C,5,360.0,0.883,9,9
vDeltaA_b,FS2,5,332.8,0.927,9,9
FC1A,FS3_d,5,8.5,0.952,9,9
hDeltaB,vDeltaJ,5,207.4,0.916,12,8
FC1F,hDeltaM,5,324.7,0.836,8,8
PFR_a,FC,5,0.0,1.0,9,8
FC1C_a,FR1,5,0.0,1.0,9,9
hDeltaI,FC1B,5,192.0,0.995,12,9
PFNa,FS4A,5,342.2,0.927,9,9
PFNm_a,FS1A_b,5,17.8,0.927,9,9
FC1A,hDeltaG,5,315.0,1.0,9,8
hDeltaB,FC,5,204.5,0.898,12,8
hDeltaC,PFNd,5,71.7,0.954,12,8
hDeltaL,PFR_b,5,216.3,0.38,12,9
FC2C,vDeltaA_a,5,351.5,0.952,9,9
PFNd,FS4A,5,27.2,0.927,8,9
PFNd,FC1E,5,27.2,0.927,8,9
PFNd,FC1A,5,27.2,0.927,8,9
PFNa,hDeltaD,5,351.5,0.952,9,8
PFNd,FC2A,5,17.8,0.927,8,9
vDeltaF,vDeltaD,5,20.3,0.816,9,9
hDeltaC,vDeltaK,5,151.8,0.847,12,9
hDeltaL,FC3_c,5,180.2,0.946,12,9
vDeltaF,hDeltaI,5,330.0,1.0,9,12
FC3_a,FR2,5,25.5,0.6,9,9
hDeltaG,hDeltaJ,5,13.8,0.638,8,12
PFNv,PFL3,5,106.3,0.295,9,9
vDeltaK,vDeltaG,5,27.2,0.927,9,9
vDeltaK,FC3_b,5,8.5,0.952,9,9
PFNa,FS1A_c,5,350.3,0.836,9,9
PFNv,FS1B_a,5,9.7,0.836,9,9
PFNv,hDeltaF,5,346.3,0.712,9,6
PFGs,FS3_d,5,0.0,1.0,9,9
PFR_a,FS3_b,5,0.0,1.0,9,9
PFR_a,FS3_c,5,0.0,1.0,9,8
vDeltaG,vDeltaJ,5,360.0,0.883,9,8
PFNd,FS1A_a,5,350.3,0.836,8,9
hDeltaK,hDeltaG,5,180.0,0.6,12,8
hDeltaL,PFR_a,5,219.9,0.582,12,9
hDeltaK,vDeltaE,5,225.0,0.933,12,9
hDeltaK,hDeltaB,5,0.0,1.0,12,12
FC2A,FC1A,5,360.0,0.883,9,9
vDeltaF,FS1B_b,5,355.5,0.744,9,9
hDeltaJ,FC1F,5,197.2,0.828,12,8
FC2A,hDeltaB,5,4.3,0.593,9,12
PFL1,FR2,5,28.7,0.295,9,9
hDeltaC,vDeltaI_b,5,185.9,0.965,12,9
vDeltaI_a,hDeltaK,5,135.0,0.386,9,12
FC1C_a,hDeltaB,5,355.3,0.541,9,12
FC1F,FS4A,5,8.5,0.952,8,9
FC1E,vDeltaG,5,8.5,0.952,9,9
vDeltaI_a,PFL2,5,35.3,0.836,9,9
vDeltaI_a,vDeltaL,5,0.0,1.0,9,9
vDeltaI_b,FS1A_b,5,0.0,1.0,9,9
PFR_b,FC1C_b,5,0.0,1.0,9,9
FC,FC1D,5,360.0,0.883,8,9
FS1A_a,FS1B_a,5,341.6,0.447,9,9
vDeltaJ,FS1A_a,5,9.7,0.836,8,9
vDeltaI_a,vDeltaB,5,17.8,0.927,9,9
hDeltaM,PFGs,5,216.5,0.952,8,9
PFGs,FS4A,5,360.0,0.883,9,9
hDeltaK,FS2,5,185.5,0.939,12,9
FC1C_a,hDeltaJ,5,313.8,0.335,9,12
vDeltaI_b,FS1A_c,5,343.7,0.712,9,9
FS3_a,FS1A_c,5,0.0,1.0,9,9
FS3_c,vDeltaD,5,353.1,0.688,8,9
FS3_b,PFL3,5,20.3,0.816,9,9
PFL1,PFNa,5,351.5,0.952,9,9
FS1A_a,FC,5,115.2,0.663,9,8
vDeltaC,FS1A_b,5,20.3,0.816,9,9
FS4C,FS1B_a,5,331.3,0.295,9,9
FS4B,vDeltaA_b,5,24.7,0.816,9,9
FS3_d,FC2C,5,0.0,0.6,9,9
FS3_d,FS4C,5,315.0,0.766,9,9
PFL2,PFL1,5,360.0,0.366,9,9
FS1A_b,vDeltaB,4,315.0,1.0,9,9
vDeltaH,FC,4,347.1,1.0,7,8
FC,vDeltaG,4,0.0,1.0,8,9
FS1A_b,FC1C_b,4,10.8,0.943,9,9
FS1A_b,hDeltaA,4,7.6,0.975,9,12
vDeltaA_a,FC2B,4,10.8,0.943,9,9
FS2,FC1F,4,0.0,1.0,9,8
PFNm_b,PFL3,4,0.0,1.0,9,9
hDeltaH,FS3_c,4,214.2,0.943,8,8
hDeltaF,FC,4,210.0,1.0,6,8
PFL1,FC1E,4,10.8,0.943,9,9
PFL1,FC1A,4,22.5,0.924,9,9
PFL3,hDeltaH,4,90.0,0.5,9,8
PFL1,hDeltaB,4,277.6,0.975,9,12
hDeltaM,FS4A,4,214.2,0.943,8,9
hDeltaA,FS4C,4,187.5,0.991,12,9
hDeltaJ,vDeltaC,4,195.0,0.966,12,9
FS1A_c,FC1A,4,0.0,1.0,9,9
FS1A_c,FS3_a,4,152.1,0.6,9,9
FS1A_c,FC1D,4,0.0,1.0,9,9
FS1B_a,FS4C,4,0.0,1.0,9,9
PFR_b,FS1B_b,4,325.8,0.943,9,9
FS3_d,FS1A_b,4,360.0,0.854,9,9
vDeltaM,vDeltaH,4,358.5,0.962,9,7
hDeltaJ,FS4B,4,187.6,0.975,12,9
vDeltaB,vDeltaA_a,4,0.0,1.0,9,9
FS2,FC1E,4,0.0,1.0,9,9
vDeltaK,vDeltaA_a,4,0.0,1.0,9,9
PFL1,hDeltaI,4,112.5,0.991,9,12
FC,FS3_d,4,337.5,0.924,8,9
FC,FC1B,4,0.0,1.0,8,9
vDeltaF,vDeltaB,4,0.0,1.0,9,9
vDeltaB,hDeltaC,4,187.5,0.924,9,12
vDeltaC,FC2B,4,349.2,0.943,9,9
FS1B_a,FC3_a,4,10.8,0.943,9,9
FC2A,PFGs,4,10.8,0.943,9,9
hDeltaG,PFNd,4,145.8,0.943,8,8
vDeltaM,hDeltaL,4,3.6,0.96,9,12
vDeltaA_b,FS3_b,4,349.2,0.943,9,9
hDeltaM,FC1D,4,180.0,1.0,8,9
FS4A,PFL3,4,10.8,0.943,9,9
hDeltaD,FC2B,4,180.0,1.0,8,9
vDeltaI_a,PFNa,4,325.8,0.943,9,9
FC2B,hDeltaF,4,324.4,0.407,9,6
PFNa,hDeltaE,4,315.0,1.0,9,8
FC1A,hDeltaL,4,333.7,0.943,9,12
FS3_a,FC1B,4,0.0,1.0,9,9
FC,PFL3,4,10.8,0.943,8,9
PFNd,vDeltaJ,4,22.5,0.924,8,8
PFL3,vDeltaL,4,34.2,0.943,9,9
PFL3,vDeltaG,4,10.8,0.943,9,9
PFNm_a,FS1B_b,4,22.5,0.924,9,9
PFNv,vDeltaI_a,4,10.8,0.943,9,9
FC,FS4B,4,0.0,1.0,8,9
hDeltaB,PFNv,4,195.0,0.966,12,9
FC1D,FS3_b,4,349.2,0.943,9,9
vDeltaG,vDeltaL,4,0.0,1.0,9,9
FC2A,FS3_c,4,349.2,0.943,9,8
PFNd,PFL2,4,10.8,0.943,8,9
FC2C,vDeltaM,4,325.8,0.943,9,9
FC2C,vDeltaL,4,325.8,0.943,9,9
hDeltaJ,vDeltaJ,4,168.7,0.943,12,8
PFNv,FS1A_c,4,349.2,0.943,9,9
PFNv,FS4B,4,0.0,1.0,9,9
vDeltaK,FS2,4,349.2,0.943,9,9
FC1F,FS1A_a,4,0.0,1.0,8,9
PFNv,FC1C_b,4,0.0,1.0,9,9
PFGs,PFNm_b,4,332.1,0.6,9,9
FC1F,FS4B,4,0.0,1.0,8,9
PFNm_a,FR1,4,12.8,0.8,9,9
hDeltaJ,FS3_d,4,190.8,0.814,12,9
FC1E,PFNv,4,0.0,1.0,9,9
FC1E,FS2,4,0.0,1.0,9,9
PFNd,hDeltaL,4,7.5,0.991,8,12
hDeltaB,FC1C_a,4,199.0,0.927,12,9
PFGs,FC1C_a,4,0.0,1.0,9,9
hDeltaK,vDeltaC,4,157.9,0.908,12,9
FC1D,FS2,4,22.5,0.924,9,9
FC2A,FS3_a,4,10.8,0.943,9,9
vDeltaE,FS3_b,4,6.2,0.681,9,9
FC2B,vDeltaJ,4,0.0,1.0,9,8
hDeltaF,FC3_a,4,177.4,0.584,6,9
FC2A,vDeltaM,4,349.2,0.943,9,9
FC1E,hDeltaB,4,328.4,0.452,9,12
FS1A_c,FS1B_b,4,142.9,0.535,9,9
FC1C_b,hDeltaB,4,210.0,0.354,9,12
hDeltaC,FR1,4,206.4,0.96,12,9
PFNv,FR2,4,10.8,0.943,9,9
PFR_b,vDeltaH,4,1.5,0.962,9,7
FC1C_b,hDeltaL,4,348.6,0.828,9,12
FC2A,FC3_c,4,349.2,0.943,9,9
PFGs,vDeltaB,4,325.8,0.943,9,9
vDeltaL,hDeltaH,4,315.0,0.354,9,8
vDeltaI_b,vDeltaM,4,0.0,1.0,9,9
FC2C,PFNd,4,349.2,0.943,9,8
PFR_b,FC1D,4,349.2,0.943,9,9
FS1B_a,FC1E,4,337.5,0.462,9,9
FC2C,vDeltaK,4,0.0,1.0,9,9
PFR_b,FS3_d,4,349.2,0.943,9,9
vDeltaD,FS1A_c,4,34.2,0.943,9,9
PFNm_a,vDeltaM,4,10.8,0.943,9,9
vDeltaD,FR1,4,337.5,0.924,9,9
FS3_c,hDeltaC,4,34.6,0.311,8,12
PFL3,PFGs,4,22.5,0.924,9,9
PFL3,FC2B,4,0.0,1.0,9,9
vDeltaC,vDeltaA_b,4,337.5,0.924,9,9
FC1C_a,hDeltaI,4,348.6,0.96,9,12
FC1C_a,PFGs,4,0.0,1.0,9,9
vDeltaB,vDeltaD,4,360.0,0.854,9,9
FC2B,vDeltaK,4,360.0,0.854,9,9
PFR_a,FC1A,4,337.5,0.462,9,9
FC1A,PFR_b,4,324.7,0.612,9,9
PFL3,hDeltaJ,4,75.0,0.259,9,12
FS3_b,FS1B_a,4,360.0,0.354,9,9
FS3_b,PFGs,4,22.5,0.924,9,9
PFGs,vDeltaL,4,349.2,0.943,9,9
FC1E,hDeltaM,4,337.5,0.924,9,8
FS3_c,PFL2,4,0.0,1.0,8,9
vDeltaL,FR1,4,360.0,0.854,9,9
FC3_b,hDeltaL,4,64.5,0.32,9,12
hDeltaB,vDeltaB,4,209.7,0.949,12,9
FS1A_b,PFL3,4,22.5,0.924,9,9
FS1A_b,FC,4,270.0,0.354,9,8
FR2,PFR_b,4,17.1,0.6,9,9
vDeltaA_b,FS4C,4,22.5,0.924,9,9
vDeltaA_a,FC1B,4,308.8,0.681,9,9
FR2,FC2A,4,292.5,0.191,9,9
PFL1,FC1F,4,10.8,0.943,9,8
vDeltaA_b,vDeltaC,4,349.2,0.943,9,9
PFL3,PFR_b,4,26.6,0.791,9,9
FS2,vDeltaG,4,6.2,0.681,9,9
vDeltaM,hDeltaM,4,45.0,0.354,9,8
FS3_b,hDeltaC,4,6.3,0.429,9,12
FS3_b,hDeltaF,4,341.2,0.401,9,6
FS3_d,FS1B_a,4,247.5,0.191,9,9
PFL1,PFR_b,4,360.0,0.354,9,9
PFL2,hDeltaA,4,9.1,0.582,9,12
FS1A_b,vDeltaD,3,315.0,1.0,9,9
FC1A,FS3_c,3,0.0,1.0,9,8
hDeltaL,FS1B_a,3,90.0,1.0,12,9
FC,hDeltaG,3,315.0,1.0,8,8
FR1,FS4A,3,0.0,1.0,9,9
vDeltaG,vDeltaE,3,0.0,1.0,9,9
FS4A,PFL2,3,0.0,1.0,9,9
FS3_a,FS4B,3,0.0,1.0,9,9
hDeltaE,FS1A_a,3,180.0,1.0,8,9
PFNm_a,PFL1,3,0.0,1.0,9,9
vDeltaI_b,hDeltaL,3,309.9,0.97,9,12
PFNd,FC1C_b,3,45.0,1.0,8,9
PFR_b,PFNm_b,3,255.4,0.933,9,9
PFL1,FC3_a,3,63.4,0.745,9,9
PFL1,FC3_b,3,0.0,1.0,9,9
PFR_b,FS4C,3,30.4,0.933,9,9
hDeltaA,FC1B,3,225.4,0.933,12,9
PFGs,FC1C_b,3,341.6,0.745,9,9
hDeltaH,FC,3,194.6,0.933,8,8
FR1,hDeltaH,3,135.0,0.333,9,8
PFR_b,FS3_a,3,345.4,0.933,9,9
hDeltaH,hDeltaL,3,190.0,0.992,8,12
vDeltaA_a,PFL2,3,30.4,0.933,9,9
vDeltaM,vDeltaC,3,345.4,0.933,9,9
hDeltaM,FC,3,180.0,1.0,8,8
vDeltaA_a,FR1,3,345.4,0.933,9,9
vDeltaA_a,FS1A_b,3,14.6,0.933,9,9
FS1B_b,FS3_c,3,329.6,0.933,9,8
vDeltaA_a,hDeltaI,3,126.2,0.413,9,12
FS2,hDeltaD,3,0.0,0.333,9,8
vDeltaL,FC1C_a,3,30.4,0.933,9,9
vDeltaL,FC1D,3,341.6,0.745,9,9
vDeltaK,vDeltaF,3,0.0,1.0,9,9
vDeltaL,FC2B,3,18.4,0.745,9,9
vDeltaK,FC1A,3,0.0,1.0,9,9
vDeltaK,vDeltaC,3,0.0,1.0,9,9
vDeltaL,FS4A,3,329.6,0.933,9,9
FC,hDeltaA,3,345.0,1.0,8,12
vDeltaI_a,vDeltaA_a,3,14.6,0.933,9,9
vDeltaI_a,vDeltaM,3,14.6,0.933,9,9
FC1C_a,PFR_a,3,345.4,0.933,9,9
FS1A_b,hDeltaM,3,0.0,1.0,9,8
FC1C_a,FS3_c,3,0.0,1.0,9,8
hDeltaG,FC1C_a,3,194.6,0.933,8,9
vDeltaI_a,FC1A,3,14.6,0.933,9,9
vDeltaH,hDeltaA,3,50.5,0.503,7,12
FC1B,vDeltaB,3,315.0,1.0,9,9
FS4A,FC2B,3,0.0,1.0,9,9
FS4A,FS3_b,3,0.0,1.0,9,9
vDeltaK,vDeltaH,3,15.0,0.999,9,7
hDeltaK,vDeltaA_a,3,81.8,0.819,12,9
FS3_a,FC2B,3,0.0,1.0,9,9
PFGs,hDeltaM,3,315.0,1.0,9,8
FC,FS3_b,3,284.6,0.933,8,9
vDeltaC,FC3_c,3,345.4,0.933,9,9
PFNd,PFNm_b,3,30.4,0.933,8,9
PFL3,vDeltaI_a,3,0.0,1.0,9,9
PFNd,hDeltaD,3,0.0,1.0,8,8
PFL1,hDeltaM,3,329.6,0.933,9,8
FC1C_b,vDeltaF,3,14.6,0.933,9,9
vDeltaI_a,PFL1,3,14.6,0.933,9,9
vDeltaH,hDeltaK,3,322.0,0.35,7,12
vDeltaI_a,FS3_c,3,345.4,0.933,9,8
FS1A_a,FC1C_b,3,14.6,0.933,9,9
PFNv,vDeltaL,3,0.0,1.0,9,9
FC2B,vDeltaD,3,14.6,0.933,9,9
FC1D,PFNv,3,18.4,0.745,9,9
FC2B,vDeltaC,3,0.0,1.0,9,9
hDeltaA,FC1D,3,156.2,0.413,12,9
FC3_a,FS4B,3,341.6,0.745,9,9
FC2B,vDeltaL,3,0.0,1.0,9,9
PFNv,FC,3,360.0,0.805,9,8
FC3_b,vDeltaL,3,18.4,0.745,9,9
FC2A,PFNa,3,345.4,0.933,9,9
hDeltaJ,hDeltaF,3,189.9,0.97,12,6
PFNa,vDeltaB,3,0.0,1.0,9,9
FC1D,hDeltaL,3,347.6,0.778,9,12
PFGs,FS4B,3,0.0,1.0,9,9
PFGs,FC2B,3,14.6,0.933,9,9
FS1A_a,FS1B_b,3,0.0,1.0,9,9
FS1A_a,hDeltaC,3,150.0,0.333,9,12
vDeltaG,FC1F,3,329.6,0.933,9,8
vDeltaG,hDeltaL,3,356.6,0.745,9,12
hDeltaJ,FS3_a,3,195.0,1.0,12,9
vDeltaF,FC1C_a,3,360.0,0.805,9,9
hDeltaL,PFL1,3,19.9,0.203,12,9
FC3_a,hDeltaF,3,300.0,0.333,9,6
FS2,hDeltaI,3,1.2,0.289,9,12
hDeltaJ,vDeltaL,3,195.0,0.977,12,9
hDeltaA,FS4B,3,195.0,0.977,12,9
hDeltaA,FS3_d,3,204.9,0.97,12,9
hDeltaK,hDeltaI,3,19.1,0.882,12,12
FC2A,FC1B,3,345.4,0.933,9,9
FC2A,FC1F,3,315.0,1.0,9,8
FC1C_b,FS1B_b,3,0.0,1.0,9,9
PFNd,hDeltaF,3,340.0,0.992,8,6
FC1D,PFR_a,3,0.0,1.0,9,9
PFR_b,FS3_b,3,345.4,0.933,9,9
FR1,FC2A,3,54.7,0.577,9,9
FC1C_b,PFL2,3,345.4,0.933,9,9
FC1C_b,PFR_a,3,0.0,1.0,9,9
FC1D,PFGs,3,345.4,0.933,9,9
PFNa,vDeltaI_b,3,0.0,1.0,9,9
PFNa,FS2,3,0.0,1.0,9,9
FC1C_a,PFL3,3,360.0,0.805,9,9
vDeltaE,hDeltaJ,3,165.0,0.977,9,12
PFGs,PFNa,3,18.4,0.745,9,9
vDeltaI_a,FS3_a,3,345.4,0.933,9,9
PFL3,hDeltaB,3,192.4,0.375,9,12
FS1A_a,FC1C_a,3,106.3,0.491,9,9
FC1B,hDeltaL,3,350.1,0.97,9,12
FC1B,FS3_c,3,345.4,0.933,9,8
FC1C_b,PFNd,3,345.4,0.933,9,8
PFR_b,FS1A_b,3,341.6,0.745,9,9
PFR_b,FC1E,3,14.6,0.933,9,9
FC,hDeltaJ,3,346.2,0.847,8,12
PFR_a,PFNv,3,14.6,0.933,9,9
vDeltaD,vDeltaF,3,360.0,0.805,9,9
hDeltaB,vDeltaG,3,210.4,0.933,12,9
hDeltaB,FC1C_b,3,200.1,0.97,12,9
FC1C_b,FS2,3,0.0,1.0,9,9
vDeltaH,hDeltaJ,3,176.1,0.322,7,12
PFR_b,FC1B,3,345.4,0.933,9,9
PFGs,vDeltaM,3,345.4,0.933,9,9
hDeltaM,FC1C_b,3,194.6,0.933,8,9
PFL3,vDeltaI_b,3,0.0,1.0,9,9
PFL3,hDeltaM,3,208.7,0.491,9,8
vDeltaC,vDeltaE,3,9.7,0.577,9,9
vDeltaC,FS4B,3,341.6,0.745,9,9
vDeltaI_b,FS1B_a,3,360.0,0.805,9,9
FC,FC2B,3,284.6,0.933,8,9
FC,FC3_b,3,345.4,0.933,8,9
vDeltaB,hDeltaK,3,184.9,0.947,9,12
PFGs,FR1,3,0.0,1.0,9,9
PFGs,FC2A,3,0.0,1.0,9,9
FC2B,FC1C_b,3,30.4,0.933,9,9
hDeltaJ,FC1A,3,220.4,0.86,12,9
FS3_a,FC3_a,3,345.4,0.933,9,9
FS3_a,FS4A,3,26.6,0.745,9,9
PFNv,vDeltaB,3,14.6,0.933,9,9
vDeltaC,hDeltaG,3,149.6,0.933,9,8
vDeltaJ,hDeltaK,3,304.9,0.392,8,12
FS1B_a,FC1D,3,45.0,0.333,9,9
vDeltaA_b,vDeltaF,3,0.0,1.0,9,9
FC1F,vDeltaI_b,3,345.4,0.933,8,9
vDeltaI_b,vDeltaE,3,14.6,0.933,9,9
FS3_b,FS4A,3,26.6,0.745,9,9
vDeltaK,FC1D,3,0.0,1.0,9,9
FC1F,hDeltaB,3,106.3,0.491,8,12
FS4A,vDeltaB,3,14.6,0.933,9,9
vDeltaJ,PFGs,3,30.4,0.933,8,9
vDeltaI_a,vDeltaC,3,14.6,0.933,9,9
FC2C,hDeltaD,3,329.6,0.933,9,8
vDeltaK,FS1A_a,3,360.0,0.805,9,9
hDeltaH,FC1C_b,3,253.7,0.491,8,9
FC1B,vDeltaC,3,14.6,0.933,9,9
vDeltaK,hDeltaJ,3,169.9,0.947,9,12
hDeltaH,PFL1,3,270.0,0.333,8,9
hDeltaH,FS4A,3,208.7,0.491,8,9
hDeltaB,vDeltaA_b,3,180.4,0.933,12,9
vDeltaH,FS1B_b,3,349.6,0.941,7,9
vDeltaF,FS3_c,3,14.6,0.933,9,8
FS1B_a,hDeltaC,3,328.8,0.558,9,12
vDeltaI_a,hDeltaI,3,306.2,0.413,9,12
FS4A,hDeltaF,3,210.0,0.333,9,6
vDeltaL,hDeltaC,3,340.1,0.947,9,12
vDeltaM,hDeltaC,3,0.0,0.333,9,12
PFL1,PFL2,3,315.0,0.333,9,9
vDeltaG,vDeltaK,3,0.0,1.0,9,9
vDeltaA_a,vDeltaD,3,0.0,1.0,9,9
FS1B_a,hDeltaJ,3,248.8,0.413,9,12
FS2,FC1D,3,0.0,1.0,9,9
FS2,FR2,3,345.4,0.933,9,9
vDeltaD,vDeltaB,3,30.4,0.933,9,9
vDeltaJ,FS1A_c,3,0.0,1.0,8,9
FS3_a,hDeltaD,3,315.0,0.333,9,8
vDeltaA_b,vDeltaI_a,3,345.4,0.933,9,9
FS4C,vDeltaA_a,3,343.7,0.491,9,9
FS3_a,PFNm_b,3,329.6,0.933,9,9
FS3_d,PFGs,3,63.4,0.745,9,9
vDeltaM,PFL1,3,14.6,0.933,9,9
vDeltaL,hDeltaM,3,135.0,0.333,9,8
vDeltaA_a,PFNa,3,0.0,1.0,9,9
FS3_d,vDeltaB,3,45.0,0.805,9,9
vDeltaA_a,PFNd,3,9.7,0.577,9,8
PFL2,hDeltaJ,3,304.9,0.49,9,12
PFL2,vDeltaK,3,14.6,0.933,9,9
PFNa,FS1B_a,3,30.4,0.933,9,9
PFL1,FC2C,3,360.0,0.333,9,9
PFL2,FC2A,3,345.4,0.933,9,9
vDeltaE,vDeltaK,2,0.0,1.0,9,9
FS1A_c,FS4B,2,0.0,1.0,9,9
vDeltaA_a,FS3_a,2,0.0,1.0,9,9
vDeltaK,FC1C_b,2,0.0,1.0,9,9
FS1A_c,hDeltaJ,2,330.0,1.0,9,12
FS2,FC1C_a,2,0.0,1.0,9,9
vDeltaJ,vDeltaA_a,2,0.0,1.0,8,9
FR2,FS3_d,2,0.0,1.0,9,9
FS1A_b,PFL2,2,45.0,1.0,9,9
FS1A_c,vDeltaJ,2,0.0,1.0,9,8
FS1A_c,vDeltaM,2,45.0,1.0,9,9
vDeltaF,vDeltaA_a,2,0.0,1.0,9,9
vDeltaF,vDeltaA_b,2,0.0,1.0,9,9
hDeltaG,FC,2,180.0,1.0,8,8
FS1B_a,FS3_b,2,0.0,1.0,9,9
FS1A_b,hDeltaI,2,15.0,1.0,9,12
hDeltaI,vDeltaE,2,180.0,1.0,12,9
hDeltaL,hDeltaM,2,180.0,1.0,12,8
hDeltaD,PFL1,2,180.0,1.0,8,9
hDeltaD,hDeltaH,2,90.0,1.0,8,8
vDeltaG,PFL1,2,0.0,1.0,9,9
vDeltaH,hDeltaI,2,330.0,1.0,7,12
FC1F,vDeltaJ,2,0.0,1.0,8,8
FS1A_b,vDeltaC,2,315.0,1.0,9,9
vDeltaA_b,FS3_a,2,0.0,1.0,9,9
vDeltaI_b,vDeltaC,2,0.0,1.0,9,9
hDeltaJ,vDeltaB,2,180.0,1.0,12,9
FS3_a,FC1D,2,0.0,1.0,9,9
FC,vDeltaC,2,45.0,1.0,8,9
hDeltaK,PFNm_b,2,210.0,1.0,12,9
hDeltaF,vDeltaA_a,2,180.0,1.0,6,9
vDeltaE,hDeltaD,2,315.0,1.0,9,8
hDeltaM,FS3_a,2,180.0,1.0,8,9
vDeltaG,FS3_c,2,0.0,1.0,9,8
PFNa,FS3_c,2,0.0,1.0,9,8
PFR_b,PFNm_a,2,90.0,1.0,9,9
PFGs,hDeltaD,2,315.0,1.0,9,8
FC2A,PFNm_b,2,0.0,1.0,9,9
hDeltaF,vDeltaG,2,195.0,1.0,6,9
hDeltaL,FC1C_a,2,195.0,1.0,12,9
PFNd,FS1B_a,2,45.0,1.0,8,9
vDeltaK,FS1B_b,2,337.5,0.924,9,9
PFNa,vDeltaL,2,0.0,1.0,9,9
hDeltaF,hDeltaJ,2,90.0,0.0,6,12
FC1D,hDeltaG,2,315.0,1.0,9,8
FC1D,hDeltaB,2,307.5,0.991,9,12
hDeltaG,hDeltaD,2,90.0,0.0,8,8
PFNv,FC1A,2,0.0,1.0,9,9
PFNv,vDeltaG,2,0.0,1.0,9,9
PFGs,FC1B,2,67.5,0.383,9,9
PFGs,FS4C,2,45.0,1.0,9,9
PFNv,FC1C_a,2,360.0,0.707,9,9
hDeltaI,vDeltaG,2,165.0,0.866,12,9
FC1E,vDeltaH,2,80.4,0.924,9,7
FC1E,vDeltaC,2,0.0,1.0,9,9
PFNm_a,FC1D,2,22.5,0.924,9,9
PFNd,FC1C_a,2,22.5,0.924,8,9
FC1E,PFR_a,2,337.5,0.924,9,9
FC1E,vDeltaD,2,315.0,1.0,9,9
hDeltaB,FC1F,2,217.5,0.991,12,8
hDeltaG,vDeltaI_a,2,180.0,1.0,8,9
hDeltaG,hDeltaI,2,71.6,0.0,8,12
FC1A,hDeltaB,2,292.5,0.131,9,12
FC1D,vDeltaI_b,2,0.0,1.0,9,9
FC3_a,vDeltaM,2,360.0,0.707,9,9
FC3_a,vDeltaL,2,337.5,0.924,9,9
vDeltaI_b,hDeltaB,2,172.5,0.924,9,12
FC1A,FS3_b,2,0.0,1.0,9,9
hDeltaD,hDeltaC,2,15.0,1.0,8,12
hDeltaK,FC2B,2,157.5,0.793,12,9
hDeltaK,FS3_c,2,195.0,0.966,12,8
PFNd,vDeltaA_b,2,0.0,1.0,8,9
PFL1,FC1C_b,2,45.0,1.0,9,9
PFL1,FR1,2,180.0,0.707,9,9
hDeltaC,hDeltaA,2,345.0,0.966,12,12
vDeltaF,FS4B,2,360.0,0.707,9,9
vDeltaH,PFGs,2,334.3,0.975,7,9
FR1,hDeltaJ,2,232.5,0.131,9,12
FR1,hDeltaB,2,172.5,0.991,9,12
hDeltaC,PFL1,2,127.5,0.609,12,9
hDeltaC,vDeltaH,2,210.0,1.0,12,7
PFNd,FS1A_c,2,45.0,1.0,8,9
vDeltaG,FC1A,2,0.0,1.0,9,9
PFR_a,vDeltaD,2,0.0,1.0,9,9
FC3_c,PFNm_b,2,22.5,0.924,9,9
FR2,FC1A,2,0.0,1.0,9,9
FC1A,PFGs,2,0.0,1.0,9,9
hDeltaL,FS4B,2,165.0,1.0,12,9
FC1E,vDeltaI_a,2,0.0,1.0,9,9
FS1A_a,FS3_d,2,0.0,1.0,9,9
FC3_b,PFNm_b,2,22.5,0.924,9,9
PFNa,PFR_b,2,0.0,1.0,9,9
vDeltaE,vDeltaG,2,22.5,0.924,9,9
FS1B_a,FC,2,157.5,0.924,9,8
hDeltaJ,FS3_c,2,217.5,0.991,12,8
hDeltaK,PFL3,2,195.0,1.0,12,9
PFL3,FC3_a,2,0.0,1.0,9,9
vDeltaH,vDeltaJ,2,347.1,0.975,7,8
vDeltaH,vDeltaK,2,315.0,0.944,7,9
FC3_b,FS1A_a,2,337.5,0.924,9,9
FC1C_a,hDeltaG,2,337.5,0.924,9,8
FC1C_a,vDeltaG,2,0.0,1.0,9,9
hDeltaL,FC3_a,2,202.5,0.924,12,9
hDeltaL,hDeltaJ,2,285.0,0.259,12,12
hDeltaA,FC1F,2,187.5,0.924,12,8
FC1B,vDeltaI_b,2,0.0,1.0,9,9
PFNd,FS1A_b,2,0.0,1.0,8,9
PFNm_a,FS4A,2,0.0,1.0,9,9
PFR_b,PFNa,2,180.0,0.0,9,9
FC,FR2,2,337.5,0.924,8,9
FC,FC1A,2,0.0,1.0,8,9
FC,hDeltaC,2,22.5,0.991,8,12
FC,FR1,2,360.0,0.707,8,9
FC,PFL2,2,360.0,0.707,8,9
hDeltaC,PFNa,2,105.0,1.0,12,9
hDeltaC,FC1C_a,2,210.0,0.966,12,9
PFNv,vDeltaK,2,0.0,1.0,9,9
FS1A_a,FC3_b,2,0.0,1.0,9,9
vDeltaC,PFNa,2,0.0,1.0,9,9
FC1C_b,vDeltaG,2,337.5,0.924,9,9
vDeltaF,vDeltaJ,2,315.0,0.707,9,8
hDeltaB,PFNa,2,187.5,0.131,12,9
FS1A_c,FS4A,2,0.0,1.0,9,9
hDeltaD,PFNd,2,0.0,1.0,8,8
vDeltaH,FS4A,2,12.9,0.623,7,9
hDeltaE,vDeltaA_a,2,225.0,0.707,8,9
PFR_b,FS4B,2,0.0,1.0,9,9
vDeltaI_a,FS4A,2,0.0,1.0,9,9
vDeltaI_a,vDeltaE,2,337.5,0.924,9,9
PFL1,hDeltaJ,2,345.0,0.966,9,12
hDeltaM,vDeltaM,2,180.0,1.0,8,9
PFNm_a,vDeltaA_a,2,0.0,1.0,9,9
FS1A_a,hDeltaM,2,247.5,0.383,9,8
FC1E,vDeltaE,2,22.5,0.924,9,9
PFNm_a,hDeltaD,2,315.0,1.0,9,8
vDeltaC,FS1B_b,2,360.0,0.707,9,9
hDeltaM,FC3_c,2,202.5,0.924,8,9
PFR_b,FC,2,0.0,1.0,9,8
PFR_b,FC1A,2,67.5,0.383,9,9
hDeltaF,vDeltaA_b,2,210.0,0.866,6,9
PFL3,FS2,2,22.5,0.924,9,9
vDeltaJ,FC1C_a,2,0.0,1.0,8,9
vDeltaJ,vDeltaG,2,337.5,0.924,8,9
hDeltaC,vDeltaI_a,2,217.5,0.991,12,9
hDeltaK,PFNm_a,2,195.0,0.966,12,9
hDeltaK,PFNv,2,210.0,1.0,12,9
FC1C_a,PFNv,2,0.0,1.0,9,9
vDeltaI_b,FC1D,2,0.0,1.0,9,9
vDeltaI_b,FS4A,2,22.5,0.924,9,9
FC,PFNa,2,22.5,0.924,8,9
FC,vDeltaD,2,0.0,1.0,8,9
FC,FS2,2,337.5,0.924,8,9
PFNd,vDeltaD,2,337.5,0.924,8,9
FS1B_b,FS1A_b,2,225.0,0.707,9,9
FS3_a,vDeltaB,2,337.5,0.924,9,9
FS3_a,PFL3,2,0.0,1.0,9,9
FS3_a,PFNa,2,22.5,0.924,9,9
hDeltaK,FC3_c,2,172.5,0.991,12,9
vDeltaI_b,FS1B_b,2,360.0,0.707,9,9
vDeltaH,FS1A_a,2,311.8,0.986,7,9
vDeltaI_b,hDeltaK,2,90.0,0.0,9,12
FS1B_b,FC2C,2,225.0,1.0,9,9
vDeltaJ,FC3_b,2,22.5,0.924,8,9
vDeltaJ,vDeltaF,2,0.0,1.0,8,9
FS2,PFNv,2,0.0,1.0,9,9
FS2,hDeltaA,2,165.0,0.966,9,12
hDeltaK,vDeltaF,2,210.0,0.966,12,9
FS1A_b,FR1,2,0.0,1.0,9,9
hDeltaC,FS4B,2,195.0,0.866,12,9
FS1B_b,FC1F,2,0.0,1.0,9,8
FS1A_c,FS2,2,180.0,0.707,9,9
FS1A_c,FS3_c,2,0.0,1.0,9,8
PFGs,vDeltaG,2,0.0,1.0,9,9
PFL3,vDeltaE,2,0.0,1.0,9,9
FC1F,FS3_b,2,0.0,1.0,8,9
vDeltaM,FR2,2,0.0,1.0,9,9
hDeltaH,FS3_d,2,202.5,0.924,8,9
hDeltaM,FC1B,2,202.5,0.924,8,9
FS4B,FS1B_b,2,315.0,0.707,9,9
FS4B,FS1A_a,2,0.0,1.0,9,9
hDeltaH,FS3_a,2,202.5,0.924,8,9
vDeltaM,vDeltaF,2,0.0,1.0,9,9
FS1A_c,FS3_b,2,180.0,0.0,9,9
FS1A_c,FC1C_a,2,0.0,1.0,9,9
PFNm_b,vDeltaM,2,337.5,0.924,9,9
FS1B_a,PFR_b,2,90.0,1.0,9,9
PFNm_b,FC1B,2,0.0,1.0,9,9
hDeltaA,hDeltaG,2,180.0,1.0,12,8
vDeltaD,PFR_a,2,22.5,0.924,9,9
vDeltaM,FS1A_c,2,315.0,1.0,9,9
FS3_c,FC2B,2,0.0,1.0,8,9
FS1A_a,hDeltaJ,2,202.5,0.383,9,12
FS1A_c,PFR_a,2,0.0,1.0,9,9
vDeltaA_a,PFR_b,2,0.0,1.0,9,9
FS1B_a,FC3_b,2,67.5,0.924,9,9
vDeltaD,FS4A,2,337.5,0.924,9,9
FS4A,hDeltaG,2,225.0,0.0,9,8
FC1C_a,hDeltaM,2,337.5,0.924,9,8
FS1A_c,hDeltaI,2,0.0,0.966,9,12
FR2,PFL3,2,337.5,0.924,9,9
FR2,FC2B,2,112.5,0.383,9,9
PFL1,hDeltaF,2,315.0,0.866,9,6
FC1C_a,vDeltaH,2,334.3,0.782,9,7
vDeltaC,vDeltaG,2,0.0,1.0,9,9
vDeltaC,vDeltaA_a,2,0.0,1.0,9,9
vDeltaI_b,vDeltaA_a,2,0.0,1.0,9,9
vDeltaI_b,FS3_b,2,22.5,0.924,9,9
FC2C,vDeltaA_b,2,337.5,0.924,9,9
vDeltaA_b,vDeltaE,2,0.0,1.0,9,9
vDeltaA_b,vDeltaD,2,0.0,1.0,9,9
vDeltaK,FS1B_a,2,0.0,1.0,9,9
FR2,hDeltaJ,2,90.0,0.0,9,12
FS2,vDeltaI_b,2,360.0,0.707,9,9
FS4A,FC1B,2,0.0,1.0,9,9
FS4C,FS1A_c,2,337.5,0.924,9,9
FR2,FC1E,2,45.0,1.0,9,9
FS1B_b,FS3_a,2,337.5,0.924,9,9
vDeltaK,FS1A_b,2,0.0,1.0,9,9
FS4C,FS2,2,0.0,1.0,9,9
FS3_c,hDeltaJ,2,262.5,0.131,8,12
FS3_c,FS4B,2,45.0,0.707,8,9
PFL1,hDeltaA,2,75.0,0.866,9,12
PFL1,hDeltaK,2,322.5,0.793,9,12
FS3_a,PFNv,2,45.0,0.707,9,9
FS3_b,hDeltaJ,2,172.5,0.924,9,12
vDeltaM,PFNm_b,2,337.5,0.924,9,9
vDeltaM,FS4A,2,360.0,0.707,9,9
vDeltaL,vDeltaA_a,2,337.5,0.924,9,9
vDeltaL,vDeltaA_b,2,337.5,0.924,9,9
vDeltaA_a,FS3_c,2,337.5,0.924,9,8
vDeltaL,FC2A,2,45.0,1.0,9,9
FS3_c,vDeltaB,2,22.5,0.924,8,9
vDeltaA_b,hDeltaA,2,7.5,0.991,9,12
FS3_a,vDeltaA_b,2,337.5,0.924,9,9
FS2,FC2A,2,0.0,1.0,9,9
vDeltaM,FS2,2,45.0,0.707,9,9
vDeltaA_b,vDeltaI_b,2,337.5,0.924,9,9
vDeltaA_b,PFNm_b,2,22.5,0.924,9,9
FS3_b,FC2B,2,337.5,0.924,9,9
vDeltaM,FC1C_a,2,0.0,1.0,9,9
FS3_b,vDeltaC,2,0.0,1.0,9,9
FS3_d,hDeltaG,2,157.5,0.924,9,8
FS3_d,PFL3,2,0.0,1.0,9,9
FS3_d,FS4B,2,0.0,1.0,9,9
FS3_d,vDeltaD,2,337.5,0.924,9,9
vDeltaA_a,FC1A,2,45.0,1.0,9,9
vDeltaA_a,PFNm_b,2,22.5,0.924,9,9
FS3_d,hDeltaF,2,315.0,0.966,9,6
vDeltaM,PFNd,2,315.0,0.707,9,8
FS3_b,FS1B_b,2,315.0,0.707,9,9
vDeltaL,vDeltaD,2,22.5,0.924,9,9
FS3_d,hDeltaL,2,67.5,0.131,9,12
FS1A_b,hDeltaH,2,225.0,0.0,9,8
FS1A_a,FC2A,2,270.0,0.707,9,9
PFL3,FS1A_c,2,337.5,0.924,9,9
FS1B_a,FS4B,2,0.0,1.0,9,9
vDeltaM,FC2B,2,337.5,0.924,9,9
PFL3,FS1A_a,2,337.5,0.924,9,9
PFR_a,hDeltaF,2,292.5,0.991,9,6
PFL2,FR1,2,0.0,1.0,9,9
PFR_a,FS4B,2,22.5,0.924,9,9
hDeltaH,FC1F,2,202.5,0.924,8,8
vDeltaI_a,FS1A_a,2,45.0,1.0,9,9
hDeltaH,FS4B,2,202.5,0.924,8,9
hDeltaH,PFNd,2,180.0,1.0,8,8
hDeltaA,FC3_c,2,195.0,1.0,12,9
hDeltaH,hDeltaF,2,150.0,1.0,8,6
PFL1,PFNd,2,45.0,0.707,9,8
PFL1,vDeltaI_b,2,315.0,1.0,9,9
PFL2,vDeltaG,2,0.0,1.0,9,9
PFL1,FC1D,2,22.5,0.924,9,9
FS1A_b,FS3_c,2,225.0,0.0,9,8
FC1C_b,vDeltaI_a,2,67.5,0.924,9,9
FC3_c,vDeltaM,2,337.5,0.924,9,9
vDeltaA_b,vDeltaK,2,337.5,0.924,9,9
PFNv,vDeltaM,2,0.0,1.0,9,9
FS3_c,vDeltaF,2,22.5,0.924,8,9
FC3_b,vDeltaM,1,45.0,1.0,9,9
FC2A,vDeltaD,1,0.0,1.0,9,9
vDeltaK,hDeltaG,1,0.0,1.0,9,8
vDeltaK,hDeltaL,1,330.0,1.0,9,12
FC1D,vDeltaA_a,1,0.0,1.0,9,9
hDeltaG,FR2,1,180.0,1.0,8,9
hDeltaL,hDeltaA,1,300.0,1.0,12,12
PFGs,FS1B_b,1,45.0,1.0,9,9
FS1A_a,PFR_a,1,0.0,1.0,9,9
vDeltaG,vDeltaA_a,1,0.0,1.0,9,9
vDeltaG,vDeltaB,1,0.0,1.0,9,9
vDeltaG,FR2,1,0.0,1.0,9,9
PFNm_a,FC1B,1,45.0,1.0,9,9
PFGs,FC1F,1,0.0,1.0,9,8
hDeltaG,FS4B,1,180.0,1.0,8,9
hDeltaG,vDeltaA_b,1,180.0,1.0,8,9
hDeltaG,FC1F,1,225.0,1.0,8,8
hDeltaK,FS3_b,1,135.0,1.0,12,9
FC1A,vDeltaM,1,45.0,1.0,9,9
hDeltaI,vDeltaF,1,30.0,1.0,12,9
FC3_b,hDeltaF,1,30.0,1.0,9,6
PFNa,vDeltaM,1,0.0,1.0,9,9
hDeltaL,vDeltaG,1,195.0,1.0,12,9
FS2,vDeltaJ,1,45.0,1.0,9,8
FC1A,vDeltaE,1,90.0,1.0,9,9
hDeltaA,FC1E,1,180.0,1.0,12,9
hDeltaD,hDeltaG,1,45.0,1.0,8,8
FC2B,PFNv,1,0.0,1.0,9,9
hDeltaC,vDeltaJ,1,180.0,1.0,12,8
hDeltaF,FC1B,1,105.0,1.0,6,9
hDeltaK,FR1,1,45.0,1.0,12,9
vDeltaF,FS3_b,1,315.0,1.0,9,9
vDeltaF,FC,1,0.0,1.0,9,8
vDeltaF,FC1A,1,315.0,1.0,9,9
FC2A,FS4B,1,0.0,1.0,9,9
FC1B,hDeltaK,1,330.0,1.0,9,12
hDeltaG,vDeltaK,1,180.0,1.0,8,9
hDeltaG,vDeltaB,1,180.0,1.0,8,9
FR1,hDeltaI,1,165.0,1.0,9,12
FR1,hDeltaK,1,345.0,1.0,9,12
FC3_c,vDeltaA_b,1,0.0,1.0,9,9
PFGs,FS1A_b,1,270.0,1.0,9,9
FC1B,vDeltaL,1,45.0,1.0,9,9
FR1,hDeltaL,1,345.0,1.0,9,12
vDeltaE,vDeltaA_a,1,0.0,1.0,9,9
vDeltaG,PFNa,1,0.0,1.0,9,9
PFNm_a,hDeltaI,1,330.0,1.0,9,12
FR2,FC1C_b,1,0.0,1.0,9,9
hDeltaJ,PFNm_a,1,30.0,1.0,12,9
FC1A,hDeltaK,1,0.0,1.0,9,12
FR1,vDeltaH,1,45.0,1.0,9,7
FC1D,hDeltaF,1,330.0,1.0,9,6
FC1C_b,vDeltaK,1,0.0,1.0,9,9
FC1C_a,vDeltaF,1,315.0,1.0,9,9
FC1C_a,hDeltaL,1,315.0,1.0,9,12
FC1C_a,hDeltaC,1,345.0,1.0,9,12
FS1A_a,FC1A,1,0.0,1.0,9,9
FS1A_a,FS4C,1,0.0,1.0,9,9
vDeltaG,hDeltaB,1,165.0,1.0,9,12
FC1D,hDeltaD,1,315.0,1.0,9,8
vDeltaK,FC,1,0.0,1.0,9,8
PFGs,FC1D,1,0.0,1.0,9,9
PFNm_a,FC3_a,1,0.0,1.0,9,9
PFL3,FS3_b,1,0.0,1.0,9,9
PFL3,FC1A,1,0.0,1.0,9,9
vDeltaH,FS3_d,1,334.3,1.0,7,9
vDeltaH,FR2,1,334.3,1.0,7,9
FC1D,FS3_c,1,45.0,1.0,9,8
FC1C_a,vDeltaD,1,315.0,1.0,9,9
FC1C_a,FS3_a,1,0.0,1.0,9,9
hDeltaD,hDeltaJ,1,0.0,1.0,8,12
hDeltaD,hDeltaK,1,0.0,1.0,8,12
FR1,vDeltaK,1,0.0,1.0,9,9
FR1,PFL1,1,45.0,1.0,9,9
FC1E,PFGs,1,0.0,1.0,9,9
FC1C_b,vDeltaH,1,340.7,1.0,9,7
FC1C_b,vDeltaI_b,1,0.0,1.0,9,9
FC,PFNd,1,0.0,1.0,8,8
FC,hDeltaH,1,0.0,1.0,8,8
FC,FC3_c,1,0.0,1.0,8,9
PFR_a,hDeltaD,1,0.0,1.0,9,8
hDeltaC,vDeltaM,1,150.0,1.0,12,9
hDeltaC,vDeltaL,1,150.0,1.0,12,9
PFNa,PFR_a,1,45.0,1.0,9,9
hDeltaJ,hDeltaD,1,165.0,1.0,12,8
PFNv,vDeltaJ,1,0.0,1.0,9,8
PFNv,hDeltaD,1,315.0,1.0,9,8
FS1A_a,FC3_c,1,0.0,1.0,9,9
vDeltaD,FS4B,1,45.0,1.0,9,9
FC1C_b,hDeltaF,1,285.0,1.0,9,6
FC2A,hDeltaG,1,0.0,1.0,9,8
FC2A,FS4A,1,0.0,1.0,9,9
vDeltaF,vDeltaC,1,0.0,1.0,9,9
hDeltaE,FR1,1,180.0,1.0,8,9
vDeltaG,FS3_d,1,0.0,1.0,9,9
hDeltaJ,PFNa,1,210.0,1.0,12,9
PFNm_a,FC1A,1,0.0,1.0,9,9
vDeltaD,vDeltaM,1,0.0,1.0,9,9
FS3_c,hDeltaK,1,195.0,1.0,8,12
FS3_c,FS1A_a,1,315.0,1.0,8,9
hDeltaL,PFNd,1,345.0,1.0,12,8
hDeltaL,hDeltaD,1,165.0,1.0,12,8
hDeltaL,hDeltaB,1,0.0,1.0,12,12
PFNd,vDeltaE,1,45.0,1.0,8,9
vDeltaK,FS4B,1,0.0,1.0,9,9
vDeltaC,PFNm_a,1,0.0,1.0,9,9
PFL3,vDeltaH,1,0.0,1.0,9,7
PFL3,FR2,1,0.0,1.0,9,9
PFNm_a,FC3_b,1,0.0,1.0,9,9
vDeltaJ,FC1C_b,1,0.0,1.0,8,9
FC1C_a,PFL2,1,0.0,1.0,9,9
vDeltaK,PFNa,1,0.0,1.0,9,9
vDeltaI_b,FC,1,0.0,1.0,9,8
vDeltaI_b,FC3_c,1,0.0,1.0,9,9
FC,PFR_b,1,315.0,1.0,8,9
FC,PFGs,1,315.0,1.0,8,9
FC,vDeltaF,1,45.0,1.0,8,9
FC,hDeltaI,1,165.0,1.0,8,12
FC,FS3_a,1,0.0,1.0,8,9
FC,vDeltaA_b,1,315.0,1.0,8,9
hDeltaI,PFNa,1,105.0,1.0,12,9
FC1C_b,hDeltaK,1,330.0,1.0,9,12
PFGs,FC1A,1,0.0,1.0,9,9
hDeltaE,PFL3,1,225.0,1.0,8,9
FR1,vDeltaF,1,315.0,1.0,9,9
hDeltaG,vDeltaI_b,1,180.0,1.0,8,9
PFNv,vDeltaA_b,1,0.0,1.0,9,9
FS3_a,FC1C_a,1,0.0,1.0,9,9
FC1E,vDeltaM,1,45.0,1.0,9,9
FS3_a,FS1B_a,1,315.0,1.0,9,9
FS4C,FS3_d,1,90.0,1.0,9,9
PFNd,vDeltaG,1,45.0,1.0,8,9
PFNv,hDeltaE,1,315.0,1.0,9,8
hDeltaB,PFNm_b,1,165.0,1.0,12,9
vDeltaH,hDeltaL,1,17.1,1.0,7,12
FC1C_a,FS2,1,0.0,1.0,9,9
vDeltaL,FS3_d,1,0.0,1.0,9,9
vDeltaI_b,FS4B,1,0.0,1.0,9,9
FS1B_b,FR2,1,315.0,1.0,9,9
FS1B_b,FC2A,1,315.0,1.0,9,9
vDeltaJ,FS2,1,45.0,1.0,8,9
vDeltaJ,vDeltaB,1,0.0,1.0,8,9
hDeltaK,FS1A_a,1,165.0,1.0,12,9
FS1B_a,hDeltaB,1,135.0,1.0,9,12
FS1B_a,FR1,1,0.0,1.0,9,9
hDeltaK,hDeltaA,1,180.0,1.0,12,12
hDeltaK,FS4B,1,240.0,1.0,12,9
vDeltaI_b,PFNa,1,0.0,1.0,9,9
FC1D,vDeltaD,1,315.0,1.0,9,9
FS1A_b,FR2,1,0.0,1.0,9,9
FS4C,FC2C,1,225.0,1.0,9,9
FS3_b,FC3_a,1,45.0,1.0,9,9
FS3_a,FC1A,1,0.0,1.0,9,9
hDeltaK,FS1A_b,1,195.0,1.0,12,9
hDeltaK,FS3_d,1,225.0,1.0,12,9
hDeltaK,PFR_a,1,225.0,1.0,12,9
FS1B_b,FS1A_a,1,0.0,1.0,9,9
hDeltaK,hDeltaM,1,315.0,1.0,12,8
FC2B,vDeltaB,1,90.0,1.0,9,9
FC1F,hDeltaK,1,315.0,1.0,8,12
hDeltaF,hDeltaD,1,165.0,1.0,6,8
vDeltaA_b,hDeltaC,1,150.0,1.0,9,12
FS4A,FS3_c,1,0.0,1.0,9,8
vDeltaJ,hDeltaC,1,0.0,1.0,8,12
FS1A_b,FC1A,1,315.0,1.0,9,9
PFL3,FS4B,1,315.0,1.0,9,9
FC1E,hDeltaK,1,165.0,1.0,9,12
hDeltaC,FC,1,180.0,1.0,12,8
PFL3,FC,1,0.0,1.0,9,8
FC1F,hDeltaL,1,330.0,1.0,8,12
FS3_c,FC1C_b,1,0.0,1.0,8,9
hDeltaK,PFNa,1,180.0,1.0,12,9
vDeltaL,vDeltaG,1,0.0,1.0,9,9
hDeltaM,PFNd,1,45.0,1.0,8,8
hDeltaH,hDeltaE,1,0.0,1.0,8,8
hDeltaH,FC1E,1,0.0,1.0,8,9
hDeltaM,FS3_b,1,180.0,1.0,8,9
hDeltaM,FC1A,1,180.0,1.0,8,9
PFNm_b,FS1A_a,1,0.0,1.0,9,9
vDeltaL,FS2,1,0.0,1.0,9,9
vDeltaE,PFNa,1,0.0,1.0,9,9
hDeltaM,FC1F,1,180.0,1.0,8,8
hDeltaM,hDeltaF,1,150.0,1.0,8,6
vDeltaE,FC2A,1,0.0,1.0,9,9
FC1D,PFNm_b,1,0.0,1.0,9,9
FS4C,PFGs,1,0.0,1.0,9,9
PFNm_b,FS1A_b,1,0.0,1.0,9,9
PFNm_b,vDeltaL,1,0.0,1.0,9,9
FS1B_a,FS3_a,1,315.0,1.0,9,9
FS1B_a,PFL1,1,0.0,1.0,9,9
PFNm_b,vDeltaJ,1,0.0,1.0,9,8
vDeltaI_a,FS3_b,1,45.0,1.0,9,9
FS4A,PFGs,1,0.0,1.0,9,9
hDeltaE,PFR_a,1,270.0,1.0,8,9
FC1F,hDeltaF,1,300.0,1.0,8,6
hDeltaL,hDeltaH,1,180.0,1.0,12,8
FS3_c,FC1E,1,0.0,1.0,8,9
FC1C_b,PFNv,1,0.0,1.0,9,9
hDeltaG,vDeltaH,1,205.7,1.0,8,7
FC1C_b,vDeltaC,1,0.0,1.0,9,9
FC1C_b,vDeltaE,1,0.0,1.0,9,9
vDeltaH,FC1F,1,295.7,1.0,7,8
vDeltaH,FS4C,1,295.7,1.0,7,9
vDeltaJ,vDeltaD,1,0.0,1.0,8,9
vDeltaJ,FC1E,1,315.0,1.0,8,9
vDeltaJ,FS4A,1,0.0,1.0,8,9
FR2,FC3_b,1,0.0,1.0,9,9
FR2,hDeltaI,1,345.0,1.0,9,12
vDeltaA_a,vDeltaH,1,0.0,1.0,9,7
FS1A_b,FS4A,1,180.0,1.0,9,9
vDeltaH,FS1A_b,1,276.4,1.0,7,9
vDeltaI_a,FS1B_b,1,0.0,1.0,9,9
vDeltaG,vDeltaA_b,1,0.0,1.0,9,9
FC2A,vDeltaL,1,0.0,1.0,9,9
vDeltaI_a,hDeltaL,1,210.0,1.0,9,12
FC2B,PFNa,1,0.0,1.0,9,9
FS1A_a,hDeltaB,1,15.0,1.0,9,12
FS1A_a,PFR_b,1,45.0,1.0,9,9
vDeltaB,vDeltaE,1,0.0,1.0,9,9
FS1B_a,hDeltaK,1,45.0,1.0,9,12
FS1B_a,vDeltaI_b,1,0.0,1.0,9,9
FS1B_a,FC1B,1,45.0,1.0,9,9
FS1B_a,vDeltaH,1,83.6,1.0,9,7
FS1B_a,FC3_c,1,90.0,1.0,9,9
vDeltaG,FS4A,1,0.0,1.0,9,9
vDeltaG,FS3_b,1,0.0,1.0,9,9
hDeltaG,FC1E,1,225.0,1.0,8,9
hDeltaG,PFL1,1,180.0,1.0,8,9
vDeltaD,hDeltaD,1,315.0,1.0,9,8
vDeltaD,hDeltaH,1,225.0,1.0,9,8
PFL2,hDeltaF,1,105.0,1.0,9,6
FS4A,hDeltaB,1,330.0,1.0,9,12
FC1C_a,vDeltaK,1,0.0,1.0,9,9
PFNa,PFGs,1,0.0,1.0,9,9
FS1A_b,FS3_d,1,270.0,1.0,9,9
vDeltaF,PFNd,1,0.0,1.0,9,8
vDeltaF,vDeltaM,1,0.0,1.0,9,9
vDeltaF,hDeltaF,1,135.0,1.0,9,6
FS1A_c,hDeltaK,1,195.0,1.0,9,12
FS1A_c,PFL3,1,45.0,1.0,9,9
FS1A_c,vDeltaK,1,45.0,1.0,9,9
PFGs,hDeltaA,1,195.0,1.0,9,12
PFGs,PFL1,1,315.0,1.0,9,9
PFNm_b,PFL2,1,0.0,1.0,9,9
vDeltaD,hDeltaA,1,210.0,1.0,9,12
FS1B_a,FC1C_b,1,270.0,1.0,9,9
vDeltaM,FS3_a,1,0.0,1.0,9,9
FS1B_b,FC,1,270.0,1.0,9,8
vDeltaJ,FC1A,1,0.0,1.0,8,9
PFL1,hDeltaD,1,180.0,1.0,9,8
PFL1,hDeltaH,1,135.0,1.0,9,8
vDeltaC,PFNm_b,1,315.0,1.0,9,9
FS3_a,PFL2,1,45.0,1.0,9,9
FS3_a,hDeltaJ,1,345.0,1.0,9,12
vDeltaC,vDeltaI_a,1,0.0,1.0,9,9
vDeltaC,vDeltaL,1,45.0,1.0,9,9
vDeltaI_b,vDeltaA_b,1,0.0,1.0,9,9
vDeltaF,hDeltaB,1,180.0,1.0,9,12
vDeltaF,vDeltaL,1,0.0,1.0,9,9
FC1C_a,vDeltaE,1,0.0,1.0,9,9
vDeltaI_a,PFNd,1,315.0,1.0,9,8
PFL3,vDeltaF,1,0.0,1.0,9,9
FS1A_c,FR2,1,0.0,1.0,9,9
FS1A_b,hDeltaL,1,180.0,1.0,9,12
FR2,FS3_b,1,0.0,1.0,9,9
FR2,hDeltaB,1,0.0,1.0,9,12
FS4A,FS1A_b,1,315.0,1.0,9,9
FS2,vDeltaM,1,315.0,1.0,9,9
PFNm_b,hDeltaK,1,180.0,1.0,9,12
FS4C,FC3_b,1,0.0,1.0,9,9
FR2,PFL2,1,0.0,1.0,9,9
FR2,PFR_a,1,0.0,1.0,9,9
FR2,hDeltaA,1,150.0,1.0,9,12
FR2,FC1D,1,0.0,1.0,9,9
FR2,FS1B_b,1,0.0,1.0,9,9
FR2,FS1B_a,1,0.0,1.0,9,9
FR2,FC1C_a,1,0.0,1.0,9,9
FC,hDeltaB,1,315.0,1.0,8,12
FC,FC1F,1,0.0,1.0,8,8
vDeltaL,vDeltaH,1,25.7,1.0,9,7
FS3_c,FS1A_c,1,0.0,1.0,8,9
FS3_c,FS1B_b,1,0.0,1.0,8,9
FS3_c,vDeltaI_b,1,0.0,1.0,8,9
FS2,FC1C_b,1,0.0,1.0,9,9
vDeltaA_a,hDeltaH,1,270.0,1.0,9,8
FS3_a,hDeltaG,1,45.0,1.0,9,8
FS3_a,FS1A_a,1,90.0,1.0,9,9
FS3_a,FR2,1,45.0,1.0,9,9
vDeltaE,vDeltaC,1,0.0,1.0,9,9
vDeltaE,vDeltaB,1,0.0,1.0,9,9
vDeltaE,FS4A,1,315.0,1.0,9,9
vDeltaE,FS4B,1,315.0,1.0,9,9
vDeltaI_b,FS4C,1,0.0,1.0,9,9
FS1B_b,hDeltaH,1,225.0,1.0,9,8
FS1B_b,FC3_a,1,45.0,1.0,9,9
FS1B_b,vDeltaF,1,90.0,1.0,9,9
vDeltaI_a,FC1F,1,0.0,1.0,9,8
FS4C,FS3_b,1,135.0,1.0,9,9
FS3_c,FC,1,0.0,1.0,8,8
FS1A_c,FC1B,1,0.0,1.0,9,9
PFL1,PFGs,1,90.0,1.0,9,9
vDeltaL,FC1A,1,0.0,1.0,9,9
FS3_a,FC,1,0.0,1.0,9,8
FS3_a,hDeltaB,1,15.0,1.0,9,12
FS3_b,hDeltaK,1,225.0,1.0,9,12
vDeltaK,PFNm_b,1,0.0,1.0,9,9
vDeltaM,FS3_d,1,315.0,1.0,9,9
vDeltaE,FS1B_a,1,45.0,1.0,9,9
vDeltaK,FC1C_a,1,0.0,1.0,9,9
vDeltaK,FC3_a,1,0.0,1.0,9,9
vDeltaK,FC1B,1,0.0,1.0,9,9
vDeltaK,FR2,1,315.0,1.0,9,9
FS3_c,hDeltaD,1,135.0,1.0,8,8
FS3_c,PFL3,1,0.0,1.0,8,9
FS4C,FC1C_a,1,0.0,1.0,9,9
vDeltaA_a,FR2,1,0.0,1.0,9,9
vDeltaL,FR2,1,45.0,1.0,9,9
vDeltaL,FC2C,1,45.0,1.0,9,9
FR2,vDeltaK,1,45.0,1.0,9,9
vDeltaA_b,vDeltaG,1,0.0,1.0,9,9
FR2,vDeltaL,1,315.0,1.0,9,9
vDeltaM,FC3_c,1,45.0,1.0,9,9
FS2,FC,1,0.0,1.0,9,8
FS3_c,PFNm_b,1,0.0,1.0,8,9
vDeltaA_b,vDeltaL,1,45.0,1.0,9,9
FS3_a,hDeltaK,1,150.0,1.0,9,12
FS3_a,hDeltaC,1,150.0,1.0,9,12
FS3_a,PFNm_a,1,0.0,1.0,9,9
vDeltaC,PFNd,1,0.0,1.0,9,8
vDeltaA_a,vDeltaE,1,0.0,1.0,9,9
FS4B,PFNd,1,315.0,1.0,9,8
vDeltaA_a,FS1B_b,1,0.0,1.0,9,9
FS1B_b,hDeltaL,1,330.0,1.0,9,12
FS4A,FS1B_b,1,45.0,1.0,9,9
PFNm_a,FS1A_c,1,0.0,1.0,9,9
vDeltaA_a,vDeltaF,1,0.0,1.0,9,9
FS4C,PFL1,1,315.0,1.0,9,9
FS3_d,vDeltaA_b,1,45.0,1.0,9,9
FS3_a,FC1C_b,1,0.0,1.0,9,9
FS3_b,FS1A_a,1,315.0,1.0,9,9
vDeltaJ,FC1D,1,0.0,1.0,8,9
vDeltaJ,PFNa,1,0.0,1.0,8,9
FS2,PFNm_b,1,0.0,1.0,9,9
vDeltaA_a,hDeltaJ,1,315.0,1.0,9,12
vDeltaA_a,PFNm_a,1,0.0,1.0,9,9
FS4A,vDeltaM,1,0.0,1.0,9,9
FS4A,PFNa,1,0.0,1.0,9,9
FS3_a,FS1B_b,1,0.0,1.0,9,9
vDeltaA_a,FC1D,1,0.0,1.0,9,9
FS3_b,vDeltaL,1,0.0,1.0,9,9
vDeltaM,FS1A_b,1,0.0,1.0,9,9
FS3_d,PFL2,1,45.0,1.0,9,9
FS3_b,hDeltaD,1,0.0,1.0,9,8
FS3_b,vDeltaE,1,45.0,1.0,9,9
vDeltaA_b,PFR_a,1,0.0,1.0,9,9
FS1B_a,hDeltaM,1,0.0,1.0,9,8
FS1B_a,FS3_c,1,270.0,1.0,9,8
FS4A,hDeltaM,1,0.0,1.0,9,8
FS4A,vDeltaJ,1,0.0,1.0,9,8
vDeltaI_b,hDeltaF,1,285.0,1.0,9,6
FS3_d,vDeltaE,1,45.0,1.0,9,9
FS3_d,FC2A,1,0.0,1.0,9,9
vDeltaA_a,vDeltaG,1,45.0,1.0,9,9
FS4A,PFL1,1,0.0,1.0,9,9
FS4A,PFNd,1,315.0,1.0,9,8
vDeltaA_b,PFNd,1,315.0,1.0,9,8
FS4B,PFNm_b,1,45.0,1.0,9,9
vDeltaM,hDeltaG,1,180.0,1.0,9,8
FS3_b,hDeltaM,1,135.0,1.0,9,8
FS3_b,FC1D,1,0.0,1.0,9,9
vDeltaA_a,hDeltaC,1,330.0,1.0,9,12
FS3_d,FC3_a,1,0.0,1.0,9,9
hDeltaM,FS3_c,1,225.0,1.0,8,8
FR2,PFL1,1,0.0,1.0,9,9
vDeltaK,PFNm_a,1,0.0,1.0,9,9
FS4A,FC1A,1,0.0,1.0,9,9
FS4A,FC3_b,1,0.0,1.0,9,9
FS4A,hDeltaC,1,315.0,1.0,9,12
FS4C,vDeltaL,1,0.0,1.0,9,9
FS4A,hDeltaH,1,180.0,1.0,9,8
FS4B,FS1A_b,1,45.0,1.0,9,9
FS4B,FS1A_c,1,0.0,1.0,9,9
FS4B,FC1D,1,0.0,1.0,9,9
FS3_b,FC2A,1,0.0,1.0,9,9
FS3_c,hDeltaB,1,300.0,1.0,8,12
FS3_b,vDeltaG,1,45.0,1.0,9,9
FS3_b,vDeltaI_b,1,0.0,1.0,9,9
FS3_b,FC3_b,1,0.0,1.0,9,9
FS3_d,FC3_b,1,45.0,1.0,9,9
FS3_d,PFR_a,1,0.0,1.0,9,9
vDeltaA_a,FC2A,1,0.0,1.0,9,9
vDeltaM,FC2C,1,0.0,1.0,9,9
hDeltaL,PFNm_b,1,30.0,1.0,12,9
FS3_d,FC1B,1,0.0,1.0,9,9
FS3_d,FC2B,1,0.0,1.0,9,9
FS4A,hDeltaI,1,0.0,1.0,9,12
vDeltaK,FC1E,1,315.0,1.0,9,9
FS4C,FC1E,1,0.0,1.0,9,9
FS1A_b,PFR_b,1,0.0,1.0,9,9
FS1A_b,FC3_a,1,0.0,1.0,9,9
FS3_d,FC1C_b,1,0.0,1.0,9,9
vDeltaM,FC3_a,1,0.0,1.0,9,9
PFL3,FS1A_b,1,315.0,1.0,9,9
PFL3,vDeltaM,1,0.0,1.0,9,9
PFL2,FC1A,1,0.0,1.0,9,9
PFL2,hDeltaD,1,225.0,1.0,9,8
PFL2,FS3_b,1,0.0,1.0,9,9
PFR_a,PFNa,1,315.0,1.0,9,9
PFL2,FC2C,1,315.0,1.0,9,9
PFL2,FS3_a,1,45.0,1.0,9,9
PFL3,FC3_c,1,0.0,1.0,9,9
PFR_a,vDeltaA_a,1,0.0,1.0,9,9
hDeltaK,FS4A,1,225.0,1.0,12,9
hDeltaA,FC1A,1,210.0,1.0,12,9
FC3_c,hDeltaE,1,315.0,1.0,9,8
hDeltaG,vDeltaJ,1,225.0,1.0,8,8
hDeltaM,FC3_a,1,225.0,1.0,8,9
hDeltaH,FS3_b,1,180.0,1.0,8,9
PFL3,hDeltaK,1,0.0,1.0,9,12
FC2A,hDeltaL,1,345.0,1.0,9,12
PFNa,hDeltaA,1,330.0,1.0,9,12
FS2,vDeltaL,1,0.0,1.0,9,9
hDeltaC,vDeltaA_a,1,90.0,1.0,12,9
PFL1,vDeltaE,1,0.0,1.0,9,9
PFL1,FC3_c,1,45.0,1.0,9,9
PFL1,vDeltaC,1,315.0,1.0,9,9
PFL1,FS1A_a,1,315.0,1.0,9,9
PFL1,FC1B,1,315.0,1.0,9,9
PFL1,hDeltaL,1,135.0,1.0,9,12
FC2B,PFNd,1,315.0,1.0,9,8
vDeltaI_b,FC1B,1,90.0,1.0,9,9
PFL2,hDeltaG,1,0.0,1.0,9,8
PFL2,vDeltaF,1,0.0,1.0,9,9
PFL2,hDeltaC,1,0.0,1.0,9,12
PFL1,vDeltaF,1,0.0,1.0,9,9
PFL2,FC3_b,1,315.0,1.0,9,9
PFL1,FC1C_a,1,0.0,1.0,9,9
PFL1,vDeltaG,1,45.0,1.0,9,9
PFNd,vDeltaF,1,45.0,1.0,8,9
PFR_b,vDeltaD,1,0.0,1.0,9,9
PFL1,FS1B_b,1,0.0,1.0,9,9
PFL1,FC,1,0.0,1.0,9,8
PFGs,FS1A_a,1,315.0,1.0,9,9
FR1,PFGs,1,0.0,1.0,9,9
FR1,FC3_b,1,135.0,1.0,9,9
FR1,PFR_a,1,315.0,1.0,9,9
FR1,FC1B,1,270.0,1.0,9,9
hDeltaI,vDeltaC,1,210.0,1.0,12,9
FC2B,vDeltaM,1,0.0,1.0,9,9
FR1,FC1F,1,45.0,1.0,9,8
hDeltaH,vDeltaM,1,225.0,1.0,8,9
FC2A,FS3_b,1,0.0,1.0,9,9
FC3_c,vDeltaB,1,45.0,1.0,9,9
hDeltaF,PFL1,1,270.0,1.0,6,9
FC1A,vDeltaK,1,0.0,1.0,9,9
FC1B,vDeltaM,1,315.0,1.0,9,9
PFL2,vDeltaA_b,1,0.0,1.0,9,9
vDeltaD,FC1A,1,0.0,1.0,9,9
vDeltaD,FR2,1,0.0,1.0,9,9
FS1A_b,FS3_a,1,0.0,1.0,9,9
FC1F,vDeltaM,1,0.0,1.0,8,9
FC1F,vDeltaK,1,0.0,1.0,8,9
vDeltaM,FS3_c,1,0.0,1.0,9,8
FS1A_a,vDeltaG,1,45.0,1.0,9,9
FS1A_a,PFGs,1,0.0,1.0,9,9
FS1A_a,PFL3,1,0.0,1.0,9,9
FS1A_a,PFL1,1,45.0,1.0,9,9
vDeltaL,vDeltaC,1,45.0,1.0,9,9
vDeltaA_b,PFGs,1,0.0,1.0,9,9
PFL2,PFR_b,1,45.0,1.0,9,9
PFNv,vDeltaH,1,12.9,1.0,9,7
