type,n_cells,total_in,total_out
(untyped),70974,4359950,6058805
5-HTPLP01,1,3746,5902
5-HTPMPD01,2,5057,5293
5-HTPMPV01,2,5384,6858
5-HTPMPV03,2,9487,15845
AL-AST1,2,4320,1160
AL-MBDL1,1,4032,19
ALBN1,2,7722,3332
ALIN1,2,2501,1728
ALIN2,1,3591,2471
ALIN3,2,892,1416
AMMC-A1,2,15190,179
AOTU001,3,1632,598
AOTU002_a,3,1374,334
AOTU002_b,4,2031,691
AOTU003,3,1470,1307
AOTU004,3,1184,1012
AOTU005,1,1925,2054
AOTU006,1,1610,991
AOTU007,6,3430,3683
AOTU008_a,8,4460,2895
AOTU008_b,3,730,516
AOTU009,1,3267,1526
AOTU010,1,517,300
AOTU011,2,2744,1131
AOTU012,1,2840,1997
AOTU013,1,1124,1427
AOTU014,1,3308,1946
AOTU015,3,4913,2954
AOTU016,5,6059,5019
AOTU017,4,1947,2112
AOTU018,1,413,467
AOTU019,2,19119,9477
AOTU020,2,1542,1357
AOTU021,1,679,800
AOTU022,1,564,1105
AOTU023,2,3694,3442
AOTU024,1,563,858
AOTU025,1,4996,2584
AOTU026,1,1802,2309
AOTU027,1,1945,1832
AOTU028,1,720,1154
AOTU029,1,2418,1491
AOTU030,1,765,1132
AOTU031,1,333,394
AOTU032,3,1366,1646
AOTU033,1,4545,3480
AOTU034,1,472,592
AOTU035,2,8120,6258
AOTU036,1,336,1
AOTU037,2,1257,313
AOTU038,4,811,263
AOTU039,4,785,358
AOTU040,3,591,342
AOTU041,4,20497,10708
AOTU042,4,15828,10369
AOTU043,2,1184,1386
AOTU044,4,2379,2524
AOTU045,1,427,811
AOTU046,4,6593,8056
AOTU047,1,598,800
AOTU048,1,993,771
AOTU049,2,1900,1257
AOTU050,5,2905,3488
AOTU051,2,1394,1010
AOTU052,3,2056,1375
AOTU053,2,1141,636
AOTU054,1,364,299
AOTU055,1,745,395
AOTU056,5,2162,1551
AOTU057,1,285,266
AOTU058,3,986,924
AOTU059,4,760,1071
AOTU060,4,1189,1012
AOTU061,2,467,474
AOTU062,4,910,790
AOTU063,2,6167,4625
AOTU064,2,5460,3850
AOTU065,1,919,998
APL,1,121181,108587
ATL001,1,1165,1181
ATL002,1,1271,1844
ATL003,1,1261,1475
ATL004,2,708,1378
ATL005,2,3319,1255
ATL006,2,5244,3021
ATL007,2,3554,1601
ATL008,2,3531,1703
ATL009,3,1005,1490
ATL010,2,616,735
ATL011,2,2293,3007
ATL012,4,3598,4710
ATL013,3,474,1036
ATL014,2,1559,2767
ATL015,1,1124,1286
ATL016,2,1542,2201
ATL017,2,3520,3353
ATL018,4,5253,5151
ATL019,1,287,224
ATL020,2,407,474
ATL021,1,883,2119
ATL022,1,3046,1870
ATL023,1,1513,1429
ATL024,1,1061,480
ATL025,2,2495,3853
ATL026,2,3761,2401
ATL027,2,5998,3964
ATL028,2,3510,2994
ATL029,2,3233,1859
ATL030,1,1372,952
ATL031,2,4751,6602
ATL032,2,3924,4332
ATL033,2,2741,3131
ATL034,2,2262,3307
ATL035,2,2139,1957
ATL036,2,1502,1852
ATL037,2,5176,5012
ATL038,2,1638,1421
ATL039,2,1802,1473
ATL040,1,1453,980
ATL041,1,782,618
ATL042,2,2605,3908
ATL043,1,1386,1371
ATL044,1,1229,1185
ATL045,2,1686,1047
AVLP001,1,15463,12197
AVLP002,2,667,1023
AVLP003,3,852,1020
AVLP004,5,1982,2082
AVLP005,4,1663,1741
AVLP006,2,996,666
AVLP007,4,900,1034
AVLP008,5,986,1017
AVLP009,1,157,185
AVLP010,5,631,777
AVLP011,1,117,180
AVLP012,2,254,280
AVLP013,2,138,257
AVLP014,1,71,143
AVLP015,1,6533,2142
AVLP016,1,19606,11230
AVLP017,1,3650,1918
AVLP018,1,3018,1321
AVLP019,1,2579,1445
AVLP020,1,1421,1422
AVLP021,1,1144,611
AVLP022,1,438,191
AVLP023,1,2519,977
AVLP024,3,3539,2798
AVLP025,1,873,901
AVLP026,7,3047,2515
AVLP027,2,747,676
AVLP028,4,915,1504
AVLP029,1,4865,6447
AVLP030,1,5187,4292
AVLP031,1,2623,2795
AVLP032,2,3142,4161
AVLP033,1,1249,1056
AVLP034,1,721,377
AVLP035,1,1186,1050
AVLP036,2,1406,1470
AVLP037,3,4285,2242
AVLP038,3,3898,1896
AVLP039,3,2450,1800
AVLP040,4,3526,2759
AVLP041,1,688,966
AVLP042,1,850,621
AVLP043,2,1749,2336
AVLP044_a,2,833,932
AVLP044_b,2,1430,1098
AVLP045,4,2118,1483
AVLP046,2,1238,1262
AVLP047,3,1831,1227
AVLP048,2,1323,1066
AVLP049,2,1148,751
AVLP050,3,707,643
AVLP051,3,855,835
AVLP052,1,392,268
AVLP053,1,3155,1834
AVLP054,1,683,516
AVLP055,3,1203,1047
AVLP056,1,847,791
AVLP057,1,1255,1101
AVLP058,2,2696,2199
AVLP059,2,2082,1919
AVLP060,4,3768,2483
AVLP061,4,2644,1360
AVLP062,2,1625,1028
AVLP063,2,1080,625
AVLP064,3,2498,2054
AVLP065,2,1261,837
AVLP066,2,1451,1167
AVLP067,1,929,542
AVLP068,2,1486,688
AVLP069_a,3,1601,1296
AVLP069_b,4,1553,1070
AVLP069_c,2,707,856
AVLP070,1,704,134
AVLP071,2,1280,343
AVLP072_a,2,950,513
AVLP072_b,2,634,152
AVLP073,1,526,58
AVLP074,1,357,63
AVLP075,2,1777,2643
AVLP076,1,14112,10094
AVLP077,1,6322,4248
AVLP078,1,3925,3594
AVLP079,1,17727,10981
AVLP080,1,16120,16232
AVLP081,1,1977,3229
AVLP082,1,19962,12970
AVLP083,1,8080,9044
AVLP084,1,5211,4298
AVLP085,1,2363,6314
AVLP086,1,10090,7854
AVLP087,1,3752,4400
AVLP088,1,1572,2339
AVLP089,2,1565,1390
AVLP090,1,2219,1911
AVLP091,1,634,868
AVLP092,2,921,1392
AVLP093,1,644,753
AVLP094,1,649,762
AVLP095,1,470,639
AVLP096,2,776,672
AVLP097,1,987,1118
AVLP098,1,1954,920
AVLP099,2,2648,1017
AVLP100,1,1216,609
AVLP101,1,808,566
AVLP102,1,1464,491
AVLP103,4,6309,2999
AVLP104,6,5867,3621
AVLP105,2,2400,1208
AVLP106,1,424,482
AVLP107,3,1946,2061
AVLP108,1,510,478
AVLP109,2,1725,1236
AVLP110,4,3273,2331
AVLP111,7,9542,3700
AVLP112,3,2183,1350
AVLP113,2,891,809
AVLP114,2,823,601
AVLP115,5,1844,1808
AVLP116,2,695,484
AVLP117,5,2554,2330
AVLP118,1,964,247
AVLP119,1,1359,373
AVLP120,3,921,1286
AVLP121,2,522,1033
AVLP122,5,3505,2973
AVLP123,2,1172,1419
AVLP124,3,2121,1205
AVLP125,3,1586,1519
AVLP126,5,2445,1704
AVLP127,4,2950,1507
AVLP128,2,1519,600
AVLP129,2,1094,604
AVLP130,2,856,359
AVLP131,2,555,462
AVLP132,1,519,530
AVLP133,2,1503,1305
AVLP134,3,1456,953
AVLP135,2,1137,1039
AVLP136,2,983,878
AVLP137,4,1067,1474
AVLP138,2,561,545
AVLP139,3,1576,683
AVLP140,1,376,197
AVLP141,7,1221,2116
AVLP142,2,380,503
AVLP143,2,487,432
AVLP144,3,592,856
AVLP145,5,1060,867
AVLP146,2,617,525
AVLP147,1,265,112
AVLP148,1,64,60
AVLP149,6,1046,1042
AVLP150,1,68,54
AVLP151,1,4423,2065
AVLP152,1,2436,1765
AVLP153,1,2472,2089
AVLP154,1,2421,2362
AVLP155,2,3218,2667
AVLP156,1,1550,911
AVLP157,1,1971,1885
AVLP158,1,1193,963
AVLP159,1,1026,579
AVLP160,1,2596,882
AVLP161,1,1466,531
AVLP162,1,729,857
AVLP163,2,4862,3822
AVLP164,2,4173,3512
AVLP165,2,1834,1564
AVLP166,5,10361,4116
AVLP167_a,3,2564,1293
AVLP167_b,3,3863,2144
AVLP168,2,1232,786
AVLP169,1,1580,1670
AVLP170,2,3658,1492
AVLP171,3,3769,2106
AVLP172,3,4395,1604
AVLP173,2,2592,1188
AVLP174,1,1498,517
AVLP175,2,2555,814
AVLP176_a,3,3985,1525
AVLP176_b,2,2372,1017
AVLP176_c,2,2446,1205
AVLP176_d,3,4369,1720
AVLP177_a,2,2306,898
AVLP177_b,2,2970,1117
AVLP178,1,834,296
AVLP179,2,2560,1070
AVLP180,1,1060,417
AVLP181,3,1713,998
AVLP182,2,1084,652
AVLP183,5,2555,1818
AVLP184,1,684,769
AVLP185,1,1450,550
AVLP186,2,1406,908
AVLP187,3,1724,890
AVLP188,1,678,343
AVLP189_a,3,1565,1045
AVLP189_b,2,1343,794
AVLP190,4,1917,1194
AVLP191,4,1319,887
AVLP192,2,1563,949
AVLP193,1,675,396
AVLP194_a,2,823,903
AVLP194_b,2,592,464
AVLP194_c,2,883,431
AVLP195,1,609,306
AVLP196,1,456,260
AVLP197,3,3966,1513
AVLP198,3,1293,842
AVLP199,3,429,489
AVLP200,1,2192,3134
AVLP201,1,2710,1677
AVLP202,1,1154,376
AVLP203,3,2143,1125
AVLP204,3,3780,2163
AVLP205,2,1344,1052
AVLP206_a,3,1179,1766
AVLP206_b,2,786,984
AVLP207,3,1545,1891
AVLP208,4,1945,2207
AVLP209,1,5531,4255
AVLP210,1,4133,1592
AVLP211,1,1959,1346
AVLP212,1,658,779
AVLP213,1,2260,3588
AVLP214,1,856,1252
AVLP215,1,8875,9863
AVLP216,1,1533,2908
AVLP217,1,1287,849
AVLP218,2,1657,996
AVLP219,6,5588,1659
AVLP220,2,1855,1579
AVLP221,1,357,573
AVLP222,2,1322,1159
AVLP223,2,1915,1771
AVLP224_a,2,1096,850
AVLP224_b,3,2582,2169
AVLP225_a,2,591,860
AVLP225_b,5,1752,2688
AVLP226,1,296,405
AVLP227,3,1078,1248
AVLP228,3,1048,699
AVLP229,2,681,641
AVLP230,2,1258,1138
AVLP231,2,589,875
AVLP232,6,1748,2419
AVLP233,3,1741,1342
AVLP234,2,902,498
AVLP235,3,1655,842
AVLP236,2,770,561
AVLP237_a,2,768,457
AVLP237_b,3,1053,843
AVLP237_c,2,939,724
AVLP238,2,616,607
AVLP239,2,484,424
AVLP240,3,609,521
AVLP241,2,356,256
AVLP242,3,604,338
AVLP243,2,3313,1303
AVLP244,3,2361,1733
AVLP245,2,780,644
AVLP246,2,293,266
AVLP247,4,578,833
AVLP248,5,662,676
AVLP249,2,532,531
AVLP250,3,773,744
AVLP251,1,3519,2084
AVLP252,1,1304,1799
AVLP253,1,664,870
AVLP254,1,681,746
AVLP255,1,340,350
AVLP256,2,437,586
AVLP257,1,1325,895
AVLP258,1,2920,2021
AVLP259,2,4591,1170
AVLP260,1,1015,879
AVLP261,3,2928,1379
AVLP262,2,2411,530
AVLP263,1,519,399
AVLP264,2,2260,413
AVLP265,6,2817,1793
AVLP266,1,1625,637
AVLP267,1,1467,725
AVLP268,1,956,514
AVLP269,5,2488,1543
AVLP270,3,1219,593
AVLP271,2,1071,495
AVLP272,3,1147,795
AVLP273,3,499,477
AVLP274,2,966,613
AVLP275,2,293,284
AVLP276,2,289,227
AVLP277,1,146,105
AVLP278,3,454,352
AVLP279,5,2391,1511
AVLP280,1,4684,3828
AVLP281,1,1233,2111
AVLP282,2,4731,2979
AVLP283,2,1489,1749
AVLP284,1,896,703
AVLP285,2,1898,1963
AVLP286,1,866,978
AVLP287,2,1769,1361
AVLP288,2,1379,1212
AVLP289,1,2245,4199
AVLP290,3,3496,5660
AVLP291,2,1777,1640
AVLP292,2,1584,1590
AVLP293,3,1688,1965
AVLP294,3,4714,3792
AVLP295,2,1939,1139
AVLP296,2,2197,2140
AVLP297,5,4106,4819
AVLP298,3,1214,1456
AVLP299_a,3,1407,2363
AVLP299_b,3,1601,2349
AVLP299_c,2,1334,1541
AVLP300_a,2,1136,1425
AVLP300_b,2,1046,1278
AVLP301,3,852,1087
AVLP302,2,1421,1216
AVLP303,1,595,534
AVLP304,2,1433,1059
AVLP305,1,779,549
AVLP306,2,792,1189
AVLP307,1,663,470
AVLP308,2,1436,1298
AVLP309,2,985,1105
AVLP310,2,1603,1000
AVLP311_a,3,1761,2423
AVLP311_b,5,2732,2922
AVLP312,3,1135,1754
AVLP313,1,329,370
AVLP314,1,1424,1543
AVLP315,1,3457,2147
AVLP316,2,4530,1917
AVLP317,1,754,970
AVLP318,1,1978,973
AVLP319,1,995,1163
AVLP320,2,1006,1514
AVLP321,1,1019,1212
AVLP322,1,1086,778
AVLP323,1,1206,659
AVLP324,2,1059,716
AVLP325_a,2,1011,475
AVLP325_b,3,2842,1337
AVLP326,1,925,302
AVLP327,1,463,472
AVLP328,1,398,465
AVLP329,2,1539,1742
AVLP330,1,455,530
AVLP331,3,1695,1585
AVLP332,3,1640,2101
AVLP333,3,1168,1459
AVLP334,2,961,1034
AVLP335,2,1040,966
AVLP336,1,427,633
AVLP337,3,972,1474
AVLP338,2,554,794
AVLP339,1,1693,1002
AVLP340,1,2260,2205
AVLP341,1,1674,1554
AVLP342,1,974,583
AVLP343,1,1244,1118
AVLP344,1,524,695
AVLP345,3,1214,1167
AVLP346,3,2566,1392
AVLP347,2,1274,1431
AVLP348,2,1109,792
AVLP349,3,1365,1651
AVLP350,1,507,734
AVLP351,2,786,1234
AVLP352,1,4379,5273
AVLP353,3,2833,2343
AVLP354,2,2733,2112
AVLP355,3,3976,2773
AVLP356,1,561,615
AVLP357,3,1923,1761
AVLP358,1,483,664
AVLP359,4,2644,2456
AVLP360,5,2447,2924
AVLP361,5,2387,1506
AVLP362,1,385,573
AVLP363,1,422,542
AVLP364,1,378,559
AVLP365,2,1193,1414
AVLP366,1,334,312
AVLP367,3,1335,1225
AVLP368,3,916,380
AVLP369,1,1771,1688
AVLP370,2,5022,5827
AVLP371,1,872,708
AVLP372,2,1861,1828
AVLP373,1,710,580
AVLP374,4,9645,6805
AVLP375,1,999,648
AVLP376,1,637,701
AVLP377,7,6448,5389
AVLP378,2,727,715
AVLP379,4,2644,2299
AVLP380,2,786,1528
AVLP381,1,516,912
AVLP382,5,2766,3101
AVLP383,5,4380,4124
AVLP384,4,2563,1580
AVLP385,4,2031,1627
AVLP386,3,1363,920
AVLP387,4,1203,642
AVLP388,2,425,315
AVLP389,1,1428,1685
AVLP390,1,1130,1205
AVLP391,1,826,547
AVLP392,1,691,690
AVLP393,1,586,702
AVLP394,2,1031,1360
AVLP395,1,674,619
AVLP396,1,4278,1585
AVLP397,1,1719,1081
AVLP398,1,988,925
AVLP399,1,1388,2403
AVLP400,2,3930,4364
AVLP401,4,4120,3237
AVLP402,1,813,918
AVLP403,2,1653,1164
AVLP404,2,1319,1002
AVLP405,2,1264,1008
AVLP406,3,2772,1869
AVLP407,2,1456,814
AVLP408,2,1840,1261
AVLP409,2,1135,1610
AVLP410,3,973,1334
AVLP411,1,2876,1512
AVLP412,4,4426,2070
AVLP413,2,1396,1006
AVLP414,1,299,119
AVLP415,1,719,690
AVLP416,3,1559,1420
AVLP417,1,560,1671
AVLP418,1,732,1215
AVLP419,2,3983,4468
AVLP420_a,2,1702,2140
AVLP420_b,2,2255,1820
AVLP421,2,1644,1487
AVLP422,2,1357,1620
AVLP423,3,1797,2819
AVLP424,3,761,1380
AVLP425,1,235,403
AVLP426,4,1175,2432
AVLP427,1,597,750
AVLP428,1,2173,2431
AVLP429,1,2510,2074
AVLP430,1,2088,1684
AVLP431,1,988,777
AVLP432,1,3926,2251
AVLP433_a,1,2632,1081
AVLP433_b,1,2054,1146
AVLP434_a,1,3225,932
AVLP434_b,1,1380,778
AVLP435,2,4912,5968
AVLP436,2,1245,2207
AVLP437,1,1884,1538
AVLP438,2,1232,2703
AVLP439,1,1612,1016
AVLP440,1,2032,1307
AVLP441,3,1484,1139
AVLP442,1,5537,3095
AVLP443,1,1695,2358
AVLP444,2,2160,2398
AVLP445,1,281,918
AVLP446,1,846,1206
AVLP447,1,577,1236
AVLP448,1,1498,1163
AVLP449,1,3866,3633
AVLP450,1,1587,557
AVLP451,4,3251,2196
AVLP452,1,2422,806
AVLP453,1,973,369
AVLP454_a,4,1518,1621
AVLP454_b,5,2744,2861
AVLP455,1,1448,1313
AVLP456,1,396,273
AVLP457,1,609,234
AVLP458,1,438,317
AVLP459,1,287,191
AVLP460,1,940,951
AVLP461,2,898,1487
AVLP462,3,1373,1103
AVLP463,3,355,964
AVLP464,1,3017,4389
AVLP465,8,5421,8630
AVLP466,2,1794,2198
AVLP467,1,860,1069
AVLP468,4,1911,3009
AVLP469,4,905,893
AVLP470,2,763,1245
AVLP471,2,1112,1298
AVLP472,5,1489,2260
AVLP473,2,2770,5018
AVLP474,1,1728,1745
AVLP475,2,1556,1612
AVLP476,1,3278,6322
AVLP477,2,3839,5589
AVLP478,1,6331,3721
AVLP479,2,6287,5859
AVLP480,4,1655,1606
AVLP481,4,656,894
AVLP482,4,801,1637
AVLP483,1,174,237
AVLP484,1,197,216
AVLP485,1,182,224
AVLP486,4,378,1215
AVLP487,1,144,129
AVLP488,2,3285,1466
AVLP489,2,2171,1800
AVLP490,2,2251,3091
AVLP491,1,642,187
AVLP492,2,973,1086
AVLP493,2,1474,1984
AVLP494,3,3775,3177
AVLP495,3,1382,1653
AVLP496,5,3385,2987
AVLP497,1,415,406
AVLP498,1,4947,2398
AVLP499,1,1418,19
AVLP500,1,3708,1911
AVLP501,1,2876,1948
AVLP502,1,1279,1199
AVLP503,1,1469,1408
AVLP504,1,1376,859
AVLP505,1,1831,906
AVLP506,1,1532,1256
AVLP507,1,766,586
AVLP508,1,766,662
AVLP509,1,1748,382
AVLP510,2,1373,684
AVLP511,1,909,376
AVLP512,1,680,374
AVLP513,1,678,343
AVLP514,2,1054,659
AVLP515,2,1112,695
AVLP516,2,1349,667
AVLP517,2,911,743
AVLP518,1,417,183
AVLP519,3,1635,516
AVLP520,1,2259,1650
AVLP521,2,1153,834
AVLP522,1,1073,564
AVLP523,3,1896,1537
AVLP524_a,2,1733,771
AVLP524_b,4,3641,1882
AVLP525,2,1554,1140
AVLP526,3,1224,1311
AVLP527,2,1516,986
AVLP528,2,1692,670
AVLP529,3,2334,1394
AVLP530,1,578,329
AVLP531,1,3538,5025
AVLP532,1,18168,12785
AVLP533,1,2367,3521
AVLP534,1,2390,2045
AVLP535,1,4720,5240
AVLP536,1,3469,4617
AVLP537,1,5084,4968
AVLP538,1,18088,13081
AVLP539,1,2882,5875
AVLP540,1,425,543
AVLP541,4,1929,1828
AVLP542,1,5627,4974
AVLP543,1,1757,1376
AVLP544,1,6059,7170
AVLP545,1,2058,4170
AVLP546,1,784,2155
AVLP547,1,890,1613
AVLP548_a,2,1076,1294
AVLP548_b,3,1296,1421
AVLP548_c,2,1128,1319
AVLP548_d,2,1150,2276
AVLP548_e,2,1006,2112
AVLP548_f,2,2554,2685
AVLP548_g,2,2256,3058
AVLP549,2,801,1728
AVLP550,4,1188,1995
AVLP551,2,1661,1046
AVLP552,3,2457,1400
AVLP553,2,1336,1233
AVLP554,2,928,1194
AVLP555,1,581,1004
AVLP556,2,1052,1962
AVLP557,2,1189,1263
AVLP558,2,738,1130
AVLP559,4,1161,1724
AVLP560,1,80,179
AVLP561,1,787,370
AVLP562,2,6514,8679
AVLP563,2,4160,6674
AVLP564,1,410,168
AVLP565,1,1568,1814
AVLP566,2,2392,3167
AVLP567,2,2135,1493
AVLP568,1,662,578
AVLP569,2,1142,695
AVLP570,2,732,579
AVLP571,1,3557,1496
AVLP572,1,3035,362
AVLP573,1,2412,1540
AVLP574,2,2607,1586
AVLP575,1,1791,1621
AVLP576,1,1542,1097
AVLP577,2,3093,2190
AVLP578,1,1402,522
AVLP579,2,824,1457
AVLP580,3,1340,1878
AVLP581,3,1306,1739
AVLP582,1,299,419
AVLP583,2,1311,1563
AVLP584,2,888,1014
AVLP585,2,1225,1146
AVLP586,2,428,559
AVLP587,5,1544,1584
AVLP588,2,406,355
AVLP589,3,726,805
AVLP590,2,4186,4452
AVLP591,1,2756,2613
AVLP592,1,3862,2731
AVLP593,1,2481,2368
AVLP594,1,1826,1715
AVLP595,1,1697,1081
AVLP596,1,742,581
AstA1,2,11189,19216
CL001,1,8728,6275
CL002,1,5512,3349
CL003,1,2807,2463
CL004,2,2576,1970
CL005,2,535,931
CL006,3,856,1567
CL007,1,2670,1640
CL008,1,637,1139
CL009,1,677,965
CL010,1,537,1082
CL011,1,383,708
CL012,1,606,479
CL013,2,1379,1456
CL014,4,3934,1978
CL015,2,1137,1388
CL016,5,2000,1798
CL017,1,489,295
CL018,4,1886,1384
CL019_a,2,834,550
CL019_b,3,1124,830
CL020,2,804,597
CL021,1,1726,1565
CL022,3,3463,2559
CL023,2,854,526
CL024,6,2959,2023
CL025,1,1358,1253
CL026,1,1244,1134
CL027,1,1192,1814
CL028,1,1137,1075
CL029,4,11733,8998
CL030,4,3846,5941
CL031,1,2513,1685
CL032,1,1690,1443
CL033,4,4937,9547
CL034,1,981,396
CL035,1,809,474
CL036,1,5534,3188
CL037,1,764,803
CL038,4,5132,1601
CL039,2,599,487
CL040,2,1255,618
CL041,2,2588,2021
CL042,2,1844,703
CL043,2,1057,690
CL044,2,1105,658
CL045,3,1281,924
CL046,4,1420,1521
CL047,3,1126,631
CL048,3,1012,970
CL049,5,1253,801
CL050_a,2,770,336
CL050_b,4,1125,913
CL051,6,1623,1680
CL052,1,1065,25
CL053,1,5087,2421
CL054,1,521,415
CL055,1,444,416
CL056,1,258,371
CL057,1,828,729
CL058,1,999,1042
CL059,1,1354,588
CL060,1,802,866
CL061,1,672,386
CL062_a,2,946,588
CL062_b,4,1987,986
CL063,1,6169,11754
CL064,1,3995,4094
CL065,1,5433,4729
CL066,1,3051,2432
CL067,1,1419,1808
CL068,1,1585,1513
CL069,1,1913,1246
CL070,2,4538,2912
CL071,4,5824,4432
CL072,1,1277,1154
CL073,1,1102,389
CL074,2,1845,1345
CL075,2,2601,1217
CL076,1,494,348
CL077,2,1294,1010
CL078,2,782,1067
CL079,2,1561,1335
CL080,2,2312,1405
CL081,1,724,572
CL082,2,1401,787
CL083,2,1467,1171
CL084,1,761,524
CL085,3,2827,2016
CL086_a,3,3225,1519
CL086_b,3,1693,1319
CL086_c,3,1780,1302
CL086_d,2,1971,938
CL086_e,4,1707,1560
CL087,3,1405,1017
CL088,2,1645,1019
CL089_a,2,1167,701
CL089_b,4,2550,1913
CL089_c,2,764,596
CL090_a,2,1459,874
CL090_b,2,846,644
CL090_c,6,3021,2339
CL090_d,4,2375,1523
CL090_e,3,2297,1582
CL091,3,1202,803
CL092,1,4061,1418
CL093,1,1781,922
CL094,1,1626,808
CL095,1,1665,376
CL096,1,907,1036
CL097,1,857,268
CL098,2,739,1372
CL099,5,4584,2310
CL100,2,1460,879
CL101,2,1015,619
CL102,2,818,941
CL103,1,704,250
CL104,1,690,310
CL105,3,1883,784
CL106,1,835,710
CL107,1,752,843
CL108,1,1239,1029
CL109,1,3554,3361
CL110,1,2212,2165
CL111,1,3633,2803
CL112,1,2918,2128
CL113,1,108,764
CL114,1,682,1819
CL115,1,510,1103
CL116,1,586,505
CL117,2,391,1048
CL118,3,557,1181
CL119,1,199,370
CL120,3,435,736
CL121,6,522,1114
CL122,6,412,995
CL123,5,3098,2250
CL124,1,1498,0
CL125,2,1144,1333
CL126,1,1544,1998
CL127,2,2449,3392
CL128,5,3308,3388
CL129,2,3586,5519
CL130,1,1370,1475
CL131,2,1005,951
CL132,2,725,1911
CL133,1,1225,1387
CL134,2,1569,1000
CL135,1,2265,2257
CL136,1,1065,925
CL137,1,2012,412
CL138,1,3364,17
CL139,2,1224,36
CL140,1,2168,2269
CL141,1,980,1220
CL142,1,876,949
CL143,1,592,620
CL144,1,501,549
CL145,2,569,379
CL146,1,200,83
CL147,4,1077,1355
CL148,1,131,74
CL149,1,705,791
CL150,1,2212,1314
CL151,1,1709,1197
CL152,2,3539,1887
CL153,1,807,751
CL154,1,807,692
CL155,1,540,157
CL156,1,438,602
CL157,2,2467,2566
CL158,2,2104,2663
CL159,2,1316,2129
CL160,2,1168,1448
CL161,3,2014,1807
CL162,1,511,561
CL163,1,823,533
CL164,1,613,430
CL165,2,1352,1069
CL166,3,1456,1675
CL167,3,1035,1726
CL168,3,773,1394
CL169,3,1148,1372
CL170,2,1074,606
CL171,4,754,900
CL172,2,1072,759
CL173,1,660,348
CL174,1,353,281
CL175,2,2171,1775
CL176,1,753,639
CL177,2,1025,1327
CL178,1,664,576
CL179,2,3122,2082
CL180,1,1519,1187
CL181,1,944,350
CL182,5,2785,1733
CL183,1,455,546
CL184,4,4506,2473
CL185,3,2611,1244
CL186,2,1726,976
CL187,1,1002,891
CL188,1,1032,483
CL189,2,1399,790
CL190,2,809,668
CL191,4,4700,1865
CL192,3,1748,817
CL193,3,1129,796
CL194,3,1417,871
CL195,3,1271,1096
CL196,3,1630,1023
CL197,1,454,349
CL198_a,4,2417,1049
CL198_b,4,2002,1247
CL199,2,3681,2732
CL200,1,2075,2035
CL201,1,1211,1244
CL202,2,3100,292
CL203,1,1170,25
CL204,1,850,284
CL205,1,645,4
CL206,1,572,293
CL207,1,1065,195
CL208,1,591,37
CL209,2,389,275
CL210_a,3,755,168
CL210_b,3,501,72
CL211,2,2147,495
CL212,2,2486,1144
CL213,1,2387,19
CL214,1,1104,16
CL215,4,1564,1458
CL216,1,845,49
CL217,2,1161,942
CL218,2,776,745
CL219,2,994,459
CL220,2,854,573
CL221,3,2069,1195
CL222,4,1534,1211
CL223,7,2079,2289
CL224,2,602,385
CL225,9,2209,1980
CL226,2,360,157
CL227,2,420,264
CL228,1,467,496
CL229,1,418,191
CL230,1,325,176
CL231,2,1052,575
CL232,3,886,684
CL233,2,648,411
CL234,2,1735,3106
CL235,6,5422,2976
CL236,2,3503,3427
CL237,1,295,344
CL238,1,568,320
CL239,1,655,339
CL240,2,711,544
CL241,2,459,340
CL242,2,498,374
CL243,3,878,571
CL244,1,488,588
CL245,1,1192,832
CL246,1,2248,1939
CL247,2,5607,717
CL248,2,2989,424
CL249,2,2255,304
CL250,1,718,1378
CL251,2,1623,2817
CL252,3,483,733
CL253,3,455,631
CL254,3,1086,1098
CL255,3,815,652
CL256,1,2952,2182
CL257,1,3326,1439
CL258,2,1204,2560
CL259,1,1070,13
CL260,1,671,3
CL261,2,1039,1010
CL262,2,5985,1200
CL263,1,3000,1519
CL264,1,647,35
CL265,2,2106,2496
CL266_a,2,2064,1496
CL266_b,2,1612,1057
CL267,2,1785,1500
CL268,2,1594,1093
CL269,3,3499,2403
CL270,2,1795,1092
CL271,2,1491,1701
CL272_a,2,1382,1125
CL272_b,3,1256,1169
CL273,3,683,1249
CL274,4,1878,1107
CL275,2,514,292
CL276,1,278,218
CL277,1,594,501
CL278,1,631,374
CL279,2,617,520
CL280,2,481,422
CL281,1,509,913
CL282,2,685,1418
CL283,6,1989,2286
CL284,1,378,1587
CL285,2,281,757
CL286,1,3017,2796
CL287,1,2841,2841
CL288,1,918,2254
CL289,1,945,731
CL290,2,1226,1052
CL291,1,356,455
CL292,2,656,492
CL293,1,185,275
CL294,1,1104,1095
CL295,2,649,614
CL296,2,765,620
CL297,3,817,1026
CL298,3,615,819
CL299_a,4,997,1307
CL299_b,3,713,1002
CL300,3,530,542
CL301,3,520,569
CL302,2,193,154
CL303,1,3610,4238
CL304,1,4575,304
CL305,1,3429,1698
CL306,1,1097,21
CL307,1,2425,127
CL308,1,2870,1296
CL309,1,1505,547
CL310,1,1325,114
CL311,1,512,14
CL312,1,394,320
CL313,5,2109,1358
CL314,1,1379,1312
CL315,1,559,753
CL316,1,1599,1974
CL317,1,1418,1620
CL318,1,1665,1604
CL319,1,2030,764
CL320,1,1466,380
CL321,1,1549,388
CL322,1,1036,5
CL323,2,2287,1328
CL324,2,5574,37
CL325,1,1114,5
CL326,2,1861,2646
CL327,1,1758,639
CL328,4,828,1599
CL329,1,218,83
CL330,1,530,134
CL331,1,261,266
CL332,1,3218,102
CL333,1,2522,463
CL334,1,2245,26
CL335,1,908,384
CL336,1,1403,380
CL337,1,1800,38
CL338,2,2500,606
CL339,1,1650,59
CL340,4,1572,3573
CL341,1,1671,73
CL342,2,1590,385
CL343,2,986,1903
CL344,2,864,1616
CL345,2,1777,1019
CL346,4,1808,879
CL347,1,329,173
CL348,2,820,341
CL349,3,1079,469
CL350,5,1016,754
CL351,2,184,228
CL352,2,1333,1011
CL353,6,2801,2157
CL354,4,1542,1204
CL355,5,745,837
CL356,2,1624,1469
CL357,2,2447,3358
CL358,2,788,501
CL359,2,2489,1908
CL360,1,1501,1535
CL361,1,3263,2149
CL362,1,2151,1728
CL363,1,635,1601
CL364,1,711,832
CRE001,1,1311,903
CRE002,2,1691,1917
CRE003_a,5,3185,3195
CRE003_b,4,1932,2273
CRE004,1,4529,4027
CRE005,4,5564,10762
CRE006,2,1870,3490
CRE007,2,1524,3155
CRE008,2,1260,1277
CRE009,1,2185,863
CRE010,2,1453,1640
CRE011,2,34127,7943
CRE012,2,7530,6619
CRE013,2,11197,7779
CRE014,3,2068,1303
CRE015,1,906,751
CRE016,3,2107,1483
CRE017,2,2559,2281
CRE018,3,2559,1916
CRE019,1,645,383
CRE020,2,1430,1123
CRE021,2,5479,3571
CRE022,2,13469,8734
CRE023,2,5866,6597
CRE024,2,8866,7286
CRE025,2,5289,3590
CRE026,2,1536,1570
CRE027,4,7159,4100
CRE028,6,6083,5115
CRE029_a,4,4463,3887
CRE029_b,4,2629,3372
CRE029_c,2,1989,2220
CRE030_a,2,1612,1309
CRE030_b,2,1613,1417
CRE031,4,3243,2864
CRE032,2,1440,1259
CRE033,2,1379,1252
CRE034,2,1560,1447
CRE035,2,1265,1203
CRE036,5,2108,1967
CRE037,4,1549,2247
CRE038,2,737,931
CRE039,8,5392,4363
CRE040,2,21287,9259
CRE041,2,13285,5493
CRE042,2,11324,9089
CRE043_a,3,3463,1998
CRE043_b,2,2350,1390
CRE043_c,4,4446,2765
CRE043_d,2,1961,1085
CRE044,9,8497,5212
CRE045,6,4172,3695
CRE046,2,1971,1411
CRE047,2,1635,779
CRE048,1,5398,3024
CRE049,1,2080,2365
CRE050,2,7234,4535
CRE051,4,4684,2374
CRE052,4,4018,2808
CRE053,2,854,1204
CRE054,6,5178,4877
CRE055,8,5164,4961
CRE056,4,1898,2878
CRE057,2,1322,1472
CRE058,6,2215,3281
CRE059,4,3974,7379
CRE060,1,817,1209
CRE061,2,884,1070
CRE062,1,240,640
CRE063,2,837,1108
CRE064,3,1307,1654
CRE065,3,726,1417
CRE066,4,2101,5153
CRE067,2,2293,2590
CRE068,2,1071,1963
CRE069,2,1447,2885
CRE070,1,1894,2672
CRE071,1,1347,1889
CRE072,2,2358,1827
CRE073,2,922,1762
CRE074,1,5273,4401
CRE075,2,7248,3739
CRE076,2,4359,6213
CRE077,2,6040,4623
CRE078,4,6976,5002
CRE079,1,930,220
CRE080,7,6354,3213
CRE081,2,1473,978
CRE082,2,925,1181
CRE083,6,3978,4471
CRE084,2,1432,899
CRE085,4,2128,3081
CRE086,3,1354,1838
CRE087,2,1892,1498
CRE088,3,1708,1913
CRE089,8,4418,6350
CRE090,2,1370,936
CRE091,2,1022,1609
CRE092,7,4101,3557
CRE093,6,6376,2661
CRE094,4,2534,1389
CRE095,6,4201,3399
CRE096,2,1325,526
CRE097,4,2464,1069
CRE098,4,3284,1689
CRE099,5,1737,807
CRE100,2,6667,1522
CRE101,2,1432,85
CRE102,2,6097,3137
CRE103,5,3585,5042
CRE104,1,257,389
CRE105,2,3360,2869
CRE106,4,2086,5513
CRE107,2,8634,9102
CRE108,1,2374,3274
CRZ01,1,651,458
CRZ02,1,622,567
CSD,2,8247,10462
CT1,2,1993,2343
DA1_lPN,7,14786,14956
DA1_vPN,1,1979,1530
DA2_lPN,5,2530,6415
DA3_adPN,4,2800,3031
DA4l_adPN,1,1349,3999
DA4m_adPN,1,1988,4183
DC1_adPN,1,6131,13045
DC2_adPN,5,10652,12658
DC3_adPN,3,6093,10324
DC4_adPN,2,6111,6752
DC4_vPN,2,759,412
DCH,1,2642,136
DGI,1,1584,1293
DL1_adPN,4,9870,12619
DL2d_adPN,5,7967,10581
DL2d_vPN,1,159,334
DL2v_adPN,3,7222,7528
DL3_lPN,3,5804,4820
DL4_adPN,2,4023,4504
DL5_adPN,2,5540,8865
DM1_lPN,2,16117,19940
DM2_lPN,4,11168,14252
DM3_adPN,2,7454,9591
DM3_vPN,1,240,266
DM4_adPN,2,10335,14892
DM4_vPN,2,329,672
DM5_lPN,3,2010,4876
DM6_adPN,7,10994,12713
DN1a,2,2349,2757
DN1pA,5,1990,2421
DN1pB,2,1773,3358
DNES1,5,539,1
DNES2,2,1510,7
DNES3,1,516,8
DNa01,1,2922,89
DNa02,1,13516,47
DNa03,1,16217,5324
DNa04,1,11068,47
DNa05,1,1753,132
DNa07,1,713,2
DNa08,2,2769,1467
DNa09,2,7505,535
DNa10,2,11171,364
DNb01,2,14065,45
DNb02,2,3871,10
DNb03,2,1446,491
DNb04,2,3925,543
DNb05,1,11132,445
DNb06,1,1012,36
DNd01,4,3759,131
DNg30,1,1244,528
DNp02,1,6236,136
DNp03,1,6124,196
DNp04,1,6847,2964
DNp05,1,3337,80
DNp06,1,11543,278
DNp07,1,3820,302
DNp09,2,4385,932
DNp10,2,7911,283
DNp11,1,7923,242
DNp13,2,3005,36
DNp15,1,2182,32
DNp16,12,5635,1675
DNp16/17,7,2075,419
DNp17,9,3305,2666
DNp18,1,6766,87
DNp19,1,3485,72
DNp20,1,1592,23
DNp23,3,5007,87
DNp24,2,342,225
DNp25,2,800,348
DNp26,1,6115,53
DNp27,2,7024,5957
DNp28,2,21,284
DNp31,1,10317,198
DNp32,1,6303,4865
DNp34,1,1011,78
DNp42,1,3698,255
DNp44,1,683,319
DNp49,1,1902,12
DP1l_adPN,1,7022,12317
DP1l_vPN,1,173,299
DP1m_adPN,2,19382,21937
DP1m_vPN,1,246,366
DPM,2,101790,69325
DSKMP1A,2,3233,915
DSKMP1B,2,3188,2131
DSKMP3,2,2878,2645
D_adPN,5,10420,11609
Delta7,42,46688,119905
EL,18,77494,46089
EPG,46,169250,94577
EPGt,4,2465,2517
ER1_a,16,8219,14914
ER1_b,14,8034,11288
ER2_a,9,11694,16091
ER2_b,6,6703,8465
ER2_c,21,30380,40325
ER2_d,6,7274,9482
ER3a_a,12,8612,9664
ER3a_b,4,2581,3892
ER3a_c,4,3241,3919
ER3a_d,6,4207,5642
ER3d_a,12,14611,15069
ER3d_b,10,10420,10959
ER3d_c,12,14201,14637
ER3d_d,10,10889,11119
ER3m,18,16970,18779
ER3p_a,12,10127,12980
ER3p_b,6,5903,6746
ER3w_a,9,9393,11562
ER3w_b,11,9729,12657
ER4d,25,48598,55263
ER4m,10,16128,36685
ER5,20,17906,34622
ER6,4,4989,6456
ExR1,4,38681,20816
ExR2,4,8468,10476
ExR3,2,16888,22716
ExR4,2,12328,11992
ExR5,4,11252,20467
ExR6,2,12597,16863
ExR7,4,10272,10072
ExR8,4,6425,2650
FB1A,4,3287,4466
FB1B,4,3634,4151
FB1C,4,8827,14362
FB1D,4,2871,5452
FB1E_a,4,2136,5590
FB1E_b,2,1264,2788
FB1F,2,1815,2351
FB1G,2,5724,16973
FB1H,2,16548,20508
FB1I,2,3294,2841
FB1J,2,2403,2301
FB2A,4,7576,11953
FB2B_a,4,7972,11013
FB2B_b,4,5844,9086
FB2C,6,8253,7647
FB2D,6,17173,17891
FB2E,4,4233,7891
FB2F_a,6,5848,11944
FB2F_b,6,5034,11337
FB2F_c,4,1728,5563
FB2G_a,2,1915,3900
FB2G_b,4,3869,6771
FB2H_a,2,1896,4671
FB2H_b,2,2017,4554
FB2I_a,9,12380,16528
FB2I_b,2,1904,4699
FB2J,5,3424,7527
FB2K,6,5554,3894
FB2L,2,2642,3069
FB2M,6,5232,11123
FB3A,4,8182,7532
FB3B,2,1421,1893
FB3C,9,5813,8601
FB3D,2,1670,1534
FB3E,2,1719,2437
FB4A,8,7298,4275
FB4B,2,7506,7772
FB4C,2,10980,8087
FB4D,6,8540,8725
FB4E,11,9442,8850
FB4F_a,9,13782,14309
FB4F_b,2,3058,2941
FB4G,2,7136,6399
FB4H,2,6762,8743
FB4I,2,3146,3018
FB4J,2,3222,2939
FB4K,4,6804,8066
FB4L,4,5003,6930
FB4M,4,13246,26732
FB4N,2,11499,7695
FB4O,4,5435,9864
FB4P_a,4,10297,8870
FB4P_b,7,11735,19020
FB4Q_a,2,3290,5477
FB4Q_b,4,5937,8302
FB4R,4,4036,5439
FB4X,2,8282,9304
FB4Y,4,21242,23967
FB4Z,16,16693,7822
FB5A,4,19086,24173
FB5AA,2,4449,4174
FB5AB,2,9112,10231
FB5B,6,4758,5622
FB5C,2,4641,4479
FB5D,2,5200,4741
FB5E,2,4593,5108
FB5F,2,3186,4450
FB5G,8,8715,11242
FB5H,2,7621,8808
FB5I,2,8125,9341
FB5J,2,2959,2071
FB5K,2,7237,6143
FB5L,2,4920,7224
FB5M,2,3252,3221
FB5N,2,3460,3986
FB5O,2,4026,4817
FB5P,4,2776,3785
FB5Q,4,5513,8134
FB5R,6,8159,5149
FB5S,7,8109,4502
FB5T,2,1721,1493
FB5U,3,4047,2656
FB5V,18,20509,18230
FB5W,8,6813,9125
FB5X,6,9159,10803
FB5Y,4,5922,9424
FB5Z,4,3626,4827
FB6A,6,25624,31910
FB6B,3,4879,7370
FB6C_a,2,1950,5149
FB6C_b,5,4910,12772
FB6D,2,5975,7327
FB6E,2,4478,9574
FB6F,2,3398,6603
FB6G,2,2938,6025
FB6H,2,6645,8648
FB6I,2,3171,5534
FB6J,8,10389,5375
FB6K,4,5535,6558
FB6L,6,5785,3061
FB6M,4,3612,5015
FB6N,2,3998,4988
FB6O,2,3407,3820
FB6P,2,3599,2526
FB6Q,2,1800,1748
FB6R,3,2583,3349
FB6S,6,2683,2349
FB6T,4,2877,2952
FB6U,4,6994,7366
FB6V,2,4357,4413
FB6W,2,3137,4136
FB6X,2,2452,2667
FB6Y,2,1438,2104
FB6Z,2,2718,3390
FB7A,6,5607,11957
FB7B,2,4145,4946
FB7C,3,2287,2760
FB7D,4,6582,2852
FB7E,6,5560,5333
FB7F,2,1013,1170
FB7G,4,3361,5147
FB7H,2,3491,3102
FB7I,5,7111,7917
FB7J,4,7779,3444
FB7K,4,2941,4838
FB7L,4,5923,7638
FB7M,2,1975,1666
FB8A,5,2540,4197
FB8B,4,3900,4620
FB8C,4,4940,4008
FB8D,2,1594,1138
FB8E,5,2620,5095
FB8F_a,8,4030,3853
FB8F_b,8,4112,3394
FB8G,6,6257,7180
FB8H,6,4200,7452
FB8I,4,2988,2719
FB9A,6,1518,2016
FB9B_a,4,486,1150
FB9B_b,3,667,645
FB9B_c,4,394,527
FB9B_d,4,564,1354
FB9B_e,4,317,583
FB9C_a,4,1315,1388
FB9C_b,4,791,882
FC1A,16,10086,10224
FC1B,18,13385,11635
FC1C,33,18403,12367
FC1D,20,9714,10288
FC1E,20,9767,8677
FC1F,17,11223,10296
FC2A,18,36416,14005
FC2B,33,61969,21064
FC2C,37,41125,18299
FC3,42,21928,30132
FR1,18,31975,12580
FR2,18,9421,6800
FS1A,44,34983,15271
FS1B,24,15981,11637
FS2,32,26001,10712
FS3,66,28122,14177
FS4A,58,13920,11008
FS4B,37,8487,8292
FS4C,16,5807,6308
GLNO,4,4746,8438
Giant Fiber,1,13714,237
H1,1,30,13
H2,2,1249,2517
HBeyelet,5,273,1408
HRN_VP1d,10,5134,8842
HRN_VP1l,6,2194,4740
HRN_VP4,31,2784,9156
HRN_VP5,10,1753,9891
HSE,1,1242,387
HSN,1,325,282
HSS,1,221,652
IB001,2,556,299
IB002,4,793,806
IB003,3,796,569
IB004,17,3393,3125
IB005,2,3430,4797
IB006,2,8935,4112
IB007,1,1730,1342
IB008,2,16734,4448
IB009,2,8751,6936
IB010,2,8271,4918
IB011,2,9321,3257
IB012,1,1950,2027
IB013,1,3858,2655
IB014,2,2567,3387
IB015,2,446,1220
IB016,2,1350,1357
IB017,2,3226,5489
IB018,2,24632,8419
IB019,1,746,1090
IB020,2,2264,2060
IB021,2,2929,3113
IB022,4,2877,2118
IB023,2,3386,1892
IB024,2,3680,1732
IB025,2,3825,3165
IB026,2,1345,29
IB027,2,1001,787
IB028,2,1250,946
IB029,2,1801,1652
IB030,2,1058,427
IB031,2,2267,1196
IB032,4,2890,2211
IB033,2,2908,2088
IB034,2,944,563
IB035,2,505,264
IB036,2,770,511
IB037,2,606,415
IB038,4,9568,5074
IB039,2,2937,2093
IB040,1,677,383
IB041,3,805,658
IB042,1,880,576
IB043,2,12009,3688
IB044,1,394,817
IB045,4,1023,3702
IB046,2,2839,25
IB047,2,2870,2194
IB048,2,3319,3253
IB049,2,2848,2512
IB050,2,2804,2175
IB051,2,2522,1831
IB052,1,227,409
IB053,2,870,1279
IB054,4,1457,1719
IB055,4,1051,1675
IB056,1,406,444
IB057,2,842,918
IB058,1,1926,1964
IB059,3,1875,1886
IB060,2,3048,2203
IB061,2,5417,418
IB062,1,758,309
IB063,1,373,428
IB064,2,1407,3311
IB065,1,1836,1120
IB066,1,481,12
IB067,1,382,4
IB068,2,1943,1553
IB069,1,393,103
IB070,2,845,651
IB071,2,954,800
IB072,4,2260,1388
IB073,4,1491,1234
IB074,2,1385,808
IB075,2,1037,728
IB076,2,1294,375
IB077,2,864,673
IB078,2,778,285
IB079,2,975,489
IB080,2,774,185
IB081,1,565,43
IB082,4,1842,1312
IB083,2,709,418
IB084,4,1671,1436
IB085,3,1248,2565
IB086,1,434,462
IB087,3,809,1003
IB088,5,930,2121
IB089,2,326,552
IB090,3,985,1221
IB091,2,426,469
IB092,2,3831,4327
IB093,2,3146,2374
IB094,1,1972,970
IB095,2,1955,1115
IB096,1,362,634
IB097,2,4475,3266
IB098,2,944,878
IB099,6,1173,1375
IB100,1,163,259
IB101,1,860,821
IB102,4,1136,1419
IB103,3,1016,736
IB104,1,270,410
IB105,1,251,481
IB106,3,597,617
IB107,3,476,660
IB108,3,591,695
IB109,2,3978,2869
IB110,2,3883,2435
IB111,1,3380,1272
IB112,2,12478,1935
IB113,2,1083,5122
IB114,2,7103,4317
IB115,4,2229,7380
IB116,1,1809,1178
IB117,1,1779,1268
IB118,1,1604,807
IB119,1,425,633
IbSpsP,24,14914,21883
JO-A/B/C,78,10957,16630
KCa'b'-ap1,91,52171,75286
KCa'b'-ap2,127,76748,98992
KCa'b'-m,119,74154,90415
KCab-c,252,99046,125841
KCab-m,354,179664,209781
KCab-p,60,39295,42809
KCab-s,223,123014,143436
KCg-d,99,51862,65387
KCg-m,590,427161,452256
KCg-s1,1,2408,2790
KCg-s2,1,1717,1905
KCg-s3,1,1089,1383
KCg-s4,1,704,885
KCg-t,8,4839,5314
LAL001,1,2721,3692
LAL002,1,2323,3462
LAL003,1,860,826
LAL004,1,446,330
LAL005,3,1139,600
LAL006,3,815,894
LAL007,2,1844,3412
LAL008,2,3495,3763
LAL009,1,3096,2401
LAL010,2,6792,3952
LAL011,1,2591,1645
LAL012,1,2181,1940
LAL013,1,2058,2197
LAL014,1,9925,3071
LAL015,1,2325,2058
LAL016,1,3183,2612
LAL017,1,1391,2025
LAL018,1,9528,3575
LAL019,2,2516,2643
LAL020,2,1088,987
LAL021,3,2153,1158
LAL022,6,9922,4110
LAL023,2,2905,2017
LAL024,1,585,616
LAL025,2,1674,2125
LAL026,2,2167,2116
LAL027,1,1803,1047
LAL028,2,1281,1270
LAL029,4,1551,2113
LAL030_a,4,3657,2710
LAL030_b,2,1177,969
LAL031,2,2036,1966
LAL032,4,3538,2448
LAL033,2,2706,960
LAL034,3,2775,1653
LAL035,2,1376,1029
LAL036,2,2338,875
LAL037,2,1487,1116
LAL038,1,919,452
LAL039,3,2560,1210
LAL040,2,12861,6689
LAL041,2,12465,717
LAL042,2,2947,3205
LAL043,5,5008,2525
LAL044,1,729,710
LAL045,1,3231,2390
LAL046,1,5328,3772
LAL047,1,3242,3099
LAL048,5,3239,1058
LAL049,1,496,384
LAL050,2,1071,972
LAL051,1,3838,4984
LAL052,1,3401,2120
LAL053,1,2123,2792
LAL054,1,1641,2230
LAL055,1,1593,1184
LAL056,3,980,1285
LAL057,1,228,590
LAL058,2,1098,789
LAL059,3,938,980
LAL060,5,2857,2759
LAL061,3,898,1128
LAL062,5,2432,2295
LAL063,1,266,270
LAL064,1,159,242
LAL065,3,621,764
LAL066,2,982,799
LAL067,5,1859,1915
LAL068,2,774,823
LAL069,5,1844,1999
LAL070,3,986,922
LAL071,3,781,636
LAL072,1,3300,2218
LAL073,2,9108,5632
LAL074,2,6084,3279
LAL075,2,4978,3103
LAL076,2,5926,5453
LAL077,2,999,1256
LAL078,4,2570,2496
LAL079,2,1067,1150
LAL080,3,1613,1835
LAL081,1,1814,3403
LAL082,1,1336,2366
LAL083,2,13241,29
LAL084,2,6083,3364
LAL085,2,1466,23
LAL086,6,2068,1279
LAL087,8,1971,1189
LAL088,2,1612,466
LAL089,2,814,341
LAL090,12,4438,2568
LAL091,4,1738,443
LAL092,3,1290,277
LAL093,2,568,293
LAL094,5,1487,241
LAL095,5,1405,309
LAL096,3,241,167
LAL097,3,246,112
LAL098,1,2966,2871
LAL099,1,2029,2799
LAL100,2,4410,9010
LAL101,1,2895,2486
LAL102,1,3741,1985
LAL103,1,521,1402
LAL104,1,1297,1082
LAL105,1,873,736
LAL106,1,1558,501
LAL107,1,1773,576
LAL108,1,3849,6
LAL109,1,670,1604
LAL110,5,2743,3258
LAL111,1,725,1886
LAL112,2,3476,7275
LAL113,2,4871,3677
LAL114,1,1356,1665
LAL115,1,1739,1686
LAL116,1,841,1101
LAL117,2,797,292
LAL118,1,3367,1867
LAL119,1,7251,2808
LAL120,4,16637,7911
LAL121,2,5544,5080
LAL122,1,3445,456
LAL123,2,7522,4234
LAL124,2,4039,5287
LAL125,1,4119,16
LAL126,2,5644,32
LAL127,2,5585,1417
LAL128,1,2753,3199
LAL129,2,6759,6271
LAL130,2,2227,1803
LAL131,2,3667,2888
LAL132,2,977,721
LAL133,5,1946,1633
LAL134,2,5503,1664
LAL135,2,2765,2163
LAL136_a,3,1996,1748
LAL136_b,3,1834,1276
LAL137,2,5980,7955
LAL138,2,3564,5538
LAL139,1,1081,1587
LAL140,1,623,1561
LAL141,1,5069,4457
LAL142,1,4628,4049
LAL143,1,1154,758
LAL144,3,4300,5203
LAL145,2,915,3373
LAL146,1,1289,1760
LAL147,4,6180,5060
LAL148,1,944,709
LAL149,2,1481,1439
LAL150,4,2110,2452
LAL151,1,716,704
LAL152,1,1786,5
LAL153,1,696,8
LAL154,2,3492,5448
LAL155,4,8146,6350
LAL156,2,3904,524
LAL157,1,1375,245
LAL158,2,1282,1347
LAL159,2,9286,6691
LAL160,2,4544,4574
LAL161,2,4132,3971
LAL162,2,2201,2211
LAL163,2,2317,2433
LAL164,2,2163,1839
LAL165,1,842,553
LAL166,1,479,917
LAL167,2,818,604
LAL168,1,496,469
LAL169,1,2681,2128
LAL170,1,1269,800
LAL171,2,3110,3208
LAL172,2,2959,3200
LAL173,2,1948,1521
LAL174,2,2219,1639
LAL175,4,4652,3818
LAL176,2,1918,1404
LAL177,2,1768,1416
LAL178,1,133,88
LAL179,2,199,126
LAL180,2,193,107
LAL181,1,863,1264
LAL182,1,2279,662
LAL183,2,2739,1986
LAL184,1,830,2726
LAL185,2,3093,4248
LAL186,1,970,1384
LAL187,2,499,752
LAL188,3,845,1271
LAL189,2,357,264
LAL190,1,3160,1191
LAL191,2,1173,4530
LAL192,2,1338,4247
LAL193,1,1997,55
LAL194,2,3407,1825
LAL195,1,1388,10
LAL196,6,4429,2652
LAL197,1,348,30
LAL198,2,2850,3721
LAL199,2,792,1991
LAL200,2,5606,5155
LAL201,1,4268,1571
LAL202,1,737,1401
LAL203,2,1893,1920
LAL204,1,1022,1069
LC10,449,99941,121008
LC11,71,28972,36695
LC12,227,37045,90639
LC13,82,15203,24339
LC14,70,12516,6961
LC15,62,11456,12985
LC16,83,16797,26669
LC17,186,73338,99070
LC18,103,14594,23809
LC20,70,12597,11609
LC21,75,14795,24857
LC22,36,8852,11412
LC24,70,7250,8797
LC25,30,3959,4376
LC26,41,5035,6449
LC27,17,2871,2428
LC28a,17,2579,2561
LC28b,28,5500,4791
LC29,15,1512,2094
LC31,21,12974,9755
LC32,6,384,471
LC33a,10,4302,6617
LC33b,4,3163,5535
LC34,4,1595,1797
LC35,4,1488,1195
LC36,14,4558,6151
LC37a,4,1171,1464
LC37b,4,1582,2488
LC38,2,964,1259
LC39,3,755,1759
LC4,71,46618,53139
LC40a,16,4464,4592
LC40b,3,315,721
LC41,6,1093,2015
LC43,7,630,1602
LC44,2,232,645
LC45a,3,358,787
LC45b,6,464,1002
LC46a,3,702,790
LC46b,4,1001,1055
LC6,61,15154,16622
LC9,135,40306,37949
LCNOp,2,6075,4963
LCNOpm,2,8943,13348
LHAD1a1,3,824,1129
LHAD1a2_a,3,1417,1493
LHAD1a2_b,2,875,1095
LHAD1a2_c,2,848,1153
LHAD1a3,2,626,919
LHAD1a4_a,2,538,568
LHAD1a4_b,2,302,458
LHAD1b1_a,1,439,785
LHAD1b1_b,3,1718,1895
LHAD1b2_a,6,4347,3150
LHAD1b2_b,3,2202,1542
LHAD1b2_c,4,2333,1758
LHAD1b2_d,2,2184,1407
LHAD1b3,3,1386,1754
LHAD1b4,2,683,723
LHAD1b5,5,2865,3855
LHAD1b6_a,3,2395,2124
LHAD1b6_b,2,1735,1287
LHAD1c1_a,1,1143,471
LHAD1c1_b,1,777,450
LHAD1c2,5,1185,2079
LHAD1c3,4,884,691
LHAD1d1,4,1642,1467
LHAD1d2,3,881,1124
LHAD1f1,3,1387,1024
LHAD1f2,1,2954,1830
LHAD1f3_a,2,1312,1144
LHAD1f3_b,3,1637,1471
LHAD1f4,4,2027,930
LHAD1f5,1,269,580
LHAD1g1,1,11991,6110
LHAD1h1,1,730,1154
LHAD1i1,3,1078,903
LHAD1i2_a,1,154,327
LHAD1i2_b,3,928,1453
LHAD1j1,1,685,974
LHAD1k1,1,1181,738
LHAD2b1,2,1916,3149
LHAD2c1,2,1632,948
LHAD2c2,2,1364,711
LHAD2c3,3,1531,1003
LHAD2d1,1,1406,1073
LHAD2e1,1,651,660
LHAD2e2,1,649,1117
LHAD2e3,1,694,1350
LHAD2f1,1,668,314
LHAD3a1,2,853,507
LHAD3a10_a,1,96,120
LHAD3a10_b,1,102,161
LHAD3a2_a,1,281,221
LHAD3a2_b,1,276,253
LHAD3a3_a,2,259,206
LHAD3a3_b,1,182,150
LHAD3a4_a,1,468,233
LHAD3a4_b,1,145,167
LHAD3a5,1,633,249
LHAD3a6,1,239,214
LHAD3a7_a,2,487,321
LHAD3a7_b,1,270,281
LHAD3a8_a,1,226,155
LHAD3a8_b,1,256,205
LHAD3a9,2,636,404
LHAD3b1_a,1,248,182
LHAD3b1_b,2,493,529
LHAD3b1_c,1,115,148
LHAD3b1_d,1,142,106
LHAD3b1_e,5,735,1138
LHAD3b1_f,1,91,144
LHAD3b1_g,4,353,565
LHAD3b1_h,1,230,215
LHAD3c1,1,195,105
LHAD3d1,1,207,276
LHAD3d2,1,197,493
LHAD3d3,1,94,30
LHAD3d4,1,378,534
LHAD3d5,1,276,517
LHAD3e1_a,2,1234,837
LHAD3e1_b,1,484,401
LHAD3f1_a,3,904,1225
LHAD3f1_b,3,910,1404
LHAD3g1,3,1189,869
LHAD4a1,1,879,1677
LHAV1a1,3,2150,1093
LHAV1a2_a,2,1754,657
LHAV1a2_b,1,1515,327
LHAV1a3,6,1927,1454
LHAV1a4,3,704,927
LHAV1a5,1,105,146
LHAV1b1,1,188,281
LHAV1b2,1,196,134
LHAV1b3,2,656,632
LHAV1b4,1,200,253
LHAV1c1,1,175,215
LHAV1d1,2,419,390
LHAV1d2_a,4,1820,482
LHAV1d2_b,1,190,151
LHAV1e1,1,1526,1769
LHAV1f1,3,843,901
LHAV2a1,3,962,813
LHAV2a2,4,1409,1575
LHAV2a3,4,1823,1247
LHAV2a4_a,2,560,879
LHAV2a4_b,1,258,373
LHAV2a5_a,2,480,659
LHAV2a5_b,2,361,466
LHAV2b1,4,1681,966
LHAV2b10,4,496,940
LHAV2b11,1,331,385
LHAV2b2_a,2,1616,1376
LHAV2b2_b,2,1178,822
LHAV2b2_c,1,968,794
LHAV2b3,3,1877,1552
LHAV2b4,5,1946,1703
LHAV2b5_a,2,657,356
LHAV2b5_b,1,211,126
LHAV2b6,3,798,979
LHAV2b7_a,1,372,386
LHAV2b7_b,2,510,582
LHAV2b8,1,395,283
LHAV2b9,2,545,704
LHAV2c1,13,3521,4432
LHAV2c2,1,264,202
LHAV2d1,1,1745,2027
LHAV2e1,1,301,401
LHAV2e2,1,387,412
LHAV2e3,2,543,554
LHAV2e4_a,1,543,379
LHAV2e4_b,1,220,301
LHAV2f1_a,6,1112,1301
LHAV2f1_b,3,1082,906
LHAV2f2_a,1,349,308
LHAV2f2_b,2,1057,850
LHAV2f3,3,831,1170
LHAV2f4,1,355,460
LHAV2g1,2,894,485
LHAV2g2_a,3,754,637
LHAV2g2_b,2,828,423
LHAV2g3,3,783,755
LHAV2g4,1,224,104
LHAV2g5,1,576,338
LHAV2g6,1,490,380
LHAV2h1_a,2,283,409
LHAV2h1_b,3,450,604
LHAV2i1,3,551,929
LHAV2i2,3,804,941
LHAV2i3,1,213,359
LHAV2i4,3,341,1140
LHAV2i5,2,373,584
LHAV2j1,1,253,402
LHAV2k1,3,582,925
LHAV2k10_a,1,207,225
LHAV2k10_b,2,275,464
LHAV2k11_a,2,447,1121
LHAV2k11_b,1,400,774
LHAV2k12_a,2,462,710
LHAV2k12_b,1,198,364
LHAV2k13,1,813,625
LHAV2k2,4,2779,2117
LHAV2k3,2,775,690
LHAV2k4,8,1885,2677
LHAV2k5,3,649,1049
LHAV2k6,1,461,1352
LHAV2k7,2,370,441
LHAV2k8,1,1466,1867
LHAV2k9,3,1433,1916
LHAV2l1,1,228,135
LHAV2m1,2,1972,1977
LHAV2n1,1,649,1298
LHAV2o1,1,1673,1457
LHAV2p1,1,1129,1950
LHAV3a1_a,4,1040,983
LHAV3a1_b,3,445,467
LHAV3a1_c,1,1040,1122
LHAV3a2,6,1325,1215
LHAV3a3,1,265,184
LHAV3a4,1,580,595
LHAV3a5,4,785,561
LHAV3a6,4,832,691
LHAV3b10,2,332,488
LHAV3b11,4,660,996
LHAV3b12,1,727,1142
LHAV3b13,2,1921,1373
LHAV3b1_a,2,392,636
LHAV3b1_b,1,213,333
LHAV3b2_a,2,456,409
LHAV3b2_b,2,458,656
LHAV3b2_c,2,731,1210
LHAV3b3,3,407,661
LHAV3b4,1,140,196
LHAV3b5,3,1035,645
LHAV3b6_a,3,1428,621
LHAV3b6_b,2,538,501
LHAV3b7,1,140,169
LHAV3b8_a,2,424,481
LHAV3b8_b,2,304,411
LHAV3b9_a,1,91,176
LHAV3b9_b,1,165,138
LHAV3c1,5,2119,1422
LHAV3c2,3,813,598
LHAV3c3,2,358,411
LHAV3c4,1,195,204
LHAV3d1,1,386,1234
LHAV3e1,2,1331,1388
LHAV3e2,2,1171,1104
LHAV3e3,2,824,1592
LHAV3e4_a,2,762,884
LHAV3e4_b,1,410,359
LHAV3e5,2,621,590
LHAV3e6,1,217,214
LHAV3e7,1,336,238
LHAV3e8,1,221,219
LHAV3f1,1,2294,3204
LHAV3g1,2,901,1023
LHAV3g2_a,1,747,575
LHAV3g2_b,1,778,724
LHAV3h1,1,1382,1761
LHAV3i1,1,522,560
LHAV3j1,1,1806,1745
LHAV3k1,1,2270,2779
LHAV3k2,1,593,1077
LHAV3k3,1,714,738
LHAV3k4,1,635,1025
LHAV3k5,1,2046,1607
LHAV3k6,1,793,1096
LHAV3l1,1,212,206
LHAV3m1,1,1516,2401
LHAV3n1,6,1619,1918
LHAV3o1,3,842,2742
LHAV3p1,1,1331,1840
LHAV3q1,1,1466,1626
LHAV4a1_a,1,295,296
LHAV4a1_b,4,3119,2750
LHAV4a1_c,1,1416,1565
LHAV4a2,1,1630,1694
LHAV4a3_a,5,2281,1654
LHAV4a3_b,4,2002,1455
LHAV4a4,6,1608,1777
LHAV4a5,3,1064,775
LHAV4a6,3,783,685
LHAV4a7,4,1365,1297
LHAV4b1_a,2,542,459
LHAV4b1_b,4,862,790
LHAV4b2_a,2,76,169
LHAV4b2_b,2,194,297
LHAV4b3,4,561,870
LHAV4b4,3,1226,1363
LHAV4b5,2,253,404
LHAV4b6,3,720,607
LHAV4c1_a,4,1527,1407
LHAV4c1_b,1,298,178
LHAV4c2,4,1770,1945
LHAV4d1,5,1449,792
LHAV4d2_a,1,116,204
LHAV4d2_b,2,349,456
LHAV4d3,2,524,425
LHAV4d4,2,389,355
LHAV4d5,4,637,698
LHAV4e1_a,1,596,343
LHAV4e1_b,2,1071,766
LHAV4e2_a,4,1047,853
LHAV4e2_b,6,1014,1068
LHAV4e3,2,296,296
LHAV4e4,2,1212,901
LHAV4e5,3,1556,875
LHAV4e6,1,273,224
LHAV4e7_a,2,436,384
LHAV4e7_b,3,501,537
LHAV4f1,2,461,626
LHAV4g11,3,1225,1051
LHAV4g12,2,1350,902
LHAV4g13,3,1890,1318
LHAV4g14,1,503,542
LHAV4g15,2,489,448
LHAV4g16_a,1,178,233
LHAV4g16_b,1,152,255
LHAV4g17,1,737,1038
LHAV4g18,1,195,220
LHAV4g1_a,2,503,571
LHAV4g1_b,2,783,822
LHAV4g2,4,1027,1596
LHAV4g3,1,256,220
LHAV4g4_a,2,558,450
LHAV4g4_b,3,800,651
LHAV4g5,3,1881,1591
LHAV4g6_a,2,571,505
LHAV4g6_b,2,499,540
LHAV4g7_a,3,689,731
LHAV4g7_b,2,547,495
LHAV4g8,4,1305,1500
LHAV4g9,3,1172,1353
LHAV4h1,3,584,788
LHAV4i1,2,1233,1002
LHAV4i2,1,1181,485
LHAV4j1,1,987,1325
LHAV4k1,3,323,786
LHAV4k2,2,387,477
LHAV4l1,1,1148,1330
LHAV5a1,6,1089,1804
LHAV5a10_a,1,203,460
LHAV5a10_b,1,406,652
LHAV5a2_a,14,1507,1783
LHAV5a2_b,3,303,408
LHAV5a2_c,1,118,154
LHAV5a2_d,1,124,200
LHAV5a3_a,4,461,457
LHAV5a3_b,3,393,529
LHAV5a4_a,2,481,601
LHAV5a4_b,1,218,271
LHAV5a4_c,2,357,470
LHAV5a5,4,557,1258
LHAV5a6_a,2,722,369
LHAV5a6_b,4,621,600
LHAV5a7_a,2,428,542
LHAV5a7_b,1,279,358
LHAV5a7_c,6,1428,2272
LHAV5a8,3,1082,991
LHAV5a9_a,2,337,449
LHAV5a9_b,1,112,200
LHAV5b1,2,418,427
LHAV5b2,2,678,1354
LHAV5c1,2,516,1110
LHAV5d1,1,1052,920
LHAV5e1,1,395,570
LHAV6a10,1,312,328
LHAV6a1_a,1,275,508
LHAV6a1_b,8,3229,2961
LHAV6a2_a,1,125,238
LHAV6a2_b,2,529,591
LHAV6a2_c,2,253,460
LHAV6a3_a,4,1797,1081
LHAV6a3_b,4,1410,1486
LHAV6a4,3,708,725
LHAV6a5,3,670,904
LHAV6a6,2,375,420
LHAV6a7,4,1302,1360
LHAV6a8,1,633,607
LHAV6a9,3,4408,1250
LHAV6b1_a,3,1298,1303
LHAV6b1_b,2,943,1025
LHAV6b2_a,3,2386,2400
LHAV6b2_b,1,379,572
LHAV6b3,5,2089,1346
LHAV6b4,1,859,659
LHAV6c1,4,1507,1094
LHAV6d1,3,1609,1534
LHAV6e1,1,1908,1654
LHAV6f1_a,2,941,1041
LHAV6f1_b,1,544,427
LHAV6f2,2,725,706
LHAV6f3_a,1,168,186
LHAV6f3_b,1,144,160
LHAV6f3_c,1,248,193
LHAV6g1,1,2290,1435
LHAV6h1,1,861,1257
LHAV7a1_a,2,472,476
LHAV7a1_b,3,977,799
LHAV7a2,1,490,226
LHAV7a3_a,2,528,552
LHAV7a3_b,2,571,554
LHAV7a4,4,961,849
LHAV7a5,3,1342,645
LHAV7a6,1,591,310
LHAV7a7,2,1132,629
LHAV7b1,5,3423,2009
LHAV7b2,1,547,342
LHAV8a1,1,823,521
LHAV9a1_a,2,1090,1147
LHAV9a1_b,2,878,1193
LHAV9a1_c,3,1407,1853
LHCENT1,1,11726,9006
LHCENT10,2,4247,7270
LHCENT11,1,3322,3579
LHCENT12,3,2882,2441
LHCENT13_a,3,1491,880
LHCENT13_b,2,1080,861
LHCENT13_c,1,626,411
LHCENT13_d,1,532,303
LHCENT14,1,2370,1934
LHCENT2,1,10298,6394
LHCENT3,1,10730,9718
LHCENT4,1,6148,2847
LHCENT5,1,2894,2114
LHCENT6,1,8571,6286
LHCENT8,2,4935,10424
LHCENT9,1,11624,8166
LHMB1,1,6611,4963
LHPD1a1,4,791,999
LHPD1b1,1,1177,1042
LHPD2a1,5,3250,3402
LHPD2a2,4,4177,3845
LHPD2a3,3,2882,1264
LHPD2a4_a,2,1596,1403
LHPD2a4_b,2,1500,1410
LHPD2a4_c,2,989,1385
LHPD2a5_a,2,980,942
LHPD2a5_b,1,561,336
LHPD2a6,4,2345,1101
LHPD2a7,4,2239,2022
LHPD2a8,3,1061,972
LHPD2a9,1,1448,1165
LHPD2b1_a,3,1978,1500
LHPD2b1_b,1,568,516
LHPD2c1,1,1797,1114
LHPD2c2,4,1651,2606
LHPD2c3,4,1293,1867
LHPD2c4,2,698,574
LHPD2c5,2,1314,1081
LHPD2c6,2,534,576
LHPD2c7,2,3931,3374
LHPD2d1,1,1692,1601
LHPD2d2,1,1084,1097
LHPD3a1,6,2862,2243
LHPD3a2_a,1,117,194
LHPD3a2_b,3,507,547
LHPD3a2_c,3,532,757
LHPD3a3_a,1,347,301
LHPD3a3_b,2,650,693
LHPD3a3_c,2,463,665
LHPD3a4_a,1,109,270
LHPD3a4_b,4,940,1426
LHPD3a4_c,4,382,836
LHPD3a5,3,758,900
LHPD3b1_a,2,1142,1029
LHPD3b1_b,2,499,380
LHPD3b2,2,1001,868
LHPD3b3,2,573,354
LHPD3c1,1,701,406
LHPD4a1,4,1149,1060
LHPD4a2,2,564,740
LHPD4b1,4,574,481
LHPD4c1,1,4923,2442
LHPD4d1,1,1686,1550
LHPD4d2_a,1,493,607
LHPD4d2_b,2,1077,1182
LHPD4e1_a,1,144,92
LHPD4e1_b,1,376,216
LHPD5a1,1,2023,2179
LHPD5b1,1,1149,1791
LHPD5c1,1,2862,2745
LHPD5d1,2,7427,3326
LHPD5e1,2,847,762
LHPD5f1,1,2192,2016
LHPV10a1,2,1294,1328
LHPV10b1,1,4203,2841
LHPV10c1,1,957,304
LHPV10d1,2,7676,7663
LHPV11a1,3,1221,45
LHPV12a1,2,10861,13190
LHPV1c1,2,702,461
LHPV1c2,1,1486,1485
LHPV1d1,1,1551,1295
LHPV2a1_a,2,1027,1577
LHPV2a1_b,1,617,304
LHPV2a1_c,3,2120,2633
LHPV2a1_d,2,2009,1970
LHPV2a1_e,2,3227,3051
LHPV2a2,2,840,1252
LHPV2a3,3,1945,1013
LHPV2a4,3,565,770
LHPV2a5,2,497,715
LHPV2b1,3,443,392
LHPV2b2_a,5,592,547
LHPV2b2_b,1,125,155
LHPV2b3,6,1278,1214
LHPV2b4,2,955,649
LHPV2b5_a,2,1082,902
LHPV2b5_b,1,517,361
LHPV2c1_a,2,580,722
LHPV2c1_b,2,558,727
LHPV2c1_c,2,564,745
LHPV2c2,3,727,743
LHPV2c3,2,582,663
LHPV2c4,2,542,584
LHPV2c5,5,1336,1244
LHPV2c6,1,246,260
LHPV2d1,2,1243,1206
LHPV2e1_a,3,996,1331
LHPV2e1_b,2,725,933
LHPV2e2,3,884,1345
LHPV2f1_a,2,693,517
LHPV2f1_b,2,776,551
LHPV2f2,4,1494,945
LHPV2f3,3,1136,709
LHPV2g1,2,3049,3013
LHPV2h1,1,947,643
LHPV2i1,2,2758,1638
LHPV2i2,2,1502,1461
LHPV3a1,2,2423,1022
LHPV3a2,2,751,207
LHPV3a3_a,1,188,39
LHPV3a3_b,2,667,326
LHPV3a3_c,1,1204,406
LHPV3b1_a,3,1026,1001
LHPV3b1_b,3,1190,1046
LHPV3c1,1,3375,5086
LHPV4a1,4,1914,1884
LHPV4a10_a,6,1322,1650
LHPV4a10_b,1,144,264
LHPV4a11,2,1478,1735
LHPV4a12_a,1,412,408
LHPV4a12_b,1,476,353
LHPV4a2,3,1275,961
LHPV4a3,1,97,211
LHPV4a4_a,1,261,296
LHPV4a4_b,2,527,678
LHPV4a4_c,2,193,452
LHPV4a5_a,3,472,504
LHPV4a5_b,2,421,513
LHPV4a6,1,316,306
LHPV4a7_a,3,414,469
LHPV4a7_b,2,446,371
LHPV4a7_c,5,1191,1652
LHPV4a7_d,1,330,715
LHPV4a7_e,1,164,230
LHPV4a7_f,1,226,300
LHPV4a8,3,578,581
LHPV4a9_a,2,372,1010
LHPV4a9_b,2,319,369
LHPV4b1_a,2,697,880
LHPV4b1_b,1,508,583
LHPV4b2,3,760,1230
LHPV4b3,4,1333,995
LHPV4b4,5,1373,1657
LHPV4b5,1,329,429
LHPV4b6,1,355,562
LHPV4b7,1,244,498
LHPV4b8,1,370,434
LHPV4b9,2,1017,906
LHPV4c1_a,1,450,412
LHPV4c1_b,5,2049,2355
LHPV4c1_c,4,1696,1708
LHPV4c2,2,1002,648
LHPV4c3,2,1008,600
LHPV4c4_a,2,1109,610
LHPV4c4_b,1,400,341
LHPV4d1,2,449,591
LHPV4d10,3,719,1064
LHPV4d2,3,640,1052
LHPV4d3,3,563,672
LHPV4d4,2,861,808
LHPV4d5,2,358,495
LHPV4d6,2,812,925
LHPV4d7,3,1199,1581
LHPV4d8,1,179,295
LHPV4d9,1,204,254
LHPV4e1,1,457,985
LHPV4f1_a,1,160,238
LHPV4f1_b,1,176,247
LHPV4g1,7,2187,2881
LHPV4g2,3,1185,1001
LHPV4h1_a,2,274,285
LHPV4h1_b,1,235,197
LHPV4h2,1,337,294
LHPV4h3,1,493,766
LHPV4i1,3,1381,1064
LHPV4i2,1,240,188
LHPV4i3_a,2,191,430
LHPV4i3_b,2,121,357
LHPV4i4,1,366,631
LHPV4i5,2,559,713
LHPV4j1_a,1,307,366
LHPV4j1_b,1,446,406
LHPV4j2,1,1090,982
LHPV4j3,1,474,1658
LHPV4j4,1,449,1262
LHPV4k1_a,1,202,234
LHPV4k1_b,2,458,463
LHPV4l1,1,1188,841
LHPV4m1,1,3712,3648
LHPV5a1_a,4,1856,1974
LHPV5a1_b,3,418,649
LHPV5a2,4,1369,1479
LHPV5a3,5,773,1516
LHPV5a4,2,723,739
LHPV5a5,2,326,525
LHPV5b1,7,786,1462
LHPV5b2_a,2,271,160
LHPV5b2_b,3,490,534
LHPV5b2_c,2,434,306
LHPV5b3,5,773,1693
LHPV5b4_a,2,420,708
LHPV5b4_b,1,156,243
LHPV5b5,2,227,276
LHPV5b6,5,924,495
LHPV5c1_a,4,1326,1768
LHPV5c1_b,3,601,861
LHPV5c1_c,1,119,211
LHPV5c1_d,4,784,1092
LHPV5c2,2,356,540
LHPV5c3,3,342,466
LHPV5c4,1,142,229
LHPV5d1_a,4,1301,1393
LHPV5d1_b,2,504,510
LHPV5d2,1,289,333
LHPV5d3,1,186,200
LHPV5e1,2,13384,8703
LHPV5e2,1,1000,910
LHPV5e3,2,8244,10578
LHPV5f1,1,195,466
LHPV5g1_a,2,669,964
LHPV5g1_b,3,1087,1348
LHPV5g2,4,534,745
LHPV5h1,7,1321,1369
LHPV5h2,5,1398,1443
LHPV5h3,2,478,537
LHPV5h4,3,329,580
LHPV5h5,1,171,199
LHPV5h6,1,109,249
LHPV5i1,1,1508,1042
LHPV5j1,2,411,669
LHPV5j2,1,325,269
LHPV5j3,2,359,473
LHPV5j4,3,667,838
LHPV5j5,2,723,709
LHPV5l1,1,3395,3401
LHPV5m1,3,585,459
LHPV6a1,14,2891,4635
LHPV6a10,1,922,953
LHPV6a11_a,1,430,541
LHPV6a11_b,2,732,721
LHPV6a2_a,2,276,236
LHPV6a2_b,3,570,667
LHPV6a3_a,1,193,394
LHPV6a3_b,4,676,1307
LHPV6a4_a,1,258,220
LHPV6a4_b,3,453,695
LHPV6a4_c,2,321,467
LHPV6a5,2,460,409
LHPV6a6_a,1,135,135
LHPV6a6_b,3,378,265
LHPV6a7,3,600,537
LHPV6a8,3,812,631
LHPV6a9_a,2,489,339
LHPV6a9_b,3,721,596
LHPV6b1,7,1577,1675
LHPV6c1,1,1687,2244
LHPV6c2,1,689,775
LHPV6d1,2,372,691
LHPV6e1,1,97,21
LHPV6f1,6,2097,1971
LHPV6f2_a,1,154,121
LHPV6f2_b,1,345,317
LHPV6f2_c,2,262,357
LHPV6f3_a,1,230,245
LHPV6f3_b,2,513,712
LHPV6f3_c,1,328,196
LHPV6f3_d,2,512,532
LHPV6f3_e,1,245,268
LHPV6f4_a,1,308,194
LHPV6f4_b,5,1163,908
LHPV6f5,2,725,1290
LHPV6f6,2,424,345
LHPV6f7,2,932,752
LHPV6g1,1,1453,3947
LHPV6h1_a,4,2374,1713
LHPV6h1_b,2,626,803
LHPV6h2,3,1709,1670
LHPV6h3,3,746,910
LHPV6i1_a,3,659,1446
LHPV6i1_b,2,459,552
LHPV6i2_a,1,633,673
LHPV6i2_b,1,368,533
LHPV6i3,2,224,557
LHPV6i4,1,174,258
LHPV6j1,1,853,1269
LHPV6k1,3,1466,1598
LHPV6k2,2,964,1000
LHPV6l1,1,464,575
LHPV6l2,1,816,865
LHPV6m1,1,1513,1363
LHPV6n1,1,239,300
LHPV6o1,1,1179,1442
LHPV6p1,1,834,1419
LHPV6q1,2,5010,9844
LHPV7a1,2,816,1567
LHPV7a2,2,2306,2365
LHPV7b1,1,656,555
LHPV7c1,1,2149,3713
LHPV8a1,1,1380,1829
LHPV8b1,1,405,423
LHPV8c1,1,527,621
LHPV8d1,1,572,373
LHPV9b1,1,2672,2392
LLPC1,44,3639,10691
LLPC2a,60,2160,7733
LLPC2b,61,4316,8661
LLPC2c,92,5279,19604
LLPC2d,3,123,727
LLPC3,112,7358,17010
LNO1,4,6384,8698
LNO2,2,11241,9717
LNO3,1,1969,2160
LNOa,2,3014,7009
LNd,6,6005,9265
LPC1,113,9679,25318
LPC2,65,2121,4325
LPLC1,60,40214,39259
LPLC2,85,31585,46605
LPLC4,46,20649,30919
LPN,4,3520,5405
LPsP,2,8213,15807
LT1,4,11974,11928
LT11,1,6184,3329
LT33,1,891,444
LT34,1,2317,1617
LT35,1,1669,2031
LT36,2,7761,4627
LT37,1,3318,2550
LT38,2,1637,1813
LT39,1,1597,3511
LT40,1,2049,1148
LT41,1,2316,1905
LT42,1,3470,3340
LT43,2,1268,2094
LT44a,3,458,863
LT44b,3,361,948
LT45,8,1239,897
LT46,1,2507,2448
LT47,1,465,382
LT51,12,16468,20483
LT52,15,19192,12678
LT53,1,1215,984
LT54,2,160,654
LT55,2,898,1616
LT56,1,6587,2065
LT57,11,5351,4669
LT58,1,5918,4617
LT59,1,1304,807
LT60,1,413,980
LT61,2,3082,3180
LT62,1,1732,2235
LT63,2,2138,1790
LT64,2,1603,1007
LT65,1,1078,1093
LT66,1,1082,69
LT67,1,528,1537
LT68,1,308,556
LT69,1,530,775
LT70,4,1105,1673
LT71,2,124,141
LT72,1,806,1775
LT73,2,867,1346
LT74,2,1022,1543
LT75,1,499,1576
LT76,1,517,1716
LT77,3,1783,1663
LT78,3,1375,1993
LT79,1,2848,1496
LT80,2,1860,1171
LT81,3,399,233
LT82a,2,1607,4640
LT82b,1,301,1587
LT83,1,3014,3109
LT84,1,582,668
LT85,1,1005,1889
LT86,1,1775,5478
LT87,1,2574,3742
Li11,3,5839,3399
Li12,2,6781,5247
Li13,22,5032,11315
Li14,4,1539,1121
Li15,6,2523,1670
Li16,2,6588,6012
Li17,2,4243,4125
Li18,8,841,1027
Li19,24,8644,10368
Li20,3,1405,1027
MB-C1,2,8140,13699
MBON01,2,58606,15024
MBON02,2,35975,3519
MBON03,2,34851,8442
MBON04,2,32959,12110
MBON05,2,44608,8993
MBON06,2,30796,5393
MBON07,4,29675,3116
MBON09,3,59980,14678
MBON10,3,3901,1958
MBON11,2,27527,10018
MBON12,2,16664,10163
MBON13,1,9131,5713
MBON14,4,31047,5558
MBON15,2,2953,1355
MBON15-like,2,4581,1212
MBON16,1,5865,1184
MBON17,1,3612,963
MBON17-like,1,2796,742
MBON18,2,14700,3048
MBON19,2,3149,1869
MBON20,1,5814,5196
MBON21,2,21333,7370
MBON22,2,14157,5407
MBON23,1,4270,2044
MBON24,2,13692,1859
MBON25,2,1729,1206
MBON26,2,17062,9570
MBON27,2,13123,4150
MBON28,1,3633,797
MBON29,2,13021,4561
MBON30,2,18357,11059
MBON31,2,13388,5662
MBON32,2,23491,6151
MBON33,2,9029,2887
MBON34,2,1469,1247
MBON35,2,33169,7947
MC61,347,14719,29702
MC62,58,3185,10576
MC64,122,7263,14689
MC65,3,176,640
MC66,22,1395,13223
MDN,4,4930,37
MZ_lv2PN,1,4780,1956
MZ_lvPN,1,393,791
M_adPNm3,1,5803,3030
M_adPNm4,2,1263,1361
M_adPNm5,3,1242,1226
M_adPNm6,1,393,480
M_adPNm7,1,422,521
M_adPNm8,3,1693,1061
M_ilPN8t91,1,1268,909
M_ilPNm90,1,1582,1099
M_imPNl92,1,2181,1764
M_l2PN10t19,2,1652,2048
M_l2PN3t18,2,3876,2697
M_l2PNl20,1,5696,4543
M_l2PNl21,1,2782,2451
M_l2PNl22,1,2801,1752
M_l2PNl23,1,2486,1854
M_l2PNm14,1,1718,2132
M_l2PNm15,1,1853,2879
M_l2PNm16,2,5526,5272
M_l2PNm17,1,1051,1036
M_lPNm11A,3,810,1257
M_lPNm11B,1,276,531
M_lPNm11C,1,570,1016
M_lPNm11D,5,5554,6204
M_lPNm12,2,894,1266
M_lPNm13,2,803,1460
M_lv2PN9t49,2,4991,3426
M_lvPNm24,2,3199,4071
M_lvPNm25,2,1207,2137
M_lvPNm26,2,1195,1428
M_lvPNm27,1,617,812
M_lvPNm28,1,432,783
M_lvPNm29,1,404,530
M_lvPNm30,1,398,666
M_lvPNm31,1,232,538
M_lvPNm32,1,238,602
M_lvPNm33,1,320,537
M_lvPNm34,1,355,703
M_lvPNm35,2,676,831
M_lvPNm36,1,316,415
M_lvPNm37,3,642,804
M_lvPNm38,1,214,257
M_lvPNm39,1,477,1300
M_lvPNm40,2,718,730
M_lvPNm41,3,1219,1725
M_lvPNm42,2,1021,1337
M_lvPNm43,1,245,606
M_lvPNm44,1,124,290
M_lvPNm45,3,571,1667
M_lvPNm46,2,313,479
M_lvPNm47,2,689,584
M_lvPNm48,3,1145,730
M_smPN6t2,1,1886,1999
M_smPNm1,1,1120,1343
M_spPN4t9,1,2309,2690
M_spPN5t10,2,2011,2163
M_vPNml50,2,10789,3841
M_vPNml51,1,663,478
M_vPNml52,1,695,316
M_vPNml53,3,751,1102
M_vPNml54,2,316,508
M_vPNml55,1,711,816
M_vPNml56,1,293,294
M_vPNml57,1,215,377
M_vPNml58,3,644,1113
M_vPNml59,1,232,344
M_vPNml60,3,932,929
M_vPNml61,2,695,584
M_vPNml62,1,302,214
M_vPNml63,2,3361,1556
M_vPNml64,2,2114,1397
M_vPNml65,2,1048,1314
M_vPNml66,2,449,371
M_vPNml67,2,797,564
M_vPNml68,1,266,384
M_vPNml69,1,81,234
M_vPNml70,2,548,482
M_vPNml71,1,266,365
M_vPNml72,3,1306,867
M_vPNml73,1,260,308
M_vPNml74,5,865,1071
M_vPNml75,1,151,222
M_vPNml76,3,993,981
M_vPNml77,3,585,1010
M_vPNml78,1,148,277
M_vPNml79,1,508,622
M_vPNml80,1,413,182
M_vPNml81,1,161,187
M_vPNml82,1,185,171
M_vPNml83,3,636,861
M_vPNml84,4,574,887
M_vPNml85,2,239,515
M_vPNml86,2,374,534
M_vPNml87,2,466,642
M_vPNml88,1,99,284
M_vPNml89,3,110,773
NPFL1-I,1,1599,2494
NPFP1,2,1311,688
OA-ASM1,4,5147,3796
OA-ASM2,2,3456,4513
OA-ASM3,2,3587,4493
OA-VPM3,2,13907,32948
OA-VPM4,1,2534,6613
OA-VUMa1,2,5585,16432
OA-VUMa2,2,4139,11645
OA-VUMa5,2,2257,5365
OA-VUMa6,1,2807,6363
OA-VUMa7,1,4554,10719
OCG01,12,1962,7764
OCG02,2,299,3131
OCG03,2,302,1262
OCG04,4,395,1648
OCG05,2,662,253
OCG06,2,1223,560
OCG07,6,836,40
OCG08,15,1214,30
OCG09,4,25,3
ORN_D,37,10849,21029
ORN_DA1,137,8469,28865
ORN_DA2,35,2702,7645
ORN_DA3,35,2204,4351
ORN_DA4l,15,673,1001
ORN_DA4m,12,713,1654
ORN_DC1,38,9799,20462
ORN_DC2,27,5311,14367
ORN_DC3,44,2817,8384
ORN_DC4,29,6380,20606
ORN_DL1,84,6832,13699
ORN_DL2d,17,1871,6942
ORN_DL2v,24,3940,10455
ORN_DL3,86,3657,9973
ORN_DL4,59,3917,8036
ORN_DL5,39,6738,15792
ORN_DM1,86,22258,40002
ORN_DM2,59,8393,15552
ORN_DM3,68,6937,14269
ORN_DM4,60,10129,20208
ORN_DM5,19,976,2266
ORN_DM6,59,9229,19541
ORN_DP1l,29,5319,11407
ORN_DP1m,36,18599,41290
ORN_V,41,8436,23962
ORN_VA1d,102,4842,15832
ORN_VA1v,116,7300,18655
ORN_VA2,97,5837,11735
ORN_VA3,30,3191,7816
ORN_VA4,28,1279,4342
ORN_VA5,17,1749,6126
ORN_VA6,92,5866,16680
ORN_VA7l,15,717,2303
ORN_VA7m,34,2433,5399
ORN_VC1,18,1704,5618
ORN_VC2,28,2273,5753
ORN_VC3l,45,2644,6669
ORN_VC3m,39,1674,4595
ORN_VC4,35,2448,5665
ORN_VC5,132,5699,14232
ORN_VL1,76,6527,16824
ORN_VL2a,83,5964,14919
ORN_VL2p,40,4480,10211
ORN_VM1,40,1611,3124
ORN_VM2,1,25,39
ORN_VM3,19,400,691
ORN_VM4,81,2278,5679
ORN_VM5d,80,5088,14144
ORN_VM5v,36,3461,7492
ORN_VM7d,44,2206,5948
ORN_VM7v,27,1487,4572
P1-9,2,508,1758
P6-8P9,4,2139,1378
PAL01,2,5659,5359
PAL02,2,6279,4355
PAL03,2,2841,4170
PAM01_a,25,30393,13486
PAM01_b,14,11257,8005
PAM02,15,18601,9562
PAM03,7,3191,2476
PAM04_a,31,40240,24608
PAM04_b,2,1092,812
PAM05,18,18515,17962
PAM06_a,24,25967,28571
PAM06_b,9,8312,4151
PAM07,12,11908,10660
PAM08_a,15,13341,10293
PAM08_b,9,12138,8187
PAM08_c,8,13805,7862
PAM08_d,2,2965,2179
PAM08_e,13,8534,7953
PAM09,11,10458,8761
PAM10,14,24227,20625
PAM11,14,10870,8846
PAM12,23,20068,12635
PAM13,14,9979,8457
PAM14,16,7142,8283
PAM15_a,2,2601,1219
PAM15_b,3,3725,1706
PEG,18,19407,10615
PEN_a(PEN1),20,32999,35158
PEN_b(PEN2),22,36444,29289
PFGs,18,37648,19750
PFL1,14,18177,7051
PFL2,12,33344,14597
PFL3,24,63212,20959
PFNa,58,35766,36012
PFNd,40,45172,40740
PFNm_a,26,14636,13223
PFNm_b,18,7710,7539
PFNp_a,60,11058,12256
PFNp_b,115,20168,20956
PFNp_c,46,20047,21167
PFNp_d,33,4298,3118
PFNp_e,21,6771,7560
PFNv,20,19967,18343
PFR_a,29,40567,29690
PFR_b,16,29152,13725
PI1_a,8,4967,103
PI1_b,8,4501,82
PI1_c,6,1705,67
PI2,6,132,11
PI3,6,621,50
PLP001,1,3035,4554
PLP002,1,1031,813
PLP003,1,1357,723
PLP004,1,1973,2885
PLP005,1,1660,2187
PLP006,1,722,922
PLP007,1,1182,1397
PLP008,1,3455,1531
PLP009,3,3127,2013
PLP010,1,611,512
PLP011,1,846,1565
PLP012,1,3904,2867
PLP013,2,1827,2345
PLP014,1,2889,2374
PLP015,2,9376,6390
PLP016,1,3434,3281
PLP017,2,2253,5066
PLP018,2,5591,3713
PLP019,1,1515,1766
PLP020,1,1460,1685
PLP021,1,2173,767
PLP022,1,1131,1750
PLP023,1,932,1439
PLP024,1,678,979
PLP025,4,2175,1979
PLP026,1,159,325
PLP027,3,640,806
PLP028,3,618,981
PLP029,1,3154,2829
PLP030,1,4922,7385
PLP031,1,4697,6604
PLP032,2,1702,4926
PLP033,1,1534,119
PLP034,1,4855,2699
PLP035,1,2186,1181
PLP036,1,479,528
PLP037,4,2691,1815
PLP038,2,964,875
PLP039,2,547,568
PLP040,5,1154,870
PLP041,2,668,488
PLP042_a,2,887,744
PLP042_b,7,2306,1104
PLP042_c,2,962,749
PLP043,2,643,504
PLP044,3,506,636
PLP045,2,379,398
PLP046_a,3,465,584
PLP046_b,3,517,420
PLP047,3,719,441
PLP048,4,823,653
PLP049,2,366,339
PLP050,2,288,354
PLP051,1,1698,7
PLP052,2,2185,1783
PLP053,2,1918,1159
PLP054,2,1590,1074
PLP055,2,1648,981
PLP056,2,1674,970
PLP057,2,1504,971
PLP058,1,1374,1286
PLP059,1,991,167
PLP060,1,4115,6372
PLP061,4,1053,1134
PLP062,3,826,931
PLP063,2,342,368
PLP064_a,2,1140,999
PLP064_b,3,2379,1668
PLP065,3,1652,2246
PLP066,1,664,640
PLP067,3,1554,1491
PLP068,1,145,220
PLP069,2,1456,1872
PLP070,2,1191,1054
PLP071,2,1264,1743
PLP072,1,794,805
PLP073,2,908,726
PLP074,1,2423,4800
PLP075,1,2303,3321
PLP076,1,1194,1073
PLP077,1,224,948
PLP078,2,2840,3255
PLP079,1,1248,1571
PLP080,1,1554,2572
PLP081,2,3483,2511
PLP082,1,286,488
PLP083,2,2680,2862
PLP084,1,1087,1125
PLP085,2,1895,1746
PLP086,4,1318,1676
PLP087,2,405,654
PLP088,1,610,772
PLP089,5,1326,1520
PLP090,1,2501,803
PLP091,1,1664,3066
PLP092,1,3138,2266
PLP093,1,1969,983
PLP094,1,1749,1147
PLP095,2,2614,2584
PLP096,1,1997,3705
PLP097,1,653,1038
PLP098,2,2604,1904
PLP099,2,719,903
PLP100,2,756,774
PLP101,2,633,560
PLP102,2,693,419
PLP103,6,2824,1679
PLP104,1,314,205
PLP105,1,561,349
PLP106,2,732,612
PLP107,1,365,272
PLP108,3,868,242
PLP109,2,684,110
PLP110,1,277,165
PLP111,3,906,502
PLP112,1,338,121
PLP113,2,367,128
PLP114,2,637,590
PLP115_a,5,902,1226
PLP115_b,8,3042,3195
PLP116,1,647,653
PLP117,1,284,479
PLP118,1,727,1184
PLP119,1,1218,1158
PLP120,1,399,527
PLP121,1,1343,858
PLP122,3,1487,2936
PLP123,1,687,1042
PLP124,1,833,1874
PLP125,2,1080,1891
PLP126,1,547,781
PLP127,1,413,572
PLP128,1,1227,832
PLP129,1,2529,1588
PLP130,1,1998,2347
PLP131,1,2587,3527
PLP132,2,1903,2312
PLP133,1,410,225
PLP134,1,378,287
PLP135,2,891,547
PLP136,1,456,291
PLP137,1,507,221
PLP138,3,1013,527
PLP139,1,584,467
PLP140,1,653,528
PLP141,1,1471,1626
PLP142,2,2967,4348
PLP143,1,1093,1723
PLP144,1,3399,1823
PLP145,1,400,521
PLP146,1,1449,1274
PLP147,1,391,895
PLP148,1,942,32
PLP149,2,2984,1837
PLP150,4,1876,1752
PLP151,1,408,330
PLP152,4,1222,2499
PLP153,6,2264,3592
PLP154,1,267,226
PLP155,3,647,783
PLP156,3,620,459
PLP157,3,1146,859
PLP158,4,1300,595
PLP159,3,431,605
PLP160,3,334,687
PLP161,2,2254,2513
PLP162,2,1785,2308
PLP163,1,9355,2697
PLP164,3,1497,1149
PLP165,2,674,433
PLP166,2,932,625
PLP167,1,378,226
PLP168,1,425,162
PLP169,1,659,1517
PLP170,1,665,915
PLP171,1,120,198
PLP172,4,5108,3060
PLP173,2,1269,1238
PLP174,1,263,241
PLP175,1,187,266
PLP176,2,949,470
PLP177,1,1964,4192
PLP178,1,1887,1196
PLP179,1,315,2343
PLP180,3,2041,2673
PLP181,2,748,1086
PLP182,6,2152,2521
PLP183,2,784,1039
PLP184,1,500,576
PLP185,2,651,913
PLP186,2,962,824
PLP187,2,1122,790
PLP188,6,2069,1325
PLP189,2,560,586
PLP190,2,787,527
PLP191,2,700,505
PLP192,3,709,599
PLP193,1,195,66
PLP194,1,167,179
PLP195,3,5697,4173
PLP196,1,1056,781
PLP197,1,2200,1383
PLP198,1,951,712
PLP199,2,2484,1959
PLP200,1,234,257
PLP201,1,375,445
PLP202,2,1384,298
PLP203_a,2,1484,127
PLP203_b,2,1819,97
PLP204,2,1546,238
PLP205,4,1603,390
PLP206,3,1001,163
PLP207,4,245,806
PLP208,1,5497,938
PLP209,1,3911,2000
PLP210,1,3701,3931
PLP211,1,2508,3791
PLP212,1,1241,1458
PLP213,1,3177,2946
PLP214,1,1995,2416
PLP215,1,531,642
PLP216,1,2693,2790
PLP217,1,1374,1397
PLP218,2,1809,2670
PLP219,3,6709,533
PLP220,3,5365,857
PLP221,1,414,224
PLP222,1,301,164
PLP223,1,1022,584
PLP224,2,1544,674
PLP225,3,2181,85
PLP226,2,1004,510
PLP227,5,1716,80
PLP228,1,3908,397
PLP229,2,3517,1988
PLP230,2,3868,2130
PLP231,2,2199,4273
PLP232,1,611,812
PLP233,1,893,234
PLP234,1,385,179
PLP235,3,536,212
PLP236,1,176,39
PLP237,3,555,315
PLP238,1,674,7
PLP239,1,766,746
PLP240,1,346,583
PLP241,4,1815,2073
PLP242,1,1508,1375
PLP243,1,795,956
PLP244,2,7118,12691
PLP245,2,3965,3528
PLP246,2,2891,6979
PLP247,1,2492,1681
PLP248,1,3692,1893
PLP249,1,4775,3128
PLP250,1,1195,1782
PLP251,1,2221,2486
PLP252,1,1171,1695
PLP253,2,4014,1756
PLP254,1,1031,490
PLP255,1,146,263
PPL101,2,26860,12977
PPL102,2,16217,11148
PPL103,2,25569,27885
PPL104,2,6746,5719
PPL105,2,11251,10442
PPL106,2,14577,10686
PPL107,2,18608,17163
PPL108,2,10626,10668
PPL201,1,7966,8717
PPL202,1,3193,6410
PPL203,1,3508,4993
PPL204,2,2736,3814
PPM1201,2,5893,8396
PPM1202,2,1992,2128
PPM1203,1,3465,5592
PPM1204,1,813,1048
PPM1205,1,3995,4001
PS001,1,3051,2405
PS002,6,10484,7207
PS003,2,1094,1381
PS004,8,3066,2527
PS005_a,4,642,658
PS005_b,2,407,234
PS005_c,4,1163,1026
PS005_d,2,421,381
PS005_e,2,836,656
PS005_f,2,671,513
PS006,2,817,1281
PS007,1,671,571
PS008_a,7,1128,1002
PS008_b,7,1170,869
PS009,2,7067,735
PS010,1,6053,3123
PS011,1,4211,3265
PS012,1,1318,291
PS013,1,6245,2657
PS014,1,7283,540
PS015,1,6761,61
PS016,1,4267,22
PS017,1,8371,18
PS018,2,9186,5149
PS019,2,6519,4229
PS020,1,2026,1785
PS021,3,1817,2039
PS022,1,712,572
PS023,3,1460,1350
PS024,1,487,463
PS025,2,596,692
PS026,2,1203,884
PS027,1,2097,2241
PS028,1,3426,18
PS029,1,1516,1789
PS030,1,752,546
PS031,1,670,629
PS032,2,1491,1383
PS033,3,1852,1521
PS034,3,1499,1594
PS035,2,1609,926
PS036,2,1229,759
PS037,2,522,448
PS038,4,1356,1104
PS039,1,5853,2042
PS040,1,5780,28
PS041,1,756,450
PS042,3,4393,2492
PS043,1,436,478
PS044,3,1390,1209
PS045,1,608,160
PS046,1,1343,3415
PS047,2,10147,6659
PS048,2,3259,3546
PS049,1,3573,3597
PS050,1,1124,1555
PS051,1,2715,1454
PS052,2,1291,3
PS053,1,175,1078
PS054,2,702,755
PS055,4,812,1117
PS056,1,144,290
PS057,1,2723,1961
PS058,1,3412,2614
PS059,2,8531,6803
PS060,1,803,2042
PS061,1,980,16
PS062,1,933,267
PS063,1,1612,1845
PS064,1,2915,3485
PS065,1,4731,3006
PS066,2,9262,87
PS067,1,1036,73
PS068,1,820,1334
PS069,1,2255,7
PS070,2,1487,1105
PS071,1,506,200
PS072,5,2740,2369
PS073,1,454,428
PS074,1,409,329
PS075,1,627,674
PS076,1,381,556
PS077,6,2015,2645
PS078,4,1460,802
PS079,6,1004,402
PS080,1,2828,29
PS081,1,654,207
PS082,2,938,510
PS083,4,3159,193
PS084,2,839,212
PS085,1,408,35
PS086,1,156,481
PS087,9,534,192
PS088,1,2880,3263
PS089,1,1168,1177
PS090,2,5440,3637
PS091,1,1115,545
PS092,1,481,427
PS093,1,795,749
PS094,3,845,1324
PS095,2,354,918
PS096_a,2,923,519
PS096_b,2,908,521
PS096_c,2,932,747
PS097,2,270,449
PS098,1,2413,3393
PS099,4,2570,3601
PS100,1,4251,2498
PS101,1,574,439
PS102,1,554,504
PS103,1,6889,53
PS104,3,780,1210
PS105,5,2809,4249
PS106,2,5478,3872
PS107,4,2877,2978
PS108,2,3018,3187
PS109,2,679,857
PS110,2,512,702
PS111,2,5244,2656
PS112,1,4951,2183
PS113,2,3137,26
PS114,2,2445,1254
PS115,1,933,1316
PS116,1,1489,967
PS117,2,781,1890
PS118,5,2416,2932
PS119,11,3999,7274
PS120,2,1247,1143
PS121,2,881,1321
PS122,5,2138,2749
PS123,2,4629,723
PS124,1,3133,2883
PS125,2,4209,275
PS126,2,4171,420
PS127,1,1042,1525
PS128,1,1233,93
PS129,2,2604,34
PS130,1,1200,11
PS131,2,1602,910
PS132,1,1079,16
PS133,2,1877,126
PS134,2,1298,735
PS135,1,1647,10
PS136,2,1074,255
PS137,2,5600,4026
PS138,1,2454,1038
PS139,1,907,1103
PS140,2,2725,1911
PS141,1,429,523
PS142,4,1264,1117
PS143,1,284,342
PS144,1,384,203
PS145,5,1106,1076
PS146,4,3628,3900
PS147,1,403,491
PS148,2,760,770
PS149,1,241,278
PS150,1,205,206
PS151,3,632,596
PS152,2,439,346
PS153,1,170,154
PS154,1,117,132
PS155,1,5565,2925
PS156,2,3494,3830
PS157,1,1692,1523
PS158,2,1638,2715
PS159,2,921,2001
PS160,2,1632,1086
PS161,1,331,628
PS162,1,122,49
PS163,1,3032,819
PS164,2,1134,791
PS165,2,815,525
PS166,2,7471,3054
PS167,2,3994,35
PS168,1,2533,646
PS169,1,1423,15
PS170,1,626,12
PS171,1,853,978
PS172,1,1528,409
PS173,1,655,349
PS174,1,998,10
PS175,1,1739,1695
PS176,1,511,502
PS177,1,310,450
PS178,1,924,1081
PS179,3,1290,1993
PS180,1,2599,1991
PS181,1,3151,2167
PS182,1,1190,1246
PS183,1,1999,2089
PS184,1,1870,800
PS185,1,1317,1346
PS186,1,979,1596
PS187,1,1324,1315
PS188,3,2944,2094
PS189,1,629,690
PS190,2,1410,1237
PS191,2,648,1141
PS192,2,881,1265
PS193,2,692,783
PS194,2,711,538
PS195,1,3493,36
PS196,4,5283,7199
PS197,1,1181,947
PS198,2,1646,1600
PS199,1,1060,469
PS200,2,4727,2035
PS201,1,1404,8
PS202,2,1949,513
PS203,2,2237,952
PS204,1,611,375
PS205,1,412,206
PS206,1,319,5
PS207,1,383,3
PS208,8,3946,3255
PS209,5,1211,417
PS210,1,186,173
PS211,1,3598,1189
PS212,1,4756,108
PS213,1,1557,644
PS214,1,652,866
PS215,2,450,1879
PS216,2,2316,12
PS217,1,1394,188
PS218,5,1652,2329
PS219,1,369,42
PS220,3,2999,880
PS221,3,1835,980
PS222,1,539,42
PS223,3,865,638
PS224,3,1111,305
PS225,9,1403,63
PS226,3,530,19
PS227,3,1083,259
PS228,1,138,17
PS229,1,105,0
PS230,1,2074,1633
PS231,2,2780,2772
PS232,2,3826,2661
PS233,2,3582,1476
PS234,1,1476,2382
PS235,1,812,729
PS236,1,3057,52
PS237,2,1340,1640
PS238,1,435,440
PS239,2,993,1025
PS240,1,315,532
PS241,4,740,889
PS242,1,396,7
PS243,1,496,23
PS244,2,868,151
PS245,1,235,49
PS246,1,300,52
PS247,1,184,7
PS248,2,2737,1795
PS249,2,1215,2031
PS250,1,458,237
PS251,1,279,310
PS252,3,1649,1332
PS253,1,391,295
PS254,4,1617,1036
PS255,2,891,318
PS256,3,891,418
PS257,3,1153,486
PS258,1,252,61
PS259,1,312,177
PS260,2,659,364
PS261,1,696,692
PS262,1,682,627
PS263,2,2754,1363
PS264,2,627,1227
PS265,1,2905,3008
PS266,1,407,196
PS267,3,645,955
PS268,2,476,867
PS269,3,508,869
PS270,3,787,1101
PS271,2,6074,650
PS272,1,1924,815
PS273,5,1390,2676
PS274,1,6032,1374
PS275,1,793,314
PS276,2,2690,4209
PS277,2,1498,1443
PS278,1,477,1084
PS279,2,1053,1653
PS280,2,1902,2726
PS281,4,2572,1732
PS282,6,3692,2934
PS283,1,512,679
PS284,4,2822,1701
PS285,4,2752,1592
PS286,2,706,804
PS287,3,228,1062
PS288,5,364,1461
PS289,11,1830,2431
PS290,5,152,1277
PS291,1,769,1009
PS292,1,709,1355
PS293,1,2203,1833
PS294,1,1071,163
PS295,1,1030,71
PS296,1,2090,341
PS297,1,1953,77
PS298,2,2367,308
PS299,2,832,16268
PS300,2,4838,1762
PS301,1,838,914
PS302,1,854,1079
PS303,1,514,16
PVLP001,1,798,623
PVLP002,1,2503,1652
PVLP003,1,1693,2188
PVLP004,12,20000,12988
PVLP005,2,680,697
PVLP006,2,1375,1218
PVLP007,7,12362,5013
PVLP008_a,6,5100,2745
PVLP008_b,2,1779,1141
PVLP008_c,5,2505,1752
PVLP009,1,619,548
PVLP010,1,8021,6249
PVLP011,1,27163,23502
PVLP012,2,2329,3555
PVLP013,1,9262,4201
PVLP014,1,2113,2497
PVLP015,1,6351,3028
PVLP016,1,1638,1687
PVLP017,1,5419,3033
PVLP018,1,4474,2316
PVLP019,1,1550,5
PVLP020,1,1204,106
PVLP021,2,3274,2176
PVLP022,1,2744,256
PVLP023,1,1286,333
PVLP024,2,3899,1478
PVLP025,2,11491,3157
PVLP026,2,3544,2122
PVLP027,1,1383,349
PVLP028,3,3004,1548
PVLP029,1,885,749
PVLP030,1,795,843
PVLP031,4,2662,1787
PVLP032,1,733,885
PVLP033,4,726,248
PVLP034,5,3391,3200
PVLP035,4,2815,1966
PVLP036,3,5670,2561
PVLP037,3,6175,2542
PVLP038,4,854,1089
PVLP039,3,1607,1875
PVLP040,2,1057,792
PVLP041,4,2211,1949
PVLP042,3,1029,708
PVLP043,1,217,54
PVLP044,2,589,902
PVLP045,1,353,364
PVLP046,7,280,1736
PVLP047,4,1484,1071
PVLP048,4,966,381
PVLP049,2,762,506
PVLP050,2,1163,547
PVLP051,2,1667,891
PVLP052,2,1668,965
PVLP053,3,1673,808
PVLP054,2,961,132
PVLP055,1,275,51
PVLP056,3,942,62
PVLP057,3,850,34
PVLP058,4,2069,1676
PVLP059,5,1493,1068
PVLP060,2,1003,776
PVLP061,1,17303,5868
PVLP062,1,2148,1338
PVLP063,1,346,128
PVLP064,3,2108,1340
PVLP065,2,759,377
PVLP066,3,1509,431
PVLP067,3,1199,192
PVLP068,2,519,55
PVLP069,1,3674,2695
PVLP070,2,4014,4203
PVLP071,2,4310,2325
PVLP072,4,7196,3985
PVLP073,2,1908,1309
PVLP074,3,2189,1851
PVLP075,2,2519,1267
PVLP076,1,5748,3390
PVLP077,1,1883,836
PVLP078,1,2053,761
PVLP079,1,1909,833
PVLP080,4,4494,4901
PVLP081,2,1947,2082
PVLP082,3,3093,2405
PVLP083,2,1501,1407
PVLP084,1,601,417
PVLP085,3,6233,2837
PVLP086,2,1461,1309
PVLP087,4,1603,2193
PVLP088,2,1468,2168
PVLP089,1,1602,712
PVLP090,1,770,453
PVLP091,1,747,422
PVLP092,1,361,842
PVLP093,2,3943,5188
PVLP094,1,3746,2440
PVLP095,1,2040,1748
PVLP096,1,1550,1662
PVLP097_a,2,8075,2294
PVLP097_b,4,14238,5471
PVLP098,4,7315,5549
PVLP099,4,8090,3069
PVLP100,1,2663,1996
PVLP101,4,2957,3558
PVLP102,2,1078,1705
PVLP103,3,2215,3339
PVLP104,1,1363,1270
PVLP105,2,245,512
PVLP106,1,10693,6692
PVLP107,1,4292,3535
PVLP108,2,1386,1281
PVLP109,2,1762,1301
PVLP110,2,1406,812
PVLP111,5,4307,2298
PVLP112,4,3596,1597
PVLP113,3,2810,1027
PVLP114,1,4732,2863
PVLP115,1,2689,121
PVLP116,2,4055,1288
PVLP117,1,1466,62
PVLP118,2,1588,2293
PVLP119,2,13602,1102
PVLP120,1,5443,1549
PVLP121,1,3508,1616
PVLP122,3,12378,5513
PVLP123,4,3652,2521
PVLP124,2,1960,964
PVLP125,1,633,399
PVLP126,2,1129,625
PVLP127,2,1676,589
PVLP128,2,1274,807
PVLP129,1,341,218
PVLP130,2,3487,3327
PVLP131,2,2148,1625
PVLP132,2,15042,3397
PVLP133_a,4,1958,1187
PVLP133_b,3,1860,1063
PVLP133_c,5,1024,897
PVLP134,2,461,386
PVLP135,2,10615,3384
PVLP136,1,9720,248
PVLP137,1,4299,53
PVLP138,1,1562,156
PVLP139,1,1299,1225
PVLP140,1,811,6
PVLP141,1,3416,264
PVLP142,3,2977,1986
PVLP143,1,1037,1864
PVLP144,3,788,830
PVLP145,1,1147,102
PVLP146,1,2308,589
PVLP147,2,204,105
PVLP148,2,1043,1838
PVLP149,2,1388,3611
PVLP150,1,2171,2321
PVLP151,4,9311,5609
SA1_a,4,1964,1799
SA1_b,4,1513,1749
SA1_c,1,495,524
SA2_a,4,1352,1722
SA2_b,4,1237,1964
SA3,8,2455,4034
SAD001,5,2636,1913
SAD002,1,198,351
SAD003,2,816,757
SAD004,5,5986,3238
SAD005,3,898,2427
SAD006,3,946,2299
SAD007,4,496,1688
SAD008,3,629,1007
SAD009,2,719,412
SAD010,1,525,1888
SAD011,3,425,616
SAD012,3,834,27
SAD013,1,3856,2728
SAD014,3,2145,833
SAD015,1,389,517
SAD016,3,1220,1135
SAD017,2,339,1049
SAD018,2,260,355
SAD019,1,116,170
SAD020,2,944,763
SAD021_a,3,3911,4118
SAD021_b,3,2015,2591
SAD021_c,2,2417,1944
SAD022,3,2189,1328
SAD023,1,631,483
SAD024,2,2923,1633
SAD025,2,2239,1021
SAD026,4,4378,3185
SAD027,3,2357,1597
SAD028,2,1066,655
SAD029,3,862,829
SAD030,2,334,312
SAD031,2,2022,1336
SAD032,1,663,660
SAD033,1,787,682
SAD034,1,1381,552
SAD035,1,849,561
SAD036,1,2776,1925
SAD037,1,831,119
SAD038,1,1249,1045
SAD039,1,440,5
SAD040,2,1245,1967
SAD041,2,358,85
SAD042,1,277,101
SAD043,1,2000,3280
SAD044,2,1080,2232
SAD045,4,2361,1283
SAD046,2,458,486
SAD047,4,892,1039
SAD048,1,168,27
SAD049,2,3868,2614
SAD050,1,1279,750
SAD051_a,2,1145,1577
SAD051_b,4,3054,5582
SAD052,3,2507,4987
SAD053,2,3161,2429
SAD054,3,3075,3792
SAD055,1,1196,1399
SAD056,2,1359,984
SAD057,7,3712,1768
SAD058,3,2015,2431
SAD059,1,1069,456
SAD060,2,956,775
SAD061,2,1052,780
SAD062,3,847,1219
SAD063,2,88,481
SAD064,2,2695,2073
SAD065,3,3554,1701
SAD066,2,1758,895
SAD067,1,448,237
SAD068,2,1232,516
SAD069,3,211,219
SAD070,1,1103,1817
SAD071,1,947,981
SAD072,1,347,1183
SAD073,2,1180,1511
SAD074,1,326,579
SAD075,1,376,208
SAD076,1,2147,1908
SAD077,4,5614,2576
SAD078,3,2897,1303
SAD079,4,2787,1582
SAD080,2,972,583
SAD081,2,532,580
SAD082,1,850,991
SAD083,3,908,664
SAD084,1,1585,424
SAD085,1,1836,64
SAD086,2,193,177
SAD087,4,2562,1367
SAD088,2,1174,414
SAD089,3,810,627
SAD090,5,1133,337
SAD091,2,393,97
SAD092,5,809,86
SAD093,1,60,54
SAD094,1,1515,2205
SAD095,1,1367,19
SAF,6,2319,2880
SAG,2,715,2143
SIFa,4,3345,5064
SIP001,3,1050,1104
SIP002,2,766,946
SIP003_a,4,2196,1224
SIP003_b,4,1876,1330
SIP004,1,3374,1831
SIP005,1,294,526
SIP006,1,538,392
SIP007,2,564,636
SIP008,2,434,436
SIP009,2,1100,1089
SIP010,4,2235,1664
SIP011,4,1826,1699
SIP012,2,703,414
SIP013,4,1515,1061
SIP014,1,488,788
SIP015,4,3177,2451
SIP016,4,2762,3095
SIP017,1,3174,1092
SIP018,1,1283,1408
SIP019,1,1163,962
SIP020,6,3827,2702
SIP021,6,2247,1612
SIP022,1,1866,1162
SIP023,1,1751,722
SIP024,3,2116,858
SIP025,1,210,450
SIP026,1,1803,1033
SIP027,4,1732,1380
SIP028,3,1497,1011
SIP029,2,4083,3705
SIP030,2,1204,1056
SIP031,1,896,844
SIP032,1,521,421
SIP033,2,1153,1221
SIP034,2,1150,767
SIP035,3,2432,2452
SIP036,2,1334,1226
SIP037,2,1073,994
SIP038,4,2674,2528
SIP039,2,1063,809
SIP040,3,1119,1173
SIP041,2,616,840
SIP042_a,3,1513,791
SIP042_b,2,1245,811
SIP043,5,1031,1970
SIP044,2,390,784
SIP045,2,885,715
SIP046,1,1555,2537
SIP047,4,1126,1343
SIP048,2,861,714
SIP049,3,1075,1543
SIP050,2,380,749
SIP051,3,1298,1097
SIP052,1,1173,1186
SIP053,4,2218,3817
SIP054,1,636,406
SIP055,2,429,549
SIP056,1,355,299
SIP057,1,234,314
SIP058,2,1500,925
SIP059,2,855,727
SIP060,2,801,1009
SIP061,3,1053,1487
SIP062,2,693,841
SIP063,2,734,599
SIP064,2,3507,5000
SIP065,2,3954,4309
SIP066,4,3156,2388
SIP067,1,2837,2457
SIP068,1,848,828
SIP069,2,1402,3476
SIP070,4,4051,3152
SIP071,3,2230,5085
SIP072,2,1145,2032
SIP073,2,957,933
SIP074,4,1678,1760
SIP075,3,1080,992
SIP076,9,4274,2823
SIP077,2,1152,1124
SIP078,3,785,446
SIP079,2,264,59
SIP080,1,76,23
SIP081,3,2510,1636
SIP082,1,412,372
SIP083,1,274,254
SIP084,3,416,12
SIP085,3,252,12
SIP086,2,1044,2434
SIP087,2,17373,12418
SIP088,1,1496,696
SIP089,2,654,540
SIP090,1,3298,1966
SLP001,1,525,516
SLP002,3,1019,1117
SLP003,1,6684,6419
SLP004,1,3092,4620
SLP005,1,795,516
SLP006,1,686,444
SLP007,2,527,867
SLP008,2,1101,648
SLP009,1,397,216
SLP010,2,873,612
SLP011,1,1397,858
SLP012,4,3226,1766
SLP013,1,318,465
SLP014,2,1608,779
SLP015_a,3,2001,736
SLP015_b,2,722,432
SLP015_c,6,2835,1228
SLP015_d,2,818,404
SLP015_e,3,1563,840
SLP016,1,245,272
SLP017,1,457,244
SLP018,5,2540,1826
SLP019,3,2105,1749
SLP020,1,1109,316
SLP021,5,3426,1589
SLP022,1,415,463
SLP023,1,707,249
SLP024_a,3,1653,1023
SLP024_b,4,1212,1119
SLP024_c,2,951,507
SLP025,2,1508,593
SLP026,2,772,488
SLP027,2,551,483
SLP028,4,1063,848
SLP029,3,456,361
SLP030,1,126,163
SLP031,1,1603,2229
SLP032,1,2009,1534
SLP033,1,1172,665
SLP034,1,1433,1516
SLP035,2,1223,1256
SLP036,4,2352,2603
SLP037,2,660,534
SLP038,2,939,908
SLP039,3,709,500
SLP040,2,520,436
SLP041,3,1265,1045
SLP042,3,1085,1295
SLP043,3,1066,1231
SLP044_a,2,763,1300
SLP044_b,2,425,381
SLP044_c,3,849,743
SLP044_d,2,937,697
SLP044_e,2,379,158
SLP045,5,1105,939
SLP046,2,361,438
SLP047,1,658,926
SLP048,1,691,774
SLP049,4,1839,2939
SLP050,2,521,909
SLP051,2,419,294
SLP052,2,895,743
SLP053,2,525,324
SLP054,3,606,338
SLP055,3,405,313
SLP056,1,7073,6584
SLP057,1,3622,3461
SLP058,1,659,766
SLP059,1,1892,1996
SLP060,1,3324,1720
SLP061,1,1648,1798
SLP062,2,1464,2086
SLP063,1,260,383
SLP064,1,615,1124
SLP065,3,781,1942
SLP066,1,1195,1249
SLP067,1,1257,1323
SLP068,1,1463,1142
SLP069,1,1133,1358
SLP070,1,1563,1314
SLP071,1,754,1251
SLP072,1,752,951
SLP073,1,1089,887
SLP074,1,826,1193
SLP075,1,739,1001
SLP076,2,861,1559
SLP077,1,473,1091
SLP078,2,1099,860
SLP079,1,453,580
SLP080,1,1486,1799
SLP081,3,675,913
SLP082,8,2059,2546
SLP083,1,401,512
SLP084,2,496,491
SLP085,2,232,533
SLP086,4,866,1391
SLP087,3,694,722
SLP088,6,1508,1527
SLP089,2,382,480
SLP090,3,556,597
SLP091,2,951,1059
SLP092,2,499,403
SLP093,4,1419,925
SLP094,4,1051,715
SLP095,1,273,185
SLP096,3,495,524
SLP097,6,774,991
SLP098,1,1131,545
SLP099,1,1442,541
SLP100,2,793,566
SLP101,2,1385,578
SLP102,4,1430,667
SLP103,3,1496,687
SLP104,3,1298,575
SLP105,3,1126,430
SLP106,2,402,212
SLP107,2,403,180
SLP108,1,102,37
SLP109,1,196,174
SLP110,2,321,400
SLP111_a,3,392,384
SLP111_b,4,737,786
SLP112,2,1941,740
SLP113,2,2084,629
SLP114,1,219,319
SLP115,3,599,737
SLP116,1,182,213
SLP117,1,547,526
SLP118,1,712,514
SLP119,1,694,506
SLP120,1,640,509
SLP121,4,1891,1928
SLP122,2,1163,680
SLP123,1,424,382
SLP124,2,608,518
SLP125,1,384,252
SLP126,1,345,777
SLP127,3,2353,1482
SLP128,2,756,633
SLP129_a,1,788,884
SLP129_b,2,2175,1782
SLP129_c,4,2951,2598
SLP130,1,2283,4205
SLP131,1,3078,2314
SLP132,1,2416,1159
SLP133,1,955,685
SLP134,1,520,484
SLP135,3,3251,1209
SLP136,1,668,768
SLP137,2,572,871
SLP138,2,961,796
SLP139,1,483,304
SLP140,3,1661,848
SLP141,3,1157,873
SLP142,4,1421,845
SLP143,1,297,250
SLP144,5,2442,1533
SLP145,2,919,448
SLP146,2,775,493
SLP147,3,805,681
SLP148,4,1224,761
SLP149,1,2051,1304
SLP150,1,991,905
SLP151,1,577,428
SLP152,2,919,934
SLP153,1,359,479
SLP154,1,502,467
SLP155,1,507,625
SLP156,4,2903,2167
SLP157,2,1441,977
SLP158,2,713,581
SLP159,2,878,793
SLP160,4,1533,1753
SLP161,2,1020,1155
SLP162,4,1591,1946
SLP163,3,2015,1469
SLP164_a,2,813,497
SLP164_b,3,959,677
SLP165,2,721,689
SLP166,2,628,630
SLP167,4,1053,1084
SLP168,1,425,297
SLP169,1,266,135
SLP170,1,556,835
SLP171,4,4263,1891
SLP172,2,1298,557
SLP173,1,373,383
SLP174,2,1710,335
SLP175,1,676,468
SLP176,6,4345,2566
SLP177_a,3,1321,759
SLP177_b,2,901,646
SLP178,2,967,673
SLP179_a,5,1911,1162
SLP179_b,4,3511,1117
SLP180,4,1908,1031
SLP181,2,1025,443
SLP182_a,3,678,747
SLP182_b,2,685,400
SLP182_c,3,1429,631
SLP183,3,1063,782
SLP184,1,367,1048
SLP185,3,1457,936
SLP186,3,1124,864
SLP187,6,1710,1803
SLP188_a,3,1306,823
SLP188_b,4,1317,1224
SLP189_a,2,587,564
SLP189_b,4,934,1025
SLP190,1,423,405
SLP191,6,5098,2637
SLP192,2,1535,529
SLP193_a,2,1484,935
SLP193_b,3,2082,1051
SLP194,2,1305,697
SLP195,2,798,676
SLP196,1,618,165
SLP197,1,507,189
SLP198,4,2614,1282
SLP199,3,1246,657
SLP200,2,932,418
SLP201,2,474,342
SLP202,1,461,781
SLP203,4,1472,574
SLP204,3,927,651
SLP205,1,422,226
SLP206,1,2746,2125
SLP207,1,1223,2099
SLP208,1,785,1290
SLP209,1,1747,2819
SLP210,1,312,966
SLP211,1,710,818
SLP212,5,5457,4689
SLP213,1,550,366
SLP214,1,1379,802
SLP215,1,2066,331
SLP216,1,2382,1924
SLP217,4,2002,586
SLP218,2,787,197
SLP219,1,747,1793
SLP220,5,4129,2664
SLP221,1,417,639
SLP222,2,1368,941
SLP223,4,2127,2028
SLP224,3,1264,1580
SLP225,1,683,525
SLP226,3,670,887
SLP227,3,1913,1342
SLP228,2,831,880
SLP229,5,2613,1761
SLP230,1,3156,3294
SLP231,1,539,683
SLP232,1,277,151
SLP233,1,551,1024
SLP234,1,694,1936
SLP235,1,764,2433
SLP236,1,730,1806
SLP237,2,442,1327
SLP238,1,196,749
SLP239,1,361,746
SLP240_a,4,1645,1160
SLP240_b,3,1253,887
SLP240_c,1,494,281
SLP241,4,1618,1291
SLP242,2,899,1181
SLP243,1,888,1861
SLP244,2,1797,3416
SLP245,2,866,813
SLP246,2,242,452
SLP247,1,1607,2380
SLP248,1,1543,1239
SLP249,2,3001,2410
SLP250,1,1683,2342
SLP251,1,1233,1267
SLP252,3,1548,1906
SLP253,2,778,709
SLP254,4,1404,1193
SLP255,1,930,1180
SLP256,1,823,895
SLP257,1,602,1115
SLP258,1,1314,1422
SLP259,8,7239,3978
SLP260,1,192,101
SLP261,2,1407,1199
SLP262,3,3129,1460
SLP263,5,3964,2425
SLP264,2,714,677
SLP265,2,914,989
SLP266,6,2375,1714
SLP267,6,3483,1613
SLP268,5,1427,1538
SLP269,1,1233,1642
SLP270,1,1337,1548
SLP271,2,1507,1134
SLP272,1,204,131
SLP273,1,248,376
SLP274,2,514,664
SLP275,4,1012,1432
SLP276,1,159,305
SLP277,1,145,406
SLP278,1,2101,2357
SLP279,1,3897,1551
SLP280,1,1342,1103
SLP281,1,663,577
SLP282,1,720,436
SLP283,2,828,521
SLP284,4,1773,807
SLP285,5,2148,1329
SLP286,4,1886,1295
SLP287,2,1102,681
SLP288,6,2400,1918
SLP289,4,1780,986
SLP290,2,1139,533
SLP291,2,642,596
SLP292,2,632,414
SLP293,2,511,354
SLP294,2,797,375
SLP295,5,1436,1032
SLP296,4,986,762
SLP297,2,349,337
SLP298,1,196,142
SLP299,2,717,377
SLP300,5,1515,897
SLP301,4,690,702
SLP302,3,588,530
SLP303,2,229,61
SLP304,2,1985,1977
SLP305,1,686,1186
SLP306,3,1893,1749
SLP307,1,206,258
SLP308,2,689,1335
SLP309,4,1581,1831
SLP310,1,427,592
SLP311,2,349,736
SLP312,3,1298,925
SLP313,1,434,323
SLP314,4,1894,1538
SLP315,1,919,862
SLP316,3,1870,2605
SLP317,4,1118,757
SLP318,5,1119,652
SLP319,1,212,428
SLP320,2,354,488
SLP321,2,1579,3148
SLP322,3,934,1176
SLP323,4,1421,1360
SLP324,6,1276,1439
SLP325,3,1381,738
SLP326,4,825,526
SLP327,2,1931,1029
SLP328,1,774,624
SLP329,1,539,569
SLP330,2,464,1204
SLP331,2,527,886
SLP332,4,1118,1188
SLP333,2,340,319
SLP334,3,1151,961
SLP335,3,803,961
SLP336,2,525,684
SLP337,3,907,987
SLP338,1,123,111
SLP339,1,667,1455
SLP340,1,799,383
SLP341,2,470,884
SLP342,2,621,512
SLP343,3,913,436
SLP344,3,1150,605
SLP345,3,897,677
SLP346,2,1211,1183
SLP347,2,703,558
SLP348,2,505,552
SLP349,2,577,285
SLP350,1,233,102
SLP351,6,1072,1238
SLP352,4,746,672
SLP353,3,402,383
SLP354,3,489,455
SLP355,2,953,1415
SLP356,1,637,509
SLP357,2,1047,2227
SLP358,1,1093,674
SLP359,2,2046,1450
SLP360,6,5118,6879
SLP361,1,781,566
SLP362,3,1686,1779
SLP363,1,631,941
SLP364,2,1508,1171
SLP365,1,2268,1335
SLP366,1,1032,650
SLP367,3,689,532
SLP368,1,400,362
SLP369,3,1228,643
SLP370,1,126,70
SLP371,4,2936,3259
SLP372,2,888,813
SLP373,1,720,1242
SLP374,1,647,498
SLP375,2,677,1402
SLP376,1,3547,1179
SLP377,1,1840,1280
SLP378,1,919,1115
SLP379,1,961,1540
SLP380,1,1008,1451
SLP381,1,770,1112
SLP382,1,940,1195
SLP383,1,338,668
SLP384,1,671,779
SLP385,1,885,1317
SLP386,1,797,955
SLP387,1,765,631
SLP388,2,6919,6579
SLP389,1,2092,2366
SLP390,1,1764,1967
SLP391,1,2348,1403
SLP392,1,941,1515
SLP393,1,670,791
SLP394,1,1071,733
SLP395,1,783,757
SLP396,2,1559,1482
SLP397,1,1405,868
SLP398,2,914,627
SLP399,2,1401,1283
SLP400,3,2976,2184
SLP401,1,644,666
SLP402,4,1782,1640
SLP403,2,1377,76
SLP404,1,1241,1413
SLP405_a,5,1229,923
SLP405_b,6,1712,1574
SLP405_c,3,1637,973
SLP406,1,922,88
SLP407,4,1218,929
SLP408,5,1148,963
SLP409,4,719,165
SLP410,2,1854,61
SLP411,1,1718,1261
SLP412,2,1131,920
SLP413,1,836,318
SLP414,12,7964,3162
SLP415,4,1511,571
SLP416,8,3544,2272
SLP417,1,171,200
SLP418,5,1187,1215
SLP419,1,240,222
SLP420,3,547,509
SLP421,4,3440,1377
SLP422,2,2105,1598
SLP423,4,3612,2065
SLP424,4,3103,1069
SLP425,2,1414,398
SLP426,1,441,138
SLP427,4,2529,575
SLP428,4,2136,472
SLP429,2,1215,202
SLP430,1,563,160
SLP431,3,1388,341
SLP432_a,4,1383,349
SLP432_b,4,1868,891
SLP433,2,441,469
SLP434,1,211,223
SLP435,1,1279,822
SLP436,1,242,675
SLP437,1,851,1391
SLP438,2,3128,5463
SLP439,1,3039,1762
SLP440,1,3651,1676
SLP441,1,2627,1592
SLP442,1,1171,1586
SLP443,1,812,171
SLP444,1,370,322
SLP445,1,263,703
SLP446,1,387,416
SLP447,1,1297,1165
SLP448,1,792,848
SLP449,1,313,755
SLP450,3,861,757
SLP451,2,861,855
SLP452,2,420,544
SLP453,1,388,1764
SLP454,3,857,48
SLP455,1,721,575
SLP456,1,2648,1894
SLP457,2,4598,7804
SLP458,1,830,1005
SLP459,1,725,681
SLP460,2,828,1974
SLP461,1,1125,1325
SLP462,2,1126,1848
SLP463,1,417,78
SLP464,2,1187,1485
SLP465,2,757,845
SLP466,2,1115,1099
SLP467,2,1254,1005
SLP468,1,313,244
SMP001,1,2110,2582
SMP002,1,1687,1289
SMP003,2,871,1969
SMP004,2,2133,2141
SMP005,2,649,1814
SMP006,2,1418,2075
SMP007,4,2459,2805
SMP008,4,2161,3028
SMP009,2,1358,1509
SMP010,2,2469,4143
SMP011,2,3919,3756
SMP012,2,3283,3373
SMP013,1,2179,1903
SMP014,1,2524,1948
SMP015,1,1020,1793
SMP016_a,4,1692,1532
SMP016_b,4,2150,1242
SMP017,1,675,271
SMP018_a,3,2138,881
SMP018_b,4,2121,1335
SMP018_c,4,3413,1765
SMP019,4,2097,2005
SMP020,3,1138,1760
SMP021,2,1262,1133
SMP022,3,1852,1338
SMP023,2,982,857
SMP024,5,1746,2168
SMP025,5,2049,1132
SMP026,2,5326,4209
SMP027,2,2397,2964
SMP028,1,875,1012
SMP029,2,3394,1697
SMP030,1,1482,1138
SMP031,2,2517,1338
SMP032,1,574,899
SMP033,1,521,895
SMP034,2,2268,1225
SMP035,5,2306,2154
SMP036,2,1558,2319
SMP037,2,2428,2027
SMP038,1,1465,1030
SMP039,2,1689,2433
SMP040,2,1988,2236
SMP041,2,2898,2228
SMP042,2,2369,3064
SMP043,2,1413,2138
SMP044,2,1527,1824
SMP045,1,1060,992
SMP046,1,813,752
SMP047,1,528,976
SMP048,2,7357,10511
SMP049,2,5855,7959
SMP050,2,6678,3861
SMP051,2,6600,2385
SMP052,4,12361,3707
SMP053,2,5009,4036
SMP054,2,5427,2765
SMP055,4,6068,3972
SMP056,2,4054,3667
SMP057,4,7931,3422
SMP058,2,2489,3218
SMP059,2,1685,2549
SMP060,2,1986,1635
SMP061,2,6016,1588
SMP062,2,3941,1380
SMP063,2,4121,1240
SMP064,2,4115,1185
SMP065,4,7673,1589
SMP066,4,6471,4271
SMP067,4,2931,2307
SMP068,4,4479,1068
SMP069,4,7067,3386
SMP070,2,1869,679
SMP071,1,1490,565
SMP072,2,1633,639
SMP073,1,1127,461
SMP074,2,1387,668
SMP075,2,3957,3502
SMP076,2,7286,7173
SMP077,2,8558,4196
SMP078,2,6892,5787
SMP079,2,6146,2256
SMP080,2,6781,2882
SMP081,4,28556,13496
SMP082,4,13521,16128
SMP083,4,8342,7120
SMP084,4,11210,7243
SMP085,4,9383,8871
SMP086,4,10280,4085
SMP087,4,8686,4146
SMP088,4,3417,2425
SMP089,4,6595,10267
SMP090,4,6320,2790
SMP091,1,1329,1116
SMP092,4,8763,1041
SMP093,4,2897,2458
SMP094,2,847,1886
SMP095,4,1755,1374
SMP096,2,669,250
SMP097_a,2,741,517
SMP097_b,2,718,481
SMP098_a,2,712,422
SMP098_b,2,760,313
SMP099,4,1562,604
SMP100,2,646,347
SMP101,4,1363,729
SMP102,2,1353,476
SMP103,4,832,1230
SMP104,1,365,137
SMP105_a,4,1148,919
SMP105_b,5,1761,403
SMP106,9,2999,1533
SMP107,5,1544,510
SMP108,2,30899,14016
SMP109,2,8212,5794
SMP110,2,2017,567
SMP111,2,1944,1393
SMP112,3,3406,2834
SMP113,1,861,543
SMP114,2,9861,5223
SMP115,2,7845,4958
SMP116,2,7158,4981
SMP117_a,2,2254,1797
SMP117_b,2,2622,1808
SMP118,2,2241,1491
SMP119,2,3103,1513
SMP120,4,4816,2054
SMP121,2,2170,964
SMP122,2,2827,2788
SMP123,4,4732,4253
SMP124,4,3348,2531
SMP125,2,2271,2233
SMP126,2,1808,1679
SMP127,2,2898,3987
SMP128,2,1910,2915
SMP129,2,1901,1447
SMP130,2,2866,1364
SMP131,2,2727,1255
SMP132,4,4448,3165
SMP133,8,7153,6025
SMP134,4,4071,1664
SMP135,2,1422,1041
SMP136,4,2895,1238
SMP137,1,1153,703
SMP138,2,2102,1659
SMP139,2,1730,1413
SMP140,2,1228,1108
SMP141,2,1186,1263
SMP142,2,4662,8355
SMP143,2,4733,8396
SMP144,2,4489,2563
SMP145,2,5010,8693
SMP146,2,7996,8728
SMP147,2,8768,2637
SMP148,4,14828,6716
SMP149,2,4974,8745
SMP150,2,4226,2942
SMP151,4,3910,6425
SMP152,2,2236,4226
SMP153,2,4522,3563
SMP154,2,6438,5237
SMP155,4,9304,4974
SMP156,2,9045,2513
SMP157,2,3292,3389
SMP158,2,3828,2456
SMP159,1,3683,2726
SMP160,2,3299,2902
SMP161,2,2737,4100
SMP162,9,10744,11821
SMP163,2,7921,5205
SMP164,2,2527,3945
SMP165,2,3169,3411
SMP166,4,1136,1029
SMP167,8,2769,2514
SMP168,1,585,1998
SMP169,1,357,972
SMP170,2,1872,1729
SMP171,2,1258,677
SMP172,4,1742,1240
SMP173,4,1555,1678
SMP174,3,742,1073
SMP175,2,9111,5157
SMP176,2,9691,4838
SMP177,2,19910,12703
SMP178,2,8403,5619
SMP179,2,2730,2463
SMP180,1,1109,1237
SMP181,2,10422,8206
SMP182,1,1063,1277
SMP183,1,2147,2227
SMP184,2,4913,4334
SMP185,2,4674,4012
SMP186,2,2009,2971
SMP187,1,218,302
SMP188,2,3106,2424
SMP189,1,2059,1517
SMP190,2,1585,2839
SMP191,1,1099,549
SMP192,2,1550,2236
SMP193,3,1795,2167
SMP194,1,763,545
SMP195_a,3,1949,1726
SMP195_b,2,1083,992
SMP196,2,975,937
SMP197,3,1222,1984
SMP198,2,5615,4130
SMP199,2,4857,4606
SMP200,1,2398,1560
SMP201,2,2030,2956
SMP202,1,1763,2367
SMP203,1,1270,1648
SMP204,2,3091,2398
SMP205,3,992,1192
SMP206,1,505,568
SMP207,2,2163,1013
SMP208,3,1879,1347
SMP209,2,1074,848
SMP210,3,992,2206
SMP211,3,1342,2528
SMP212,3,867,1940
SMP213,3,971,1190
SMP214,2,333,541
SMP215,3,1791,1892
SMP216,2,848,801
SMP217,4,1397,1100
SMP218,3,2558,2360
SMP219,5,3406,2492
SMP220,5,2262,1738
SMP221,3,1665,1272
SMP222,3,1597,1418
SMP223,4,1816,1608
SMP224,3,911,783
SMP225,4,1808,1415
SMP226,2,595,726
SMP227,2,783,628
SMP228,8,3244,1732
SMP229,2,853,739
SMP230,3,1273,1150
SMP231,3,588,616
SMP232,4,2112,1083
SMP233,3,643,619
SMP234,1,2916,1196
SMP235,1,2533,1440
SMP236,1,624,418
SMP237,2,4434,4569
SMP238,1,1660,3755
SMP239,1,708,2110
SMP240,1,1042,1314
SMP241,1,1184,1974
SMP242,1,510,484
SMP243,3,838,928
SMP244,3,691,785
SMP245,5,4942,4588
SMP246,2,1616,1203
SMP247,3,1818,2620
SMP248,6,2502,2915
SMP249,2,1637,1930
SMP250,1,1351,1065
SMP251,2,2765,3706
SMP252,2,1910,3077
SMP253,1,2859,1325
SMP254,2,3453,4541
SMP255,2,2983,3194
SMP256,1,1110,1595
SMP257,1,630,1298
SMP258,2,1123,1272
SMP259,2,861,946
SMP260,1,463,313
SMP261,5,2442,1057
SMP262,3,702,796
SMP263,2,614,124
SMP264,2,429,173
SMP265,3,744,277
SMP266,2,746,810
SMP267,2,568,592
SMP268,2,372,419
SMP269,1,1633,235
SMP270,3,686,1005
SMP271,4,5260,7735
SMP272,2,4642,5194
SMP273,2,2373,4181
SMP274,1,592,401
SMP275,3,1353,1099
SMP276,1,301,151
SMP277,2,1736,1182
SMP278,2,1365,1096
SMP279_a,3,1644,1433
SMP279_b,2,1296,840
SMP279_c,2,864,788
SMP280,2,564,735
SMP281,6,1306,1044
SMP282,4,1194,696
SMP283,1,496,545
SMP284,2,2106,2060
SMP285,2,7224,3787
SMP286,2,6122,2408
SMP287,2,2391,794
SMP288,2,1107,336
SMP289,2,1347,453
SMP290,1,418,312
SMP291,2,5241,5189
SMP292,1,808,805
SMP293,1,749,809
SMP294,2,998,939
SMP295,2,1026,651
SMP296,7,2612,1679
SMP297,4,3619,2033
SMP298,2,1262,720
SMP299,3,907,1285
SMP300,2,1124,825
SMP301,2,797,452
SMP302,4,1494,648
SMP303,2,535,306
SMP304,2,791,597
SMP305,2,1301,411
SMP306,3,1023,529
SMP307,4,2313,267
SMP308,3,918,376
SMP309,3,815,610
SMP310,2,355,225
SMP311,2,2228,2256
SMP312,4,2463,2894
SMP313,2,1911,1808
SMP314,2,2579,1968
SMP315,3,3654,1900
SMP316,4,1095,1292
SMP316_a,2,1246,1322
SMP316_b,2,1586,1254
SMP317,6,4007,3392
SMP318,1,504,700
SMP319,2,1474,1949
SMP320,6,3480,3585
SMP321,2,2054,869
SMP322,2,1744,1507
SMP323,3,1225,1104
SMP324,2,722,772
SMP325,3,1469,1383
SMP326,5,1658,1619
SMP327,1,1119,1003
SMP328,3,1394,1762
SMP329,2,889,586
SMP330,2,819,840
SMP331,5,2700,2132
SMP332,3,1112,663
SMP333,2,2200,2166
SMP334,1,677,852
SMP335,1,1159,891
SMP336,1,1300,1911
SMP337,1,2535,1549
SMP338,1,1347,1011
SMP339,2,3008,4401
SMP340,1,1191,1200
SMP341,1,796,924
SMP342,1,1592,781
SMP343,1,970,459
SMP344,2,1465,2073
SMP345,2,1330,1016
SMP346,2,5270,4006
SMP347,8,7534,4469
SMP348,2,1906,1187
SMP349,3,2383,1711
SMP350,3,1956,1147
SMP351,4,1488,1455
SMP352,6,1285,1266
SMP353,1,2634,1196
SMP354,3,2361,1901
SMP355,2,1122,1012
SMP356,1,561,494
SMP357,3,1463,1787
SMP358,3,1652,1836
SMP359,1,277,585
SMP359_a,1,491,565
SMP359_b,2,1119,1083
SMP360,2,848,1142
SMP361,2,904,1349
SMP362,3,1473,1518
SMP363,6,2402,1951
SMP364,2,1537,762
SMP365,2,716,618
SMP366,2,681,770
SMP367,1,2016,2303
SMP368,2,5338,5397
SMP369,1,1477,1348
SMP370,2,1901,3488
SMP371,4,4709,6630
SMP372,1,1008,953
SMP373,1,1440,817
SMP374,2,1889,1489
SMP375,1,1337,1222
SMP376,2,9163,5609
SMP377,7,4589,4644
SMP378,1,450,669
SMP379,1,487,658
SMP380,3,1303,1304
SMP381,7,2836,4285
SMP382,4,2072,1628
SMP383,2,8011,9691
SMP384,2,10694,11071
SMP385,2,10026,12115
SMP386,2,6117,4248
SMP387,2,3662,5012
SMP388,1,2187,1490
SMP389,4,3959,4440
SMP390,1,1310,1329
SMP391,2,2724,2323
SMP392,2,2887,1936
SMP393,2,1398,1682
SMP394,2,2625,2481
SMP395,2,1742,2036
SMP396,2,1818,1801
SMP397,4,1932,2792
SMP398,2,1784,2498
SMP399,3,2385,1715
SMP400,2,2434,1312
SMP401,2,2201,977
SMP402,2,2064,794
SMP403,6,5045,5023
SMP404,5,6234,3456
SMP405,2,1745,1843
SMP406,6,4896,3603
SMP407,1,1035,688
SMP408,3,1059,745
SMP408_a,2,1529,812
SMP408_b,2,2679,1087
SMP408_c,3,1624,1435
SMP408_d,5,4123,3066
SMP409,7,4474,2314
SMP410,2,1469,1468
SMP411,3,1337,1531
SMP412,1,537,431
SMP413,2,1279,1172
SMP414,2,1289,971
SMP415,2,1542,1225
SMP416,2,1526,707
SMP417,2,1312,712
SMP418,1,1761,883
SMP419,1,1110,878
SMP420,1,837,1120
SMP421,3,2118,2677
SMP422,2,1126,1607
SMP423,1,354,546
SMP424,2,1885,1577
SMP425,2,1953,2400
SMP426,1,344,196
SMP427,5,2051,2695
SMP428,2,535,646
SMP429,3,900,1156
SMP430,2,527,557
SMP431,2,524,475
SMP432_a,5,2590,1763
SMP432_b,3,531,788
SMP433,2,578,554
SMP434,2,1059,764
SMP435,3,1050,821
SMP436,1,346,355
SMP437,2,626,1016
SMP438,3,983,989
SMP439,1,674,273
SMP440,3,799,607
SMP441,1,1678,1541
SMP442,1,1162,1157
SMP443,1,3598,1400
SMP444,1,969,1000
SMP445,1,1073,698
SMP446,2,1793,1080
SMP447,2,2792,1380
SMP448,2,2333,1030
SMP449,3,2806,887
SMP450,4,3537,588
SMP451,3,1951,916
SMP452,3,1783,739
SMP453,8,6388,2215
SMP454,2,15996,17766
SMP455,2,2273,1884
SMP456,2,5350,130
SMP457,1,3823,350
SMP458,2,2176,2093
SMP459,6,3299,2890
SMP460,4,1045,1409
SMP461,4,1178,858
SMP462,2,4901,1264
SMP463,4,1344,1036
SMP464,6,2012,1262
SMP465,1,168,34
SMP466,2,553,733
SMP467,3,1040,882
SMP468,6,2433,1571
SMP469,3,1394,12
SMP470,2,7080,6601
SMP471,2,9108,4152
SMP472,2,3863,2596
SMP473,2,3745,2515
SMP474,3,1581,1491
SMP475,2,1223,945
SMP476,1,636,466
SMP477,2,1224,858
SMP478,4,1591,63
SMP479,1,402,34
SMP480,6,1766,950
SMP481,5,1080,127
SMP482,4,2421,2004
SMP483,5,1253,1061
SMP484,5,1376,893
SMP485,2,772,125
SMP486_a,3,544,444
SMP486_b,4,795,232
SMP486_c,4,1151,139
SMP486_d,2,466,179
SMP486_e,3,875,25
SMP486_f,3,1221,169
SMP487,4,1379,165
SMP488,3,1755,1290
SMP489,4,2007,1934
SMP490,1,856,585
SMP491,4,1870,1871
SMP492,2,3420,1876
SMP493,2,2638,1485
SMP494,1,2313,1488
SMP495,3,4456,3130
SMP496,1,1041,1048
SMP497,3,2427,640
SMP498,3,1973,843
SMP499,4,718,526
SMP500,2,299,258
SMP501,2,2120,2675
SMP502,2,2122,2746
SMP503,2,8331,9638
SMP504,2,5299,5940
SMP505,2,6777,1904
SMP506,2,1691,2370
SMP507,2,2735,2166
SMP508,1,532,802
SMP509,2,410,1396
SMP510,3,827,1745
SMP511,1,235,387
SMP512,3,4876,4799
SMP513,2,2289,2748
SMP514,2,1602,2645
SMP515,1,746,1145
SMP516,2,3511,3222
SMP517,4,1935,3821
SMP518,2,1084,1533
SMP519,2,656,995
SMP520,5,2144,4037
SMP521,1,194,296
SMP522,1,204,243
SMP523,4,701,1212
SMP524,4,488,932
SMP525,1,248,489
SMP526,2,534,1378
SMP527,2,2218,5028
SMP528,2,3748,4274
SMP529,1,1085,2198
SMP530,2,3597,2722
SMP531,2,1586,2860
SMP532,2,1791,4137
SMP533,1,1124,870
SMP534,1,1005,1122
SMP535,1,869,880
SMP536,1,261,587
SMP537,2,2503,2375
SMP538,1,683,781
SMP539,2,2191,1702
SMP540,2,1432,1079
SMP541,2,7147,5921
SMP542,1,2363,2564
SMP543,2,5824,592
SMP544,2,4823,1340
SMP545,2,4601,1145
SMP546,2,2606,1636
SMP547,2,2811,1870
SMP548,2,5851,4869
SMP549,2,3230,4557
SMP550,2,5386,6821
SMP551,2,2207,5120
SMP552,1,1680,790
SMP553,2,3637,3149
SMP554,1,2858,3633
SMP555,1,1041,1933
SMP556,2,1950,3696
SMP557,2,1031,989
SMP558,2,1312,2181
SMP559,3,2241,2001
SMP560,2,1565,1245
SMP561,1,1132,656
SMP562,1,1113,885
SMP563,2,1317,1202
SMP564,2,965,1480
SMP565,1,237,348
SMP566,4,2931,3080
SMP567,1,723,694
SMP568_a,4,3512,2445
SMP568_b,2,1485,1646
SMP568_c,2,1670,2235
SMP568_d,2,1925,1588
SMP569,2,1179,913
SMP570,3,1247,1697
SMP571,1,293,372
SMP572,2,658,665
SMP573,1,384,606
SMP574,2,448,187
SMP575,2,436,253
SMP576,1,173,107
SMP577,2,4421,5366
SMP578,4,929,1515
SMP579,2,2834,2723
SMP580,1,833,914
SMP581,2,622,1139
SMP582,2,1903,1467
SMP583,1,2310,1532
SMP584,1,1149,800
SMP585,1,1332,8
SMP586,1,2025,1390
SMP587,1,1269,1284
SMP588,4,4611,6446
SMP589,2,3958,3164
SMP590,4,1138,1072
SMP591,5,1336,1080
SMP592,4,952,558
SMP593,2,4299,12911
SMP594,2,1552,3911
SMP595,1,3704,2004
SMP596,1,1458,1490
SMP597,1,1072,1451
SMP598,1,702,722
SMP599,1,450,736
SMP600,1,807,642
SMP601,2,941,729
SMP602,2,810,1897
SMP603,2,5538,158
SMP604,2,1129,9
SpsP,4,137,2705
TRN_VP1m,6,2979,9031
TRN_VP2,3,1402,4355
TRN_VP3a,3,1932,6910
TRN_VP3b,1,201,928
TuBu01,5,2250,1245
TuBu02,7,1326,1394
TuBu03,15,2493,2274
TuBu04,5,1225,927
TuBu05,5,1889,500
TuBu06,4,3124,1195
TuBu07,7,2543,1097
TuBu08,10,3968,1332
TuBu09,11,2945,1166
TuBu10,9,2586,1096
TuTuA,4,15469,10183
TuTuB_a,2,2256,2778
TuTuB_b,2,1775,1568
VA1d_adPN,3,7621,10879
VA1d_vPN,1,1348,836
VA1v_adPN,3,7904,8810
VA1v_vPN,2,3819,2517
VA2_adPN,1,6205,10283
VA3_adPN,2,5929,9808
VA4_lPN,1,3458,7845
VA5_lPN,3,5837,8579
VA6_adPN,2,9135,12053
VA7l_adPN,1,2741,7049
VA7m_lPN,3,4635,7179
VC1_lPN,1,4220,8871
VC2_lPN,1,3576,7925
VC3l_adPN,3,5914,9262
VC3m_lvPN,3,4557,10172
VC4_adPN,3,5121,8423
VC5_adPN,1,5597,9324
VC5_lvPN,3,507,887
VCH,1,3217,864
VES001,1,4121,3903
VES002,1,3439,3625
VES003,1,1980,1946
VES004,1,1414,1200
VES005,1,6298,3395
VES006,1,5038,178
VES007,1,1432,1675
VES008,1,6077,1780
VES009,2,11528,4302
VES010,1,1274,2584
VES011,1,2323,1187
VES012,1,4165,2683
VES013,1,2897,2598
VES014,1,1852,2812
VES015,1,8070,2014
VES016,1,1355,1840
VES017,1,1424,1473
VES018,1,3183,1431
VES019,2,839,1378
VES020,5,2255,1367
VES021,2,602,402
VES022,4,1495,815
VES023,3,415,824
VES024,2,278,405
VES025,1,1673,1685
VES026,1,5909,75
VES027,1,810,832
VES028,1,1730,332
VES029,2,3920,142
VES030,1,1600,1597
VES031,3,3082,2523
VES032,1,539,868
VES033,4,1993,2703
VES034_a,2,1096,694
VES034_b,3,1582,1439
VES035,3,1219,1614
VES036,3,687,1723
VES037,3,304,457
VES038,4,1522,2704
VES039,1,408,89
VES040,1,1007,1282
VES041,2,8673,14119
VES042,1,4646,1822
VES043,1,645,51
VES044,3,3251,8784
VES045,2,4461,317
VES046,1,1310,351
VES047,1,1806,535
VES048,1,2495,447
VES049,3,3228,2742
VES050,2,472,1350
VES051,2,1257,1626
VES052,2,1030,1567
VES053,2,3610,4006
VES054,1,3018,588
VES055,1,2286,1019
VES056,2,1681,3057
VES057,2,1987,2121
VES058,1,1396,1573
VES059,1,3334,1081
VES060,1,660,373
VES061,1,675,343
VES062,1,837,307
VES063,4,3570,5139
VES064,1,3016,1928
VES065,1,782,133
VES066,1,589,816
VES067,2,1773,2160
VES068,1,1749,49
VES069,1,1288,123
VES070,2,1437,2540
VES071,1,1277,53
VES072,1,1653,24
VES073,1,1250,468
VES074,2,1403,1244
VES075,2,2678,4539
VES076,2,2692,1190
VES077,2,1346,246
VES078,2,2112,2495
VES079,1,1228,1193
VES080,1,438,1738
VES081,1,1243,12
VES082,1,3071,15
VES083,1,3098,11
VES084,1,1043,574
VL1_ilPN,2,5729,6188
VL1_vPN,1,1481,1906
VL2a_adPN,1,6463,11363
VL2a_vPN,3,2080,1132
VL2p_adPN,1,6765,13234
VL2p_vPN,1,700,433
VM1_lPN,1,1961,4748
VM2_adPN,2,395,3333
VM3_adPN,2,1999,6187
VM4_adPN,1,1761,4428
VM4_lvPN,2,1685,1873
VM5d_adPN,8,12555,12212
VM5v_adPN,3,4941,5815
VM7d_adPN,5,7919,9588
VM7v_adPN,4,4920,6004
VP1d+VP4_l2PN1,1,4432,9208
VP1d+VP4_l2PN2,1,3678,6002
VP1d_il2PN,2,3834,5169
VP1l+VP3_ilPN,2,2646,2478
VP1l+_lvPN,3,1175,1383
VP1m+VP2_lvPN1,1,578,940
VP1m+VP2_lvPN2,4,2766,3182
VP1m+VP5_ilPN,2,4059,3623
VP1m+_lvPN,2,2392,2192
VP1m_l2PN,1,4540,9161
VP2+VC5_l2PN,1,648,865
VP2+Z_lvPN,1,232,630
VP2+_adPN,1,1437,1791
VP2_adPN,1,3860,6866
VP2_l2PN,1,985,1775
VP3+VP1l_ivPN,2,3438,6106
VP3+_l2PN,2,2103,2440
VP3+_vPN,1,628,1919
VP4+VL1_l2PN,1,2003,1616
VP4+_vPN,1,607,2011
VP4_vPN,1,1323,2688
VP5+VP2_l2PN,2,2920,2056
VP5+VP3_l2PN,1,2214,1820
VP5+Z_adPN,1,1611,2673
VP5+_l2PN,1,1591,1487
VS,15,4532,5059
V_ilPN,2,7520,10390
V_l2PN,1,2494,1782
WED001,4,1367,2019
WED002,8,1632,2066
WED003,3,622,509
WED004,4,656,442
WED005,1,2723,2587
WED006,1,1380,2208
WED007,1,2595,1634
WED008,1,925,1028
WED009,2,864,878
WED010,3,1330,1257
WED011,1,437,920
WED012,2,767,946
WED013,1,196,324
WED014,2,299,655
WED015,4,1930,2029
WED016,1,795,677
WED017,1,731,827
WED018,1,657,636
WED019,1,638,508
WED020_a,2,855,474
WED020_b,2,968,666
WED021,3,891,1012
WED022,2,906,682
WED023,3,688,743
WED024,2,993,847
WED025,3,1012,563
WED026,5,1889,1839
WED027,1,397,327
WED028,3,732,612
WED029,3,742,911
WED030,10,3023,2878
WED031,4,1200,1112
WED032,3,629,385
WED033_a,5,845,1222
WED033_b,2,394,302
WED034,4,1491,1418
WED035,5,1150,1705
WED036_a,4,1327,786
WED036_b,3,570,446
WED037,3,754,633
WED038,5,1520,1321
WED039,3,1037,444
WED040_a,8,1248,1386
WED040_b,3,611,557
WED040_c,2,273,196
WED041,3,461,342
WED042,5,1385,1347
WED043,3,1058,1053
WED044,1,201,179
WED045,1,722,762
WED046,1,1638,1524
WED047,3,2536,1353
WED048,1,511,362
WED049,2,1740,792
WED050,2,666,625
WED051,1,269,130
WED052,2,1013,518
WED053,3,1509,600
WED054,3,859,730
WED055_a,2,1358,745
WED055_b,3,2128,1360
WED056,4,2369,1537
WED057,5,1922,1205
WED058,1,558,486
WED059,1,1387,1288
WED060,2,1670,1775
WED061,2,1050,1739
WED062,1,370,383
WED063_a,2,717,1141
WED063_b,4,1459,1767
WED064,2,836,720
WED065,3,1153,1404
WED066,2,717,849
WED067,4,940,934
WED068,4,1140,3897
WED069,1,1478,1543
WED070,1,1058,1299
WED071,1,813,4
WED072,3,3642,2776
WED073,1,970,1117
WED074,1,810,1166
WED075,1,5090,3097
WED076,1,1452,299
WED077,1,875,518
WED078,1,1125,403
WED079,1,546,291
WED080,1,1134,68
WED081,1,713,264
WED082,1,618,104
WED083,1,130,0
WED084,1,183,1
WED085,1,534,121
WED086,1,267,136
WED087,2,457,275
WED088,2,202,79
WED089,1,726,461
WED090,1,237,146
WED091,1,456,338
WED092,11,4342,9737
WED093,6,1900,3515
WED094,2,1076,1064
WED095,2,914,827
WED096,3,780,999
WED097,2,574,521
WED098,2,1281,885
WED099,1,529,302
WED100,2,930,668
WED101,6,800,1843
WED102,1,222,251
WED103,7,824,1498
WED104,1,3216,4112
WED105,1,1454,43
WED106,2,1017,935
WED107,1,1814,1530
WED108,1,713,575
WED109,3,3879,1257
WED110,2,903,734
WED111,2,688,660
WED112,2,970,664
WED113,2,885,591
WED114,3,1639,827
WED115,1,303,247
WED116,1,3312,92
WED117,5,3187,1590
WED118_a,4,1383,932
WED118_b,3,953,1284
WED119,1,1897,2492
WED120,1,233,161
WED121,1,915,1232
WED122,1,878,675
WED123,1,1496,21
WED124,1,646,188
WED125,1,904,417
WED126,1,573,76
WED127,2,705,985
WED128,2,630,778
WED129,2,726,820
WED130,3,580,390
WED131,3,357,57
WED132,1,442,481
WED133,1,345,307
WED134,3,940,219
WED135,1,238,246
WED136,3,983,705
WED137,4,1173,435
WED138,2,907,315
WED139,5,1671,485
WED140,2,633,106
WED141,1,264,96
WED142,2,633,108
WED143,10,2311,1166
WED144,1,285,10
WED145,4,783,161
WED146,3,1787,269
WED147,2,692,352
WED148,2,534,220
WED149,3,635,377
WED150,7,612,100
WED151,1,568,461
WED152,1,577,398
WED153,3,880,1021
WED154,5,1348,1611
WED155,2,473,399
WED156,3,781,1072
WED157,4,542,1053
WED158,4,1006,1429
WED159,3,394,781
WED160,1,339,5
WED161_a,2,588,567
WED161_b,2,301,389
WED162,3,427,585
WED163,5,1193,1068
WED164,5,1113,1245
WED165,1,1021,1034
WED166_a,2,1144,524
WED166_b,2,799,598
WED166_c,3,1068,789
WED166_d,2,916,447
WED167,3,1198,623
WED168,3,571,726
WED169,1,339,166
WED170,1,246,145
WED171,1,157,77
WED172,2,612,375
WED173,1,457,214
WED174,1,353,239
WED175,1,212,180
WED176,1,190,8
WED177,2,444,166
WED178,2,409,11
WED179,3,442,58
WED180,1,3814,528
WED181,1,488,1554
WED182,1,1225,1626
WED183,1,356,2
WEDPN10A,1,621,816
WEDPN10B,1,587,714
WEDPN11,1,934,2043
WEDPN12,1,1238,1192
WEDPN13,5,965,1359
WEDPN14,3,1008,906
WEDPN15,3,436,501
WEDPN16_a,2,313,364
WEDPN16_b,2,369,427
WEDPN16_c,2,547,490
WEDPN16_d,3,1386,2575
WEDPN17_a,5,1328,2346
WEDPN17_b,2,499,843
WEDPN17_c,4,938,1215
WEDPN18,1,331,225
WEDPN19,1,615,564
WEDPN1A_a,1,634,206
WEDPN1A_b,3,1934,853
WEDPN1B,1,306,160
WEDPN2A,3,656,870
WEDPN2B,2,1504,1914
WEDPN3,3,1234,1445
WEDPN4,1,2061,2055
WEDPN5,1,713,995
WEDPN6A,3,1063,1518
WEDPN6B,4,1155,1088
WEDPN6C,2,324,295
WEDPN7A,3,1149,676
WEDPN7B,4,960,1465
WEDPN7C,3,913,717
WEDPN8A,5,881,838
WEDPN8B,2,251,327
WEDPN8C,7,2261,2862
WEDPN8D,2,645,805
WEDPN9,1,1622,1587
Z_lvPNm1,3,524,1271
Z_vPNml1,1,423,1156
aDT4,2,212,955
aIPg1,4,2443,5607
aIPg2,5,3382,6595
aIPg3,2,1495,1711
aIPg4,2,1391,2329
aMe1,2,1517,1866
aMe10,6,1308,2542
aMe12,2,315,4263
aMe13,1,1384,970
aMe14a,2,1038,1070
aMe14b,4,11432,877
aMe15,1,1325,371
aMe17a,2,3336,222
aMe17b,2,1476,88
aMe17c,2,2771,90
aMe19a,1,532,1260
aMe19b,1,73,883
aMe2,3,656,905
aMe20,1,2448,5575
aMe22,1,1174,1656
aMe23,1,1003,1489
aMe24,2,5849,6169
aMe25,1,599,2585
aMe26,3,1028,3787
aMe3,1,968,5514
aMe4,6,2736,45
aMe5,19,2140,8454
aMe6a,1,772,1245
aMe6b,1,978,1027
aMe6c,1,922,754
aMe8,2,2354,4094
aMe9,3,413,3096
aSP-f1A,2,727,384
aSP-f1B,2,462,484
aSP-f2,2,374,408
aSP-f3,5,1792,1164
aSP-f4,4,1180,1033
aSP-g1,5,855,696
aSP-g2,4,752,1670
aSP-g3A,1,508,446
aSP-g3B,2,603,949
aSP10A,8,4405,4367
aSP10B,4,3131,2080
aSP10C_a,5,1621,2020
aSP10C_b,4,2016,1865
aSP8,2,376,571
hDeltaA,12,39746,20952
hDeltaB,19,40631,61139
hDeltaC,20,30094,22164
hDeltaD,8,18412,14611
hDeltaE,8,21448,13333
hDeltaF,8,22631,14448
hDeltaG,8,23571,16778
hDeltaH,8,25795,16960
hDeltaI,18,30030,13336
hDeltaJ,29,27068,23811
hDeltaK,31,27330,22547
hDeltaL,12,29542,20254
hDeltaM,9,19760,12832
il3LN6,2,26662,18632
l-LNv,4,1503,241
l2LN18,1,10978,9440
l2LN19,2,1840,2254
l2LN20,2,1492,1057
l2LN21,1,1322,485
l2LN22,2,1245,1807
l2LN23,2,3130,1316
lLN10,1,1471,1988
lLN11,3,793,1344
lLN12A,3,956,1651
lLN12B,2,1247,1500
lLN13,3,1014,1386
lLN14,2,401,440
lLN15,3,822,1820
lLN16A,2,458,248
lLN16B,7,1413,1215
lLN17,2,764,1513
lLN1_a,2,11673,11204
lLN1_b,8,59186,55309
lLN1_c,6,41741,36842
lLN2F_a,2,37659,35435
lLN2F_b,2,49381,56100
lLN2P_a,4,27114,8188
lLN2P_b,4,29680,19590
lLN2P_c,6,32422,17040
lLN2R_a,3,10265,10238
lLN2R_b,2,5213,5118
lLN2S,6,35714,35537
lLN2T_a,8,74855,58472
lLN2T_b,2,31775,21555
lLN2T_c,2,32544,18942
lLN2T_d,2,16885,16897
lLN2T_e,2,19536,18905
lLN7,1,784,345
lLN8,2,1343,1824
lLN9,2,324,589
mAL1,6,1191,1176
mAL2A,2,198,538
mAL2B,1,201,331
mAL3A,6,365,1081
mAL3B,5,1293,1300
mAL4,15,2526,3485
mAL5A,2,243,801
mAL5B,2,202,573
mAL6,2,1221,1502
mALB1,2,4291,5659
mALB2,1,1138,3693
mALB3,2,1174,3126
mALB4,1,354,1427
mALB5,1,1964,2519
mALC1,1,6022,3551
mALC2,1,18935,16260
mALC3,1,334,576
mALC4,1,423,898
mALC5,1,1772,337
mALC6,2,1602,1716
mALD1,2,7835,10752
mALD2,1,3468,5830
mALD3,1,1828,3903
mALD4,1,3059,4250
oviDNa,1,1048,62
oviDNb,2,1658,25
oviIN,2,36072,52283
pC1a,2,3484,3186
pC1b,2,3829,3367
pC1c,2,3570,4721
pC1d,2,4482,5140
pC1e,1,2391,2519
s-LNv,5,1906,3606
v2LN2,3,769,1168
v2LN30,1,13853,11297
v2LN31,1,1881,765
v2LN32,1,342,396
v2LN33,3,3885,1119
v2LN34A,4,2516,1923
v2LN34B,4,3184,1646
v2LN34C,2,1711,678
v2LN34D,3,1012,762
v2LN34E,4,984,751
v2LN34F,1,504,605
v2LN35,3,3403,2933
v2LN36,1,6953,4209
v2LN37,1,2009,1671
v2LN38,3,1564,1109
v2LN39A,4,1341,2036
v2LN39B,2,641,831
v2LN3A,4,4017,4472
v2LN3B,3,4472,4412
v2LN4,3,2271,22
v2LN40,7,4891,1465
v2LN41,2,1288,781
v2LN42,2,1135,362
v2LN43,3,1033,501
v2LN44,2,839,336
v2LN45,3,871,569
v2LN46,3,865,314
v2LN47,3,663,161
v2LN48,1,1014,559
v2LN49,2,950,712
v2LN5,2,2827,1944
v2LN50,1,517,258
vDeltaA_a,54,16047,16052
vDeltaA_b,31,7491,8878
vDeltaB,32,14010,12814
vDeltaC,28,16185,12090
vDeltaD,18,13523,8947
vDeltaE,23,19199,13280
vDeltaF,12,9189,6732
vDeltaG,15,10399,8919
vDeltaH,17,11053,8588
vDeltaI,25,14519,10290
vDeltaJ,11,5188,3149
vDeltaK,46,16881,9755
vDeltaL,38,11484,6881
vDeltaM,58,11410,9589
vLN24,2,7295,4001
vLN25,2,4652,2124
vLN26,1,396,1000
vLN27,1,1148,992
vLN28,1,1152,649
vLN29,1,1094,697
vpoDN,1,553,226
vpoEN,2,1945,2167
