post,pre,syn,share,pre_superclass,pre_nt,pre_n,hb_syn,hb_share
GLNO,PS196_b,1801,0.189,cb_intrinsic,acetylcholine,2,0,0.0
FB1D,CB1617,663,0.172,cb_intrinsic,glutamate,22,0,0.0
ER6,LAL206,1969,0.157,cb_intrinsic,glutamate,4,0,0.0
LNOa,LAL156_b,781,0.152,cb_intrinsic,acetylcholine,2,0,0.0
SpsP,PS263,541,0.151,cb_intrinsic,acetylcholine,4,0,0.0
SpsP,PS326,431,0.12,cb_intrinsic,glutamate,4,0,0.0
FB4Z_b,FB5V_b,216,0.114,cb_intrinsic,glutamate,6,0,
IbSpsP,GNG311,1913,0.113,cb_intrinsic,acetylcholine,2,0,0.0
FB4R,MBON21,756,0.112,cb_intrinsic,acetylcholine,2,516,0.128
FB6D,SMP215,687,0.111,cb_intrinsic,glutamate,8,247,0.041
FB1E_b,CB1617,198,0.11,cb_intrinsic,glutamate,22,0,0.0
FB6I,SMP215,397,0.109,cb_intrinsic,glutamate,8,143,0.045
ER3a_a,TuBu02,1309,0.087,cb_intrinsic,acetylcholine,12,304,0.035
SA2_c,CB0103,88,0.087,cb_intrinsic,glutamate,1,0,
ER3a_b,PLP046,483,0.085,cb_intrinsic,glutamate,12,0,0.0
ER3a_c,LAL055,360,0.084,cb_intrinsic,acetylcholine,2,50,0.015
FB6Z,SLP281,248,0.082,cb_intrinsic,glutamate,2,42,0.015
ExR2,PS196_b,899,0.081,cb_intrinsic,acetylcholine,2,0,0.0
SA3,CB4087,286,0.08,cb_intrinsic,acetylcholine,11,0,0.0
FB7A,SLP405_a,585,0.078,cb_intrinsic,acetylcholine,13,96,0.017
SA2_b,CB1178,142,0.077,cb_intrinsic,glutamate,21,0,0.0
FB6S,SIP076,326,0.076,cb_intrinsic,acetylcholine,20,40,0.015
FB7F,SIP076,196,0.076,cb_intrinsic,acetylcholine,20,11,0.011
SA1_c,CB4129,50,0.076,cb_intrinsic,glutamate,10,0,0.0
FB4Z_a,FB5V_b,577,0.075,cb_intrinsic,glutamate,6,0,
FB4Z_c,FB5V_b,313,0.075,cb_intrinsic,glutamate,6,0,
LPsP,PS196_b,942,0.075,cb_intrinsic,acetylcholine,2,0,0.0
FB4J,CRE024,198,0.074,cb_intrinsic,acetylcholine,2,116,0.036
FB7F,SMP034,192,0.074,cb_intrinsic,glutamate,4,25,0.025
FB4R,MBON09,492,0.073,cb_intrinsic,gaba,4,347,0.086
SA1_b,CB1595,141,0.073,cb_intrinsic,acetylcholine,9,0,0.0
ER1_a,WED035,684,0.071,cb_intrinsic,glutamate,10,188,0.023
FB5Z,oviIN,263,0.071,cb_intrinsic,gaba,2,266,0.073
FB4E_a,CRE028,301,0.069,cb_intrinsic,glutamate,6,0,
FB8B,MeVP39,307,0.069,visual_projection,gaba,2,0,0.0
FB1D,LHPV5a3,260,0.068,cb_intrinsic,acetylcholine,6,181,0.063
FB5K,CRE042,321,0.068,cb_intrinsic,gaba,2,616,0.085
ER3a_d,TuBu02,308,0.067,cb_intrinsic,acetylcholine,12,123,0.029
ER5,TuBu06,1734,0.067,cb_intrinsic,acetylcholine,10,777,0.043
ExR1,AOTU046,3608,0.066,cb_intrinsic,glutamate,4,1943,0.05
ER1_c,WEDPN16_d,199,0.065,cb_intrinsic,acetylcholine,6,0,
SpsP,WED024,228,0.064,cb_intrinsic,gaba,4,0,0.0
LNO2,LAL085,1224,0.063,cb_intrinsic,glutamate,4,0,0.0
SA1_a,SLP173,108,0.063,cb_intrinsic,glutamate,1,78,0.04
FB3A,LAL143,727,0.062,cb_intrinsic,gaba,2,195,0.024
FB8A,CB4107,87,0.062,cb_intrinsic,acetylcholine,9,0,0.0
FB8I,SMP095,331,0.062,cb_intrinsic,glutamate,4,109,0.036
SA3,CB2346,221,0.062,cb_intrinsic,glutamate,7,0,0.0
FB1D,CB4107,234,0.061,cb_intrinsic,acetylcholine,9,0,0.0
FB4D_c,CRE024,159,0.061,cb_intrinsic,acetylcholine,2,0,
LNO1,LAL157,664,0.061,cb_intrinsic,acetylcholine,2,2,0.0
SA2_b,CB1595,113,0.061,cb_intrinsic,acetylcholine,9,0,0.0
ER3a_b,LHPV6q1,341,0.06,cb_intrinsic,unclear,2,44,0.017
FB3C,PLP046,547,0.06,cb_intrinsic,glutamate,12,0,0.0
FB4P_b,CRE059,273,0.06,cb_intrinsic,acetylcholine,4,378,0.032
FB5P,oviIN,207,0.059,cb_intrinsic,gaba,2,174,0.063
SA2_c,SLP202,60,0.059,cb_intrinsic,glutamate,2,0,
SpsP,WED128,211,0.059,cb_intrinsic,acetylcholine,8,0,0.0
FB5G_b,SIP065,73,0.058,cb_intrinsic,glutamate,2,0,
FB5X,SMP377,539,0.058,cb_intrinsic,acetylcholine,15,154,0.017
FB6Z,SLP405_b,177,0.058,cb_intrinsic,acetylcholine,11,25,0.009
ER3p_b,TuBu04,253,0.057,cb_intrinsic,acetylcholine,12,242,0.041
FB4E_b,CRE028,182,0.057,cb_intrinsic,glutamate,6,0,
FB6Q,CB4110,99,0.057,cb_intrinsic,acetylcholine,14,0,0.0
FB8B,DNpe053,251,0.057,descending_neuron,acetylcholine,2,0,0.0
SA2_b,SLP300,103,0.056,cb_intrinsic,glutamate,10,0,0.0
FB4M,SMP377,1111,0.055,cb_intrinsic,acetylcholine,15,323,0.024
FB6C_a,SLP405_c,132,0.055,cb_intrinsic,acetylcholine,6,37,0.019
ER4m,TuBu01,1514,0.054,cb_intrinsic,acetylcholine,10,596,0.037
FB2J_a,M_lPNm13,83,0.054,cb_intrinsic,acetylcholine,7,0,
FB6A_a,SIP076,458,0.054,cb_intrinsic,acetylcholine,20,0,
LCNOp,PVLP114,356,0.054,cb_intrinsic,acetylcholine,2,176,0.029
SA1_b,SLP300,104,0.054,cb_intrinsic,glutamate,10,81,0.054
SA3,CB1178,191,0.054,cb_intrinsic,glutamate,21,0,0.0
ExR2,PS292,584,0.053,cb_intrinsic,acetylcholine,4,106,0.013
FB8F_a,SLP024,254,0.053,cb_intrinsic,glutamate,21,0,0.0
FB8F_b,SLP405_a,321,0.053,cb_intrinsic,acetylcholine,13,82,0.02
FB8H,CB1617,236,0.053,cb_intrinsic,glutamate,22,0,0.0
SA2_a,SLP300,116,0.053,cb_intrinsic,glutamate,10,0,0.0
SA3,CB4138,188,0.053,cb_intrinsic,glutamate,15,0,0.0
ER3p_a,TuBu05,764,0.052,cb_intrinsic,acetylcholine,11,424,0.042
ER3w_b,TuBu07,1031,0.052,cb_intrinsic,acetylcholine,21,289,0.03
FB5M,PLP161,115,0.052,cb_intrinsic,acetylcholine,4,39,0.012
FB6A_c,SIP076,505,0.052,cb_intrinsic,acetylcholine,20,0,
FB6I,SLP281,191,0.052,cb_intrinsic,glutamate,2,28,0.009
FB7K,LHPV6f3_b,170,0.052,cb_intrinsic,acetylcholine,4,34,0.012
LPsP,PS291,649,0.052,cb_intrinsic,acetylcholine,4,0,0.0
ER3w_c,TuBu07,382,0.051,cb_intrinsic,acetylcholine,21,0,
FB4Q_a,SMP133,133,0.051,cb_intrinsic,glutamate,10,100,0.03
FB6T,SMP504,180,0.051,cb_intrinsic,acetylcholine,2,121,0.042
FB8A,LHPV5a3,72,0.051,cb_intrinsic,acetylcholine,6,106,0.042
FB4J,CRE042,134,0.05,cb_intrinsic,gaba,2,90,0.028
FB4K,CRE067,399,0.05,cb_intrinsic,acetylcholine,6,82,0.012
FB4R,LHPV7c1,335,0.05,cb_intrinsic,acetylcholine,2,74,0.018
FB5H,CRE107,419,0.05,cb_intrinsic,glutamate,2,495,0.065
FB6C_b,SLP405_c,414,0.05,cb_intrinsic,acetylcholine,6,55,0.011
LCNOp,LAL153,330,0.05,cb_intrinsic,acetylcholine,2,0,0.0
SA2_a,CB1685,109,0.05,cb_intrinsic,glutamate,9,0,0.0
ER1_c,WED035,149,0.049,cb_intrinsic,glutamate,10,0,
IbSpsP,OLVC5,831,0.049,visual_centrifugal,acetylcholine,2,0,0.0
SA1_a,SLP300,83,0.049,cb_intrinsic,glutamate,10,61,0.031
SA2_b,CB4129,91,0.049,cb_intrinsic,glutamate,10,0,0.0
SpsP,CB4106,176,0.049,cb_intrinsic,acetylcholine,6,0,0.0
ER1_b,WED145,551,0.048,cb_intrinsic,acetylcholine,9,0,0.0
ER1_b,LAL138,548,0.048,cb_intrinsic,gaba,2,259,0.032
ER3d_d,TuBu03,716,0.048,cb_intrinsic,acetylcholine,23,364,0.033
FB4P_c,SMP133,178,0.048,cb_intrinsic,glutamate,10,0,
FB6T,SMP235,170,0.048,cb_intrinsic,glutamate,2,41,0.014
GLNO,WED040_a,461,0.048,cb_intrinsic,glutamate,15,128,0.027
SA2_a,CB0103,105,0.048,cb_intrinsic,glutamate,1,0,0.0
SpsP,CB1856,173,0.048,cb_intrinsic,acetylcholine,3,0,0.0
FB1E_b,LHPV5a3,85,0.047,cb_intrinsic,acetylcholine,6,46,0.036
FB1E_b,CB4107,84,0.047,cb_intrinsic,acetylcholine,9,0,0.0
FB3E,PLP046,90,0.047,cb_intrinsic,glutamate,12,0,0.0
FB6A_b,SIP005,317,0.047,cb_intrinsic,glutamate,4,0,
FB6X,oviIN,118,0.047,cb_intrinsic,gaba,2,142,0.058
SpsP,LAL168,170,0.047,cb_intrinsic,acetylcholine,2,0,0.0
ExR2,PS291,504,0.046,cb_intrinsic,acetylcholine,4,106,0.013
FB2L,SMP011_b,159,0.046,cb_intrinsic,glutamate,2,0,0.0
FB6C_a,SMP352,112,0.046,cb_intrinsic,acetylcholine,12,54,0.028
FB7F,SLP376,118,0.046,cb_intrinsic,glutamate,2,19,0.019
LCNOp,LAL152,303,0.046,cb_intrinsic,acetylcholine,2,0,0.0
LCNOpm,LAL112,806,0.046,cb_intrinsic,gaba,4,295,0.033
ER3d_a,TuBu03,485,0.045,cb_intrinsic,acetylcholine,23,548,0.038
ER3d_c,TuBu03,590,0.045,cb_intrinsic,acetylcholine,23,777,0.055
FB6A_b,SLP396,299,0.045,cb_intrinsic,acetylcholine,4,0,
LNOa,LAL133_d,229,0.045,cb_intrinsic,glutamate,2,0,0.0
LPsP,PS197,561,0.045,cb_intrinsic,acetylcholine,4,0,0.0
SA2_a,CB1178,99,0.045,cb_intrinsic,glutamate,21,0,0.0
ExR2,LAL184,489,0.044,cb_intrinsic,acetylcholine,2,295,0.035
FB3A,PS326,511,0.044,cb_intrinsic,glutamate,4,0,0.0
FB6Z,SMP186,135,0.044,cb_intrinsic,acetylcholine,2,73,0.027
FB8E,BiT,117,0.044,cb_intrinsic,acetylcholine,2,0,0.0
FB8H,CB4022,197,0.044,cb_intrinsic,acetylcholine,4,0,0.0
FB8I,ATL004,234,0.044,cb_intrinsic,glutamate,2,67,0.022
ER3m,TuBu02,963,0.043,cb_intrinsic,acetylcholine,12,580,0.034
FB4G,CRE005,257,0.043,cb_intrinsic,acetylcholine,4,405,0.057
FB5V_a,LAL101,307,0.043,cb_intrinsic,gaba,2,0,
FB6H,SMP374,306,0.043,cb_intrinsic,glutamate,4,79,0.012
FB9C,FB9B_b,109,0.043,cb_intrinsic,glutamate,4,0,
SA1_a,CB1178,74,0.043,cb_intrinsic,glutamate,21,0,0.0
FB5T,LAL129,86,0.042,cb_intrinsic,acetylcholine,2,68,0.04
FB6Z,SMP379,129,0.042,cb_intrinsic,acetylcholine,2,39,0.014
FB7B,SMP095,216,0.042,cb_intrinsic,glutamate,4,82,0.02
FB8F_a,SLP441,204,0.042,cb_intrinsic,acetylcholine,2,102,0.025
LCNOp,LAL043_a,277,0.042,cb_intrinsic,unclear,4,0,0.0
SAF,FB9B_a,107,0.042,cb_intrinsic,glutamate,4,76,0.033
ER1_a,LAL055,391,0.041,cb_intrinsic,acetylcholine,2,106,0.013
FB1F,SMP167,66,0.041,cb_intrinsic,unclear,12,67,0.037
FB2J_b,WED092,66,0.041,cb_intrinsic,acetylcholine,10,0,
FB4L,SIP064,394,0.041,cb_intrinsic,acetylcholine,2,90,0.018
FB5B,SLP247,207,0.041,cb_intrinsic,acetylcholine,2,81,0.017
FB6A_b,SMP186,277,0.041,cb_intrinsic,acetylcholine,2,0,
FB8A,CB1617,58,0.041,cb_intrinsic,glutamate,22,0,0.0
FB8B,AVLP594,180,0.041,cb_intrinsic,unclear,2,46,0.012
SA1_a,CB1595,70,0.041,cb_intrinsic,acetylcholine,9,0,0.0
FB2H_b,M_ilPNm90,84,0.04,cb_intrinsic,acetylcholine,2,12,0.006
FB4P_b,SMP133,183,0.04,cb_intrinsic,glutamate,10,331,0.028
FB6A_b,SMP347,265,0.04,cb_intrinsic,acetylcholine,12,0,
FB6C_b,SMP250,331,0.04,cb_intrinsic,glutamate,2,106,0.022
FB7A,SLP405_b,302,0.04,cb_intrinsic,acetylcholine,11,63,0.011
IbSpsP,SMP048,678,0.04,cb_intrinsic,acetylcholine,2,568,0.038
LCNOpm,SMP147,702,0.04,cb_intrinsic,gaba,2,256,0.029
SA3,SLP354,142,0.04,cb_intrinsic,glutamate,2,136,0.055
ER1_b,WED002,444,0.039,cb_intrinsic,acetylcholine,16,45,0.006
ER3d_b,TuBu04,972,0.039,cb_intrinsic,acetylcholine,12,336,0.032
FB2I_b,PS157,70,0.039,cb_intrinsic,gaba,2,37,0.019
FB2J_b,aMe26,63,0.039,visual_projection,acetylcholine,6,0,
FB4E_c,CRE028,63,0.039,cb_intrinsic,glutamate,6,0,
FB5Y_b,SMP408_d,129,0.039,cb_intrinsic,acetylcholine,10,0,
FB6Y,PLP122_a,58,0.039,cb_intrinsic,acetylcholine,2,0,0.0
FB8C,DNpe053,186,0.039,descending_neuron,acetylcholine,2,0,0.0
FB8E,FB9B_b,105,0.039,cb_intrinsic,glutamate,4,53,0.02
ER2_b,TuBu09,206,0.038,cb_intrinsic,acetylcholine,21,181,0.027
ER3d_e,TuBu03,398,0.038,cb_intrinsic,acetylcholine,23,0,
FB3E,SMP183,72,0.038,cb_intrinsic,acetylcholine,2,18,0.01
FB4D_a,CRE024,98,0.038,cb_intrinsic,acetylcholine,2,0,
FB5F,oviIN,133,0.038,cb_intrinsic,gaba,2,144,0.045
FB5Q,oviIN,261,0.038,cb_intrinsic,gaba,2,243,0.044
FB6Z,SMP215,116,0.038,cb_intrinsic,glutamate,8,70,0.026
FB8E,SLP268,101,0.038,cb_intrinsic,glutamate,11,66,0.025
ER2_a,TuBu09,733,0.037,cb_intrinsic,acetylcholine,21,270,0.023
FB1E_a,CB2116,118,0.037,cb_intrinsic,glutamate,7,0,0.0
FB4O,CRE049,299,0.037,cb_intrinsic,acetylcholine,2,73,0.013
FB5P,CRE078,131,0.037,cb_intrinsic,acetylcholine,4,83,0.03
FB6F,SMP161,136,0.037,cb_intrinsic,glutamate,2,128,0.038
FB6G,SMP352,125,0.037,cb_intrinsic,acetylcholine,12,33,0.011
FB6T,CB4110,130,0.037,cb_intrinsic,acetylcholine,14,0,0.0
FB7B,SMP505,193,0.037,cb_intrinsic,acetylcholine,2,104,0.025
LNO1,LAL052,403,0.037,cb_intrinsic,glutamate,2,123,0.019
ER2_d,TuBu09,276,0.036,cb_intrinsic,acetylcholine,21,196,0.027
FB2A,LHPV6q1,356,0.036,cb_intrinsic,unclear,2,139,0.018
FB4L,LAL055,342,0.036,cb_intrinsic,acetylcholine,2,42,0.008
FB4X,SLP247,314,0.036,cb_intrinsic,acetylcholine,2,102,0.012
FB5V_c,LAL137,174,0.036,cb_intrinsic,acetylcholine,2,0,
FB6A_c,SMP347,343,0.036,cb_intrinsic,acetylcholine,12,0,
FB6V,CRE072,174,0.036,cb_intrinsic,acetylcholine,4,70,0.016
GLNO,LAL139,345,0.036,cb_intrinsic,gaba,2,121,0.025
ER1_b,LAL203,399,0.035,cb_intrinsic,acetylcholine,4,136,0.017
ER2_c,TuBu10,1283,0.035,cb_intrinsic,acetylcholine,15,701,0.023
ExR8,PS291,201,0.035,cb_intrinsic,acetylcholine,4,48,0.007
FB4D_a,CRE071,91,0.035,cb_intrinsic,acetylcholine,2,0,
FB4L,mALB5,339,0.035,cb_intrinsic,gaba,2,73,0.015
FB4P_b,CRE005,160,0.035,cb_intrinsic,acetylcholine,4,175,0.015
FB5G_a,SIP065,170,0.035,cb_intrinsic,glutamate,2,0,
FB5G_a,SMP542,169,0.035,cb_intrinsic,glutamate,2,0,
FB5O,CRE025,115,0.035,cb_intrinsic,glutamate,2,92,0.023
FB5P,SIP066,123,0.035,cb_intrinsic,glutamate,4,48,0.017
FB5Q,SMP541,237,0.035,cb_intrinsic,glutamate,2,179,0.032
FB6C_b,PRW001,288,0.035,cb_intrinsic,unclear,2,0,0.0
FB6C_b,SLP340,287,0.035,cb_intrinsic,glutamate,2,48,0.01
FB6T,CB2116,122,0.035,cb_intrinsic,glutamate,7,0,0.0
FB8H,CB4023,157,0.035,cb_intrinsic,acetylcholine,9,0,0.0
FB9C,CB2208,88,0.035,cb_intrinsic,acetylcholine,8,0,
ER1_c,WED002,103,0.034,cb_intrinsic,acetylcholine,16,0,
FB4H,MBON25-like,207,0.034,cb_intrinsic,glutamate,4,0,0.0
FB5V_c,CL129,165,0.034,cb_intrinsic,acetylcholine,2,0,
FB5X,SMP133,314,0.034,cb_intrinsic,glutamate,10,155,0.017
FB6D,SMP354,211,0.034,cb_intrinsic,acetylcholine,6,108,0.018
FB6S,SIP046,147,0.034,cb_intrinsic,glutamate,2,62,0.023
FB7F,SLP440,88,0.034,cb_intrinsic,acetylcholine,2,12,0.012
FB8E,SLP347,92,0.034,cb_intrinsic,glutamate,4,44,0.017
FB8H,LHPV5a3,151,0.034,cb_intrinsic,acetylcholine,6,72,0.017
FS4B,SLP414,176,0.034,cb_intrinsic,glutamate,11,239,0.028
ExR4,PS196_b,686,0.033,cb_intrinsic,acetylcholine,2,0,0.0
FB4A_b,MBON04,86,0.033,cb_intrinsic,glutamate,2,0,
FB4D_c,CRE042,86,0.033,cb_intrinsic,gaba,2,0,
FB4E_b,SMP122,105,0.033,cb_intrinsic,glutamate,3,0,
FB4M,PLP246,660,0.033,cb_intrinsic,acetylcholine,2,257,0.019
FB4P_a,CRE028,275,0.033,cb_intrinsic,glutamate,6,152,0.015
FB4P_c,MBON21,122,0.033,cb_intrinsic,acetylcholine,2,0,
FB6D,SMP186,204,0.033,cb_intrinsic,acetylcholine,2,128,0.021
FB6X,CRE105,81,0.033,cb_intrinsic,acetylcholine,2,60,0.024
FB9A,SLP315,91,0.033,cb_intrinsic,glutamate,2,24,0.016
FB9A,CB1685,90,0.033,cb_intrinsic,glutamate,9,0,0.0
LCNOpm,LAL050,573,0.033,cb_intrinsic,gaba,8,80,0.009
LNOa,WED183,169,0.033,cb_intrinsic,glutamate,2,0,0.0
LNOa,LAL133_c,167,0.033,cb_intrinsic,glutamate,2,0,0.0
SA1_b,CB1178,64,0.033,cb_intrinsic,glutamate,21,0,0.0
ER3a_c,PLP046,137,0.032,cb_intrinsic,glutamate,12,0,0.0
ExR3,PS292,483,0.032,cb_intrinsic,acetylcholine,4,74,0.004
FB2J_c,M_lPNm13,54,0.032,cb_intrinsic,acetylcholine,7,0,
FB4Q_b,SMP377,81,0.032,cb_intrinsic,acetylcholine,15,19,0.003
FB5T,CRE078,65,0.032,cb_intrinsic,acetylcholine,4,55,0.032
FB5V_c,SMP471,154,0.032,cb_intrinsic,acetylcholine,2,0,
FB6I,SMP352,116,0.032,cb_intrinsic,acetylcholine,12,56,0.018
FB6M,SIP064,213,0.032,cb_intrinsic,acetylcholine,2,125,0.035
FB8G,SMP505,188,0.032,cb_intrinsic,acetylcholine,2,152,0.024
GLNO,LAL184,309,0.032,cb_intrinsic,acetylcholine,2,114,0.024
LCNOpm,SIP004,562,0.032,cb_intrinsic,acetylcholine,2,165,0.018
FB1E_b,CB2398,56,0.031,cb_intrinsic,acetylcholine,5,0,0.0
FB2H_a,M_ilPNm90,57,0.031,cb_intrinsic,acetylcholine,2,5,0.003
FB4F_a,CRE004,167,0.031,cb_intrinsic,acetylcholine,2,145,0.011
FB4Q_c,CRE003_b,108,0.031,cb_intrinsic,acetylcholine,12,0,
FB5D,SMP123,213,0.031,cb_intrinsic,glutamate,4,111,0.021
FB5W_a,SMP178,129,0.031,cb_intrinsic,acetylcholine,2,0,
FB6B,SMP408_d,90,0.031,cb_intrinsic,acetylcholine,10,74,0.015
FB6B,CB2814,88,0.031,cb_intrinsic,glutamate,10,0,0.0
FB6G,SLP405_c,105,0.031,cb_intrinsic,acetylcholine,6,26,0.009
FB6I,SMP186,113,0.031,cb_intrinsic,acetylcholine,2,56,0.018
FB6I,SMP354,112,0.031,cb_intrinsic,acetylcholine,6,42,0.013
FB7E,oviIN,205,0.031,cb_intrinsic,gaba,2,198,0.036
FB7E,ATL004,205,0.031,cb_intrinsic,glutamate,2,136,0.024
FB8H,SMP505,138,0.031,cb_intrinsic,acetylcholine,2,103,0.025
FS4A,SLP414,439,0.031,cb_intrinsic,glutamate,11,397,0.029
LCNOp,LAL043_d,206,0.031,cb_intrinsic,gaba,2,0,0.0
SA3,CB2563,111,0.031,cb_intrinsic,acetylcholine,2,0,0.0
SpsP,CB2361,110,0.031,cb_intrinsic,acetylcholine,3,0,0.0
ER1_a,WEDPN16_d,287,0.03,cb_intrinsic,acetylcholine,6,136,0.017
ER3w_a,TuBu07,286,0.03,cb_intrinsic,acetylcholine,21,375,0.04
FB1D,CB1178,116,0.03,cb_intrinsic,glutamate,21,0,0.0
FB4Q_a,CRE003_b,77,0.03,cb_intrinsic,acetylcholine,12,47,0.014
FB5AA,CRE072,147,0.03,cb_intrinsic,acetylcholine,4,53,0.012
FB5V_a,CRE028,212,0.03,cb_intrinsic,glutamate,6,0,
FB6C_a,SMP250,72,0.03,cb_intrinsic,glutamate,2,31,0.016
FB6F,SMP368,112,0.03,cb_intrinsic,acetylcholine,2,86,0.025
FB8H,SLP268,134,0.03,cb_intrinsic,glutamate,11,63,0.015
FB9A,CB1838,81,0.03,cb_intrinsic,gaba,8,0,0.0
LCNOp,SMP192,198,0.03,cb_intrinsic,acetylcholine,2,130,0.021
LCNOpm,LAL144,528,0.03,cb_intrinsic,acetylcholine,6,165,0.018
SpsP,PS246,106,0.03,cb_intrinsic,acetylcholine,2,0,0.0
ER1_a,LAL203,273,0.029,cb_intrinsic,acetylcholine,4,120,0.015
FB2A,LAL203,286,0.029,cb_intrinsic,acetylcholine,4,50,0.007
FB4I,LAL101,71,0.029,cb_intrinsic,gaba,2,46,0.015
FB4X,MBON30,259,0.029,cb_intrinsic,glutamate,2,178,0.021
FB5C,CRE072,183,0.029,cb_intrinsic,acetylcholine,4,42,0.009
FB5K,CRE107,135,0.029,cb_intrinsic,glutamate,2,352,0.049
FB5T,oviIN,59,0.029,cb_intrinsic,gaba,2,53,0.031
FB5V_c,IB005,142,0.029,cb_intrinsic,gaba,2,0,
FB6G,SLP405_b,99,0.029,cb_intrinsic,acetylcholine,11,37,0.013
FB7A,SMP352,215,0.029,cb_intrinsic,acetylcholine,12,121,0.022
FB7B,CB4157,148,0.029,cb_intrinsic,glutamate,6,0,0.0
FB8H,SMP187,130,0.029,cb_intrinsic,acetylcholine,2,26,0.006
FB9A,CB4087,78,0.029,cb_intrinsic,acetylcholine,11,0,0.0
LCNOpm,LAL034,506,0.029,cb_intrinsic,acetylcholine,8,164,0.018
LNO2,PS196_a,550,0.029,cb_intrinsic,acetylcholine,2,0,0.0
SA2_a,CB1595,63,0.029,cb_intrinsic,acetylcholine,9,0,0.0
SpsP,LAL180,104,0.029,cb_intrinsic,acetylcholine,4,0,0.0
FB1A,SIP006,75,0.028,cb_intrinsic,glutamate,2,37,0.011
FB1B,SMP167,83,0.028,cb_intrinsic,unclear,12,110,0.03
FB1E_a,CB2398,91,0.028,cb_intrinsic,acetylcholine,5,0,0.0
FB2H_a,M_l2PNm14,51,0.028,cb_intrinsic,acetylcholine,2,33,0.017
FB4F_c,PLP161,208,0.028,cb_intrinsic,acetylcholine,4,0,
FB5G_c,CRE074,82,0.028,cb_intrinsic,glutamate,2,0,
FB5G_c,oviIN,82,0.028,cb_intrinsic,gaba,2,0,
FB5L,CRE107,96,0.028,cb_intrinsic,glutamate,2,123,0.025
FB5T,GNG291,57,0.028,cb_intrinsic,acetylcholine,2,0,0.0
FB5V_a,SMP471,201,0.028,cb_intrinsic,acetylcholine,2,0,
FB6A_a,SMP347,239,0.028,cb_intrinsic,acetylcholine,12,0,
FB6C_b,SIP076,232,0.028,cb_intrinsic,acetylcholine,20,16,0.003
FB6I,PRW009,101,0.028,cb_intrinsic,acetylcholine,6,0,0.0
FB6R,SMP133,83,0.028,cb_intrinsic,glutamate,10,12,0.005
FB7G,SMP743,135,0.028,cb_intrinsic,acetylcholine,4,0,0.0
FB8B,aMe8,123,0.028,visual_projection,unclear,4,85,0.022
FB8F_a,SLP405_c,134,0.028,cb_intrinsic,acetylcholine,6,44,0.011
FB8H,CB4107,127,0.028,cb_intrinsic,acetylcholine,9,0,0.0
FB9C,CB3055,70,0.028,cb_intrinsic,acetylcholine,7,0,
LCNOp,LAL043_c,186,0.028,cb_intrinsic,gaba,2,0,0.0
SAF,FB9B_d,70,0.028,cb_intrinsic,glutamate,4,62,0.027
FB1D,SLP211,104,0.027,cb_intrinsic,acetylcholine,2,74,0.026
FB1D,CB4139,102,0.027,cb_intrinsic,acetylcholine,5,0,0.0
FB3A,AN06B009,319,0.027,ascending_neuron,gaba,2,0,0.0
FB4A_a,CRE107,113,0.027,cb_intrinsic,glutamate,2,0,
FB4O,SMP146,219,0.027,cb_intrinsic,gaba,2,189,0.035
FB4X,CRE042,239,0.027,cb_intrinsic,gaba,2,209,0.025
FB5AB,CRE103,333,0.027,cb_intrinsic,acetylcholine,10,116,0.013
FB5D,SMP122,185,0.027,cb_intrinsic,glutamate,3,60,0.012
FB5G_c,SMP542,81,0.027,cb_intrinsic,glutamate,2,0,
FB5H,CRE027,224,0.027,cb_intrinsic,glutamate,4,156,0.02
FB5P,SMP180,94,0.027,cb_intrinsic,acetylcholine,2,20,0.007
FB5Q,SMP376,184,0.027,cb_intrinsic,glutamate,2,140,0.025
FB6H,SMP095,196,0.027,cb_intrinsic,glutamate,4,81,0.012
FB6N,CRE107,80,0.027,cb_intrinsic,glutamate,2,40,0.01
FB7B,SMP183,141,0.027,cb_intrinsic,acetylcholine,2,43,0.01
FB7E,SIP065,180,0.027,cb_intrinsic,glutamate,2,170,0.031
FB7F,SLP405_c,69,0.027,cb_intrinsic,acetylcholine,6,3,0.003
FB8E,CB1617,72,0.027,cb_intrinsic,glutamate,22,0,0.0
FB8H,LHPV5e2,121,0.027,cb_intrinsic,acetylcholine,2,27,0.006
FB8I,SMP743,142,0.027,cb_intrinsic,acetylcholine,4,0,0.0
SA2_a,CB4129,60,0.027,cb_intrinsic,glutamate,10,0,0.0
SA2_b,LHPV6a9_b,50,0.027,cb_intrinsic,acetylcholine,7,0,0.0
FB1A,LHPD2d2,68,0.026,cb_intrinsic,glutamate,2,36,0.011
FB1C,SMP192,346,0.026,cb_intrinsic,acetylcholine,2,118,0.013
FB4A_b,LHPD2c7,70,0.026,cb_intrinsic,glutamate,4,0,
FB4I,LAL045,64,0.026,cb_intrinsic,gaba,2,37,0.012
FB4Q_a,CRE059,68,0.026,cb_intrinsic,acetylcholine,4,96,0.029
FB4R,LAL185,176,0.026,cb_intrinsic,acetylcholine,4,24,0.006
FB4X,LHPD5f1,227,0.026,cb_intrinsic,glutamate,2,87,0.011
FB5C,OA-VPM3,163,0.026,cb_intrinsic,octopamine,2,131,0.028
FB5G_c,SIP065,77,0.026,cb_intrinsic,glutamate,2,0,
FB5P,LAL129,90,0.026,cb_intrinsic,acetylcholine,2,21,0.008
FB5V_a,LAL129,186,0.026,cb_intrinsic,acetylcholine,2,0,
FB5V_a,LAL192,182,0.026,cb_intrinsic,acetylcholine,2,0,
FB5V_c,LAL129,128,0.026,cb_intrinsic,acetylcholine,2,0,
FB5Y_a,CB1220,86,0.026,cb_intrinsic,glutamate,9,0,
FB6A_a,SMP407,219,0.026,cb_intrinsic,acetylcholine,2,0,
FB6A_b,SMP215,171,0.026,cb_intrinsic,glutamate,8,0,
FB6H,SMP743,186,0.026,cb_intrinsic,acetylcholine,4,0,0.0
FB6S,SMP399_b,110,0.026,cb_intrinsic,acetylcholine,4,0,0.0
FB6X,LAL137,65,0.026,cb_intrinsic,acetylcholine,2,65,0.027
FB6Z,CB4077,80,0.026,cb_intrinsic,acetylcholine,10,0,0.0
FB7K,SMP352,84,0.026,cb_intrinsic,acetylcholine,12,35,0.012
FB8G,SMP095,155,0.026,cb_intrinsic,glutamate,4,105,0.017
FB9A,CB1595,72,0.026,cb_intrinsic,acetylcholine,9,0,0.0
FB9A,CB1178,71,0.026,cb_intrinsic,glutamate,21,0,0.0
IbSpsP,LAL190,432,0.026,cb_intrinsic,acetylcholine,2,81,0.005
LCNOp,CRE041,172,0.026,cb_intrinsic,gaba,2,210,0.035
LNOa,LAL133_a,134,0.026,cb_intrinsic,glutamate,2,0,0.0
vDeltaA_a,FB9B_d,408,0.026,cb_intrinsic,glutamate,4,358,0.022
ER1_c,WED016,76,0.025,cb_intrinsic,acetylcholine,2,0,
ER1_c,LAL203,75,0.025,cb_intrinsic,acetylcholine,4,0,
ExR2,mALD4,280,0.025,cb_intrinsic,gaba,2,142,0.017
ExR3,LHPV5l1,381,0.025,cb_intrinsic,acetylcholine,2,306,0.018
FB1C,SIP004,330,0.025,cb_intrinsic,acetylcholine,2,120,0.014
FB2C,SMP180,122,0.025,cb_intrinsic,acetylcholine,2,51,0.006
FB4A_a,CRE025,102,0.025,cb_intrinsic,glutamate,2,0,
FB4I,CRE044,61,0.025,cb_intrinsic,gaba,8,155,0.049
FB5B,SIP071,125,0.025,cb_intrinsic,acetylcholine,6,93,0.02
FB5E,SMP376,101,0.025,cb_intrinsic,glutamate,2,66,0.014
FB5G_c,SMP541,74,0.025,cb_intrinsic,glutamate,2,0,
FB5O,SMP376,81,0.025,cb_intrinsic,glutamate,2,94,0.023
FB5P,LAL137,87,0.025,cb_intrinsic,acetylcholine,2,44,0.016
FB5Q,CRE074,173,0.025,cb_intrinsic,glutamate,2,102,0.019
FB5T,CRE075,51,0.025,cb_intrinsic,glutamate,2,27,0.016
FB5V_a,CRE059,178,0.025,cb_intrinsic,acetylcholine,4,0,
FB5V_c,LAL001,121,0.025,cb_intrinsic,glutamate,2,0,
FB5Y_a,SMP405,84,0.025,cb_intrinsic,acetylcholine,4,0,
FB5Y_a,SMP408_b,83,0.025,cb_intrinsic,acetylcholine,6,0,
FB5Z,LAL137,93,0.025,cb_intrinsic,acetylcholine,2,91,0.025
FB6A_a,SMP034,215,0.025,cb_intrinsic,glutamate,4,0,
FB6C_a,SLP340,60,0.025,cb_intrinsic,glutamate,2,28,0.014
FB6F,SMP249,91,0.025,cb_intrinsic,glutamate,2,61,0.018
FB6F,CB2814,91,0.025,cb_intrinsic,glutamate,10,0,0.0
FB6M,LAL166,163,0.025,cb_intrinsic,acetylcholine,2,44,0.012
FB6W,SMP541,72,0.025,cb_intrinsic,glutamate,2,39,0.012
FB6Z,PRW009,77,0.025,cb_intrinsic,acetylcholine,6,0,0.0
FB8F_b,LHAD1d1,154,0.025,cb_intrinsic,acetylcholine,8,54,0.013
FB8F_b,SLP024,151,0.025,cb_intrinsic,glutamate,21,0,0.0
FB8H,SMP095,114,0.025,cb_intrinsic,glutamate,4,74,0.018
FB8H,AstA1,113,0.025,cb_intrinsic,gaba,2,91,0.022
FB8I,LHPV5e2,134,0.025,cb_intrinsic,acetylcholine,2,53,0.018
FB8I,SMP082,134,0.025,cb_intrinsic,glutamate,4,45,0.015
FB9C,CB4087,64,0.025,cb_intrinsic,acetylcholine,11,0,
LCNOpm,LAL145,430,0.025,cb_intrinsic,acetylcholine,4,194,0.022
LNO2,LAL123,479,0.025,cb_intrinsic,unclear,2,6,0.001
PFR_b,LAL002,640,0.025,cb_intrinsic,glutamate,2,201,0.007
ER1_c,CB1599,73,0.024,cb_intrinsic,acetylcholine,3,0,
ER1_c,LAL047,72,0.024,cb_intrinsic,gaba,2,0,
ER3a_c,LAL203,103,0.024,cb_intrinsic,acetylcholine,4,11,0.003
ExR4,LAL184,489,0.024,cb_intrinsic,acetylcholine,2,219,0.018
FB1B,CB4023,71,0.024,cb_intrinsic,acetylcholine,9,0,0.0
FB2M_a,PLP026,107,0.024,cb_intrinsic,gaba,8,0,
FB4C,SMP374,281,0.024,cb_intrinsic,glutamate,4,141,0.013
FB4D_a,CRE066,63,0.024,cb_intrinsic,acetylcholine,4,0,
FB4E_b,CL236,78,0.024,cb_intrinsic,acetylcholine,2,0,
FB4F_a,LAL147_a,128,0.024,cb_intrinsic,glutamate,4,0,0.0
FB4F_b,CRE070,58,0.024,cb_intrinsic,acetylcholine,2,15,0.005
FB5H,SMP238,202,0.024,cb_intrinsic,acetylcholine,2,63,0.008
FB5H,SMP165,201,0.024,cb_intrinsic,glutamate,2,4,0.001
FB5L,SMP184,80,0.024,cb_intrinsic,acetylcholine,2,83,0.017
FB5Q,SMP185,166,0.024,cb_intrinsic,acetylcholine,2,124,0.022
FB5Q,PLP246,162,0.024,cb_intrinsic,acetylcholine,2,88,0.016
FB5Y_b,PLP026,78,0.024,cb_intrinsic,gaba,8,0,
FB6B,CB2572,70,0.024,cb_intrinsic,acetylcholine,9,0,0.0
FB6G,SIP076,81,0.024,cb_intrinsic,acetylcholine,20,9,0.003
FB6M,PLP101,158,0.024,cb_intrinsic,acetylcholine,7,18,0.005
FB6S,SIP019,102,0.024,cb_intrinsic,acetylcholine,2,15,0.006
FB6T,LHPD2d2,85,0.024,cb_intrinsic,glutamate,2,27,0.009
FB8F_b,SLP149,144,0.024,cb_intrinsic,acetylcholine,2,99,0.024
FB9C,FB9B_a,60,0.024,cb_intrinsic,glutamate,4,0,
FC3_b,FB5V_b,251,0.024,cb_intrinsic,glutamate,6,0,
FS4C,SLP414,158,0.024,cb_intrinsic,glutamate,11,56,0.01
IbSpsP,PLP231,404,0.024,cb_intrinsic,acetylcholine,4,306,0.021
LCNOp,DNpe027,162,0.024,descending_neuron,acetylcholine,2,0,0.0
LNO2,LAL203,458,0.024,cb_intrinsic,acetylcholine,4,205,0.018
hDeltaD,FB9B_d,506,0.024,cb_intrinsic,glutamate,4,392,0.021
ER4d,TuBu08,1305,0.023,cb_intrinsic,acetylcholine,21,1000,0.021
FB2K,LAL175,173,0.023,cb_intrinsic,acetylcholine,4,60,0.011
FB4K,CRE027,187,0.023,cb_intrinsic,glutamate,4,42,0.006
FB4L,LAL139,218,0.023,cb_intrinsic,gaba,2,52,0.01
FB4M,SIP064,468,0.023,cb_intrinsic,acetylcholine,2,119,0.009
FB4Q_c,CRE018,82,0.023,cb_intrinsic,acetylcholine,8,0,
FB5C,CRE105,143,0.023,cb_intrinsic,acetylcholine,2,65,0.014
FB5V_a,LAL001,163,0.023,cb_intrinsic,glutamate,2,0,
FB5V_c,CRE007,110,0.023,cb_intrinsic,glutamate,2,0,
FB5Z,SMP185,85,0.023,cb_intrinsic,acetylcholine,2,47,0.013
FB5Z,CRE105,84,0.023,cb_intrinsic,acetylcholine,2,45,0.012
FB6A_a,SMP250,193,0.023,cb_intrinsic,glutamate,2,0,
FB6C_a,CB2754,56,0.023,cb_intrinsic,acetylcholine,4,0,0.0
FB6T,MBON06,83,0.023,cb_intrinsic,glutamate,2,43,0.015
FB7C,SMP167,67,0.023,cb_intrinsic,unclear,12,31,0.014
FB7K,CB3050,76,0.023,cb_intrinsic,acetylcholine,7,0,0.0
FB7L,BiT,184,0.023,cb_intrinsic,acetylcholine,2,0,0.0
FB7L,SMP505,181,0.023,cb_intrinsic,acetylcholine,2,56,0.009
IbSpsP,CL339,380,0.023,cb_intrinsic,acetylcholine,2,0,0.0
LCNOpm,LAL052,395,0.023,cb_intrinsic,glutamate,2,167,0.019
LNO1,LAL176,251,0.023,cb_intrinsic,acetylcholine,2,77,0.012
SpsP,AN06B039,82,0.023,ascending_neuron,gaba,7,0,0.0
SpsP,Nod3,81,0.023,visual_projection,acetylcholine,2,0,0.0
ER1_a,WED016,208,0.022,cb_intrinsic,acetylcholine,2,86,0.01
ER1_b,CB1339,255,0.022,cb_intrinsic,acetylcholine,10,0,0.0
ER3a_c,SMP183,94,0.022,cb_intrinsic,acetylcholine,2,26,0.008
ExR1,TuBu07,1224,0.022,cb_intrinsic,acetylcholine,21,396,0.01
ExR3,SMP192,336,0.022,cb_intrinsic,acetylcholine,2,221,0.013
ExR3,PLP032,325,0.022,cb_intrinsic,acetylcholine,2,116,0.007
FB1B,SLP414,65,0.022,cb_intrinsic,glutamate,11,93,0.026
FB1G,SMP192,158,0.022,cb_intrinsic,acetylcholine,2,93,0.016
FB1G,SIP018,157,0.022,cb_intrinsic,glutamate,2,58,0.01
FB1G,LHPV10d1,156,0.022,cb_intrinsic,acetylcholine,2,119,0.021
FB2F_d,SIP003_a,72,0.022,cb_intrinsic,acetylcholine,8,0,
FB2M_a,CB3056,100,0.022,cb_intrinsic,glutamate,6,0,
FB4D_c,CRE066,57,0.022,cb_intrinsic,acetylcholine,4,0,
FB4H,MBON34,135,0.022,cb_intrinsic,glutamate,2,104,0.015
FB4H,PLP161,134,0.022,cb_intrinsic,acetylcholine,4,53,0.008
FB4H,CRE059,130,0.022,cb_intrinsic,acetylcholine,4,142,0.021
FB4K,CRE107,177,0.022,cb_intrinsic,glutamate,2,129,0.019
FB4L,WED009,215,0.022,cb_intrinsic,acetylcholine,6,48,0.01
FB4Q_a,CRE005,57,0.022,cb_intrinsic,acetylcholine,4,33,0.01
FB4X,CRE049,198,0.022,cb_intrinsic,acetylcholine,2,78,0.009
FB5D,SMP124,153,0.022,cb_intrinsic,glutamate,4,73,0.014
FB5G_a,SMP566,107,0.022,cb_intrinsic,acetylcholine,6,0,
FB5V_a,CL129,160,0.022,cb_intrinsic,acetylcholine,2,0,
FB5V_a,PPL108,158,0.022,cb_intrinsic,dopamine,2,0,
FB5V_c,LAL123,107,0.022,cb_intrinsic,unclear,2,0,
FB6C_a,SLP405_a,52,0.022,cb_intrinsic,acetylcholine,13,6,0.003
FB6H,SMP188,156,0.022,cb_intrinsic,acetylcholine,2,90,0.014
FB6W,CRE025,66,0.022,cb_intrinsic,glutamate,2,43,0.014
FB6Z,SLP031,66,0.022,cb_intrinsic,acetylcholine,2,16,0.006
FB7F,SLP024,58,0.022,cb_intrinsic,glutamate,21,0,0.0
ER3a_c,LHPV6q1,90,0.021,cb_intrinsic,unclear,2,38,0.012
ExR3,WED184,312,0.021,cb_intrinsic,gaba,2,0,0.0
ExR3,LAL190,309,0.021,cb_intrinsic,acetylcholine,2,39,0.002
FB1E_a,CB4198,67,0.021,cb_intrinsic,glutamate,4,0,0.0
FB2A,OA-VPM3,212,0.021,cb_intrinsic,octopamine,2,329,0.043
FB2K,CB2784,158,0.021,cb_intrinsic,gaba,8,0,0.0
FB4E_a,CL236,90,0.021,cb_intrinsic,acetylcholine,2,0,
FB4F_b,CRE004,51,0.021,cb_intrinsic,acetylcholine,2,33,0.011
FB4G,CRE004,128,0.021,cb_intrinsic,acetylcholine,2,49,0.007
FB4H,CRE042,128,0.021,cb_intrinsic,gaba,2,142,0.021
FB4M,CRE059,415,0.021,cb_intrinsic,acetylcholine,4,213,0.016
FB4N,SMP010,260,0.021,cb_intrinsic,glutamate,2,165,0.014
FB4O,MBON22,175,0.021,cb_intrinsic,acetylcholine,2,115,0.021
FB4P_b,MBON21,96,0.021,cb_intrinsic,acetylcholine,2,358,0.031
FB4P_c,CRE059,77,0.021,cb_intrinsic,acetylcholine,4,0,
FB5AA,CRE105,102,0.021,cb_intrinsic,acetylcholine,2,64,0.014
FB5B,M_lvPNm25,107,0.021,cb_intrinsic,acetylcholine,4,58,0.012
FB5G_c,SMP376,61,0.021,cb_intrinsic,glutamate,2,0,
FB5L,CRE042,70,0.021,cb_intrinsic,gaba,2,125,0.025
FB5O,SMP541,69,0.021,cb_intrinsic,glutamate,2,80,0.02
FB5V_a,LAL137,151,0.021,cb_intrinsic,acetylcholine,2,0,
FB5V_c,CRE006,103,0.021,cb_intrinsic,glutamate,2,0,
FB5V_c,LAL101,101,0.021,cb_intrinsic,gaba,2,0,
FB5Y_a,CRE093,72,0.021,cb_intrinsic,acetylcholine,4,0,
FB5Y_a,PLP026,71,0.021,cb_intrinsic,gaba,8,0,
FB6F,SMP184,76,0.021,cb_intrinsic,acetylcholine,2,50,0.015
FB6M,WED006,141,0.021,cb_intrinsic,gaba,2,31,0.009
FB6R,SMP136,63,0.021,cb_intrinsic,glutamate,2,35,0.014
FB6V,CRE105,100,0.021,cb_intrinsic,acetylcholine,2,73,0.017
FB7A,SLP405_c,159,0.021,cb_intrinsic,acetylcholine,6,48,0.009
FB7F,SIP046,54,0.021,cb_intrinsic,glutamate,2,48,0.047
FB8F_a,CB1073,100,0.021,cb_intrinsic,acetylcholine,6,0,0.0
FB8F_b,CB2298,129,0.021,cb_intrinsic,glutamate,5,0,0.0
FB8F_b,CB4122,128,0.021,cb_intrinsic,glutamate,10,0,0.0
FB8I,SLP372,111,0.021,cb_intrinsic,acetylcholine,4,39,0.013
FB9A,CB1333,56,0.021,cb_intrinsic,acetylcholine,10,0,0.0
FS1A_c,SMP371_b,206,0.021,cb_intrinsic,glutamate,2,0,
IbSpsP,CB4106,351,0.021,cb_intrinsic,acetylcholine,6,0,0.0
LNO1,LAL177,233,0.021,cb_intrinsic,acetylcholine,2,58,0.009
ER1_a,LAL047,194,0.02,cb_intrinsic,gaba,2,84,0.01
ExR3,SIP076,300,0.02,cb_intrinsic,acetylcholine,20,96,0.006
FB1E_a,SIP051,63,0.02,cb_intrinsic,acetylcholine,2,50,0.023
FB2C,SMP012,97,0.02,cb_intrinsic,glutamate,4,90,0.011
FB2F_a,LHPV4m1,138,0.02,cb_intrinsic,acetylcholine,2,51,0.009
FB2I_a,ATL013,230,0.02,cb_intrinsic,acetylcholine,4,170,0.014
FB2L,SMP012,70,0.02,cb_intrinsic,glutamate,4,21,0.008
FB4F_c,CRE004,149,0.02,cb_intrinsic,acetylcholine,2,0,
FB4H,SMP184,120,0.02,cb_intrinsic,acetylcholine,2,104,0.015
FB4K,SMP179,159,0.02,cb_intrinsic,acetylcholine,2,5,0.001
FB4P_b,SMP006,90,0.02,cb_intrinsic,acetylcholine,9,79,0.007
FB4P_c,SMP152,76,0.02,cb_intrinsic,acetylcholine,2,0,
FB4R,CRE049,135,0.02,cb_intrinsic,acetylcholine,2,30,0.007
FB4X,CRE107,176,0.02,cb_intrinsic,glutamate,2,198,0.024
FB5F,PLP246,71,0.02,cb_intrinsic,acetylcholine,2,54,0.017
FB5G_a,CB3614,96,0.02,cb_intrinsic,acetylcholine,4,0,
FB5H,LAL110,169,0.02,cb_intrinsic,acetylcholine,10,77,0.01
FB5N,PPL102,110,0.02,cb_intrinsic,dopamine,2,68,0.02
FB5Q,SMP151,136,0.02,cb_intrinsic,gaba,4,121,0.022
FB5V_a,IB005,140,0.02,cb_intrinsic,gaba,2,0,
FB5X,oviIN,191,0.02,cb_intrinsic,gaba,2,221,0.024
FB5Y_a,SMP136,66,0.02,cb_intrinsic,glutamate,2,0,
FB5Y_b,SMP408_b,67,0.02,cb_intrinsic,acetylcholine,6,0,
FB6B,SIP067,57,0.02,cb_intrinsic,acetylcholine,2,56,0.011
FB6D,PRW009,126,0.02,cb_intrinsic,acetylcholine,6,0,0.0
FB6M,SIP019,131,0.02,cb_intrinsic,acetylcholine,2,17,0.005
FB6S,LHPD2d1,86,0.02,cb_intrinsic,glutamate,2,24,0.009
FB6S,CRE083,85,0.02,cb_intrinsic,acetylcholine,6,63,0.023
FB6T,SLP075,71,0.02,cb_intrinsic,glutamate,2,14,0.005
FB7A,SLP347,147,0.02,cb_intrinsic,glutamate,4,19,0.003
FB7E,CRE074,130,0.02,cb_intrinsic,glutamate,2,57,0.01
FB7F,SIP026,51,0.02,cb_intrinsic,glutamate,2,2,0.002
FB7K,CB4139,67,0.02,cb_intrinsic,acetylcholine,5,0,0.0
FB7K,LHPV5e2,66,0.02,cb_intrinsic,acetylcholine,2,30,0.01
FB7L,AstA1,160,0.02,cb_intrinsic,gaba,2,81,0.014
FB8B,MeVP31,87,0.02,visual_projection,acetylcholine,2,0,0.0
FB8C,SMP169,96,0.02,cb_intrinsic,acetylcholine,2,76,0.015
FB8F_a,MBON23,96,0.02,cb_intrinsic,acetylcholine,2,42,0.01
FB8F_a,SIP026,95,0.02,cb_intrinsic,glutamate,2,33,0.008
FB8I,SMP535,104,0.02,cb_intrinsic,glutamate,4,13,0.004
FC3_a,FB5V_b,205,0.02,cb_intrinsic,glutamate,6,0,
LCNOpm,SMP184,352,0.02,cb_intrinsic,acetylcholine,2,132,0.015
hDeltaD,FB9B_b,430,0.02,cb_intrinsic,glutamate,4,229,0.012
ExR1,TuBu01,1046,0.019,cb_intrinsic,acetylcholine,10,486,0.013
ExR3,WED009,281,0.019,cb_intrinsic,acetylcholine,6,121,0.007
FB1E_a,SIP029,61,0.019,cb_intrinsic,acetylcholine,2,24,0.011
FB2E,aMe26,71,0.019,visual_projection,acetylcholine,6,33,0.008
FB2F_d,CB4198,63,0.019,cb_intrinsic,glutamate,4,0,
FB2F_d,LHPD2a4_a,63,0.019,cb_intrinsic,acetylcholine,8,0,
FB2K,LAL075,142,0.019,cb_intrinsic,glutamate,2,67,0.012
FB4E_a,LAL196,82,0.019,cb_intrinsic,acetylcholine,6,0,
FB4G,CRE023,112,0.019,cb_intrinsic,glutamate,2,115,0.016
FB4H,AN19B019,113,0.019,ascending_neuron,acetylcholine,2,0,0.0
FB4H,CL303,112,0.019,cb_intrinsic,acetylcholine,2,62,0.009
FB4J,CRE070,50,0.019,cb_intrinsic,acetylcholine,2,52,0.016
FB4K,CRE060,152,0.019,cb_intrinsic,acetylcholine,2,63,0.009
FB4L,PLP037,179,0.019,cb_intrinsic,glutamate,9,27,0.005
FB4L,LAL205,178,0.019,cb_intrinsic,gaba,2,0,0.0
FB4M,AN19B019,385,0.019,ascending_neuron,acetylcholine,2,0,0.0
FB4N,SMP117_a,235,0.019,cb_intrinsic,glutamate,2,124,0.011
FB4O,SIP128m,159,0.019,cb_intrinsic,acetylcholine,5,0,0.0
FB4O,MBON29,159,0.019,cb_intrinsic,acetylcholine,2,58,0.011
FB5AB,CB1434,230,0.019,cb_intrinsic,glutamate,6,0,0.0
FB5AB,MBON13,227,0.019,cb_intrinsic,acetylcholine,2,136,0.015
FB5B,SMP126,95,0.019,cb_intrinsic,glutamate,2,41,0.009
FB5G_a,CB1897,93,0.019,cb_intrinsic,acetylcholine,8,0,
FB5J,LHPD2c7,52,0.019,cb_intrinsic,glutamate,4,12,0.004
FB5P,AN19B019,66,0.019,ascending_neuron,acetylcholine,2,0,0.0
FB5V_a,LAL147_b,137,0.019,cb_intrinsic,glutamate,2,0,
FB5V_c,CRE028,94,0.019,cb_intrinsic,glutamate,6,0,
FB5W_a,SMP376,80,0.019,cb_intrinsic,glutamate,2,0,
FB6A_a,SLP340,158,0.019,cb_intrinsic,glutamate,2,0,
FB6C_b,CB2754,161,0.019,cb_intrinsic,acetylcholine,4,0,0.0
FB6F,LHPV6m1,69,0.019,cb_intrinsic,glutamate,2,34,0.01
FB6F,SMP272,69,0.019,cb_intrinsic,acetylcholine,2,48,0.014
FB6M,CB1322,126,0.019,cb_intrinsic,acetylcholine,10,0,0.0
FB6O,LHPV5g2,63,0.019,cb_intrinsic,acetylcholine,6,17,0.005
FB6R,SMP377,57,0.019,cb_intrinsic,acetylcholine,15,2,0.001
FB6T,CB2398,67,0.019,cb_intrinsic,acetylcholine,5,0,0.0
FB6T,LHAD1d1,67,0.019,cb_intrinsic,acetylcholine,8,36,0.013
FB6T,SLP024,66,0.019,cb_intrinsic,glutamate,21,0,0.0
FB6Z,SMP352,58,0.019,cb_intrinsic,acetylcholine,12,16,0.006
FB7K,SLP405_a,61,0.019,cb_intrinsic,acetylcholine,13,2,0.001
FB7L,SMP379,156,0.019,cb_intrinsic,acetylcholine,2,42,0.007
FB7L,CB3541,153,0.019,cb_intrinsic,acetylcholine,4,0,0.0
FB8G,SMP379,114,0.019,cb_intrinsic,acetylcholine,2,62,0.01
FB8I,SMP505,99,0.019,cb_intrinsic,acetylcholine,2,92,0.031
LNO2,PLP078,363,0.019,cb_intrinsic,glutamate,2,184,0.016
SpsP,WED075,68,0.019,cb_intrinsic,gaba,2,0,0.0
ER1_a,CB1599,171,0.018,cb_intrinsic,acetylcholine,3,0,0.0
ER1_c,WED181,54,0.018,cb_intrinsic,acetylcholine,2,0,
FB1D,M_vPNml53,69,0.018,cb_intrinsic,gaba,12,45,0.016
FB2A,LHPV5g1_a,181,0.018,cb_intrinsic,acetylcholine,5,76,0.01
FB2F_b,CB1220,53,0.018,cb_intrinsic,glutamate,9,0,0.0
FB2F_d,SMP568_d,60,0.018,cb_intrinsic,acetylcholine,3,0,
FB4E_b,SMP109,57,0.018,cb_intrinsic,acetylcholine,2,0,
FB4H,CB1287,108,0.018,cb_intrinsic,glutamate,2,0,0.0
FB4H,CRE004,106,0.018,cb_intrinsic,acetylcholine,2,58,0.009
FB4L,MeTu4c,174,0.018,visual_projection,acetylcholine,87,0,0.0
FB4L,LPT31,173,0.018,visual_projection,acetylcholine,8,0,0.0
FB4O,SMP152,148,0.018,cb_intrinsic,acetylcholine,2,47,0.009
FB4P_a,CRE106,151,0.018,cb_intrinsic,acetylcholine,4,116,0.011
FB4X,CRE071,161,0.018,cb_intrinsic,acetylcholine,2,48,0.006
FB5AB,LHPV5e1,224,0.018,cb_intrinsic,acetylcholine,2,156,0.017
FB5D,OA-VPM3,125,0.018,cb_intrinsic,octopamine,2,149,0.029
FB5E,CRE025,73,0.018,cb_intrinsic,glutamate,2,30,0.007
FB5F,SMP185,65,0.018,cb_intrinsic,acetylcholine,2,54,0.017
FB5F,mALD1,62,0.018,cb_intrinsic,gaba,2,32,0.01
FB5G_a,SMP188,86,0.018,cb_intrinsic,acetylcholine,2,0,
FB5G_c,SMP151,53,0.018,cb_intrinsic,gaba,4,0,
FB5G_c,SMP566,53,0.018,cb_intrinsic,acetylcholine,6,0,
FB5L,SMP011_b,60,0.018,cb_intrinsic,glutamate,2,0,0.0
FB5R,FB5V_b,55,0.018,cb_intrinsic,glutamate,6,0,0.0
FB5Y_a,SMP399_b,60,0.018,cb_intrinsic,acetylcholine,4,0,
FB5Z,SMP376,66,0.018,cb_intrinsic,glutamate,2,56,0.015
FB6F,CB3541,65,0.018,cb_intrinsic,acetylcholine,4,0,0.0
FB6I,SLP405_b,64,0.018,cb_intrinsic,acetylcholine,11,3,0.001
FB6K,SMP347,98,0.018,cb_intrinsic,acetylcholine,12,52,0.009
FB6M,WED153,119,0.018,cb_intrinsic,acetylcholine,6,25,0.007
FB6N,SMP184,54,0.018,cb_intrinsic,acetylcholine,2,80,0.02
FB6N,SMP011_b,53,0.018,cb_intrinsic,glutamate,2,0,0.0
FB6S,SMP125,77,0.018,cb_intrinsic,glutamate,2,36,0.013
FB6T,CB4122,65,0.018,cb_intrinsic,glutamate,10,0,0.0
FB7K,CB1884,60,0.018,cb_intrinsic,glutamate,7,0,0.0
FB7K,SLP268,58,0.018,cb_intrinsic,glutamate,11,36,0.012
FB7L,CB4022,146,0.018,cb_intrinsic,acetylcholine,4,0,0.0
FB7L,PRW002,146,0.018,cb_intrinsic,glutamate,2,0,0.0
FB7L,CB4157,142,0.018,cb_intrinsic,glutamate,6,0,0.0
FB8F_b,SLP273,106,0.018,cb_intrinsic,acetylcholine,2,39,0.009
FR2,FB5V_b,94,0.018,cb_intrinsic,glutamate,6,0,0.0
LNO1,LAL109,198,0.018,cb_intrinsic,gaba,4,41,0.006
LNO2,LAL168,355,0.018,cb_intrinsic,acetylcholine,2,151,0.013
LNO2,LAL124,352,0.018,cb_intrinsic,glutamate,2,226,0.02
LNO2,LAL143,351,0.018,cb_intrinsic,gaba,2,143,0.013
vDeltaA_a,FB9B_a,279,0.018,cb_intrinsic,glutamate,4,224,0.014
FB1B,SLP347,51,0.017,cb_intrinsic,glutamate,4,11,0.003
FB1C,AVLP705m,230,0.017,cb_intrinsic,acetylcholine,9,0,0.0
FB1C,CRE067,224,0.017,cb_intrinsic,acetylcholine,6,42,0.005
FB1H,CRE024,225,0.017,cb_intrinsic,acetylcholine,2,356,0.022
FB2G_b,SIP086,110,0.017,cb_intrinsic,glutamate,2,57,0.015
FB2G_b,CB2814,107,0.017,cb_intrinsic,glutamate,10,0,0.0
FB3A,PS196_b,195,0.017,cb_intrinsic,acetylcholine,2,0,0.0
FB3A,PS263,193,0.017,cb_intrinsic,acetylcholine,4,83,0.01
FB4E_a,SMP376,76,0.017,cb_intrinsic,glutamate,2,0,
FB4E_b,AVLP562,53,0.017,cb_intrinsic,acetylcholine,2,0,
FB4E_b,CRE022,53,0.017,cb_intrinsic,glutamate,2,0,
FB4F_a,IB005,92,0.017,cb_intrinsic,gaba,2,75,0.005
FB4M,WED184,343,0.017,cb_intrinsic,gaba,2,0,0.0
FB4M,WED009,340,0.017,cb_intrinsic,acetylcholine,6,23,0.002
FB4P_a,SMP122,143,0.017,cb_intrinsic,glutamate,3,108,0.01
FB4P_b,PLP162,80,0.017,cb_intrinsic,acetylcholine,4,64,0.005
FB4R,CRE070,114,0.017,cb_intrinsic,acetylcholine,2,22,0.005
FB5AA,OA-VPM3,82,0.017,cb_intrinsic,octopamine,2,150,0.034
FB5AB,SMP568_d,214,0.017,cb_intrinsic,acetylcholine,3,90,0.01
FB5AB,SIP029,206,0.017,cb_intrinsic,acetylcholine,2,176,0.019
FB5F,CRE076,59,0.017,cb_intrinsic,acetylcholine,2,44,0.014
FB5H,LAL154,144,0.017,cb_intrinsic,acetylcholine,2,108,0.014
FB5I,SMP011_b,126,0.017,cb_intrinsic,glutamate,2,0,0.0
FB5N,SMP381_b,96,0.017,cb_intrinsic,acetylcholine,4,0,0.0
FB5P,CRE076,61,0.017,cb_intrinsic,acetylcholine,2,41,0.015
FB5P,SMP577,59,0.017,cb_intrinsic,acetylcholine,2,32,0.012
FB5Q,SMP189,115,0.017,cb_intrinsic,acetylcholine,2,67,0.012
FB5V_a,LAL191,124,0.017,cb_intrinsic,acetylcholine,2,0,
FB5V_c,LAL196,81,0.017,cb_intrinsic,acetylcholine,6,0,
FB5Y_b,CRE093,56,0.017,cb_intrinsic,acetylcholine,4,0,
FB5Y_b,SMP405,56,0.017,cb_intrinsic,acetylcholine,4,0,
FB6A_b,SMP350,112,0.017,cb_intrinsic,acetylcholine,7,0,
FB6G,SLP405_a,59,0.017,cb_intrinsic,acetylcholine,13,5,0.002
FB6I,CB4077,61,0.017,cb_intrinsic,acetylcholine,10,0,0.0
FB6S,CB2937,74,0.017,cb_intrinsic,glutamate,5,0,0.0
FB6S,CB1841,72,0.017,cb_intrinsic,acetylcholine,4,0,0.0
FB6S,SMP399_a,71,0.017,cb_intrinsic,acetylcholine,2,0,0.0
FB6T,SLP204,59,0.017,cb_intrinsic,glutamate,7,4,0.001
FB6V,CRE025,83,0.017,cb_intrinsic,glutamate,2,46,0.011
FB6Z,SMP086,51,0.017,cb_intrinsic,glutamate,4,11,0.004
FB7B,SMP187,89,0.017,cb_intrinsic,acetylcholine,2,16,0.004
FB7E,CB2638,115,0.017,cb_intrinsic,acetylcholine,6,0,0.0
FB8C,AVLP594,83,0.017,cb_intrinsic,unclear,2,17,0.003
FB8F_a,CB4123,81,0.017,cb_intrinsic,glutamate,7,0,0.0
FB8F_b,SLP441,100,0.017,cb_intrinsic,acetylcholine,2,80,0.019
FS4A,CB2517,245,0.017,cb_intrinsic,glutamate,3,0,0.0
LCNOpm,LAL051,306,0.017,cb_intrinsic,glutamate,2,122,0.014
LCNOpm,PVLP138,290,0.017,cb_intrinsic,acetylcholine,2,0,0.0
ER1_a,CB2713,156,0.016,cb_intrinsic,acetylcholine,4,0,0.0
ER1_b,WEDPN16_d,186,0.016,cb_intrinsic,acetylcholine,6,60,0.007
ER3a_c,LAL047,69,0.016,cb_intrinsic,gaba,2,15,0.005
ExR5,MeVPMe6,197,0.016,visual_projection,glutamate,2,0,0.0
FB1C,MBON05,208,0.016,cb_intrinsic,glutamate,2,51,0.006
FB1D,DNpe053,61,0.016,descending_neuron,acetylcholine,2,0,0.0
FB2C,SMP188,81,0.016,cb_intrinsic,acetylcholine,2,78,0.009
FB2K,LAL076,120,0.016,cb_intrinsic,glutamate,2,59,0.011
FB4A_a,MBON04,66,0.016,cb_intrinsic,glutamate,2,0,
FB4A_a,LHPD2c7,64,0.016,cb_intrinsic,glutamate,4,0,
FB4E_a,SMP109,69,0.016,cb_intrinsic,acetylcholine,2,0,
FB4F_a,CRE044,88,0.016,cb_intrinsic,gaba,8,159,0.012
FB4F_a,CRE005,84,0.016,cb_intrinsic,acetylcholine,4,81,0.006
FB4M,SMP048,313,0.016,cb_intrinsic,acetylcholine,2,96,0.007
FB4O,LHPD2c7,127,0.016,cb_intrinsic,glutamate,4,51,0.009
FB4P_a,SMP123,138,0.016,cb_intrinsic,glutamate,4,129,0.013
FB5A,SMP192,379,0.016,cb_intrinsic,acetylcholine,2,122,0.006
FB5AA,CRE025,77,0.016,cb_intrinsic,glutamate,2,39,0.009
FB5C,CRE050,103,0.016,cb_intrinsic,glutamate,2,48,0.01
FB5D,SMP471,111,0.016,cb_intrinsic,acetylcholine,2,44,0.008
FB5F,SMP507,57,0.016,cb_intrinsic,acetylcholine,2,46,0.014
FB5V_a,CRE023,115,0.016,cb_intrinsic,glutamate,2,0,
FB5X,PLP246,153,0.016,cb_intrinsic,acetylcholine,2,136,0.015
FB5Y_b,SIP067,51,0.016,cb_intrinsic,acetylcholine,2,0,
FB6A_a,CB4110,136,0.016,cb_intrinsic,acetylcholine,14,0,
FB6F,SLP355,59,0.016,cb_intrinsic,acetylcholine,2,40,0.012
FB6G,SLP396,55,0.016,cb_intrinsic,acetylcholine,4,20,0.007
FB6M,SIP076,103,0.016,cb_intrinsic,acetylcholine,20,8,0.002
FB6U,SIP029,117,0.016,cb_intrinsic,acetylcholine,2,61,0.009
FB7B,SLP347,81,0.016,cb_intrinsic,glutamate,4,21,0.005
FB7I,SIP029,121,0.016,cb_intrinsic,acetylcholine,2,76,0.011
FB7L,CB4023,132,0.016,cb_intrinsic,acetylcholine,9,0,0.0
FB7L,SMP095,130,0.016,cb_intrinsic,glutamate,4,26,0.004
FB7L,SMP535,125,0.016,cb_intrinsic,glutamate,4,59,0.01
FB8F_b,SMP235,95,0.016,cb_intrinsic,glutamate,2,9,0.002
FB8F_b,SLP470,94,0.016,cb_intrinsic,acetylcholine,2,0,0.0
FB8I,SIP065,87,0.016,cb_intrinsic,glutamate,2,33,0.011
LCNOp,CRE039,105,0.016,cb_intrinsic,glutamate,8,53,0.009
LCNOp,LAL043_b,105,0.016,cb_intrinsic,unclear,2,0,0.0
LCNOpm,LAL300m,284,0.016,cb_intrinsic,acetylcholine,4,0,0.0
LCNOpm,LAL175,279,0.016,cb_intrinsic,acetylcholine,4,56,0.006
LNO1,LAL051,177,0.016,cb_intrinsic,glutamate,2,42,0.007
LNO1,LAL127,170,0.016,cb_intrinsic,gaba,4,53,0.008
LNO2,LAL014,300,0.016,cb_intrinsic,acetylcholine,2,88,0.008
LNOa,LAL133_b,84,0.016,cb_intrinsic,glutamate,2,0,0.0
PFNv,OA-VPM3,321,0.016,cb_intrinsic,octopamine,2,305,0.015
SpsP,CB3140,59,0.016,cb_intrinsic,acetylcholine,6,0,0.0
hDeltaA,FB5V_b,810,0.016,cb_intrinsic,glutamate,6,0,0.0
hDeltaI,FB5V_b,609,0.016,cb_intrinsic,glutamate,6,0,0.0
ER1_b,LHPV6q1,169,0.015,cb_intrinsic,unclear,2,142,0.018
ER3a_b,LAL138,86,0.015,cb_intrinsic,gaba,2,29,0.011
ER3a_c,CB4112,66,0.015,cb_intrinsic,glutamate,11,0,0.0
ExR3,ATL021,232,0.015,cb_intrinsic,glutamate,2,146,0.009
FB1C,SMP178,193,0.015,cb_intrinsic,acetylcholine,2,57,0.006
FB2C,SMP374,75,0.015,cb_intrinsic,glutamate,4,54,0.007
FB2E,WED092,57,0.015,cb_intrinsic,acetylcholine,10,51,0.012
FB3A,WED128,171,0.015,cb_intrinsic,acetylcholine,8,50,0.006
FB4A_a,SMP089,61,0.015,cb_intrinsic,glutamate,4,0,
FB4E_a,AVLP562,65,0.015,cb_intrinsic,acetylcholine,2,0,
FB4L,OA-VPM3,147,0.015,cb_intrinsic,octopamine,2,134,0.027
FB4L,WEDPN7A,144,0.015,cb_intrinsic,acetylcholine,7,18,0.004
FB4L,PLP032,144,0.015,cb_intrinsic,acetylcholine,2,16,0.003
FB4L,AOTU045,141,0.015,visual_projection,glutamate,2,11,0.002
FB4N,SIP064,180,0.015,cb_intrinsic,acetylcholine,2,132,0.011
FB4P_c,CRE049,56,0.015,cb_intrinsic,acetylcholine,2,0,
FB4Q_c,LHPD5f1,52,0.015,cb_intrinsic,glutamate,2,0,
FB5AB,LHPV4m1,189,0.015,cb_intrinsic,acetylcholine,2,71,0.008
FB5AB,SMP568_b,181,0.015,cb_intrinsic,acetylcholine,6,26,0.003
FB5B,SIP090,75,0.015,cb_intrinsic,acetylcholine,1,45,0.009
FB5G_a,SMP190,73,0.015,cb_intrinsic,acetylcholine,2,0,
FB5G_a,oviIN,72,0.015,cb_intrinsic,gaba,2,0,
FB5H,SMP179,121,0.015,cb_intrinsic,acetylcholine,2,6,0.001
FB5I,SMP011_a,109,0.015,cb_intrinsic,glutamate,2,0,0.0
FB5P,SMP154,51,0.015,cb_intrinsic,acetylcholine,2,24,0.009
FB5Q,SMP577,103,0.015,cb_intrinsic,acetylcholine,2,67,0.012
FB5V_a,CRE022,109,0.015,cb_intrinsic,glutamate,2,0,
FB5X,SMP010,141,0.015,cb_intrinsic,glutamate,2,54,0.006
FB5X,LAL154,139,0.015,cb_intrinsic,acetylcholine,2,119,0.013
FB5Z,CRE078,57,0.015,cb_intrinsic,acetylcholine,4,20,0.006
FB6A_b,SMP086,101,0.015,cb_intrinsic,glutamate,4,0,
FB6E,SMP504,58,0.015,cb_intrinsic,acetylcholine,2,83,0.019
FB6F,SMP243,55,0.015,cb_intrinsic,acetylcholine,8,14,0.004
FB6F,SLP074,55,0.015,cb_intrinsic,acetylcholine,2,44,0.013
FB6H,SMP535,107,0.015,cb_intrinsic,glutamate,4,32,0.005
FB7E,LAL137,102,0.015,cb_intrinsic,acetylcholine,2,69,0.012
FB7E,SMP535,96,0.015,cb_intrinsic,glutamate,4,20,0.004
FB8F_a,CB2955,73,0.015,cb_intrinsic,glutamate,6,0,0.0
FB8F_a,SLP470,72,0.015,cb_intrinsic,acetylcholine,2,0,0.0
FB8F_a,SLP259,71,0.015,cb_intrinsic,glutamate,4,85,0.021
FB8H,BiT,69,0.015,cb_intrinsic,acetylcholine,2,0,0.0
FS1A_b,SMP371_b,117,0.015,cb_intrinsic,glutamate,2,0,
FS1A_c,SMP371_a,142,0.015,cb_intrinsic,glutamate,2,0,
FS3_d,DGI,102,0.015,cb_intrinsic,glutamate,2,0,
FS3_d,CB4134,101,0.015,cb_intrinsic,glutamate,9,0,
FS4B,CB2517,76,0.015,cb_intrinsic,glutamate,3,0,0.0
IbSpsP,WED128,248,0.015,cb_intrinsic,acetylcholine,8,58,0.004
LNO2,PVLP138,287,0.015,cb_intrinsic,acetylcholine,2,0,0.0
LNO2,LAL040,281,0.015,cb_intrinsic,gaba,2,160,0.014
PFL2,VES041,467,0.015,cb_intrinsic,gaba,2,354,0.011
ER1_a,WED009,131,0.014,cb_intrinsic,acetylcholine,6,14,0.002
ExR1,TuBu06,779,0.014,cb_intrinsic,acetylcholine,10,391,0.01
ExR3,AN07B004,216,0.014,ascending_neuron,acetylcholine,2,0,0.0
ExR7,PS292,96,0.014,cb_intrinsic,acetylcholine,4,14,0.001
ExR7,SMP147,95,0.014,cb_intrinsic,gaba,2,45,0.004
FB1H,SMP133,184,0.014,cb_intrinsic,glutamate,10,152,0.009
FB2A,LAL156_b,140,0.014,cb_intrinsic,acetylcholine,2,0,0.0
FB2A,CB1980,137,0.014,cb_intrinsic,acetylcholine,4,0,0.0
FB2C,SMP011_b,69,0.014,cb_intrinsic,glutamate,2,0,0.0
FB2D,PLP046,254,0.014,cb_intrinsic,glutamate,12,0,0.0
FB2L,SMP116,50,0.014,cb_intrinsic,glutamate,2,60,0.023
FB3A,LAL168,165,0.014,cb_intrinsic,acetylcholine,2,8,0.001
FB3C,SMP183,130,0.014,cb_intrinsic,acetylcholine,2,42,0.007
FB4B,WED153,148,0.014,cb_intrinsic,acetylcholine,6,65,0.009
FB4G,MBON25-like,86,0.014,cb_intrinsic,glutamate,4,0,0.0
FB4G,MBON34,84,0.014,cb_intrinsic,glutamate,2,26,0.004
FB4G,PLP162,82,0.014,cb_intrinsic,acetylcholine,4,35,0.005
FB4H,CRE044,84,0.014,cb_intrinsic,gaba,8,186,0.028
FB4K,SMP154,109,0.014,cb_intrinsic,acetylcholine,2,102,0.015
FB4K,SMP146,108,0.014,cb_intrinsic,gaba,2,124,0.018
FB4M,SMP008,280,0.014,cb_intrinsic,acetylcholine,9,27,0.002
FB4M,mALD4,276,0.014,cb_intrinsic,gaba,2,131,0.01
FB4P_a,SMP471,118,0.014,cb_intrinsic,acetylcholine,2,85,0.008
FB4P_c,CRE005,54,0.014,cb_intrinsic,acetylcholine,4,0,
FB4P_c,CRE106,52,0.014,cb_intrinsic,acetylcholine,4,0,
FB4R,CRE007,94,0.014,cb_intrinsic,glutamate,2,13,0.003
FB5A,CRE086,333,0.014,cb_intrinsic,acetylcholine,6,131,0.007
FB5AB,SMP126,170,0.014,cb_intrinsic,glutamate,2,91,0.01
FB5AB,LHPV10d1,170,0.014,cb_intrinsic,acetylcholine,2,94,0.01
FB5B,SLP451,71,0.014,cb_intrinsic,acetylcholine,4,18,0.004
FB5C,CRE025,86,0.014,cb_intrinsic,glutamate,2,39,0.008
FB5I,SLP247,106,0.014,cb_intrinsic,acetylcholine,2,64,0.008
FB5N,GNG291,80,0.014,cb_intrinsic,acetylcholine,2,0,0.0
FB5V_a,MBON35,97,0.014,cb_intrinsic,acetylcholine,2,0,
FB5Z,AN19B019,52,0.014,ascending_neuron,acetylcholine,2,0,0.0
FB5Z,CRE076,51,0.014,cb_intrinsic,acetylcholine,2,48,0.013
FB6A_c,SIP005,138,0.014,cb_intrinsic,glutamate,4,0,
FB6E,SMP186,53,0.014,cb_intrinsic,acetylcholine,2,43,0.01
FB6S,SMP405,62,0.014,cb_intrinsic,acetylcholine,4,26,0.01
FB6T,SMP190,51,0.014,cb_intrinsic,acetylcholine,2,14,0.005
FB7B,PRW004,73,0.014,cb_intrinsic,glutamate,1,0,0.0
FB8B,M_lvPNm37,63,0.014,cb_intrinsic,acetylcholine,5,23,0.006
FB8F_a,SMP034,66,0.014,cb_intrinsic,glutamate,4,90,0.022
FB8F_b,SMP076,86,0.014,cb_intrinsic,gaba,2,44,0.011
FB8F_b,CB4088,85,0.014,cb_intrinsic,acetylcholine,9,0,0.0
FB8G,BiT,85,0.014,cb_intrinsic,acetylcholine,2,0,0.0
FB8H,SMP252,63,0.014,cb_intrinsic,acetylcholine,2,24,0.006
FB8H,CB3541,62,0.014,cb_intrinsic,acetylcholine,4,0,0.0
GLNO,LAL104,135,0.014,cb_intrinsic,gaba,4,0,0.0
IbSpsP,CB1012,234,0.014,cb_intrinsic,glutamate,7,0,0.0
LCNOpm,LAL303m,251,0.014,cb_intrinsic,acetylcholine,5,0,0.0
LNO2,LAL053,279,0.014,cb_intrinsic,glutamate,2,140,0.012
LNOa,LAL104,73,0.014,cb_intrinsic,gaba,4,0,0.0
hDeltaB,OA-VPM3,646,0.014,cb_intrinsic,octopamine,2,591,0.015
ER1_a,WED022,128,0.013,cb_intrinsic,acetylcholine,2,95,0.012
ER1_a,WED002,120,0.013,cb_intrinsic,acetylcholine,16,36,0.004
ER3a_c,WED034,57,0.013,cb_intrinsic,glutamate,6,4,0.001
ExR1,TuBu09,685,0.013,cb_intrinsic,acetylcholine,21,370,0.01
ExR2,AOTU046,144,0.013,cb_intrinsic,glutamate,4,166,0.02
ExR3,mALB5,200,0.013,cb_intrinsic,gaba,2,160,0.009
ExR6,LAL184,276,0.013,cb_intrinsic,acetylcholine,2,95,0.008
ExR7,WED184,92,0.013,cb_intrinsic,gaba,2,0,0.0
ExR7,mALD1,91,0.013,cb_intrinsic,gaba,2,49,0.005
FB1G,CRE056,91,0.013,cb_intrinsic,gaba,8,69,0.012
FB1H,SMP115,169,0.013,cb_intrinsic,glutamate,2,160,0.01
FB2C,LHPV10d1,65,0.013,cb_intrinsic,acetylcholine,2,70,0.008
FB2G_b,PLP026,80,0.013,cb_intrinsic,gaba,8,0,0.0
FB2I_a,LHPV6f1,143,0.013,cb_intrinsic,acetylcholine,11,117,0.009
FB2M_a,CB1220,59,0.013,cb_intrinsic,glutamate,9,0,
FB3A,LAL059,152,0.013,cb_intrinsic,gaba,6,47,0.006
FB3A,LAL167,148,0.013,cb_intrinsic,acetylcholine,4,21,0.003
FB4B,CB2037,132,0.013,cb_intrinsic,acetylcholine,6,0,0.0
FB4G,CB1062,79,0.013,cb_intrinsic,glutamate,8,0,0.0
FB4H,PLP162,79,0.013,cb_intrinsic,acetylcholine,4,51,0.008
FB4L,MBON33,121,0.013,cb_intrinsic,acetylcholine,2,35,0.007
FB4M,AVLP477,261,0.013,cb_intrinsic,acetylcholine,2,138,0.01
FB4M,WED010,254,0.013,cb_intrinsic,acetylcholine,6,50,0.004
FB4N,LAL007,161,0.013,cb_intrinsic,acetylcholine,2,112,0.01
FB4P_a,CB1062,111,0.013,cb_intrinsic,glutamate,8,0,0.0
FB4P_a,OA-VPM3,110,0.013,cb_intrinsic,octopamine,2,254,0.025
FB4X,SMP184,113,0.013,cb_intrinsic,acetylcholine,2,98,0.012
FB4X,CB2088,112,0.013,cb_intrinsic,acetylcholine,3,0,0.0
FB5AA,CRE050,64,0.013,cb_intrinsic,glutamate,2,30,0.007
FB5AB,LHPD2d1,165,0.013,cb_intrinsic,glutamate,2,40,0.004
FB5AB,SLP150,159,0.013,cb_intrinsic,acetylcholine,2,26,0.003
FB5AB,SMP114,156,0.013,cb_intrinsic,glutamate,2,87,0.01
FB5G_a,SMP374,64,0.013,cb_intrinsic,glutamate,4,0,
FB5G_a,PLP121,61,0.013,cb_intrinsic,acetylcholine,2,0,
FB5H,SMP178,105,0.013,cb_intrinsic,acetylcholine,2,124,0.016
FB5H,LHAV9a1_c,105,0.013,cb_intrinsic,acetylcholine,6,24,0.003
FB5K,CB2550,60,0.013,cb_intrinsic,acetylcholine,5,0,0.0
FB5N,SMP383,70,0.013,cb_intrinsic,acetylcholine,2,41,0.012
FB5Q,mALD1,85,0.013,cb_intrinsic,gaba,2,50,0.009
FB5V_c,GNG291,63,0.013,cb_intrinsic,acetylcholine,2,0,
FB5V_c,ATL027,61,0.013,cb_intrinsic,acetylcholine,2,0,
FB5W_a,SMP114,55,0.013,cb_intrinsic,glutamate,2,0,
FB5W_a,CRE025,54,0.013,cb_intrinsic,glutamate,2,0,
FB5X,SMP471,126,0.013,cb_intrinsic,acetylcholine,2,126,0.014
FB6A_a,SMP406_b,110,0.013,cb_intrinsic,acetylcholine,2,0,
FB6A_c,SMP405,127,0.013,cb_intrinsic,acetylcholine,4,0,
FB6C_b,SMP352,109,0.013,cb_intrinsic,acetylcholine,12,45,0.009
FB6H,SMP352,92,0.013,cb_intrinsic,acetylcholine,12,52,0.008
FB6M,WED167,85,0.013,cb_intrinsic,acetylcholine,6,11,0.003
FB6M,PLP102,84,0.013,cb_intrinsic,acetylcholine,4,16,0.004
FB6S,SMP128,55,0.013,cb_intrinsic,glutamate,2,22,0.008
FB6V,SIP029,61,0.013,cb_intrinsic,acetylcholine,2,34,0.008
FB7L,CB2814,102,0.013,cb_intrinsic,glutamate,10,0,0.0
FB8F_b,CB3539,80,0.013,cb_intrinsic,glutamate,3,0,0.0
FB8F_b,CB1392,77,0.013,cb_intrinsic,glutamate,5,0,0.0
FS4A,FB9B_d,181,0.013,cb_intrinsic,glutamate,4,148,0.011
LCNOpm,ATL044,228,0.013,cb_intrinsic,acetylcholine,2,81,0.009
LNO1,LAL122,145,0.013,cb_intrinsic,glutamate,2,0,0.0
PFR_b,FB5V_b,334,0.013,cb_intrinsic,glutamate,6,0,0.0
ExR1,LAL184,640,0.012,cb_intrinsic,acetylcholine,2,187,0.005
ExR2,OA-VUMa1,131,0.012,cb_intrinsic,octopamine,2,65,0.008
ExR2,PLP037,129,0.012,cb_intrinsic,glutamate,9,20,0.002
ExR5,MeVPMe3,145,0.012,visual_projection,glutamate,2,0,0.0
ExR6,DNpe027,250,0.012,descending_neuron,acetylcholine,2,0,0.0
FB1G,CB2881,89,0.012,cb_intrinsic,glutamate,12,0,0.0
FB1G,ATL013,87,0.012,cb_intrinsic,acetylcholine,4,87,0.015
FB1G,CB1128,87,0.012,cb_intrinsic,gaba,4,0,0.0
FB1G,M_l2PNm14,86,0.012,cb_intrinsic,acetylcholine,2,38,0.007
FB1H,MBON04,154,0.012,cb_intrinsic,glutamate,2,217,0.013
FB2C,CRE003_a,61,0.012,cb_intrinsic,acetylcholine,7,118,0.014
FB2G_b,SMP086,76,0.012,cb_intrinsic,glutamate,4,40,0.01
FB2K,SMP370,87,0.012,cb_intrinsic,glutamate,2,36,0.006
FB2M_a,SMP568_b,55,0.012,cb_intrinsic,acetylcholine,6,0,
FB2M_a,LHPV10d1,52,0.012,cb_intrinsic,acetylcholine,2,0,
FB3A,LAL008,145,0.012,cb_intrinsic,glutamate,2,65,0.008
FB3C,CB4183,109,0.012,cb_intrinsic,acetylcholine,4,0,0.0
FB4C,CRE107,145,0.012,cb_intrinsic,glutamate,2,129,0.012
FB4C,CRE078,139,0.012,cb_intrinsic,acetylcholine,4,150,0.014
FB4F_a,PLP161,62,0.012,cb_intrinsic,acetylcholine,4,146,0.011
FB4F_c,SMP109,86,0.012,cb_intrinsic,acetylcholine,2,0,
FB4G,LAL159,72,0.012,cb_intrinsic,acetylcholine,2,109,0.015
FB4K,CL303,93,0.012,cb_intrinsic,acetylcholine,2,34,0.005
FB4L,WED010,117,0.012,cb_intrinsic,acetylcholine,6,32,0.006
FB4M,PS267,242,0.012,cb_intrinsic,acetylcholine,5,52,0.004
FB4N,SMP143,152,0.012,cb_intrinsic,unclear,4,59,0.005
FB4O,SLP461,101,0.012,cb_intrinsic,acetylcholine,2,77,0.014
FB4O,CRE106,100,0.012,cb_intrinsic,acetylcholine,4,34,0.006
FB4O,SMP133,96,0.012,cb_intrinsic,glutamate,10,39,0.007
FB4O,CRE043_b,95,0.012,cb_intrinsic,gaba,2,78,0.014
FB4P_a,LAL129,103,0.012,cb_intrinsic,acetylcholine,2,109,0.011
FB4X,CRE070,110,0.012,cb_intrinsic,acetylcholine,2,83,0.01
FB4X,CRE003_b,109,0.012,cb_intrinsic,acetylcholine,12,12,0.001
FB4Y,AVLP705m,291,0.012,cb_intrinsic,acetylcholine,9,0,0.0
FB5A,CRE085,282,0.012,cb_intrinsic,acetylcholine,4,230,0.012
FB5AA,SIP067,60,0.012,cb_intrinsic,acetylcholine,2,16,0.004
FB5AA,SIP019,60,0.012,cb_intrinsic,acetylcholine,2,7,0.002
FB5C,SMP026,78,0.012,cb_intrinsic,acetylcholine,2,30,0.006
FB5C,MBON11,73,0.012,cb_intrinsic,gaba,2,65,0.014
FB5D,CL129,82,0.012,cb_intrinsic,acetylcholine,2,56,0.011
FB5E,OA-VPM3,50,0.012,cb_intrinsic,octopamine,2,51,0.011
FB5G_a,SMP541,57,0.012,cb_intrinsic,glutamate,2,0,
FB5H,SMP184,98,0.012,cb_intrinsic,acetylcholine,2,69,0.009
FB5I,SMP504,87,0.012,cb_intrinsic,acetylcholine,2,114,0.014
FB5K,LHPD5f1,55,0.012,cb_intrinsic,glutamate,2,84,0.012
FB5N,SMP178,66,0.012,cb_intrinsic,acetylcholine,2,61,0.018
FB5N,SIP065,65,0.012,cb_intrinsic,glutamate,2,32,0.009
FB5V_a,SMP015,83,0.012,cb_intrinsic,acetylcholine,2,0,
FB5V_a,LAL123,82,0.012,cb_intrinsic,unclear,2,0,
FB5V_c,LAL191,60,0.012,cb_intrinsic,acetylcholine,2,0,
FB5V_c,LAL192,59,0.012,cb_intrinsic,acetylcholine,2,0,
FB5V_c,LAL147_b,58,0.012,cb_intrinsic,glutamate,2,0,
FB5V_c,CRE075,58,0.012,cb_intrinsic,glutamate,2,0,
FB5W_a,CRE068,50,0.012,cb_intrinsic,acetylcholine,4,0,
FB5X,CRE076,110,0.012,cb_intrinsic,acetylcholine,2,111,0.012
FB6A_a,SLP405_c,101,0.012,cb_intrinsic,acetylcholine,6,0,
FB6A_c,SLP396,118,0.012,cb_intrinsic,acetylcholine,4,0,
FB6C_b,SMP347,100,0.012,cb_intrinsic,acetylcholine,12,46,0.009
FB6C_b,SMP186,100,0.012,cb_intrinsic,acetylcholine,2,25,0.005
FB6D,SMP353,75,0.012,cb_intrinsic,acetylcholine,2,25,0.004
FB6H,SMP505,85,0.012,cb_intrinsic,acetylcholine,2,64,0.01
FB6H,SMP238,85,0.012,cb_intrinsic,acetylcholine,2,31,0.005
FB6H,SMP379,84,0.012,cb_intrinsic,acetylcholine,2,42,0.006
FB6M,PS263,76,0.012,cb_intrinsic,acetylcholine,4,11,0.003
FB6U,LHPD2d2,83,0.012,cb_intrinsic,glutamate,2,25,0.004
FB6V,CRE050,59,0.012,cb_intrinsic,glutamate,2,27,0.006
FB7A,SMP743,87,0.012,cb_intrinsic,acetylcholine,4,0,0.0
FB7B,SMP297,62,0.012,cb_intrinsic,gaba,8,15,0.004
FB7E,SMP184,81,0.012,cb_intrinsic,acetylcholine,2,47,0.008
FB7E,CB2572,81,0.012,cb_intrinsic,acetylcholine,9,0,0.0
FB8C,SMP083,59,0.012,cb_intrinsic,glutamate,4,60,0.012
FB8F_a,SIP077,60,0.012,cb_intrinsic,acetylcholine,4,11,0.003
FB8F_a,CB2105,56,0.012,cb_intrinsic,acetylcholine,4,0,0.0
FB8F_a,CB0024,56,0.012,cb_intrinsic,glutamate,2,0,0.0
FB8F_a,CB2298,56,0.012,cb_intrinsic,glutamate,5,0,0.0
FB8F_b,CB2955,75,0.012,cb_intrinsic,glutamate,6,0,0.0
FB8F_b,SLP075,75,0.012,cb_intrinsic,glutamate,2,30,0.007
FB8F_b,SLP259,73,0.012,cb_intrinsic,glutamate,4,218,0.053
FB8G,SMP535,74,0.012,cb_intrinsic,glutamate,4,28,0.004
FB8I,SMP379,66,0.012,cb_intrinsic,acetylcholine,2,24,0.008
FB8I,oviIN,62,0.012,cb_intrinsic,gaba,2,70,0.023
FC3_a,OA-VPM3,122,0.012,cb_intrinsic,octopamine,2,0,
FC3_b,OA-VPM3,126,0.012,cb_intrinsic,octopamine,2,0,
FC3_c,OA-VPM3,113,0.012,cb_intrinsic,octopamine,2,0,
FS1B_a,SMP371_b,70,0.012,cb_intrinsic,glutamate,2,0,
FS4B,FB9B_d,64,0.012,cb_intrinsic,glutamate,4,36,0.004
IbSpsP,PLP124,211,0.012,cb_intrinsic,acetylcholine,2,149,0.01
IbSpsP,WED164,196,0.012,cb_intrinsic,acetylcholine,13,70,0.005
IbSpsP,PS272,195,0.012,cb_intrinsic,acetylcholine,4,37,0.002
LCNOp,PLP162,80,0.012,cb_intrinsic,acetylcholine,4,97,0.016
LCNOpm,AVLP705m,204,0.012,cb_intrinsic,acetylcholine,9,0,0.0
PFL3,VES041,705,0.012,cb_intrinsic,gaba,2,320,0.005
hDeltaH,OA-VPM3,361,0.012,cb_intrinsic,octopamine,2,385,0.015
ER1_a,CB2950,109,0.011,cb_intrinsic,acetylcholine,8,0,0.0
ER1_a,WED034,108,0.011,cb_intrinsic,glutamate,6,46,0.006
ER1_b,CB2585,130,0.011,cb_intrinsic,acetylcholine,6,0,0.0
ER2_b,AOTU046,61,0.011,cb_intrinsic,glutamate,4,84,0.013
ER2_d,AOTU046,87,0.011,cb_intrinsic,glutamate,4,74,0.01
ER3w_c,AOTU046,85,0.011,cb_intrinsic,glutamate,4,0,
ExR1,LAL055,620,0.011,cb_intrinsic,acetylcholine,2,167,0.004
ExR1,TuBu02,613,0.011,cb_intrinsic,acetylcholine,12,246,0.006
ExR3,PLP124,162,0.011,cb_intrinsic,acetylcholine,2,66,0.004
ExR4,LAL056,233,0.011,cb_intrinsic,gaba,6,70,0.006
FB1G,SIP003_b,81,0.011,cb_intrinsic,acetylcholine,8,57,0.01
FB1G,SMP252,80,0.011,cb_intrinsic,acetylcholine,2,55,0.01
FB1G,CB2873,78,0.011,cb_intrinsic,glutamate,6,0,0.0
FB2C,CB1128,55,0.011,cb_intrinsic,gaba,4,0,0.0
FB2G_b,SMP007,69,0.011,cb_intrinsic,acetylcholine,8,16,0.004
FB2G_b,mALD1,69,0.011,cb_intrinsic,gaba,2,28,0.007
FB2G_b,CRE023,68,0.011,cb_intrinsic,glutamate,2,24,0.006
FB2K,LAL009,85,0.011,cb_intrinsic,acetylcholine,2,35,0.006
FB2K,CB2245,81,0.011,cb_intrinsic,gaba,4,0,0.0
FB3A,PS196_a,126,0.011,cb_intrinsic,acetylcholine,2,0,0.0
FB3A,LAL042,125,0.011,cb_intrinsic,glutamate,2,88,0.011
FB4C,LAL100,128,0.011,cb_intrinsic,gaba,2,181,0.016
FB4F_a,CRE030_b,61,0.011,cb_intrinsic,glutamate,2,43,0.003
FB4F_a,LAL160,59,0.011,cb_intrinsic,acetylcholine,2,45,0.003
FB4G,CB1287,68,0.011,cb_intrinsic,glutamate,2,0,0.0
FB4G,CRE059,63,0.011,cb_intrinsic,acetylcholine,4,137,0.019
FB4H,MBON21,67,0.011,cb_intrinsic,acetylcholine,2,72,0.011
FB4H,LAL136_b,66,0.011,cb_intrinsic,acetylcholine,7,12,0.002
FB4H,CRE107,64,0.011,cb_intrinsic,glutamate,2,87,0.013
FB4K,AVLP473,86,0.011,cb_intrinsic,acetylcholine,2,84,0.012
FB4L,WEDPN9,102,0.011,cb_intrinsic,acetylcholine,2,19,0.004
FB4L,WED184,101,0.011,cb_intrinsic,gaba,2,0,0.0
FB4M,mALD1,218,0.011,cb_intrinsic,gaba,2,79,0.006
FB4N,CL021,138,0.011,cb_intrinsic,acetylcholine,2,29,0.003
FB4N,SMP117_b,134,0.011,cb_intrinsic,glutamate,2,84,0.007
FB4O,SMP179,89,0.011,cb_intrinsic,acetylcholine,2,2,0.0
FB4O,CRE070,87,0.011,cb_intrinsic,acetylcholine,2,32,0.006
FB4P_a,SMP124,93,0.011,cb_intrinsic,glutamate,4,97,0.009
FB4P_a,mALD1,90,0.011,cb_intrinsic,gaba,2,38,0.004
FB4P_b,CRE071,50,0.011,cb_intrinsic,acetylcholine,2,16,0.001
FB4R,SMP056,76,0.011,cb_intrinsic,glutamate,2,36,0.009
FB4R,KCg-m,74,0.011,cb_intrinsic,acetylcholine,1342,87,0.022
FB4X,CRE067,94,0.011,cb_intrinsic,acetylcholine,6,19,0.002
FB5AB,M_lvPNm25,139,0.011,cb_intrinsic,acetylcholine,4,55,0.006
FB5AB,LHCENT8,138,0.011,cb_intrinsic,gaba,4,114,0.013
FB5D,SMP165,80,0.011,cb_intrinsic,glutamate,2,12,0.002
FB5G_a,CRE074,53,0.011,cb_intrinsic,glutamate,2,0,
FB5H,SMP347,91,0.011,cb_intrinsic,acetylcholine,12,74,0.01
FB5I,CRE071,86,0.011,cb_intrinsic,acetylcholine,2,48,0.006
FB5I,MBON30,84,0.011,cb_intrinsic,glutamate,2,158,0.019
FB5Q,SIP065,74,0.011,cb_intrinsic,glutamate,2,77,0.014
FB5V_c,CRE022,54,0.011,cb_intrinsic,glutamate,2,0,
FB5X,SIP073,106,0.011,cb_intrinsic,acetylcholine,6,44,0.005
FB6D,CB2535,67,0.011,cb_intrinsic,acetylcholine,2,0,0.0
FB6D,CB3446,66,0.011,cb_intrinsic,acetylcholine,5,0,0.0
FB6H,CB4157,81,0.011,cb_intrinsic,glutamate,6,0,0.0
FB6M,LAL168,75,0.011,cb_intrinsic,acetylcholine,2,0,0.0
FB7E,CRE105,75,0.011,cb_intrinsic,acetylcholine,2,47,0.008
FB7E,SLP074,73,0.011,cb_intrinsic,acetylcholine,2,41,0.007
FB7E,SMP235,71,0.011,cb_intrinsic,glutamate,2,14,0.003
FB7I,SMP535,88,0.011,cb_intrinsic,glutamate,4,22,0.003
FB7I,SMP743,86,0.011,cb_intrinsic,acetylcholine,4,0,0.0
FB8C,SLP324,54,0.011,cb_intrinsic,acetylcholine,10,16,0.003
FB8F_a,SLP281,55,0.011,cb_intrinsic,glutamate,2,14,0.003
FB8F_a,CB1610,55,0.011,cb_intrinsic,glutamate,4,0,0.0
FB8F_a,SMP049,52,0.011,cb_intrinsic,gaba,2,19,0.005
FB8F_b,CB3005,66,0.011,cb_intrinsic,glutamate,7,0,0.0
FB8F_b,SMP049,65,0.011,cb_intrinsic,gaba,2,41,0.01
FB8F_b,CB4110,64,0.011,cb_intrinsic,acetylcholine,14,0,0.0
FB8F_b,CB1281,64,0.011,cb_intrinsic,glutamate,3,0,0.0
FB8G,SMP352,68,0.011,cb_intrinsic,acetylcholine,12,52,0.008
FS4C,CB2517,72,0.011,cb_intrinsic,glutamate,3,0,0.0
GLNO,CB2037,102,0.011,cb_intrinsic,acetylcholine,6,0,0.0
IbSpsP,AN07B037_a,191,0.011,ascending_neuron,acetylcholine,4,0,0.0
IbSpsP,LoVC25,189,0.011,visual_centrifugal,acetylcholine,22,0,0.0
IbSpsP,PS197,186,0.011,cb_intrinsic,acetylcholine,4,0,0.0
LCNOp,PLP161,76,0.011,cb_intrinsic,acetylcholine,4,52,0.009
LCNOpm,LAL037,201,0.011,cb_intrinsic,acetylcholine,4,28,0.003
LCNOpm,LAL109,198,0.011,cb_intrinsic,gaba,4,60,0.007
LCNOpm,CB1956,190,0.011,cb_intrinsic,acetylcholine,6,0,0.0
LNOa,CB1956,58,0.011,cb_intrinsic,acetylcholine,6,0,0.0
LPsP,OA-AL2i1,139,0.011,visual_centrifugal,unclear,2,0,0.0
vDeltaI_b,OA-VPM3,122,0.011,cb_intrinsic,octopamine,2,0,
EPG,LAL184,1997,0.01,cb_intrinsic,acetylcholine,2,553,0.003
ER1_a,WED181,99,0.01,cb_intrinsic,acetylcholine,2,44,0.005
ER2_a,AOTU046,206,0.01,cb_intrinsic,glutamate,4,86,0.007
ExR1,TuBu03,530,0.01,cb_intrinsic,acetylcholine,23,327,0.008
ExR1,TuBu10,521,0.01,cb_intrinsic,acetylcholine,15,231,0.006
ExR3,SMP188,147,0.01,cb_intrinsic,acetylcholine,2,214,0.013
ExR5,MeVP7,126,0.01,visual_projection,acetylcholine,23,0,0.0
FB1C,LHPV5l1,136,0.01,cb_intrinsic,acetylcholine,2,61,0.007
FB1C,CB1062,132,0.01,cb_intrinsic,glutamate,8,0,0.0
FB1H,OA-VPM3,128,0.01,cb_intrinsic,octopamine,2,182,0.011
FB1H,CRE005,125,0.01,cb_intrinsic,acetylcholine,4,160,0.01
FB2A,SIP067,99,0.01,cb_intrinsic,acetylcholine,2,60,0.008
FB2C,CRE056,51,0.01,cb_intrinsic,gaba,8,54,0.007
FB2C,SIP029,50,0.01,cb_intrinsic,acetylcholine,2,78,0.009
FB2G_b,SMP048,62,0.01,cb_intrinsic,acetylcholine,2,25,0.006
FB2K,LAL051,76,0.01,cb_intrinsic,glutamate,2,25,0.005
FB2K,CRE003_a,74,0.01,cb_intrinsic,acetylcholine,7,44,0.008
FB2K,OA-VUMa1,73,0.01,cb_intrinsic,octopamine,2,34,0.006
FB3A,OA-VPM3,117,0.01,cb_intrinsic,octopamine,2,90,0.011
FB3A,CB0086,112,0.01,cb_intrinsic,gaba,1,0,0.0
FB4C,SMP254,113,0.01,cb_intrinsic,acetylcholine,2,94,0.009
FB4F_a,LAL149,52,0.01,cb_intrinsic,glutamate,4,49,0.004
FB4G,AVLP705m,59,0.01,cb_intrinsic,acetylcholine,9,0,0.0
FB4H,AVLP705m,61,0.01,cb_intrinsic,acetylcholine,9,0,0.0
FB4K,CL251,77,0.01,cb_intrinsic,acetylcholine,2,32,0.005
FB4L,LAL203,97,0.01,cb_intrinsic,acetylcholine,4,14,0.003
FB4L,CB4112,92,0.01,cb_intrinsic,glutamate,11,0,0.0
FB4M,mALB5,200,0.01,cb_intrinsic,gaba,2,59,0.004
FB4N,SMP118,125,0.01,cb_intrinsic,glutamate,2,92,0.008
FB4N,SMP138,122,0.01,cb_intrinsic,glutamate,2,90,0.008
FB4N,SMP593,121,0.01,cb_intrinsic,gaba,2,170,0.015
FB4P_a,CL129,85,0.01,cb_intrinsic,acetylcholine,2,107,0.01
FB4R,CRE044,68,0.01,cb_intrinsic,gaba,8,48,0.012
FB4R,MBON05,66,0.01,cb_intrinsic,glutamate,2,39,0.01
FB4R,CRE006,65,0.01,cb_intrinsic,glutamate,2,18,0.004
FB4X,ATL002,84,0.01,cb_intrinsic,glutamate,2,34,0.004
FB5A,LC33,241,0.01,visual_projection,glutamate,32,0,0.0
FB5AB,CRE056,117,0.01,cb_intrinsic,gaba,8,95,0.01
FB5AB,SMP119,117,0.01,cb_intrinsic,glutamate,2,30,0.003
FB5B,SLP021,50,0.01,cb_intrinsic,glutamate,6,5,0.001
FB5D,CL326,68,0.01,cb_intrinsic,acetylcholine,2,47,0.009
FB5H,SMP026,86,0.01,cb_intrinsic,acetylcholine,2,34,0.004
FB5H,SIP076,84,0.01,cb_intrinsic,acetylcholine,20,19,0.002
FB5I,CB2550,75,0.01,cb_intrinsic,acetylcholine,5,0,0.0
FB5I,LHPD5f1,73,0.01,cb_intrinsic,glutamate,2,35,0.004
FB5N,CRE023,53,0.01,cb_intrinsic,glutamate,2,50,0.014
FB5Q,SMP507,71,0.01,cb_intrinsic,acetylcholine,2,73,0.013
FB5V_a,LAL116,74,0.01,cb_intrinsic,acetylcholine,2,0,
FB5V_a,DNpe027,71,0.01,descending_neuron,acetylcholine,2,0,
FB5V_c,GNG104,51,0.01,cb_intrinsic,acetylcholine,2,0,
FB5V_c,CRE012,50,0.01,cb_intrinsic,gaba,2,0,
FB5X,mALD1,94,0.01,cb_intrinsic,gaba,2,68,0.007
FB6A_b,SLP073,68,0.01,cb_intrinsic,acetylcholine,2,0,
FB6A_c,SMP407,99,0.01,cb_intrinsic,acetylcholine,2,0,
FB6A_c,SMP250,93,0.01,cb_intrinsic,glutamate,2,0,
FB6C_b,SMP034,80,0.01,cb_intrinsic,glutamate,4,20,0.004
FB6D,SMP347,64,0.01,cb_intrinsic,acetylcholine,12,56,0.009
FB6D,SMP034,62,0.01,cb_intrinsic,glutamate,4,26,0.004
FB6H,CRE107,72,0.01,cb_intrinsic,glutamate,2,36,0.005
FB6M,AN19B017,63,0.01,ascending_neuron,acetylcholine,2,0,0.0
FB6U,SIP065,75,0.01,cb_intrinsic,glutamate,2,42,0.006
FB6U,CRE072,69,0.01,cb_intrinsic,acetylcholine,4,46,0.007
FB7B,SLP372,52,0.01,cb_intrinsic,acetylcholine,4,26,0.006
FB7G,SMP304,50,0.01,cb_intrinsic,gaba,4,22,0.007
FB7L,LHPV5e2,83,0.01,cb_intrinsic,acetylcholine,2,32,0.005
FB7L,SMP082,80,0.01,cb_intrinsic,glutamate,4,66,0.011
FB7L,CB4134,79,0.01,cb_intrinsic,glutamate,9,0,0.0
FB8F_b,CB1617,62,0.01,cb_intrinsic,glutamate,22,0,0.0
FB8F_b,SMP504,58,0.01,cb_intrinsic,acetylcholine,2,57,0.014
FB8I,CB3541,53,0.01,cb_intrinsic,acetylcholine,4,0,0.0
FB8I,SMP598,51,0.01,cb_intrinsic,glutamate,2,0,0.0
FC2C,LAL076,473,0.01,cb_intrinsic,glutamate,2,287,0.007
LCNOp,LAL303m,63,0.01,cb_intrinsic,acetylcholine,5,0,0.0
LCNOpm,LAL136_b,184,0.01,cb_intrinsic,acetylcholine,7,91,0.01
LCNOpm,LAL035,182,0.01,cb_intrinsic,acetylcholine,4,60,0.007
LCNOpm,AOTU001,170,0.01,cb_intrinsic,acetylcholine,7,0,0.0
LNO2,Nod2,188,0.01,visual_projection,gaba,2,0,0.0
LNO2,WED153,186,0.01,cb_intrinsic,acetylcholine,6,98,0.009
LPsP,VES056,129,0.01,cb_intrinsic,acetylcholine,2,0,0.0
PFGs,OA-VPM3,342,0.01,cb_intrinsic,octopamine,2,614,0.016
PFR_a,OA-VPM3,427,0.01,cb_intrinsic,octopamine,2,615,0.015
PFR_a,FB5V_b,407,0.01,cb_intrinsic,glutamate,6,0,0.0
hDeltaJ,OA-VPM3,377,0.01,cb_intrinsic,octopamine,2,513,0.019
hDeltaM,OA-VPM3,255,0.01,cb_intrinsic,octopamine,2,227,0.011
vDeltaH,OA-VPM3,64,0.01,cb_intrinsic,octopamine,2,133,0.012
vDeltaJ,OA-VPM3,55,0.01,cb_intrinsic,octopamine,2,84,0.016
ER1_a,WEDPN18,90,0.009,cb_intrinsic,acetylcholine,3,16,0.002
ER2_c,AOTU046,308,0.009,cb_intrinsic,glutamate,4,250,0.008
ER3a_b,SMP183,51,0.009,cb_intrinsic,acetylcholine,2,1,0.0
ExR1,SMP238,471,0.009,cb_intrinsic,acetylcholine,2,209,0.005
ExR2,WED038,96,0.009,cb_intrinsic,glutamate,16,21,0.002
ExR3,WEDPN7A,136,0.009,cb_intrinsic,acetylcholine,7,42,0.002
ExR6,LAL056,187,0.009,cb_intrinsic,gaba,6,83,0.007
ExR6,OA-VUMa1,182,0.009,cb_intrinsic,octopamine,2,106,0.008
FB1C,SMP184,122,0.009,cb_intrinsic,acetylcholine,2,48,0.005
FB1C,aIPg1,115,0.009,cb_intrinsic,acetylcholine,8,16,0.002
FB2B_a,LHPV5e3,85,0.009,cb_intrinsic,acetylcholine,2,82,0.01
FB2F_a,SIP029,63,0.009,cb_intrinsic,acetylcholine,2,40,0.007
FB2F_a,SMP541,60,0.009,cb_intrinsic,glutamate,2,33,0.006
FB2F_a,PLP026,59,0.009,cb_intrinsic,gaba,8,0,0.0
FB2F_a,LHAD3g1,59,0.009,cb_intrinsic,glutamate,4,17,0.003
FB2G_b,CB2638,58,0.009,cb_intrinsic,acetylcholine,6,0,0.0
FB2G_b,LAL032,58,0.009,cb_intrinsic,acetylcholine,2,75,0.019
FB2I_a,PLP071,100,0.009,cb_intrinsic,acetylcholine,4,107,0.009
FB2K,CB1128,66,0.009,cb_intrinsic,gaba,4,0,0.0
FB2K,LAL073,66,0.009,cb_intrinsic,glutamate,2,24,0.004
FB3C,LAL064,82,0.009,cb_intrinsic,acetylcholine,4,4,0.001
FB4C,MBON21,108,0.009,cb_intrinsic,acetylcholine,2,142,0.013
FB4C,SIP065,105,0.009,cb_intrinsic,glutamate,2,131,0.012
FB4G,CRE106,56,0.009,cb_intrinsic,acetylcholine,4,68,0.01
FB4G,SMP377,54,0.009,cb_intrinsic,acetylcholine,15,12,0.002
FB4G,SMP712m,51,0.009,cb_intrinsic,unclear,2,0,0.0
FB4H,CRE037,52,0.009,cb_intrinsic,glutamate,6,36,0.005
FB4K,CRE065,73,0.009,cb_intrinsic,acetylcholine,4,50,0.007
FB4K,AVLP477,73,0.009,cb_intrinsic,acetylcholine,2,50,0.007
FB4K,CB0951,70,0.009,cb_intrinsic,glutamate,6,0,0.0
FB4K,AVLP562,69,0.009,cb_intrinsic,acetylcholine,2,53,0.008
FB4K,LHPV7c1,68,0.009,cb_intrinsic,acetylcholine,2,31,0.005
FB4K,SIP128m,68,0.009,cb_intrinsic,acetylcholine,5,0,0.0
FB4L,SMP150,85,0.009,cb_intrinsic,glutamate,2,47,0.009
FB4M,CRE004,183,0.009,cb_intrinsic,acetylcholine,2,32,0.002
FB4M,SMP238,182,0.009,cb_intrinsic,acetylcholine,2,37,0.003
FB4N,SMP728m,115,0.009,cb_intrinsic,acetylcholine,5,0,0.0
FB4N,ATL015,113,0.009,cb_intrinsic,acetylcholine,2,39,0.003
FB4N,AN19B019,110,0.009,ascending_neuron,acetylcholine,2,0,0.0
FB4N,CRE106,108,0.009,cb_intrinsic,acetylcholine,4,78,0.007
FB4N,CRE040,108,0.009,cb_intrinsic,gaba,2,148,0.013
FB4P_a,CB0951,73,0.009,cb_intrinsic,glutamate,6,0,0.0
FB4R,mALD4,61,0.009,cb_intrinsic,gaba,2,11,0.003
FB4R,CRE056,59,0.009,cb_intrinsic,gaba,8,18,0.004
FB4R,CRE030_b,58,0.009,cb_intrinsic,glutamate,2,18,0.004
FB4X,CB2550,82,0.009,cb_intrinsic,acetylcholine,5,0,0.0
FB4X,CRE060,79,0.009,cb_intrinsic,acetylcholine,2,19,0.002
FB4Y,CRE005,214,0.009,cb_intrinsic,acetylcholine,4,104,0.005
FB5AB,CRE025,105,0.009,cb_intrinsic,glutamate,2,74,0.008
FB5D,CRE050,61,0.009,cb_intrinsic,glutamate,2,30,0.006
FB5D,SMP026,60,0.009,cb_intrinsic,acetylcholine,2,28,0.005
FB5H,CB1357,73,0.009,cb_intrinsic,acetylcholine,11,0,0.0
FB5N,CL326,52,0.009,cb_intrinsic,acetylcholine,2,21,0.006
FB5N,SMP381_a,51,0.009,cb_intrinsic,acetylcholine,6,0,0.0
FB5V_a,CRE075,65,0.009,cb_intrinsic,glutamate,2,0,
FB5V_a,GNG104,63,0.009,cb_intrinsic,acetylcholine,2,0,
FB5V_a,CRE026,62,0.009,cb_intrinsic,glutamate,2,0,
FB5V_a,CB3052,61,0.009,cb_intrinsic,glutamate,2,0,
FB6A_c,CB1895,89,0.009,cb_intrinsic,acetylcholine,4,0,
FB6A_c,SMP399_b,82,0.009,cb_intrinsic,acetylcholine,4,0,
FB6C_b,CB2572,73,0.009,cb_intrinsic,acetylcholine,9,0,0.0
FB6C_b,OA-VPM3,71,0.009,cb_intrinsic,octopamine,2,62,0.013
FB6D,SMP355,55,0.009,cb_intrinsic,acetylcholine,4,37,0.006
FB6M,CB1983,60,0.009,cb_intrinsic,acetylcholine,6,0,0.0
FB6M,WED102,59,0.009,cb_intrinsic,glutamate,4,6,0.002
FB6U,CRE105,66,0.009,cb_intrinsic,acetylcholine,2,69,0.01
FB7E,SMP188,59,0.009,cb_intrinsic,acetylcholine,2,54,0.01
FB7I,LHPD2d2,66,0.009,cb_intrinsic,glutamate,2,19,0.003
FB7L,SLP355,74,0.009,cb_intrinsic,acetylcholine,2,32,0.005
FB8I,SMP199,50,0.009,cb_intrinsic,acetylcholine,2,29,0.01
FC2C,oviIN,418,0.009,cb_intrinsic,gaba,2,275,0.007
GLNO,WED011,88,0.009,cb_intrinsic,acetylcholine,2,31,0.007
LCNOp,OA-VPM3,61,0.009,cb_intrinsic,octopamine,2,98,0.016
LCNOp,LAL175,60,0.009,cb_intrinsic,acetylcholine,4,76,0.013
LCNOp,LAL109,59,0.009,cb_intrinsic,gaba,4,16,0.003
LCNOpm,LAL196,150,0.009,cb_intrinsic,acetylcholine,6,74,0.008
LNO1,LAL034,104,0.009,cb_intrinsic,acetylcholine,8,19,0.003
LNO1,LAL050,100,0.009,cb_intrinsic,gaba,8,41,0.006
LNO2,LAL015,181,0.009,cb_intrinsic,acetylcholine,2,90,0.008
LNO2,LAL016,177,0.009,cb_intrinsic,acetylcholine,2,86,0.008
LNO2,LAL303m,171,0.009,cb_intrinsic,acetylcholine,5,0,0.0
LNO2,LAL196,171,0.009,cb_intrinsic,acetylcholine,6,43,0.004
LNO2,CB3140,168,0.009,cb_intrinsic,acetylcholine,6,0,0.0
LPsP,OA-VUMa1,113,0.009,cb_intrinsic,octopamine,2,0,0.0
PEG,PS196_b,195,0.009,cb_intrinsic,acetylcholine,2,0,0.0
Delta7,OA-AL2i1,395,0.008,visual_centrifugal,unclear,2,0,0.0
EL,OLVC5,582,0.008,visual_centrifugal,acetylcholine,2,0,0.0
ER3w_a,AOTU046,77,0.008,cb_intrinsic,glutamate,4,116,0.012
ExR1,CB4183,460,0.008,cb_intrinsic,acetylcholine,4,0,0.0
ExR3,MeVC3,124,0.008,visual_centrifugal,acetylcholine,2,0,0.0
ExR3,aMe_TBD1,116,0.008,cb_intrinsic,gaba,2,0,0.0
ExR3,LAL104,115,0.008,cb_intrinsic,gaba,4,0,0.0
ExR6,VES087,168,0.008,cb_intrinsic,gaba,4,0,0.0
FB1G,LHPV6q1,55,0.008,cb_intrinsic,unclear,2,37,0.006
FB1H,SMP109,105,0.008,cb_intrinsic,acetylcholine,2,161,0.01
FB1H,CB2736,99,0.008,cb_intrinsic,glutamate,3,0,0.0
FB1H,LoVP80,98,0.008,visual_projection,acetylcholine,4,0,0.0
FB1H,SMP114,97,0.008,cb_intrinsic,glutamate,2,135,0.008
FB2A,SMP144,85,0.008,cb_intrinsic,glutamate,2,66,0.009
FB2A,WED094,78,0.008,cb_intrinsic,glutamate,5,18,0.002
FB2B_a,SMP177,73,0.008,cb_intrinsic,acetylcholine,2,55,0.007
FB2D,CB4112,143,0.008,cb_intrinsic,glutamate,11,0,0.0
FB2F_a,SMP091,54,0.008,cb_intrinsic,gaba,6,13,0.002
FB2G_b,CB2846,52,0.008,cb_intrinsic,acetylcholine,4,0,0.0
FB2K,SMP153_b,63,0.008,cb_intrinsic,acetylcholine,2,0,0.0
FB2K,LAL112,59,0.008,cb_intrinsic,gaba,4,16,0.003
FB2K,LAL141,59,0.008,cb_intrinsic,acetylcholine,2,37,0.007
FB2K,PLP221,57,0.008,cb_intrinsic,acetylcholine,2,0,0.0
FB3C,LAL055,77,0.008,cb_intrinsic,acetylcholine,2,1,0.0
FB4B,AVLP154,84,0.008,cb_intrinsic,acetylcholine,2,0,0.0
FB4B,LAL139,78,0.008,cb_intrinsic,gaba,2,35,0.005
FB4C,CB1897,99,0.008,cb_intrinsic,acetylcholine,8,0,0.0
FB4F_c,CRE005,58,0.008,cb_intrinsic,acetylcholine,4,0,
FB4F_c,PLP162,58,0.008,cb_intrinsic,acetylcholine,4,0,
FB4F_c,CRE107,58,0.008,cb_intrinsic,glutamate,2,0,
FB4K,LAL185,62,0.008,cb_intrinsic,acetylcholine,4,14,0.002
FB4K,LAL198,61,0.008,cb_intrinsic,acetylcholine,2,56,0.008
FB4L,SMP144,77,0.008,cb_intrinsic,glutamate,2,62,0.012
FB4L,AN07B004,75,0.008,ascending_neuron,acetylcholine,2,0,0.0
FB4M,LAL129,168,0.008,cb_intrinsic,acetylcholine,2,32,0.002
FB4M,LAL137,166,0.008,cb_intrinsic,acetylcholine,2,118,0.009
FB4M,PLP032,164,0.008,cb_intrinsic,acetylcholine,2,35,0.003
FB4M,LAL127,152,0.008,cb_intrinsic,gaba,4,22,0.002
FB4N,CRE095,103,0.008,cb_intrinsic,acetylcholine,7,52,0.005
FB4N,CRE013,95,0.008,cb_intrinsic,gaba,2,68,0.006
FB4N,CB1062,95,0.008,cb_intrinsic,glutamate,8,0,0.0
FB4O,SMP577,69,0.008,cb_intrinsic,acetylcholine,2,45,0.008
FB4O,MBON21,62,0.008,cb_intrinsic,acetylcholine,2,27,0.005
FB4P_a,LAL191,71,0.008,cb_intrinsic,acetylcholine,2,75,0.007
FB4R,SMP122,57,0.008,cb_intrinsic,glutamate,3,11,0.003
FB4R,CRE060,51,0.008,cb_intrinsic,acetylcholine,2,4,0.001
FB4X,CRE093,75,0.008,cb_intrinsic,acetylcholine,4,20,0.002
FB4X,SMP146,75,0.008,cb_intrinsic,gaba,2,115,0.014
FB4Y,LAL100,194,0.008,cb_intrinsic,gaba,2,151,0.007
FB5A,LAL152,191,0.008,cb_intrinsic,acetylcholine,2,0,0.0
FB5AB,LHAD2b1,104,0.008,cb_intrinsic,acetylcholine,2,132,0.014
FB5AB,CB1357,99,0.008,cb_intrinsic,acetylcholine,11,0,0.0
FB5AB,CRE054,96,0.008,cb_intrinsic,gaba,9,80,0.009
FB5AB,SIP019,95,0.008,cb_intrinsic,acetylcholine,2,16,0.002
FB5C,SIP067,50,0.008,cb_intrinsic,acetylcholine,2,14,0.003
FB5D,SMP152,59,0.008,cb_intrinsic,acetylcholine,2,28,0.005
FB5H,CB1841,69,0.008,cb_intrinsic,acetylcholine,4,0,0.0
FB5H,SMP405,68,0.008,cb_intrinsic,acetylcholine,4,16,0.002
FB5H,MBON15,65,0.008,cb_intrinsic,acetylcholine,4,15,0.002
FB5H,CRE068,64,0.008,cb_intrinsic,acetylcholine,4,9,0.001
FB5I,SIP047,62,0.008,cb_intrinsic,acetylcholine,10,29,0.004
FB5I,ATL002,61,0.008,cb_intrinsic,glutamate,2,77,0.009
FB5I,LHPV5g1_b,59,0.008,cb_intrinsic,acetylcholine,7,37,0.005
FB5Q,CRE076,51,0.008,cb_intrinsic,acetylcholine,2,27,0.005
FB5V_a,IB017,60,0.008,cb_intrinsic,acetylcholine,2,0,
FB5V_a,CL303,57,0.008,cb_intrinsic,acetylcholine,2,0,
FB5V_a,AVLP562,55,0.008,cb_intrinsic,acetylcholine,2,0,
FB5X,SMP593,77,0.008,cb_intrinsic,gaba,2,95,0.01
FB5X,PPL102,72,0.008,cb_intrinsic,dopamine,2,110,0.012
FB6A_a,SMP405,67,0.008,cb_intrinsic,acetylcholine,4,0,
FB6A_b,SIP076,51,0.008,cb_intrinsic,acetylcholine,20,0,
FB6A_c,SMP034,74,0.008,cb_intrinsic,glutamate,4,0,
FB6D,OA-VPM3,50,0.008,cb_intrinsic,octopamine,2,76,0.013
FB6M,WED103,55,0.008,cb_intrinsic,glutamate,12,33,0.009
FB6M,ATL013,50,0.008,cb_intrinsic,acetylcholine,4,36,0.01
FB7A,SMP379,61,0.008,cb_intrinsic,acetylcholine,2,41,0.007
FB7E,SMP355,56,0.008,cb_intrinsic,acetylcholine,4,26,0.005
FB7E,SMP257,53,0.008,cb_intrinsic,acetylcholine,2,27,0.005
FB7E,LoVP82,51,0.008,visual_projection,acetylcholine,4,0,0.0
FB8F_b,CB2398,51,0.008,cb_intrinsic,acetylcholine,5,0,0.0
FS4A,PRW074,119,0.008,cb_intrinsic,glutamate,2,0,0.0
FS4A,FB9B_a,110,0.008,cb_intrinsic,glutamate,4,80,0.006
GLNO,PS060,79,0.008,cb_intrinsic,gaba,2,17,0.004
IbSpsP,VES056,139,0.008,cb_intrinsic,acetylcholine,2,114,0.008
IbSpsP,AN07B037_b,136,0.008,ascending_neuron,acetylcholine,2,0,0.0
LCNOp,VES010,55,0.008,cb_intrinsic,gaba,2,33,0.005
LCNOpm,LAL053,144,0.008,cb_intrinsic,glutamate,2,39,0.004
LCNOpm,LAL110,137,0.008,cb_intrinsic,acetylcholine,10,73,0.008
LNO1,SIP064,85,0.008,cb_intrinsic,acetylcholine,2,33,0.005
LNO2,CB2037,154,0.008,cb_intrinsic,acetylcholine,6,0,0.0
LPsP,mALD4,99,0.008,cb_intrinsic,gaba,2,0,0.0
PFR_b,CRE004,208,0.008,cb_intrinsic,acetylcholine,2,71,0.002
hDeltaC,OA-VPM3,353,0.008,cb_intrinsic,octopamine,2,453,0.015
hDeltaD,FB9B_a,166,0.008,cb_intrinsic,glutamate,4,80,0.004
ER1_a,CB2523,67,0.007,cb_intrinsic,acetylcholine,3,0,0.0
ER1_b,WED057,75,0.007,cb_intrinsic,gaba,21,23,0.003
ExR1,TuBu04,386,0.007,cb_intrinsic,acetylcholine,12,135,0.003
ExR3,LAL085,109,0.007,cb_intrinsic,glutamate,4,0,0.0
ExR3,SLP359,107,0.007,cb_intrinsic,acetylcholine,4,94,0.006
ExR3,WED038,107,0.007,cb_intrinsic,glutamate,16,64,0.004
ExR3,LAL139,105,0.007,cb_intrinsic,gaba,2,49,0.003
ExR3,LHPV6q1,104,0.007,cb_intrinsic,unclear,2,127,0.008
ExR5,LoVP85,82,0.007,visual_projection,acetylcholine,2,0,0.0
ExR5,MeVP1,81,0.007,visual_projection,acetylcholine,122,0,0.0
ExR6,CB3135,151,0.007,cb_intrinsic,glutamate,3,0,0.0
ExR6,SMP370,138,0.007,cb_intrinsic,glutamate,2,81,0.006
FB1C,SIP064,97,0.007,cb_intrinsic,acetylcholine,2,28,0.003
FB1C,LAL047,95,0.007,cb_intrinsic,gaba,2,67,0.008
FB1C,aIPg_m2,95,0.007,cb_intrinsic,acetylcholine,4,0,0.0
FB1H,SMP157,95,0.007,cb_intrinsic,acetylcholine,2,77,0.005
FB1H,SMP568_c,90,0.007,cb_intrinsic,acetylcholine,4,39,0.002
FB1H,SMP744,87,0.007,cb_intrinsic,acetylcholine,2,0,0.0
FB1H,SMP048,85,0.007,cb_intrinsic,acetylcholine,2,164,0.01
FB2A,MBON33,74,0.007,cb_intrinsic,acetylcholine,2,33,0.004
FB2B_a,SMP237,66,0.007,cb_intrinsic,acetylcholine,2,32,0.004
FB2F_a,M_spPN5t10,50,0.007,cb_intrinsic,acetylcholine,2,13,0.002
FB2I_a,CL234,80,0.007,cb_intrinsic,glutamate,4,64,0.005
FB2K,CB2469,55,0.007,cb_intrinsic,gaba,6,0,0.0
FB2K,LHPV3a2,52,0.007,cb_intrinsic,acetylcholine,5,0,0.0
FB2K,PLP187,51,0.007,cb_intrinsic,acetylcholine,6,10,0.002
FB3A,OA-VUMa1,82,0.007,cb_intrinsic,octopamine,2,40,0.005
FB3C,WEDPN7C,61,0.007,cb_intrinsic,acetylcholine,5,11,0.002
FB4C,SMP376,87,0.007,cb_intrinsic,glutamate,2,87,0.008
FB4C,CRE025,82,0.007,cb_intrinsic,glutamate,2,35,0.003
FB4F_c,AVLP752m,53,0.007,cb_intrinsic,acetylcholine,6,0,
FB4F_c,CL166,51,0.007,cb_intrinsic,acetylcholine,5,0,
FB4F_c,LAL147_a,50,0.007,cb_intrinsic,glutamate,4,0,
FB4K,SLP278,55,0.007,cb_intrinsic,acetylcholine,2,27,0.004
FB4L,OLVC5,71,0.007,visual_centrifugal,acetylcholine,2,0,0.0
FB4L,CB1564,68,0.007,cb_intrinsic,acetylcholine,4,0,0.0
FB4L,MeTu4f,67,0.007,visual_projection,acetylcholine,56,0,0.0
FB4M,PS269,142,0.007,cb_intrinsic,acetylcholine,5,20,0.002
FB4M,LAL149,140,0.007,cb_intrinsic,glutamate,4,64,0.005
FB4M,IB005,134,0.007,cb_intrinsic,gaba,2,86,0.006
FB4M,LAL002,134,0.007,cb_intrinsic,glutamate,2,40,0.003
FB4N,LHCENT3,90,0.007,cb_intrinsic,gaba,2,16,0.001
FB4N,SIP132m,90,0.007,cb_intrinsic,acetylcholine,2,0,0.0
FB4O,CRE024,61,0.007,cb_intrinsic,acetylcholine,2,74,0.014
FB4O,SMP011_a,55,0.007,cb_intrinsic,glutamate,2,0,0.0
FB4P_a,IB017,63,0.007,cb_intrinsic,acetylcholine,2,66,0.006
FB4P_a,CRE077,62,0.007,cb_intrinsic,acetylcholine,2,111,0.011
FB4P_a,PLP246,61,0.007,cb_intrinsic,acetylcholine,2,68,0.007
FB4P_a,CB2620,59,0.007,cb_intrinsic,gaba,2,0,0.0
FB4P_a,LAL192,58,0.007,cb_intrinsic,acetylcholine,2,63,0.006
FB4P_a,SMP152,56,0.007,cb_intrinsic,acetylcholine,2,99,0.01
FB4X,CRE068,62,0.007,cb_intrinsic,acetylcholine,4,46,0.006
FB4X,CL021,62,0.007,cb_intrinsic,acetylcholine,2,13,0.002
FB4X,LHPV4m1,60,0.007,cb_intrinsic,acetylcholine,2,35,0.004
FB4Y,SMP178,176,0.007,cb_intrinsic,acetylcholine,2,58,0.003
FB4Y,SIP064,176,0.007,cb_intrinsic,acetylcholine,2,96,0.005
FB4Y,SMP157,173,0.007,cb_intrinsic,acetylcholine,2,99,0.005
FB5A,CRE039,180,0.007,cb_intrinsic,glutamate,8,78,0.004
FB5A,IB017,179,0.007,cb_intrinsic,acetylcholine,2,161,0.008
FB5AB,CRE066,91,0.007,cb_intrinsic,acetylcholine,4,87,0.01
FB5AB,MBON12,89,0.007,cb_intrinsic,acetylcholine,4,79,0.009
FB5AB,PPL107,81,0.007,cb_intrinsic,dopamine,2,112,0.012
FB5AB,M_l2PNm14,80,0.007,cb_intrinsic,acetylcholine,2,35,0.004
FB5H,SMP087,58,0.007,cb_intrinsic,glutamate,4,29,0.004
FB5H,CRE102,57,0.007,cb_intrinsic,glutamate,2,27,0.004
FB5H,CRE043_b,56,0.007,cb_intrinsic,gaba,2,73,0.01
FB5H,LHPV5g2,55,0.007,cb_intrinsic,acetylcholine,6,27,0.004
FB5I,LHAV9a1_c,55,0.007,cb_intrinsic,acetylcholine,6,21,0.003
FB5X,SMP418,70,0.007,cb_intrinsic,glutamate,2,0,0.0
FB5X,CRE078,67,0.007,cb_intrinsic,acetylcholine,4,56,0.006
FB5X,AN19B019,66,0.007,ascending_neuron,acetylcholine,2,0,0.0
FB5X,SMP507,64,0.007,cb_intrinsic,acetylcholine,2,56,0.006
FB6A_a,SIP057,60,0.007,cb_intrinsic,acetylcholine,2,0,
FB6A_b,CB1895,50,0.007,cb_intrinsic,acetylcholine,4,0,
FB6A_c,SMP086,68,0.007,cb_intrinsic,glutamate,4,0,
FB6A_c,SMP406_b,67,0.007,cb_intrinsic,acetylcholine,2,0,
FB6A_c,SMP404,66,0.007,cb_intrinsic,acetylcholine,5,0,
FB6A_c,SIP057,66,0.007,cb_intrinsic,acetylcholine,2,0,
FB6C_b,SMP407,61,0.007,cb_intrinsic,acetylcholine,2,20,0.004
FB6H,SMP184,50,0.007,cb_intrinsic,acetylcholine,2,19,0.003
FB7A,SLP105,53,0.007,cb_intrinsic,glutamate,4,46,0.008
FB7A,BiT,52,0.007,cb_intrinsic,acetylcholine,2,0,0.0
FB7A,SLP385,51,0.007,cb_intrinsic,acetylcholine,2,15,0.003
FB7I,SMP299,57,0.007,cb_intrinsic,gaba,4,10,0.001
FB7I,SIP065,56,0.007,cb_intrinsic,glutamate,2,53,0.007
FB7L,PRW032,60,0.007,cb_intrinsic,acetylcholine,2,0,0.0
FB7L,SMP483,59,0.007,cb_intrinsic,acetylcholine,4,17,0.003
FS1A_a,SMP371_b,60,0.007,cb_intrinsic,glutamate,2,0,
FS1A_b,SMP371_a,51,0.007,cb_intrinsic,glutamate,2,0,
GLNO,PS292,71,0.007,cb_intrinsic,acetylcholine,4,5,0.001
GLNO,LAL206,67,0.007,cb_intrinsic,glutamate,4,0,0.0
GLNO,LAL085,63,0.007,cb_intrinsic,glutamate,4,0,0.0
GLNO,LAL111,63,0.007,cb_intrinsic,gaba,2,10,0.002
IbSpsP,AN19B017,120,0.007,ascending_neuron,acetylcholine,2,0,0.0
IbSpsP,LPT54,110,0.007,visual_projection,acetylcholine,2,0,0.0
LCNOpm,LAL043_d,119,0.007,cb_intrinsic,gaba,2,0,0.0
LNO2,AOTU001,143,0.007,cb_intrinsic,acetylcholine,7,0,0.0
LNO2,GNG303,142,0.007,cb_intrinsic,gaba,2,0,0.0
LNO2,CRE013,131,0.007,cb_intrinsic,gaba,2,71,0.006
LNO2,DNpe023,131,0.007,descending_neuron,acetylcholine,2,0,0.0
vDeltaF,OA-VPM3,107,0.007,cb_intrinsic,octopamine,2,112,0.012
vDeltaG,OA-VPM3,98,0.007,cb_intrinsic,octopamine,2,115,0.011
ER1_a,LHPV6q1,60,0.006,cb_intrinsic,unclear,2,45,0.005
ER1_b,WED035,72,0.006,cb_intrinsic,glutamate,10,22,0.003
ER3w_a,TuBu09,54,0.006,cb_intrinsic,acetylcholine,21,7,0.001
ER3w_b,AOTU046,124,0.006,cb_intrinsic,glutamate,4,57,0.006
ER6,PS196_b,74,0.006,cb_intrinsic,acetylcholine,2,0,0.0
ExR1,TuBu08,316,0.006,cb_intrinsic,acetylcholine,21,106,0.003
ExR2,LAL206,70,0.006,cb_intrinsic,glutamate,4,0,0.0
ExR3,SMP451,92,0.006,cb_intrinsic,glutamate,4,25,0.001
ExR3,LoVP60,89,0.006,visual_projection,acetylcholine,2,0,0.0
ExR3,LAL206,83,0.006,cb_intrinsic,glutamate,4,0,0.0
ExR4,LAL076,128,0.006,cb_intrinsic,glutamate,2,46,0.004
ExR5,AVLP043,69,0.006,cb_intrinsic,acetylcholine,4,67,0.006
ExR6,LAL121,116,0.006,cb_intrinsic,glutamate,2,88,0.007
FB1C,CL361,82,0.006,cb_intrinsic,acetylcholine,2,29,0.003
FB1C,LAL164,81,0.006,cb_intrinsic,acetylcholine,2,7,0.001
FB1C,CRE066,78,0.006,cb_intrinsic,acetylcholine,4,37,0.004
FB1C,CRE013,77,0.006,cb_intrinsic,gaba,2,33,0.004
FB1C,LAL163,76,0.006,cb_intrinsic,acetylcholine,2,11,0.001
FB1H,SMP112,79,0.006,cb_intrinsic,acetylcholine,6,79,0.005
FB1H,aIPg5,73,0.006,cb_intrinsic,acetylcholine,6,0,0.0
FB2A,SMP150,56,0.006,cb_intrinsic,glutamate,2,42,0.006
FB2D,WED035,104,0.006,cb_intrinsic,glutamate,10,21,0.001
FB2I_a,M_lPNm13,65,0.006,cb_intrinsic,acetylcholine,7,26,0.002
FB2I_a,ATL027,64,0.006,cb_intrinsic,acetylcholine,2,117,0.009
FB3A,PS197,73,0.006,cb_intrinsic,acetylcholine,4,0,0.0
FB3A,LAL206,71,0.006,cb_intrinsic,glutamate,4,0,0.0
FB4B,LAL059,66,0.006,cb_intrinsic,gaba,6,10,0.001
FB4B,GNG303,58,0.006,cb_intrinsic,gaba,2,0,0.0
FB4B,AN19B017,57,0.006,ascending_neuron,acetylcholine,2,0,0.0
FB4L,LC10c-1,58,0.006,visual_projection,acetylcholine,130,0,0.0
FB4L,WED022,58,0.006,cb_intrinsic,acetylcholine,2,0,0.0
FB4L,SMP377,57,0.006,cb_intrinsic,acetylcholine,15,3,0.001
FB4L,SIP069,57,0.006,cb_intrinsic,acetylcholine,3,41,0.008
FB4L,SIP132m,53,0.006,cb_intrinsic,acetylcholine,2,0,0.0
FB4M,LAL192,119,0.006,cb_intrinsic,acetylcholine,2,62,0.005
FB4M,SMP144,113,0.006,cb_intrinsic,glutamate,2,6,0.0
FB4N,SMP008,79,0.006,cb_intrinsic,acetylcholine,9,54,0.005
FB4N,CB2846,71,0.006,cb_intrinsic,acetylcholine,4,0,0.0
FB4N,SMP577,68,0.006,cb_intrinsic,acetylcholine,2,46,0.004
FB4O,SLP473,51,0.006,cb_intrinsic,acetylcholine,2,0,0.0
FB4O,CRE005,50,0.006,cb_intrinsic,acetylcholine,4,33,0.006
FB4P_a,LAL147_c,50,0.006,cb_intrinsic,glutamate,2,0,0.0
FB4P_a,CRE108,50,0.006,cb_intrinsic,acetylcholine,2,20,0.002
FB4X,SMP011_b,52,0.006,cb_intrinsic,glutamate,2,0,0.0
FB4Y,FB5V_b,153,0.006,cb_intrinsic,glutamate,6,0,0.0
FB4Y,AN19B019,151,0.006,ascending_neuron,acetylcholine,2,0,0.0
FB4Y,OA-VPM3,149,0.006,cb_intrinsic,octopamine,2,218,0.01
FB4Y,mALD1,147,0.006,cb_intrinsic,gaba,2,79,0.004
FB4Y,SMP109,133,0.006,cb_intrinsic,acetylcholine,2,69,0.003
FB4Y,CRE004,130,0.006,cb_intrinsic,acetylcholine,2,46,0.002
FB5A,SMP014,154,0.006,cb_intrinsic,acetylcholine,2,97,0.005
FB5A,CRE034,151,0.006,cb_intrinsic,glutamate,4,55,0.003
FB5A,AOTU029,143,0.006,cb_intrinsic,acetylcholine,2,37,0.002
FB5A,SMP544,134,0.006,cb_intrinsic,gaba,2,103,0.005
FB5AB,CB2194,75,0.006,cb_intrinsic,glutamate,3,0,0.0
FB5AB,SLP473,72,0.006,cb_intrinsic,acetylcholine,2,0,0.0
FB5H,CB1895,51,0.006,cb_intrinsic,acetylcholine,4,0,0.0
FB5X,SMP185,58,0.006,cb_intrinsic,acetylcholine,2,45,0.005
FB5X,AOTU030,57,0.006,cb_intrinsic,acetylcholine,2,26,0.003
FB5X,CRE006,54,0.006,cb_intrinsic,glutamate,2,49,0.005
FB6A_c,CB1434,61,0.006,cb_intrinsic,glutamate,6,0,
FB6A_c,OA-VPM3,56,0.006,cb_intrinsic,octopamine,2,0,
FB6A_c,SIP086,55,0.006,cb_intrinsic,glutamate,2,0,
FC3_c,FB5V_b,60,0.006,cb_intrinsic,glutamate,6,0,
GLNO,OA-VUMa1,58,0.006,cb_intrinsic,octopamine,2,23,0.005
IbSpsP,PS309,109,0.006,cb_intrinsic,acetylcholine,2,0,0.0
IbSpsP,ATL027,104,0.006,cb_intrinsic,acetylcholine,2,279,0.019
IbSpsP,DNpe053,101,0.006,descending_neuron,acetylcholine,2,0,0.0
IbSpsP,LPT31,99,0.006,visual_projection,acetylcholine,8,0,0.0
IbSpsP,PLP222,95,0.006,cb_intrinsic,acetylcholine,2,0,0.0
LCNOpm,LAL043_e,108,0.006,cb_intrinsic,gaba,2,0,0.0
LCNOpm,LAL177,108,0.006,cb_intrinsic,acetylcholine,2,25,0.003
LCNOpm,PS060,102,0.006,cb_intrinsic,gaba,2,38,0.004
LCNOpm,IB076,101,0.006,cb_intrinsic,acetylcholine,4,9,0.001
LCNOpm,LAL111,101,0.006,cb_intrinsic,gaba,2,39,0.004
LCNOpm,LAL104,100,0.006,cb_intrinsic,gaba,4,5,0.001
LCNOpm,AN06B011,98,0.006,ascending_neuron,acetylcholine,2,0,0.0
LCNOpm,LAL017,97,0.006,cb_intrinsic,acetylcholine,2,35,0.004
LNO1,LAL035,65,0.006,cb_intrinsic,acetylcholine,4,22,0.003
LNO1,LAL144,65,0.006,cb_intrinsic,acetylcholine,6,19,0.003
LNO1,LAL152,64,0.006,cb_intrinsic,acetylcholine,2,0,0.0
LNO2,PS327,124,0.006,cb_intrinsic,acetylcholine,2,0,0.0
LNO2,LAL173,122,0.006,cb_intrinsic,acetylcholine,4,13,0.001
LNO2,WED071,119,0.006,cb_intrinsic,glutamate,2,0,0.0
LNO2,CB4183,117,0.006,cb_intrinsic,acetylcholine,4,0,0.0
LNO2,LAL112,110,0.006,cb_intrinsic,gaba,4,51,0.005
LPsP,PS292,78,0.006,cb_intrinsic,acetylcholine,4,0,0.0
LPsP,LAL168,73,0.006,cb_intrinsic,acetylcholine,2,0,0.0
hDeltaD,FB9B_c,128,0.006,cb_intrinsic,glutamate,4,126,0.007
vDeltaI_a,OA-VPM3,69,0.006,cb_intrinsic,octopamine,2,0,
ER1_b,CB1599,61,0.005,cb_intrinsic,acetylcholine,3,0,0.0
ER1_b,PS327,58,0.005,cb_intrinsic,acetylcholine,2,0,0.0
ER1_b,WED157,55,0.005,cb_intrinsic,acetylcholine,6,40,0.005
ER3d_d,TuBu04,73,0.005,cb_intrinsic,acetylcholine,12,43,0.004
ER3m,TuBu03,114,0.005,cb_intrinsic,acetylcholine,23,25,0.001
ER4d,AOTU046,302,0.005,cb_intrinsic,glutamate,4,174,0.004
ExR1,LHPV5l1,287,0.005,cb_intrinsic,acetylcholine,2,127,0.003
ExR2,LAL085,55,0.005,cb_intrinsic,glutamate,4,1,0.0
ExR3,CL339,81,0.005,cb_intrinsic,acetylcholine,2,0,0.0
ExR3,PLP044,75,0.005,cb_intrinsic,glutamate,6,17,0.001
ExR3,SIP086,73,0.005,cb_intrinsic,glutamate,2,102,0.006
ExR3,WED010,70,0.005,cb_intrinsic,acetylcholine,6,22,0.001
ExR4,LAL073,108,0.005,cb_intrinsic,glutamate,2,59,0.005
ExR4,DNpe027,106,0.005,descending_neuron,acetylcholine,2,0,0.0
ExR4,LAL104,96,0.005,cb_intrinsic,gaba,4,1,0.0
ExR4,PS292,95,0.005,cb_intrinsic,acetylcholine,4,8,0.001
ExR5,OA-VPM3,64,0.005,cb_intrinsic,octopamine,2,85,0.008
ExR6,LAL206,111,0.005,cb_intrinsic,glutamate,4,0,0.0
ExR6,LAL104,105,0.005,cb_intrinsic,gaba,4,5,0.0
ExR6,SMP147,100,0.005,cb_intrinsic,gaba,2,38,0.003
ExR6,LAL002,97,0.005,cb_intrinsic,glutamate,2,39,0.003
ExR6,GNG317,96,0.005,cb_intrinsic,acetylcholine,2,0,0.0
ExR6,AVLP705m,94,0.005,cb_intrinsic,acetylcholine,9,0,0.0
ExR6,LC33,94,0.005,visual_projection,glutamate,32,0,0.0
FB1C,CRE068,72,0.005,cb_intrinsic,acetylcholine,4,13,0.001
FB1C,LAL007,71,0.005,cb_intrinsic,acetylcholine,2,10,0.001
FB1C,SMP152,71,0.005,cb_intrinsic,acetylcholine,2,32,0.004
FB1C,pC1_8a,71,0.005,cb_intrinsic,acetylcholine,2,0,0.0
FB1C,WED009,69,0.005,cb_intrinsic,acetylcholine,6,4,0.0
FB1C,LAL110,68,0.005,cb_intrinsic,acetylcholine,10,33,0.004
FB1C,SMP598,68,0.005,cb_intrinsic,glutamate,2,0,0.0
FB1C,SMP110,66,0.005,cb_intrinsic,acetylcholine,4,10,0.001
FB1C,LAL100,64,0.005,cb_intrinsic,gaba,2,36,0.004
FB1C,ATL044,60,0.005,cb_intrinsic,acetylcholine,2,18,0.002
FB1H,CRE103,68,0.005,cb_intrinsic,acetylcholine,10,60,0.004
FB1H,CB1171,66,0.005,cb_intrinsic,glutamate,7,0,0.0
FB1H,CRE004,66,0.005,cb_intrinsic,acetylcholine,2,34,0.002
FB1H,SMP178,65,0.005,cb_intrinsic,acetylcholine,2,65,0.004
FB1H,SMP108,64,0.005,cb_intrinsic,acetylcholine,2,89,0.005
FB1H,CRE049,61,0.005,cb_intrinsic,acetylcholine,2,45,0.003
FB2A,WED184,54,0.005,cb_intrinsic,gaba,2,0,0.0
FB2A,CB1220,52,0.005,cb_intrinsic,glutamate,9,0,0.0
FB2D,SMP371_a,99,0.005,cb_intrinsic,glutamate,2,0,0.0
FB2D,OA-VPM3,93,0.005,cb_intrinsic,octopamine,2,131,0.008
FB2D,LAL142,86,0.005,cb_intrinsic,gaba,2,48,0.003
FB3A,AN10B018,64,0.005,ascending_neuron,acetylcholine,2,0,0.0
FB3A,CB4183,60,0.005,cb_intrinsic,acetylcholine,4,0,0.0
FB3A,LAL056,57,0.005,cb_intrinsic,gaba,6,32,0.004
FB4B,CB3760,52,0.005,cb_intrinsic,glutamate,3,0,0.0
FB4C,CRE105,60,0.005,cb_intrinsic,acetylcholine,2,75,0.007
FB4C,LHPV7c1,54,0.005,cb_intrinsic,acetylcholine,2,55,0.005
FB4M,CB2035,99,0.005,cb_intrinsic,acetylcholine,6,0,0.0
FB4M,CRE089,98,0.005,cb_intrinsic,acetylcholine,2,54,0.004
FB4M,LAL147_a,97,0.005,cb_intrinsic,glutamate,4,0,0.0
FB4M,MBON35,94,0.005,cb_intrinsic,acetylcholine,2,73,0.006
FB4N,CRE034,67,0.005,cb_intrinsic,glutamate,4,16,0.001
FB4N,DNp104,66,0.005,descending_neuron,acetylcholine,2,0,0.0
FB4N,CRE012,65,0.005,cb_intrinsic,gaba,2,70,0.006
FB4N,MBON26,60,0.005,cb_intrinsic,acetylcholine,2,32,0.003
FB4N,SMP405,58,0.005,cb_intrinsic,acetylcholine,4,26,0.002
FB4N,LAL032,56,0.005,cb_intrinsic,acetylcholine,2,101,0.009
FB4Y,SMP714m,117,0.005,cb_intrinsic,acetylcholine,6,0,0.0
FB4Y,LAL164,115,0.005,cb_intrinsic,acetylcholine,2,43,0.002
FB4Y,SMP192,107,0.005,cb_intrinsic,acetylcholine,2,44,0.002
FB4Y,LAL163,106,0.005,cb_intrinsic,acetylcholine,2,45,0.002
FB4Y,LAL129,106,0.005,cb_intrinsic,acetylcholine,2,38,0.002
FB5A,LAL134,119,0.005,cb_intrinsic,gaba,2,116,0.006
FB5A,aIPg_m1,115,0.005,cb_intrinsic,acetylcholine,4,0,0.0
FB5A,LAL136_a,114,0.005,cb_intrinsic,acetylcholine,5,17,0.001
FB5A,CRE040,110,0.005,cb_intrinsic,gaba,2,113,0.006
FB5AB,CB2937,61,0.005,cb_intrinsic,glutamate,5,0,0.0
FB5AB,CRE055,60,0.005,cb_intrinsic,gaba,17,36,0.004
FB5AB,M_lvPNm26,60,0.005,cb_intrinsic,acetylcholine,4,20,0.002
FB5AB,CB2787,59,0.005,cb_intrinsic,acetylcholine,5,0,0.0
FB5AB,CB2592,58,0.005,cb_intrinsic,acetylcholine,7,0,0.0
FB5X,CRE018,51,0.005,cb_intrinsic,acetylcholine,8,15,0.002
FC1B,OA-VPM3,69,0.005,cb_intrinsic,octopamine,2,68,0.005
FC1F,OA-VPM3,51,0.005,cb_intrinsic,octopamine,2,121,0.011
FC2B,LAL076,207,0.005,cb_intrinsic,glutamate,2,228,0.004
FS4A,FB9B_b,70,0.005,cb_intrinsic,glutamate,4,32,0.002
IbSpsP,OCG02b,82,0.005,visual_projection,acetylcholine,2,0,0.0
LCNOpm,GNG284,91,0.005,cb_intrinsic,gaba,2,0,0.0
LCNOpm,CRE042,81,0.005,cb_intrinsic,gaba,2,93,0.01
LNO1,CB3394,57,0.005,cb_intrinsic,gaba,2,0,0.0
LNO1,LAL037,54,0.005,cb_intrinsic,acetylcholine,4,8,0.001
LNO1,LAL116,54,0.005,cb_intrinsic,acetylcholine,2,3,0.0
LNO1,LAL163,50,0.005,cb_intrinsic,acetylcholine,2,5,0.001
LNO2,PS263,106,0.005,cb_intrinsic,acetylcholine,4,28,0.002
LNO2,LAL010,102,0.005,cb_intrinsic,acetylcholine,2,47,0.004
LNO2,Nod3,99,0.005,visual_projection,acetylcholine,2,0,0.0
LNO2,LAL035,98,0.005,cb_intrinsic,acetylcholine,4,31,0.003
LNO2,LAL207,97,0.005,cb_intrinsic,gaba,2,0,0.0
LNO2,LAL300m,93,0.005,cb_intrinsic,acetylcholine,4,0,0.0
LNO2,ATL044,90,0.005,cb_intrinsic,acetylcholine,2,19,0.002
LNO2,LAL144,89,0.005,cb_intrinsic,acetylcholine,6,54,0.005
PFNd,OA-VPM3,226,0.005,cb_intrinsic,octopamine,2,189,0.004
hDeltaK,OA-VPM3,146,0.005,cb_intrinsic,octopamine,2,234,0.009
vDeltaE,OA-VPM3,67,0.005,cb_intrinsic,octopamine,2,184,0.01
ER1_b,WED016,50,0.004,cb_intrinsic,acetylcholine,2,11,0.001
ER3a_a,SMP238,59,0.004,cb_intrinsic,acetylcholine,2,25,0.003
ExR1,LAL203,239,0.004,cb_intrinsic,acetylcholine,4,80,0.002
ExR3,mALD1,66,0.004,cb_intrinsic,gaba,2,99,0.006
ExR3,PLP036,65,0.004,cb_intrinsic,glutamate,2,19,0.001
ExR3,LC33,58,0.004,visual_projection,glutamate,32,0,0.0
ExR3,LAL055,56,0.004,cb_intrinsic,acetylcholine,2,29,0.002
ExR3,ATL015,55,0.004,cb_intrinsic,acetylcholine,2,26,0.002
ExR3,SLP074,55,0.004,cb_intrinsic,acetylcholine,2,15,0.001
ExR3,PS060,54,0.004,cb_intrinsic,gaba,2,40,0.002
ExR4,CB3135,83,0.004,cb_intrinsic,glutamate,3,0,0.0
ExR5,LHPV5l1,52,0.004,cb_intrinsic,acetylcholine,2,19,0.002
ExR5,MeVC9,52,0.004,visual_centrifugal,acetylcholine,2,0,0.0
ExR5,LAL184,51,0.004,cb_intrinsic,acetylcholine,2,11,0.001
ExR6,LAL109,93,0.004,cb_intrinsic,gaba,4,32,0.003
ExR6,SMP188,93,0.004,cb_intrinsic,acetylcholine,2,66,0.005
ExR6,LAL303m,92,0.004,cb_intrinsic,acetylcholine,5,0,0.0
ExR6,PS196_b,88,0.004,cb_intrinsic,acetylcholine,2,0,0.0
ExR6,LAL073,87,0.004,cb_intrinsic,glutamate,2,62,0.005
ExR6,LAL053,76,0.004,cb_intrinsic,glutamate,2,9,0.001
ExR6,PVLP200m_b,74,0.004,cb_intrinsic,acetylcholine,2,0,0.0
FB1C,CB0951,55,0.004,cb_intrinsic,glutamate,6,0,0.0
FB1C,PLP032,53,0.004,cb_intrinsic,acetylcholine,2,30,0.003
FB1H,LHPV5e1,58,0.004,cb_intrinsic,acetylcholine,2,88,0.005
FB1H,SMP175,58,0.004,cb_intrinsic,acetylcholine,2,75,0.005
FB1H,CRE075,58,0.004,cb_intrinsic,glutamate,2,28,0.002
FB1H,CRE018,57,0.004,cb_intrinsic,acetylcholine,8,35,0.002
FB1H,MBON05,53,0.004,cb_intrinsic,glutamate,2,48,0.003
FB1H,CB3056,52,0.004,cb_intrinsic,glutamate,6,0,0.0
FB2D,LC33,67,0.004,visual_projection,glutamate,32,0,0.0
FB2D,SMP371_b,67,0.004,cb_intrinsic,glutamate,2,0,0.0
FB2I_a,LHPV5l1,50,0.004,cb_intrinsic,acetylcholine,2,27,0.002
FB3A,LAL166,52,0.004,cb_intrinsic,acetylcholine,2,13,0.002
FB3A,LAL099,51,0.004,cb_intrinsic,gaba,2,14,0.002
FB4M,OA-VPM3,89,0.004,cb_intrinsic,octopamine,2,133,0.01
FB4M,LAL147_c,85,0.004,cb_intrinsic,glutamate,2,0,0.0
FB4M,LAL191,83,0.004,cb_intrinsic,acetylcholine,2,55,0.004
FB4M,SMP150,81,0.004,cb_intrinsic,glutamate,2,34,0.003
FB4N,PLP246,52,0.004,cb_intrinsic,acetylcholine,2,33,0.003
FB4Y,SMP184,98,0.004,cb_intrinsic,acetylcholine,2,34,0.002
FB4Y,mALD4,94,0.004,cb_intrinsic,gaba,2,50,0.002
FB4Y,SMP238,88,0.004,cb_intrinsic,acetylcholine,2,14,0.001
FB4Y,CRE022,84,0.004,cb_intrinsic,glutamate,2,50,0.002
FB4Y,PLP032,83,0.004,cb_intrinsic,acetylcholine,2,52,0.002
FB5A,SMP157,104,0.004,cb_intrinsic,acetylcholine,2,78,0.004
FB5A,LAL003,104,0.004,cb_intrinsic,acetylcholine,4,27,0.001
FB5A,LAL114,101,0.004,cb_intrinsic,acetylcholine,2,38,0.002
FB5A,SMP374,100,0.004,cb_intrinsic,glutamate,4,17,0.001
FB5A,SMP139,99,0.004,cb_intrinsic,glutamate,2,61,0.003
FB5A,aIPg_m2,98,0.004,cb_intrinsic,acetylcholine,4,0,0.0
FB5A,CB3135,86,0.004,cb_intrinsic,glutamate,3,0,0.0
FB5AB,SIP052,53,0.004,cb_intrinsic,glutamate,2,7,0.001
FB5AB,SIP076,51,0.004,cb_intrinsic,acetylcholine,20,11,0.001
FB5AB,SMP561,50,0.004,cb_intrinsic,acetylcholine,2,12,0.001
FC2A,CB1128,117,0.004,cb_intrinsic,gaba,4,0,0.0
FC2B,oviIN,183,0.004,cb_intrinsic,gaba,2,241,0.004
FS4A,DN1pB,60,0.004,cb_intrinsic,glutamate,4,15,0.001
FS4A,CB4133,50,0.004,cb_intrinsic,glutamate,7,0,0.0
IbSpsP,MeVPLp1,66,0.004,visual_projection,acetylcholine,2,0,0.0
IbSpsP,IB058,66,0.004,cb_intrinsic,glutamate,2,99,0.007
IbSpsP,LHPV5e3,61,0.004,cb_intrinsic,acetylcholine,2,110,0.007
LCNOpm,CRE068,72,0.004,cb_intrinsic,acetylcholine,4,6,0.001
LCNOpm,LAL123,70,0.004,cb_intrinsic,unclear,2,2,0.0
LCNOpm,OA-VPM3,63,0.004,cb_intrinsic,octopamine,2,98,0.011
LCNOpm,LAL176,62,0.004,cb_intrinsic,acetylcholine,2,25,0.003
LNO2,LAL043_d,84,0.004,cb_intrinsic,gaba,2,0,0.0
LNO2,CB1477,82,0.004,cb_intrinsic,acetylcholine,3,0,0.0
LNO2,LAL024,81,0.004,cb_intrinsic,acetylcholine,2,45,0.004
LNO2,WEDPN7C,81,0.004,cb_intrinsic,acetylcholine,5,25,0.002
LNO2,LAL167,81,0.004,cb_intrinsic,acetylcholine,4,70,0.006
LNO2,LAL013,80,0.004,cb_intrinsic,acetylcholine,2,30,0.003
LNO2,AOTU005,78,0.004,cb_intrinsic,acetylcholine,2,60,0.005
LNO2,PS197,78,0.004,cb_intrinsic,acetylcholine,4,0,0.0
LNO2,PS077,75,0.004,cb_intrinsic,gaba,15,20,0.002
LNO2,PS020,74,0.004,cb_intrinsic,acetylcholine,2,58,0.005
LNO2,LAL043_e,73,0.004,cb_intrinsic,gaba,2,0,0.0
LNO2,WED168,72,0.004,cb_intrinsic,acetylcholine,8,29,0.003
LNO2,PLP221,69,0.004,cb_intrinsic,acetylcholine,2,0,0.0
PFL2,OA-VPM3,140,0.004,cb_intrinsic,octopamine,2,157,0.005
PFR_a,OA-VUMa1,153,0.004,cb_intrinsic,octopamine,2,43,0.001
hDeltaD,FB9B_e,80,0.004,cb_intrinsic,glutamate,4,79,0.004
hDeltaG,OA-VPM3,113,0.004,cb_intrinsic,octopamine,2,135,0.006
hDeltaK,FB5V_b,95,0.004,cb_intrinsic,glutamate,6,0,0.0
vDeltaA_a,FB9B_c,62,0.004,cb_intrinsic,glutamate,4,9,0.001
EL,M_l2PNl20,230,0.003,cb_intrinsic,acetylcholine,2,0,0.0
ER4m,AOTU046,93,0.003,cb_intrinsic,glutamate,4,35,0.002
ExR1,FB9B_b,163,0.003,cb_intrinsic,glutamate,4,46,0.001
ExR3,PLP246,51,0.003,cb_intrinsic,acetylcholine,2,10,0.001
ExR4,LAL176,61,0.003,cb_intrinsic,acetylcholine,2,14,0.001
ExR4,LAL109,59,0.003,cb_intrinsic,gaba,4,9,0.001
ExR4,LAL139,58,0.003,cb_intrinsic,gaba,2,22,0.002
ExR4,LAL177,54,0.003,cb_intrinsic,acetylcholine,2,9,0.001
ExR4,OA-VUMa1,53,0.003,cb_intrinsic,octopamine,2,18,0.001
ExR4,LC33,52,0.003,visual_projection,glutamate,32,0,0.0
ExR4,LAL100,52,0.003,cb_intrinsic,gaba,2,10,0.001
ExR6,LAL100,69,0.003,cb_intrinsic,gaba,2,49,0.004
ExR6,AVLP752m,69,0.003,cb_intrinsic,acetylcholine,6,0,0.0
ExR6,LAL112,68,0.003,cb_intrinsic,gaba,4,48,0.004
ExR6,LAL133_c,67,0.003,cb_intrinsic,glutamate,2,0,0.0
ExR6,WED040_a,66,0.003,cb_intrinsic,glutamate,15,9,0.001
ExR6,WED038,64,0.003,cb_intrinsic,glutamate,16,25,0.002
ExR6,CRE042,62,0.003,cb_intrinsic,gaba,2,45,0.004
ExR6,AN06B075,60,0.003,ascending_neuron,gaba,2,0,0.0
ExR6,LAL051,57,0.003,cb_intrinsic,glutamate,2,33,0.003
ExR6,LAL050,55,0.003,cb_intrinsic,gaba,8,13,0.001
ExR6,CRE039,54,0.003,cb_intrinsic,glutamate,8,4,0.0
ExR6,CRE005,54,0.003,cb_intrinsic,acetylcholine,4,48,0.004
ExR6,PVLP200m_a,54,0.003,cb_intrinsic,acetylcholine,2,0,0.0
FB2D,CB1564,65,0.003,cb_intrinsic,acetylcholine,4,0,0.0
FB2D,LAL139,63,0.003,cb_intrinsic,gaba,2,9,0.001
FB2D,WEDPN7C,58,0.003,cb_intrinsic,acetylcholine,5,5,0.0
FB2D,LPT31,56,0.003,visual_projection,acetylcholine,8,0,0.0
FB4M,CL129,68,0.003,cb_intrinsic,acetylcholine,2,12,0.001
FB4M,DNpe053,68,0.003,descending_neuron,acetylcholine,2,0,0.0
FB4M,PVLP200m_b,61,0.003,cb_intrinsic,acetylcholine,2,0,0.0
FB4M,LAL150,59,0.003,cb_intrinsic,glutamate,10,20,0.002
FB4M,ATL029,58,0.003,cb_intrinsic,acetylcholine,2,16,0.001
FB4M,SMP597,57,0.003,cb_intrinsic,acetylcholine,2,22,0.002
FB4M,SIP073,55,0.003,cb_intrinsic,acetylcholine,6,2,0.0
FB4M,LAL164,53,0.003,cb_intrinsic,acetylcholine,2,14,0.001
FB4M,LoVC25,53,0.003,visual_centrifugal,acetylcholine,22,0,0.0
FB4M,OA-VUMa6,51,0.003,cb_intrinsic,octopamine,2,5,0.0
FB4Y,MBON33,77,0.003,cb_intrinsic,acetylcholine,2,56,0.003
FB4Y,SMP152,73,0.003,cb_intrinsic,acetylcholine,2,47,0.002
FB4Y,SMP573,67,0.003,cb_intrinsic,acetylcholine,2,37,0.002
FB4Y,PLP161,62,0.003,cb_intrinsic,acetylcholine,4,36,0.002
FB4Y,aIPg_m1,62,0.003,cb_intrinsic,acetylcholine,4,0,0.0
FB5A,CRE035,73,0.003,cb_intrinsic,glutamate,2,70,0.004
FB5A,LAL146,72,0.003,cb_intrinsic,glutamate,2,29,0.002
FB5A,AOTU018,72,0.003,cb_intrinsic,acetylcholine,4,0,0.0
FB5A,AVLP705m,70,0.003,cb_intrinsic,acetylcholine,9,0,0.0
FB5A,SMP006,68,0.003,cb_intrinsic,acetylcholine,9,2,0.0
FB5A,MBON27,63,0.003,cb_intrinsic,acetylcholine,2,60,0.003
FB5A,CB2981,63,0.003,cb_intrinsic,acetylcholine,3,0,0.0
FB5A,PVLP114,62,0.003,cb_intrinsic,acetylcholine,2,9,0.0
FB5A,CL144,62,0.003,cb_intrinsic,glutamate,2,0,0.0
FB5A,LAL013,61,0.003,cb_intrinsic,acetylcholine,2,14,0.001
FC2B,OA-VPM3,118,0.003,cb_intrinsic,octopamine,2,214,0.003
FS2,OA-VPM3,75,0.003,cb_intrinsic,octopamine,2,110,0.004
IbSpsP,LPT30,57,0.003,visual_projection,acetylcholine,2,0,0.0
IbSpsP,CB2694,51,0.003,cb_intrinsic,glutamate,6,0,0.0
LCNOpm,AOTU006,59,0.003,cb_intrinsic,acetylcholine,2,29,0.003
LCNOpm,LAL301m,58,0.003,cb_intrinsic,acetylcholine,4,0,0.0
LCNOpm,AVLP752m,57,0.003,cb_intrinsic,acetylcholine,6,0,0.0
LCNOpm,LAL032,52,0.003,cb_intrinsic,acetylcholine,2,37,0.004
LCNOpm,WED057,52,0.003,cb_intrinsic,gaba,21,8,0.001
LCNOpm,VES010,51,0.003,cb_intrinsic,gaba,2,5,0.001
LCNOpm,LAL054,50,0.003,cb_intrinsic,glutamate,2,8,0.001
LNO2,CB4106,67,0.003,cb_intrinsic,acetylcholine,6,0,0.0
LNO2,DNde003,65,0.003,descending_neuron,acetylcholine,4,0,0.0
LNO2,WED040_a,59,0.003,cb_intrinsic,glutamate,15,19,0.002
LNO2,SMP293,56,0.003,cb_intrinsic,acetylcholine,2,18,0.002
LNO2,OA-VPM3,55,0.003,cb_intrinsic,octopamine,2,58,0.005
LNO2,LAL098,54,0.003,cb_intrinsic,gaba,2,20,0.002
LNO2,CB2713,53,0.003,cb_intrinsic,acetylcholine,4,0,0.0
LNO2,LAL059,53,0.003,cb_intrinsic,gaba,6,18,0.002
LNO2,OA-VUMa1,50,0.003,cb_intrinsic,octopamine,2,33,0.003
LNO2,SMP184,50,0.003,cb_intrinsic,acetylcholine,2,16,0.001
LNO2,GNG284,50,0.003,cb_intrinsic,gaba,2,0,0.0
hDeltaE,FB9B_b,86,0.003,cb_intrinsic,glutamate,4,12,0.001
vDeltaK,OA-VPM3,50,0.003,cb_intrinsic,octopamine,2,137,0.008
EL,LAL100,131,0.002,cb_intrinsic,gaba,2,91,0.001
ER2_c,TuBu09,61,0.002,cb_intrinsic,acetylcholine,21,13,0.0
ExR1,SMP183,136,0.002,cb_intrinsic,acetylcholine,2,57,0.001
ExR1,OLVC5,122,0.002,visual_centrifugal,acetylcholine,2,0,0.0
ExR1,PS292,102,0.002,cb_intrinsic,acetylcholine,4,1,0.0
ExR1,LHPV6q1,97,0.002,cb_intrinsic,unclear,2,19,0.0
ExR1,SMP293,91,0.002,cb_intrinsic,acetylcholine,2,44,0.001
ExR6,LAL042,50,0.002,cb_intrinsic,glutamate,2,16,0.001
FB4M,DNp68,50,0.002,descending_neuron,acetylcholine,2,0,0.0
FB4Y,CL303,58,0.002,cb_intrinsic,acetylcholine,2,16,0.001
FB4Y,SMP188,58,0.002,cb_intrinsic,acetylcholine,2,9,0.0
FB4Y,CL129,57,0.002,cb_intrinsic,acetylcholine,2,51,0.002
FB4Y,mALB5,52,0.002,cb_intrinsic,gaba,2,12,0.001
FB4Y,LAL114,52,0.002,cb_intrinsic,acetylcholine,2,11,0.001
FB4Y,AVLP752m,50,0.002,cb_intrinsic,acetylcholine,6,0,0.0
FB4Y,LAL013,50,0.002,cb_intrinsic,acetylcholine,2,6,0.0
FB5A,CB4081,59,0.002,cb_intrinsic,acetylcholine,14,0,0.0
FB5A,LAL163,53,0.002,cb_intrinsic,acetylcholine,2,11,0.001
FB5A,CB2784,51,0.002,cb_intrinsic,gaba,8,0,0.0
FB5A,SMP013,50,0.002,cb_intrinsic,acetylcholine,2,34,0.002
FB5A,LAL165,50,0.002,cb_intrinsic,acetylcholine,2,3,0.0
FC2A,CRE107,76,0.002,cb_intrinsic,glutamate,2,42,0.001
FC2A,mALD1,76,0.002,cb_intrinsic,gaba,2,58,0.002
FC2B,SMP712m,75,0.002,cb_intrinsic,unclear,2,0,0.0
FC2B,SMP007,74,0.002,cb_intrinsic,acetylcholine,8,53,0.001
FR1,OA-VPM3,63,0.002,cb_intrinsic,octopamine,2,113,0.004
FR1,CRE107,56,0.002,cb_intrinsic,glutamate,2,17,0.001
PFL2,OA-VUMa1,77,0.002,cb_intrinsic,octopamine,2,32,0.001
PFL2,FB5V_b,57,0.002,cb_intrinsic,glutamate,6,0,0.0
PFL3,OA-VPM3,125,0.002,cb_intrinsic,octopamine,2,151,0.002
PFR_a,LHPV5e3,69,0.002,cb_intrinsic,acetylcholine,2,18,0.0
PFR_b,OA-VPM3,64,0.002,cb_intrinsic,octopamine,2,116,0.004
hDeltaA,OA-VPM3,124,0.002,cb_intrinsic,octopamine,2,166,0.004
hDeltaI,OA-VPM3,72,0.002,cb_intrinsic,octopamine,2,109,0.004
hDeltaJ,FB5V_b,73,0.002,cb_intrinsic,glutamate,6,0,0.0
EL,SMP371_a,63,0.001,cb_intrinsic,glutamate,2,0,0.0
EL,CRE004,52,0.001,cb_intrinsic,acetylcholine,2,20,0.0
EPG,LHPV6q1,308,0.001,cb_intrinsic,unclear,2,135,0.001
EPG,OA-AL2i1,252,0.001,visual_centrifugal,unclear,2,0,0.0
EPG,LAL206,144,0.001,cb_intrinsic,glutamate,4,0,0.0
ExR1,AVLP314,69,0.001,cb_intrinsic,acetylcholine,2,0,0.0
ExR1,SIP004,62,0.001,cb_intrinsic,acetylcholine,2,33,0.001
ExR1,CB3135,53,0.001,cb_intrinsic,glutamate,3,0,0.0
FC2C,SMP081,52,0.001,cb_intrinsic,glutamate,4,64,0.002
PEN_a(PEN1),OA-AL2i1,50,0.001,visual_centrifugal,unclear,2,0,0.0
PFL3,FB5V_b,84,0.001,cb_intrinsic,glutamate,6,0,0.0
PFL3,LC33,73,0.001,visual_projection,glutamate,32,0,0.0
PFL3,AOTU042,58,0.001,cb_intrinsic,gaba,4,12,0.0
EPG,PS196_b,68,0.0,cb_intrinsic,acetylcholine,2,0,0.0
