type,n,superclass,class,subclass,nt,dimorphism,fruDsx,somaNeuromere,hemibrainType,flywireType,synonyms,sides
5-HTPLP01,2,cb_intrinsic,,,glutamate,,,,5-HTPLP01,5-HTPLP01,,LR
5-HTPMPD01,2,cb_intrinsic,,,serotonin,,,,5-HTPMPD01,5-HTPMPD01,,LR
5-HTPMPV01,2,cb_intrinsic,,,serotonin,,,,5-HTPMPV01,5-HTPMPV01,,LR
5-HTPMPV03,2,visual_centrifugal,,,serotonin,,,,5-HTPMPV03,5-HTPMPV03,,LR
5thsLNv_LNd6,4,visual_projection,,,acetylcholine,,fru_high,,s-LNv,"s-LNv_a,LNd_a","fru-M-000139,fru-M-100193,fru-M-300008",LR
ADNM1 MN,2,vnc_motor,,nm,unclear,,,T1,,,,LR
ADNM2 MN,2,vnc_motor,,nm,unclear,,,T1,,,,LR
AL-AST1,3,cb_intrinsic,ALON,,acetylcholine,,fru_high,,AL-AST1,AL-AST1,fru-M-700042,LR
AL-MBDL1,2,cb_intrinsic,ALIN,,acetylcholine,,,,AL-MBDL1,AL-MBDL1,,LR
ALBN1,2,cb_intrinsic,ALLN,,unclear,,,,ALBN1,ALBN1,,LR
ALIN1,4,cb_intrinsic,ALIN,,unclear,,fru_high,,ALIN1,ALIN1,fru-M-300159,LR
ALIN2,2,cb_intrinsic,ALIN,,acetylcholine,,,,ALIN2,ALIN2,,LR
ALIN3,4,cb_intrinsic,ALIN,,acetylcholine,,,,ALIN3,ALIN3,,LR
ALIN4,2,cb_intrinsic,ALIN,,gaba,,,,lLN7,ALIN4,,LR
ALIN5,2,cb_intrinsic,ALIN,,gaba,,,,,ALIN5,,LR
ALIN6,2,cb_intrinsic,ALIN,,gaba,,,,,ALIN6,,LR
ALIN7,2,cb_intrinsic,ALIN,,gaba,,,,,ALIN7,,LR
ALIN8,2,cb_intrinsic,ALIN,,acetylcholine,,,,,ALIN8,,LR
ALON1,2,cb_intrinsic,ALON,,acetylcholine,,,TC,,ALON1,,LR
ALON2,2,cb_intrinsic,ALON,,acetylcholine,,,,,ALON2,,LR
ALON3,4,cb_intrinsic,ALON,,glutamate,,fru_low,,,ALON3,"fru-M-100011, fru-M-300292",LR
AMMC-A1,6,cb_intrinsic,,,acetylcholine,,,,AMMC-A1,AMMC-A1,,LR
AMMC001,2,cb_intrinsic,,,gaba,,,MX,,CB3799,,LR
AMMC002,8,cb_intrinsic,,,gaba,,,CG,,CB2149,,LR
AMMC003,8,cb_intrinsic,,,gaba,,,MD,,CB1826,,LR
AMMC004,6,cb_intrinsic,,,gaba,,,MD,,CB0978,,LR
AMMC005,12,cb_intrinsic,,,glutamate,,,LB,,CB0958c,,LR
AMMC006,8,cb_intrinsic,,,glutamate,,,LB,,CB0958b,,LR
AMMC007,9,cb_intrinsic,,,glutamate,,,LB,,CB0958a,,LR
AMMC008,2,cb_intrinsic,,,glutamate,,,LB,,CB0451,,LR
AMMC009,2,cb_intrinsic,,,gaba,,,MX,,CB0333,,LR
AMMC010,2,cb_intrinsic,,,acetylcholine,,,MX,,CB0131,,LR
AMMC011,2,cb_intrinsic,,,acetylcholine,,,LB,,CB0749,,LR
AMMC012,2,cb_intrinsic,,,acetylcholine,,,CG,,CB0404,,LR
AMMC013,2,cb_intrinsic,,,acetylcholine,,,,(hb1744966885),CB0478,,LR
AMMC014,4,cb_intrinsic,,,acetylcholine,,,LB,,CB1350,,LR
AMMC015,8,cb_intrinsic,,,gaba,,,TC,,CB1098,,LR
AMMC016,4,cb_intrinsic,,,acetylcholine,,,MX,,CB2313,,LR
AMMC017,4,cb_intrinsic,,,acetylcholine,,,MX,,CB3805,,LR
AMMC018,9,cb_intrinsic,,,gaba,,,MD,,CB0979a,,LR
AMMC019,10,cb_intrinsic,,,gaba,,,MD,,CB0979b,,LR
AMMC020,10,cb_intrinsic,,,gaba,,,MD,,CB0989,,LR
AMMC021,5,cb_intrinsic,,,gaba,,,MD,,CB3371,,LR
AMMC022,6,cb_intrinsic,,,gaba,,,MD,,CB2067,,LR
AMMC023,4,cb_intrinsic,,,gaba,,,MD,,CB1038d,,LR
AMMC024,2,cb_intrinsic,,,gaba,,,MD,,CB1038a,,LR
AMMC025,12,cb_intrinsic,,,gaba,,,MD,,CB1978,,LR
AMMC026,10,cb_intrinsic,,,gaba,,,MD,,CB0980,,LR
AMMC027,3,cb_intrinsic,,,gaba,,,MD,,CB4240,,LR
AMMC028,4,cb_intrinsic,,,gaba,,,MD,,CB3893,,LR
AMMC029,2,cb_intrinsic,,,gaba,,,MD,,CB3275b,,LR
AMMC030,3,cb_intrinsic,,,gaba,,,MD,,CB3200,,LR
AMMC031,5,cb_intrinsic,,,gaba,,,MD,,CB3200,,LR
AMMC032,4,cb_intrinsic,,,gaba,,,MD,,CB2322,,LR
AMMC033,3,cb_intrinsic,,,gaba,,,MD,,CB3275a,,LR
AMMC034_a,3,cb_intrinsic,,,acetylcholine,,,DC,,CB2556,,LR
AMMC034_b,2,cb_intrinsic,,,acetylcholine,,,DC,,CB2556,,LR
AMMC035,10,cb_intrinsic,,,gaba,,,MD,,CB1427,,LR
AMMC036,6,cb_intrinsic,,,acetylcholine,,,LB,,CB0957,,LR
AMMC037,2,cb_intrinsic,,,gaba,,,MD,,CB3912,,LR
AMMC038,2,cb_intrinsic,,,gaba,,,MD,,CB1038b,,LR
AN00A002,1,ascending_neuron,,BA,gaba,,,T1,,AN_GNG_133,,M
AN00A006,5,ascending_neuron,,BA,gaba,potentially sexually dimorphic,,A1,,,,M
AN00A009,1,ascending_neuron,,BA,gaba,,,T1,,AN_GNG_35,,M
AN01A006,2,ascending_neuron,,CA,acetylcholine,,,A2,,AN_GNG_131,,LR
AN01A014,2,ascending_neuron,,BA,acetylcholine,,,T1,,AN_GNG_113,,LR
AN01A021,2,ascending_neuron,,BA,acetylcholine,,,A2,,,,LR
AN01A033,2,ascending_neuron,,BA,acetylcholine,,,T1,,AN_AVLP_26,,LR
AN01A049,2,ascending_neuron,,IA,acetylcholine,,,T1,,AN_GNG_SAD_7,,LR
AN01A055,2,ascending_neuron,,XA,acetylcholine,,,T1,,AN_multi_106,,LR
AN01A086,2,ascending_neuron,,XA,acetylcholine,,,T1,,"AN_AVLP_12,AN_AVLP_13",,LR
AN01A089,2,ascending_neuron,,XA,acetylcholine,,,T1,,AN_LH_AVLP_1,,LR
AN01B002,6,ascending_neuron,,BA,gaba,,,A4,,AN_GNG_29,,LR
AN01B004,6,ascending_neuron,,IA,acetylcholine,,,T2,,AN_GNG_162,,LR
AN01B005,6,ascending_neuron,,BA,gaba,,,T2,,AN_GNG_SAD_33,,LR
AN01B011,6,ascending_neuron,,IA,gaba,,,T3,,AN_GNG_VES_7,,LR
AN01B014,2,ascending_neuron,,BA,gaba,,,T2,,AN_AVLP_GNG_2,,LR
AN01B018,2,ascending_neuron,,IA,gaba,,,T2,,AN_GNG_100,,LR
AN02A001,2,ascending_neuron,,BA,glutamate,,,T2,,AN_multi_8,,LR
AN02A002,2,ascending_neuron,,BA,glutamate,,,T2,,AN_multi_12,,LR
AN02A005,2,ascending_neuron,,BA,glutamate,,,T2,,,,LR
AN02A009,2,ascending_neuron,,BA,glutamate,,,T2,,AN_GNG_IPS_8,,LR
AN02A016,2,ascending_neuron,,BA,glutamate,,,T1,,AN_GNG_56,,LR
AN02A017,2,ascending_neuron,,IA,glutamate,,,T1,,,,LR
AN02A022,2,ascending_neuron,,IA,glutamate,,,T3,,AN_IPS_GNG_2,,LR
AN02A025,2,ascending_neuron,,IA,glutamate,,,T1,,AN_multi_48,,LR
AN02A046,2,ascending_neuron,,IA,glutamate,,,T1,,AN_GNG_82,,LR
AN03A002,2,ascending_neuron,,BA,acetylcholine,,,T1,,AN_GNG_199,Chen 2023: SS42740,LR
AN03A008,2,ascending_neuron,,BA,acetylcholine,male-specific,fru_high,T1,,,Cachero 2010: vPr-j,LR
AN03B009,2,ascending_neuron,,BA,gaba,,,T2,,AN_GNG_12,,LR
AN03B011,4,ascending_neuron,,BA,gaba,,,T2,,AN_GNG_181,,LR
AN03B039,2,ascending_neuron,,IA,gaba,,,T2,,AN_GNG_IPS_9,,LR
AN03B050,2,ascending_neuron,,BA,gaba,,,T3,,,,LR
AN03B094,2,ascending_neuron,,IA,gaba,,,T1,,AN_multi_38,,LR
AN03B095,2,ascending_neuron,,IA,gaba,,,T1,,AN_GNG_31,,LR
AN04A001,6,ascending_neuron,,BA,acetylcholine,,,T1,,AN_GNG_186,,LR
AN04B001,4,ascending_neuron,,IA,acetylcholine,,fru_high,T1,,AN_GNG_VES_5,Cachero 2010: vPr-g,LR
AN04B003,6,ascending_neuron,,IA,acetylcholine,,,T2,,AN_IPS_GNG_7,,LR
AN04B004,4,ascending_neuron,,IA,acetylcholine,,,T1,,AN_GNG_201,,LR
AN04B023,6,ascending_neuron,,IA,acetylcholine,,,T1,,AN_SPS_IPS_3,,LR
AN04B051,2,ascending_neuron,,BA,acetylcholine,,,T1,,AN_multi_46,,LR
AN05B004,2,ascending_neuron,,BA,gaba,,,A8,,AN_GNG_111,,LR
AN05B005,2,ascending_neuron,,BA,gaba,,,T3,,AN_GNG_67,,LR
AN05B006,3,ascending_neuron,,BA,gaba,,,T2,,AN_multi_87,,LR
AN05B007,1,ascending_neuron,,BA,gaba,,,T1,,AN_GNG_109,,L
AN05B009,4,ascending_neuron,,CA,gaba,,,A2,,AN_GNG_65,,LR
AN05B010,1,ascending_neuron,,BA,gaba,,,T1,,AN_GNG_49,,L
AN05B015,2,ascending_neuron,,BA,gaba,,,A1,,AN_GNG_197,,LR
AN05B017,1,ascending_neuron,,BA,gaba,,,T1,,AN_GNG_101,,L
AN05B021,2,ascending_neuron,,BA,gaba,,,T2,,AN_GNG_FLA_6,,LR
AN05B023a,2,ascending_neuron,,BA,gaba,,,T2,,AN_GNG_SAD_14,,LR
AN05B023b,2,ascending_neuron,,BA,gaba,,,A2,,,,LR
AN05B023c,2,ascending_neuron,,BA,gaba,,,A6,,AN_AVLP_22,,LR
AN05B023d,2,ascending_neuron,,BA,gaba,,,A9,,AN_AVLP_GNG_10,,LR
AN05B024,1,ascending_neuron,,BA,gaba,,,T1,,AN_GNG_SAD_6,,L
AN05B025,2,ascending_neuron,,CA,gaba,,,A7,,AN_multi_94,,LR
AN05B026,1,ascending_neuron,,CA,gaba,,,T1,,AN_GNG_FLA_1,,L
AN05B027,1,ascending_neuron,,BA,gaba,,,T1,,AN_GNG_74,,L
AN05B029,1,ascending_neuron,,BA,gaba,,,T1,,AN_GNG_153,,L
AN05B035,2,ascending_neuron,,BA,gaba,potentially male-specific,,A2,,,,LR
AN05B036,2,vnc_intrinsic,,BA,gaba,,,T2,,,,LR
AN05B040,1,ascending_neuron,,,gaba,,,T1,,AN_GNG_152,,L
AN05B044,2,ascending_neuron,,IA,gaba,,,T2,,AN_GNG_VES_7,,LR
AN05B045,2,ascending_neuron,,BA,gaba,,,A2,,AN_GNG_197,,LR
AN05B046,1,ascending_neuron,,,gaba,,,T1,,AN_GNG_152,,L
AN05B048,2,ascending_neuron,,BA,gaba,,,T2,,,,LR
AN05B049_a,2,ascending_neuron,,BA,gaba,,,T2,,AN_GNG_69,,LR
AN05B049_b,2,ascending_neuron,,BA,gaba,,,T2,,AN_GNG_69,,LR
AN05B049_c,2,ascending_neuron,,BA,gaba,,,T2,,,,LR
AN05B050_a,2,ascending_neuron,,,gaba,,,T2,,,,LR
AN05B050_b,2,ascending_neuron,,,gaba,,,T2,,,,LR
AN05B050_c,4,ascending_neuron,,BA,gaba,,,T2,,AN_AVLP_GNG_13,,LR
AN05B052,3,ascending_neuron,,BA,gaba,,,T2,,AN_AVLP_GNG_23,,LR
AN05B053,4,ascending_neuron,,,gaba,,,A5,,AN_GNG_197,,LR
AN05B054_a,2,ascending_neuron,,BA,gaba,,,T2,,AN_GNG_69,,LR
AN05B054_b,4,ascending_neuron,,BA,gaba,,,T2,,AN_GNG_69,,LR
AN05B056,2,ascending_neuron,,,gaba,,,T1,,AN_GNG_75,,L
AN05B058,2,ascending_neuron,,BA,gaba,,,T1,,AN_GNG_75,,L
AN05B059,1,ascending_neuron,,BA,gaba,,,T3,,,,L
AN05B060,1,ascending_neuron,,BA,gaba,,,T3,,,,L
AN05B062,4,ascending_neuron,,BA,gaba,,,T3,,AN_AVLP_GNG_23,,LR
AN05B063,4,ascending_neuron,,,gaba,,,T2,,AN_GNG_121,,LR
AN05B067,1,ascending_neuron,,CA,gaba,,,T1,,,,L
AN05B068,7,ascending_neuron,,BA,gaba,,,T3,,AN_GNG_121,,LR
AN05B069,2,ascending_neuron,,BA,gaba,,,T1,,AN_GNG_197,,L
AN05B071,2,ascending_neuron,,BA,gaba,,,T1,,,,L
AN05B076,2,ascending_neuron,,BA,gaba,,,T2,,AN_GNG_PRW_4,,LR
AN05B078,3,ascending_neuron,,BA,gaba,,,T1,,AN_AVLP_GNG_7,,L
AN05B081,2,ascending_neuron,,CA,gaba,,,T1,,AN_AVLP_GNG_12,,L
AN05B083,1,ascending_neuron,,BA,gaba,,,T1,,AN_AVLP_GNG_23,,L
AN05B095,2,ascending_neuron,,BA,acetylcholine,potentially male-specific,,A2,,,,LR
AN05B096,4,ascending_neuron,,BA,acetylcholine,,,T3,,AN_GNG_SAD_20,,LR
AN05B097,8,ascending_neuron,,BA,acetylcholine,,,T3,,AN_multi_88,,LR
AN05B098,2,ascending_neuron,,BA,acetylcholine,,,T3,,AN_GNG_FLA_3,,LR
AN05B099,6,ascending_neuron,,BA,acetylcholine,,,A5,,AN_AVLP_GNG_8,,LR
AN05B100,6,ascending_neuron,,BA,acetylcholine,,,T1,,"AN_GNG_SAD_29,AN_GNG_SAD_35",,LR
AN05B101,4,ascending_neuron,,BA,gaba,,,T1,,AN_multi_92,,LR
AN05B102a,2,ascending_neuron,,BA,acetylcholine,,,A1,(hb1665775343),AN_AVLP_20,Kallman 2015: PPN1,LR
AN05B102b,2,ascending_neuron,,CA,acetylcholine,,,A3,,AN_multi_66,,LR
AN05B102c,2,ascending_neuron,,CA,acetylcholine,potentially sexually dimorphic,,A4,,AN_AVLP_PVLP_5,,LR
AN05B102d,2,ascending_neuron,,BA,acetylcholine,potentially sexually dimorphic,,A10,,AN_multi_69,,LR
AN05B103,2,ascending_neuron,,BA,acetylcholine,potentially sexually dimorphic,fru_high,T2,,AN_multi_82,Yu 2010: dMS6,LR
AN05B104,6,ascending_neuron,,BA,acetylcholine,,,T2,,AN_GNG_92,,LR
AN05B105,2,ascending_neuron,,BA,acetylcholine,,,T1,,AN_GNG_SAD_28,,LR
AN05B106,4,ascending_neuron,,CA,acetylcholine,,,A8,,AN_GNG_96,,LR
AN05B107,2,ascending_neuron,,BA,acetylcholine,,,T2,,AN_multi_85,,LR
AN05B108,4,vnc_intrinsic,,BI,gaba,,,A4,,,,LR
AN06A010,2,ascending_neuron,,BA,gaba,,,T2,,,,LR
AN06A015,2,ascending_neuron,,BA,gaba,,,T1,,AN_multi_39,,LR
AN06A016,2,ascending_neuron,,BA,gaba,,,T1,,,,LR
AN06A017,2,ascending_neuron,,BA,gaba,,,T1,,,,LR
AN06A018,2,ascending_neuron,,BA,gaba,,,T1,,,,LR
AN06A026,4,ascending_neuron,,BA,gaba,,,T3,,,,LR
AN06A027,2,ascending_neuron,,BA,unclear,,,T1,,AN_multi_1,,LR
AN06A030,2,ascending_neuron,,BA,glutamate,,,A1,,,,LR
AN06A041,2,ascending_neuron,,BA,gaba,,,T1,,,,LR
AN06A060,2,ascending_neuron,,BA,gaba,,,T1,,AN_GNG_175,,LR
AN06A062,4,ascending_neuron,,BA,gaba,,,T1,,,,LR
AN06A080,4,ascending_neuron,,BA,gaba,,,T1,,,,LR
AN06A092,5,ascending_neuron,,,gaba,,,T1,,,,LR
AN06A095,3,ascending_neuron,,BA,gaba,,,T1,,,,LR
AN06A112,6,ascending_neuron,,,gaba,,,T1,,,,LR
AN06B002,5,ascending_neuron,,BA,gaba,,,T2,,AN_GNG_178,,LR
AN06B004,2,ascending_neuron,,BA,gaba,potentially male-specific,,T1,,,,LR
AN06B005,2,ascending_neuron,,BA,gaba,,,T3,,AN_GNG_57,,LR
AN06B007,4,ascending_neuron,,CA,gaba,,,T1,,AN_multi_13,,LR
AN06B009,2,ascending_neuron,,BA,gaba,,,T1,(hb1687321237),AN_multi_11,,LR
AN06B011,2,ascending_neuron,,BA,acetylcholine,,,T2,,AN_multi_10,Fujiwara 2022: LAL-PS-ANcontra,LR
AN06B012,2,ascending_neuron,,BA,gaba,,,T2,,AN_multi_41,,LR
AN06B014,2,ascending_neuron,,CA,gaba,,,A1,,,,LR
AN06B015,1,ascending_neuron,,BA,gaba,,,T1,,,,L
AN06B023,2,ascending_neuron,,BA,gaba,,,T1,,AN_GNG_175,,LR
AN06B025,2,ascending_neuron,,CA,gaba,,,T3,,AN_GNG_80,,LR
AN06B026,2,ascending_neuron,,BA,gaba,,,T1,,AN_multi_40,,LR
AN06B031,2,ascending_neuron,,CA,gaba,,,T2,,AN_GNG_114,,LR
AN06B034,2,ascending_neuron,,BA,gaba,,,T2,,AN_multi_50,,LR
AN06B037,2,ascending_neuron,,BA,gaba,,,T1,,AN_IPS_GNG_5,,LR
AN06B039,7,ascending_neuron,,CA,gaba,,,T3,,AN_IPS_GNG_7,,LR
AN06B040,2,ascending_neuron,,BA,gaba,,,T1,,AN_multi_6,,LR
AN06B042,2,ascending_neuron,,BA,gaba,,,T2,,,,LR
AN06B044,2,ascending_neuron,,BA,gaba,,,T3,,AN_GNG_IPS_12,,LR
AN06B045,2,ascending_neuron,,BA,gaba,,,A1,,,,LR
AN06B046,2,ascending_neuron,,BA,gaba,,,T2,,,,LR
AN06B048,2,ascending_neuron,,BA,gaba,,,T3,,,,LR
AN06B051,4,ascending_neuron,,BA,gaba,,,T2,,,,LR
AN06B057,2,ascending_neuron,,BA,gaba,,,T1,,AN_SPS_GNG_1,,LR
AN06B068,6,ascending_neuron,,BA,gaba,,,T2,,,,LR
AN06B075,2,ascending_neuron,,BA,gaba,,,T1,,AN_LAL_1,,LR
AN06B088,2,ascending_neuron,,BA,gaba,,,T3,,AN_GNG_IPS_5,,LR
AN06B089,2,ascending_neuron,,CA,gaba,,,T2,,AN_IPS_GNG_1,,LR
AN06B090,2,ascending_neuron,,BA,gaba,,,T2,,AN_SAD_GNG_1,,LR
AN07B003,2,ascending_neuron,,BA,acetylcholine,,,T2,,,,LR
AN07B004,2,ascending_neuron,,BA,acetylcholine,,,T1,PS299,AN_multi_28,,LR
AN07B005,6,ascending_neuron,,BA,acetylcholine,,,T1,,"AN_GNG_43,AN_GNG_83",,LR
AN07B011,2,ascending_neuron,,BA,acetylcholine,,,T2,,,,LR
AN07B013,4,ascending_neuron,,BA,glutamate,,,T1,,AN_GNG_60,,LR
AN07B015,2,ascending_neuron,,BA,acetylcholine,,fru_high,T1,,AN_GNG_45,Cachero 2010: dPR-b,LR
AN07B017,2,ascending_neuron,,BA,glutamate,,,T1,,AN_GNG_158,,LR
AN07B018,2,ascending_neuron,,BA,acetylcholine,,,T1,,AN_AVLP_1,,LR
AN07B021,2,ascending_neuron,,BA,acetylcholine,,,T2,,AN_GNG_IPS_7,,LR
AN07B024,2,ascending_neuron,,BA,acetylcholine,,,T2,,AN_multi_37,,LR
AN07B025,2,ascending_neuron,,BA,acetylcholine,,,T2,,AN_multi_109,,LR
AN07B032,2,ascending_neuron,,BA,acetylcholine,,,T3,,AN_GNG_58,,LR
AN07B035,4,ascending_neuron,,BA,acetylcholine,,,T1,,AN_IPS_GNG_3,,LR
AN07B036,2,ascending_neuron,,BA,acetylcholine,,,T3,,AN_IPS_WED_2,,LR
AN07B037_a,4,ascending_neuron,,BA,acetylcholine,,,T1,,AN_IPS_LAL_1,,LR
AN07B037_b,2,ascending_neuron,,BA,acetylcholine,,,T1,,AN_IPS_LAL_1,,LR
AN07B040,2,ascending_neuron,,IA,acetylcholine,,,T1,,AN_GNG_47,,LR
AN07B041,4,ascending_neuron,,BA,acetylcholine,,,T2,,AN_GNG_59,,LR
AN07B042,4,ascending_neuron,,BA,acetylcholine,,,T1,,,,LR
AN07B043,2,ascending_neuron,,BA,acetylcholine,,,T3,,AN_IPS_SPS_1,,LR
AN07B045,7,ascending_neuron,,,acetylcholine,,,T2,,,,LR
AN07B046_a,4,ascending_neuron,,BA,acetylcholine,,,T2,,,,LR
AN07B046_b,2,ascending_neuron,,BA,acetylcholine,,,T2,,,,LR
AN07B046_c,2,ascending_neuron,,BA,acetylcholine,,,T2,,AN_GNG_42,,LR
AN07B049,8,ascending_neuron,,BA,acetylcholine,,,T1,,,,LR
AN07B050,4,ascending_neuron,,,acetylcholine,,,T3,,AN_IPS_GNG_6,,LR
AN07B052,6,ascending_neuron,,BA,acetylcholine,,,T1,,AN_GNG_175,,LR
AN07B056,7,ascending_neuron,,,acetylcholine,,,T3,,,,LR
AN07B057,2,ascending_neuron,,BA,acetylcholine,,,T2,,AN_GNG_44,,LR
AN07B060,6,ascending_neuron,,,acetylcholine,,,T2,,,,LR
AN07B062,9,ascending_neuron,,BA,acetylcholine,,fru_high,T1,,,Cachero 2010: dPR-b,LR
AN07B063,2,ascending_neuron,,BA,acetylcholine,,,T2,,,,LR
AN07B069_a,4,ascending_neuron,,,acetylcholine,,,T1,,AN_GNG_IPS_19,,LR
AN07B069_b,10,ascending_neuron,,,acetylcholine,,,T1,,AN_GNG_IPS_19,,LR
AN07B070,6,ascending_neuron,,,acetylcholine,,fru_high,T1,,AN_GNG_163,Cachero 2010: dPR-b,LR
AN07B071_a,2,ascending_neuron,,BA,acetylcholine,,,T1,,,,LR
AN07B071_b,2,ascending_neuron,,,acetylcholine,,,T1,,,,LR
AN07B071_c,4,ascending_neuron,,,acetylcholine,,,T1,,,,LR
AN07B071_d,4,ascending_neuron,,,acetylcholine,,,T1,,,,LR
AN07B072_a,3,ascending_neuron,,,acetylcholine,,,T3,,AN_IPS_GNG_6,,LR
AN07B072_b,3,ascending_neuron,,,acetylcholine,,,T3,,AN_IPS_GNG_6,,LR
AN07B072_c,2,ascending_neuron,,,acetylcholine,,,T3,,AN_IPS_GNG_6,,LR
AN07B072_d,3,ascending_neuron,,,acetylcholine,,,T3,,AN_GNG_172,,LR
AN07B072_e,6,ascending_neuron,,BA,acetylcholine,,,T1,,"AN_IPS_GNG_6,AN_GNG_172",,LR
AN07B072_f,2,ascending_neuron,,,acetylcholine,,,T3,,AN_IPS_GNG_6,,LR
AN07B076,5,ascending_neuron,,BA,acetylcholine,,,T3,,,,LR
AN07B078_a,2,ascending_neuron,,IA,acetylcholine,,,T1,,AN_SPS_IPS_2,,LR
AN07B078_b,2,ascending_neuron,,BA,acetylcholine,,,T1,,AN_SPS_IPS_1,,LR
AN07B082_a,2,ascending_neuron,,BA,acetylcholine,,,T1,,,,LR
AN07B082_b,2,ascending_neuron,,BA,acetylcholine,,,T1,,,,LR
AN07B082_c,2,ascending_neuron,,BA,acetylcholine,,,T1,,,,LR
AN07B082_d,2,ascending_neuron,,BA,acetylcholine,,,T1,,,,LR
AN07B085,9,ascending_neuron,,,acetylcholine,,,T3,,,,LR
AN07B089,12,ascending_neuron,,BA,acetylcholine,,,A1,,,,LR
AN07B091,5,ascending_neuron,,BA,acetylcholine,,,T1,,,,LR
AN07B097,1,ascending_neuron,,BA,acetylcholine,,,T1,,AN_GNG_SAD_31,,R
AN07B100,2,ascending_neuron,,BA,acetylcholine,,,A1,,,,LR
AN07B101_a,2,ascending_neuron,,BA,acetylcholine,,,T1,,"AN_GNG_15,AN_GNG_IPS_4",,LR
AN07B101_b,3,ascending_neuron,,,acetylcholine,,,T1,,"AN_GNG_15,AN_GNG_IPS_4",,LR
AN07B101_c,2,ascending_neuron,,,acetylcholine,,,T1,,"AN_GNG_15,AN_GNG_IPS_4",,LR
AN07B106,2,ascending_neuron,,BA,acetylcholine,,fru_high,T1,,AN_VES_GNG_3,Cachero 2010: dPR-b,LR
AN07B110,6,ascending_neuron,,BA,acetylcholine,,,T1,,AN_GNG_142,,LR
AN07B116,1,ascending_neuron,,BA,acetylcholine,,fru_high,T1,,,Cachero 2010: dPR-b,L
AN08B005,2,ascending_neuron,,BA,acetylcholine,,,T3,,,,LR
AN08B007,2,ascending_neuron,,CA,gaba,,,T3,,AN_multi_33,,LR
AN08B009,4,ascending_neuron,,BA,acetylcholine,,,T3,,AN_GNG_SAD_8,,LR
AN08B010,4,ascending_neuron,,BA,acetylcholine,,,T2,,AN_multi_64,,LR
AN08B012,4,ascending_neuron,,BA,acetylcholine,,,T3,,AN_multi_60,,LR
AN08B013,2,ascending_neuron,,BA,acetylcholine,,,T2,,AN_multi_56,,LR
AN08B014,2,ascending_neuron,,IA,acetylcholine,,,T1,,AN_multi_24,,LR
AN08B015,2,ascending_neuron,,BA,acetylcholine,,,T3,,,,LR
AN08B016,2,ascending_neuron,,BA,gaba,,,T3,,AN_multi_111,,LR
AN08B018,14,ascending_neuron,,BA,acetylcholine,,,T1,,AN_AVLP_18,,LR
AN08B020,2,ascending_neuron,,BA,acetylcholine,potentially male-specific,,T1,,,,LR
AN08B022,6,ascending_neuron,,BA,acetylcholine,,,T3,,AN_multi_45,,LR
AN08B023,6,ascending_neuron,,BA,acetylcholine,,,T1,,AN_GNG_SAD_34,,LR
AN08B024,6,ascending_neuron,,BA,acetylcholine,,,T3,,AN_AVLP_31,,LR
AN08B025,2,ascending_neuron,,BA,acetylcholine,,,A1,,AN_AVLP_32,,LR
AN08B026,6,ascending_neuron,,BA,acetylcholine,,,T2,,AN_multi_52,,LR
AN08B027,2,ascending_neuron,,BA,acetylcholine,,,T1,,AN_multi_59,,LR
AN08B028,4,ascending_neuron,,BA,acetylcholine,,,T2,,AN_AVLP_50,,LR
AN08B031,6,ascending_neuron,,BA,acetylcholine,sexually dimorphic,fru_high,T1,,,Lillvis 2024: vPR13,LR
AN08B032,2,ascending_neuron,,BA,acetylcholine,,,T1,,AN_multi_55,,LR
AN08B034,6,ascending_neuron,,BA,acetylcholine,,,T3,,AN_AVLP_26,,LR
AN08B035,1,ascending_neuron,,BA,acetylcholine,potentially male-specific,,T1,,,,R
AN08B041,2,ascending_neuron,,BA,acetylcholine,,,T1,,AN_multi_99,,LR
AN08B043,2,ascending_neuron,,BA,acetylcholine,sexually dimorphic,fru_high,T1,,,Lillvis 2024: vPR13,LR
AN08B047,5,ascending_neuron,,BA,acetylcholine,potentially male-specific,,T1,,,,LR
AN08B048,2,ascending_neuron,,BA,acetylcholine,,,T1,,AN_multi_98,,LR
AN08B049,4,ascending_neuron,,BA,acetylcholine,,,T1,,AN_multi_99,,LR
AN08B050,2,ascending_neuron,,BA,acetylcholine,,,T1,,AN_multi_98,,LR
AN08B053,2,ascending_neuron,,BA,acetylcholine,,,T1,,AN_multi_102,,LR
AN08B057,2,ascending_neuron,,BA,acetylcholine,,,T1,,AN_GNG_LAL_1,,LR
AN08B059,5,ascending_neuron,,BA,acetylcholine,male-specific,fru_high,T1,,,Lillvis 2024: vPR13,LR
AN08B061,7,ascending_neuron,,BA,acetylcholine,potentially male-specific,,T1,,,,LR
AN08B066,2,ascending_neuron,,BA,acetylcholine,,,T1,,AN_multi_54,,LR
AN08B069,2,ascending_neuron,,BA,acetylcholine,sexually dimorphic,fru_high,T1,,AN_GNG_SAD_32,Lillvis 2024: vPR13,LR
AN08B074,6,ascending_neuron,,BA,acetylcholine,potentially male-specific,fru_high,T1,,,Yu 2010: vPR1,LR
AN08B079_a,7,ascending_neuron,,BA,acetylcholine,,,T3,,,,LR
AN08B079_b,8,ascending_neuron,,BA,acetylcholine,,,T3,,,,LR
AN08B081,4,ascending_neuron,,BA,acetylcholine,potentially sexually dimorphic,,T1,,AN_GNG_182,,LR
AN08B084,4,ascending_neuron,,BA,acetylcholine,potentially male-specific,,T1,,,,LR
AN08B086,2,ascending_neuron,,BA,acetylcholine,,,T1,,AN_GNG_SAD_32,,LR
AN08B089,2,ascending_neuron,,BA,acetylcholine,,,T1,,AN_GNG_185,,LR
AN08B094,3,ascending_neuron,,BA,acetylcholine,,,T1,,AN_GNG_182,,LR
AN08B095,2,ascending_neuron,,BA,acetylcholine,,,T1,,,,LR
AN08B096,3,ascending_neuron,,BA,acetylcholine,,,T1,,AN_GNG_164,,LR
AN08B097,5,ascending_neuron,,BA,acetylcholine,,,T1,,AN_GNG_85,,LR
AN08B098,10,ascending_neuron,,BA,acetylcholine,,,T1,,AN_GNG_187,,LR
AN08B099_a,4,ascending_neuron,,,acetylcholine,,,T1,,AN_GNG_149,,LR
AN08B099_b,2,ascending_neuron,,,acetylcholine,,,T1,,AN_GNG_149,,LR
AN08B099_c,2,ascending_neuron,,,acetylcholine,,,T1,,AN_GNG_148,,LR
AN08B099_d,2,ascending_neuron,,BA,acetylcholine,,,T1,,AN_GNG_148,,LR
AN08B099_e,2,ascending_neuron,,BA,acetylcholine,,,T1,,AN_GNG_182,,LR
AN08B099_f,2,ascending_neuron,,BA,acetylcholine,,,T1,,AN_GNG_182,,LR
AN08B099_g,3,ascending_neuron,,BA,acetylcholine,,,T1,,AN_GNG_159,,LR
AN08B099_h,2,ascending_neuron,,IA,acetylcholine,,,T1,,AN_GNG_148,,LR
AN08B099_i,1,ascending_neuron,,BA,acetylcholine,,,T1,,AN_GNG_182,,L
AN08B099_j,1,ascending_neuron,,BA,acetylcholine,,,T1,,AN_GNG_159,,R
AN08B100,10,ascending_neuron,,BA,acetylcholine,,,T2,,AN_GNG_VES_9,,LR
AN08B101,6,ascending_neuron,,BA,acetylcholine,,,T1,,AN_GNG_183,,LR
AN08B102,2,ascending_neuron,,BA,acetylcholine,,,T1,,,,LR
AN08B103,2,ascending_neuron,,IA,acetylcholine,,,T1,,AN_GNG_146,,LR
AN08B106,4,ascending_neuron,,,acetylcholine,,,T1,,AN_GNG_164,,LR
AN08B107,2,ascending_neuron,,BA,acetylcholine,,,T1,,,,LR
AN08B109,2,ascending_neuron,,BA,acetylcholine,,,T1,,AN_GNG_SAD_32,,LR
AN08B110,2,ascending_neuron,,BA,acetylcholine,,,T1,,,,LR
AN08B111,2,ascending_neuron,,BA,acetylcholine,,,T1,,AN_GNG_164,,LR
AN08B112,4,ascending_neuron,,BA,acetylcholine,,,T1,,AN_GNG_164,,LR
AN08B113,11,ascending_neuron,,BA,acetylcholine,,,T1,,,Chen 2023: SS31232,LR
AN09A005,11,ascending_neuron,,BA,unclear,,,T1,,AN_multi_124,,LR
AN09A007,2,ascending_neuron,,BA,gaba,,,T2,,AN_GNG_198,,LR
AN09B002,2,ascending_neuron,,BA,acetylcholine,,,T2,,"AN_AVLP_PVLP_2,AN_AVLP_PVLP_7",,LR
AN09B003,2,ascending_neuron,,CA,acetylcholine,,,T3,,AN_multi_27,,LR
AN09B004,10,ascending_neuron,,CA,acetylcholine,,,T3,,AN_AVLP_PVLP_6,,LR
AN09B006,2,ascending_neuron,,BA,acetylcholine,,,T1,,AN_GNG_28,,LR
AN09B007,2,ascending_neuron,,CA,acetylcholine,,,T3,,AN_multi_22,,LR
AN09B009,6,ascending_neuron,,CA,acetylcholine,,,A3,,AN_GNG_SAD_2,,LR
AN09B011,2,ascending_neuron,,CA,acetylcholine,,,T3,,AN_multi_20,,LR
AN09B012,4,ascending_neuron,,CA,acetylcholine,potentially sexually dimorphic,,A5,,AN_AVLP_PVLP_8,,LR
AN09B013,2,ascending_neuron,,CA,acetylcholine,,,A7,,AN_multi_91,,LR
AN09B014,2,ascending_neuron,,CA,acetylcholine,,,T2,,AN_GNG_40,,LR
AN09B015,2,ascending_neuron,,BA,acetylcholine,,,T2,,AN_AVLP_41,,LR
AN09B016,2,ascending_neuron,,BA,acetylcholine,,,T2,,AN_AVLP_54,,LR
AN09B017a,2,ascending_neuron,,BA,glutamate,male-specific,fru_high,T2,,,,LR
AN09B017b,2,ascending_neuron,,BA,glutamate,male-specific,fru_high,A3,,,,LR
AN09B017c,2,ascending_neuron,,CA,glutamate,male-specific,fru_high,A6,,,,LR
AN09B017d,2,ascending_neuron,,BA,glutamate,male-specific,fru_high,A7,,,,LR
AN09B017e,2,ascending_neuron,,BA,glutamate,male-specific,fru_high,A9,,,Yu 2010: vAB3,LR
AN09B017f,2,ascending_neuron,,BA,glutamate,male-specific,fru_high,A10,,,Yu 2010: vAB3,LR
AN09B017g,2,ascending_neuron,,BA,glutamate,male-specific,fru_high,A10,,,"Yu 2010, von Phillipsborn 2011: vAB3",LR
AN09B018,8,ascending_neuron,,BA,acetylcholine,,,A8,,AN_GNG_71,,LR
AN09B019,2,ascending_neuron,,CA,acetylcholine,,,A1,,AN_multi_112,,LR
AN09B020,4,ascending_neuron,,CA,acetylcholine,,,T2,,AN_GNG_33,,LR
AN09B021,2,ascending_neuron,,BA,glutamate,,,T2,,AN_GNG_AVLP_2,,LR
AN09B023,8,ascending_neuron,,BA,acetylcholine,,,A1,,AN_multi_67,,LR
AN09B024,2,ascending_neuron,,BA,acetylcholine,,,T2,,AN_multi_127,,LR
AN09B026,2,ascending_neuron,,BA,acetylcholine,,,T2,,AN_VES_GNG_8,,LR
AN09B027,2,ascending_neuron,,BA,acetylcholine,,,A1,,AN_AVLP_16,,LR
AN09B028,2,ascending_neuron,,BA,glutamate,,,T1,,AN_multi_72,,LR
AN09B029,4,ascending_neuron,,BA,acetylcholine,,,A5,,AN_multi_16,,LR
AN09B030,4,ascending_neuron,,BA,glutamate,,,T2,,AN_multi_31,,LR
AN09B031,2,ascending_neuron,,BA,acetylcholine,,,T2,,"AN_multi_25,AN_multi_26",,LR
AN09B032,4,ascending_neuron,,BA,glutamate,,,T1,,AN_GNG_72,,LR
AN09B033,6,ascending_neuron,,CA,acetylcholine,,,A8,,AN_multi_117,,LR
AN09B034,2,ascending_neuron,,CA,acetylcholine,,,A2,,AN_multi_115,,LR
AN09B035,6,ascending_neuron,,BA,glutamate,,,T3,,,,LR
AN09B036,2,ascending_neuron,,CA,acetylcholine,,,A2,,AN_WED_GNG_1,,LR
AN09B037,4,ascending_neuron,,BA,unclear,,,A5,,"AN_multi_34,AN_multi_35",,LR
AN09B040,6,ascending_neuron,,BA,glutamate,,,T3,,,,LR
AN09B042,2,ascending_neuron,,CA,acetylcholine,potentially sexually dimorphic,,A8,,,,LR
AN09B044,2,ascending_neuron,,BA,glutamate,,,T3,,AN_GNG_193,,LR
AN09B059,2,ascending_neuron,,XA,acetylcholine,,,T1,,AN_multi_18,,LR
AN09B060,4,ascending_neuron,,CA,acetylcholine,,,T3,,AN_VES_WED_1,,LR
AN10B005,2,ascending_neuron,,BA,acetylcholine,,,T1,IB113,AN_multi_17,Chen 2023: SS27485,LR
AN10B008,2,ascending_neuron,,BA,acetylcholine,,,T3,,AN_GNG_IPS_10,,LR
AN10B009,2,ascending_neuron,,BA,acetylcholine,potentially male-specific,,T2,,,,LR
AN10B015,6,ascending_neuron,,BA,acetylcholine,,,T2,,AN_GNG_SAD_27,,LR
AN10B017,2,ascending_neuron,,BA,acetylcholine,,,T2,,AN_multi_49,,LR
AN10B018,2,ascending_neuron,,BA,acetylcholine,,,T3,,AN_multi_58,,LR
AN10B019,6,ascending_neuron,,BA,acetylcholine,,,T2,,AN_AVLP_GNG_21,,LR
AN10B020,6,ascending_neuron,,BA,acetylcholine,,,T2,,AN_AVLP_45,,LR
AN10B021,2,ascending_neuron,,BA,acetylcholine,,,T2,,AN_IPS_GNG_7,,LR
AN10B022,6,ascending_neuron,,BA,acetylcholine,,,T2,,AN_AVLP_42,,LR
AN10B024,4,ascending_neuron,,BA,acetylcholine,,,T3,,AN_VES_WED_2,Chen 2023: SS51046,LR
AN10B025,2,ascending_neuron,,BI,acetylcholine,,,T1,,,,LR
AN10B026,2,ascending_neuron,,BA,acetylcholine,potentially male-specific,,T1,,,,LR
AN10B027,6,ascending_neuron,,CA,acetylcholine,,,T2,,AN_AVLP_34,,LR
AN10B029,6,ascending_neuron,,BA,acetylcholine,,,T1,,AN_AVLP_43,,LR
AN10B031,2,ascending_neuron,,BA,acetylcholine,,,T1,,,,LR
AN10B033,7,ascending_neuron,,BA,acetylcholine,,,T2,,,,LR
AN10B034,8,ascending_neuron,,BA,acetylcholine,,,T1,,AN_AVLP_53,,LR
AN10B035,11,ascending_neuron,,BA,acetylcholine,,,T3,,,,LR
AN10B037,15,ascending_neuron,,BA,acetylcholine,,,T2,,,,LR
AN10B039,12,ascending_neuron,,BA,acetylcholine,,,T2,,,,LR
AN10B045,31,ascending_neuron,,BA,acetylcholine,,,T1,,AN_AVLP_51,,LR
AN10B046,13,ascending_neuron,,BA,acetylcholine,,,T1,,,,LR
AN10B047,16,ascending_neuron,,BA,acetylcholine,,,T3,,AN_AVLP_53,,LR
AN10B048,6,ascending_neuron,,BA,acetylcholine,,,T1,,AN_AVLP_48,,LR
AN10B053,11,ascending_neuron,,BA,acetylcholine,,,T3,,AN_AVLP_53,,LR
AN10B061,7,ascending_neuron,,,acetylcholine,,,T1,,,,LR
AN10B062,3,ascending_neuron,,,acetylcholine,,,T3,,,,LR
AN11B008,2,ascending_neuron,,IA,gaba,,,T1,,,,LR
AN11B012,2,ascending_neuron,,IA,gaba,,,T1,,,,LR
AN12A003,2,ascending_neuron,,IA,acetylcholine,,,A1,,AN_GNG_79,,LR
AN12A017,2,ascending_neuron,,BA,acetylcholine,,,T1,,,,LR
AN12B001,2,ascending_neuron,,BA,gaba,,,T1,,AN_GNG_SAD_3,,LR
AN12B004,6,ascending_neuron,,BA,gaba,,,T2,,AN_multi_19,,LR
AN12B005,2,ascending_neuron,,BA,gaba,,,T3,,AN_GNG_16,,LR
AN12B006,2,ascending_neuron,,BA,unclear,,,T3,,AN_AVLP_39,,LR
AN12B008,4,ascending_neuron,,BA,gaba,,,T1,,AN_GNG_41,,LR
AN12B011,2,ascending_neuron,,CA,gaba,,,T1,,AN_GNG_151,,LR
AN12B017,6,ascending_neuron,,CA,gaba,,,T1,,AN_GNG_VES_1,,LR
AN12B019,6,ascending_neuron,,CA,gaba,,,T1,,AN_VES_GNG_2,,LR
AN12B055,5,ascending_neuron,,BA,gaba,,,T1,,,,LR
AN12B060,10,ascending_neuron,,BA,gaba,potentially sexually dimorphic,,T1,,AN_GNG_188,,LR
AN12B076,3,ascending_neuron,,BA,gaba,,,T1,,AN_GNG_127,,LR
AN12B080,3,ascending_neuron,,BA,gaba,,,T1,,,,LR
AN12B089,7,ascending_neuron,,,gaba,,,T1,,,,LR
AN13B002,2,ascending_neuron,,CA,gaba,,,A1,,AN_GNG_68,Shiu 2022: Dandelion,LR
AN14A003,5,ascending_neuron,,CA,glutamate,,,T2,,AN_GNG_180,,LR
AN14B012,2,ascending_neuron,,BA,gaba,,,T1,,AN_GNG_157,,LR
AN16B078_a,2,ascending_neuron,,IA,glutamate,,,T1,,,,LR
AN16B078_b,2,ascending_neuron,,IA,glutamate,,,T1,,,,LR
AN16B078_c,6,ascending_neuron,,,glutamate,,,T1,,,,LR
AN16B078_d,6,ascending_neuron,,IA,glutamate,,,T1,,,,LR
AN16B081,2,ascending_neuron,,IA,glutamate,,,T1,,,,LR
AN16B112,4,ascending_neuron,,IA,glutamate,,,T1,,,,LR
AN16B116,2,ascending_neuron,,IA,glutamate,,,T1,,,,LR
AN17A002,2,ascending_neuron,,IA,acetylcholine,,,T3,,AN_GNG_SAD_12,,LR
AN17A003,6,ascending_neuron,,IA,acetylcholine,,,T1,,AN_GNG_91,,LR
AN17A004,2,ascending_neuron,,IA,acetylcholine,,,T2,,AN_GNG_SAD_21,,LR
AN17A008,2,ascending_neuron,,BA,acetylcholine,,,T3,,AN_GNG_107,,LR
AN17A009,2,ascending_neuron,,BA,acetylcholine,,,A1,,AN_GNG_SAD_13,,LR
AN17A012,4,ascending_neuron,,BA,acetylcholine,,,T3,,AN_GNG_SAD_9,,LR
AN17A013,4,ascending_neuron,,BA,acetylcholine,,,T2,,AN_GNG_191,,LR
AN17A014,6,ascending_neuron,,BA,acetylcholine,,,T3,,"AN_GNG_1,AN_GNG_87,AN_GNG_140",,LR
AN17A015,8,ascending_neuron,,BA,acetylcholine,,,A1,,"ANG_GNG_94,AN_GNG_117",,LR
AN17A018,6,ascending_neuron,,BA,acetylcholine,,,T1,,AN_GNG_SAD_10,,LR
AN17A024,6,ascending_neuron,,BA,acetylcholine,,,T1,,AN_GNG_134,,LR
AN17A026,2,ascending_neuron,,IA,acetylcholine,,,T2,,AN_multi_63,Sen 2019: TwoLumps Ascending (TLA),LR
AN17A031,2,ascending_neuron,,BA,acetylcholine,,,T2,,AN_GNG_118,,LR
AN17A047,2,ascending_neuron,,BA,acetylcholine,,,T1,,,,LR
AN17A050,2,ascending_neuron,,BA,acetylcholine,,,T1,,AN_VES_GNG_5,,LR
AN17A062,6,ascending_neuron,,IA,acetylcholine,,,T1,,AN_multi_116,,LR
AN17A068,2,ascending_neuron,,IA,acetylcholine,,,T1,,AN_GNG_190,,LR
AN17A073,2,ascending_neuron,,IA,acetylcholine,,,T2,,AN_SAD_GNG_2,,LR
AN17A076,2,ascending_neuron,,IA,acetylcholine,,,T1,,AN_GNG_89,,LR
AN17B002,2,ascending_neuron,,BA,gaba,,,A1,,AN_GNG_AMMC_1,,LR
AN17B005,2,ascending_neuron,,IA,gaba,,,T2,,AN_multi_30,,LR
AN17B007,2,ascending_neuron,,BA,gaba,,,T3,,AN_AVLP_GNG_3,,LR
AN17B008,6,ascending_neuron,,BA,gaba,,,T2,,AN_GNG_AMMC_2,,LR
AN17B009,2,ascending_neuron,,BA,gaba,,,T2,,AN_AVLP_52,,LR
AN17B011,2,ascending_neuron,,BA,gaba,,,T3,,AN_AVLP_SAD_3,,LR
AN17B012,2,ascending_neuron,,BA,gaba,,,T1,,AN_AVLP_9,,LR
AN17B013,4,ascending_neuron,,BA,gaba,,,T3,,AN_AMMC_SAD_1,,LR
AN17B016,2,ascending_neuron,,BA,gaba,,,T2,(hb2159938376),AN_AVLP_8,,LR
AN18B001,2,ascending_neuron,,BA,acetylcholine,,,T1,,AN_GNG_SAD_16,,LR
AN18B002,2,ascending_neuron,,BA,acetylcholine,,,T3,,AN_GNG_7,,LR
AN18B003,2,ascending_neuron,,BA,acetylcholine,,,T3,,,,LR
AN18B004,2,ascending_neuron,,BA,acetylcholine,,,T2,,,,LR
AN18B019,4,ascending_neuron,,BA,acetylcholine,,,T2,,AN_GNG_WED_3,,LR
AN18B020,2,ascending_neuron,,BA,acetylcholine,,,T1,,,,LR
AN18B022,2,ascending_neuron,,BA,acetylcholine,,,T2,,AN_multi_36,,LR
AN18B023,2,ascending_neuron,,BA,acetylcholine,,,T1,,AN_GNG_IPS_2,,LR
AN18B025,2,ascending_neuron,,BA,acetylcholine,,,T1,,AN_SPS_IPS_4,,LR
AN18B032,3,ascending_neuron,,BA,acetylcholine,,,T2,,AN_GNG_132,,LR
AN18B053,6,ascending_neuron,,,acetylcholine,potentially sexually dimorphic,,T2,,,,LR
AN19A018,12,ascending_neuron,,BA,acetylcholine,,,T1,,,Sapkal 2024: BRK,LR
AN19A019,2,ascending_neuron,,BA,acetylcholine,,,T1,,AN_GNG_2,,LR
AN19A038,2,ascending_neuron,,IA,acetylcholine,,,T1,,AN_multi_2,,LR
AN19B001,4,ascending_neuron,,BA,acetylcholine,,,T1,,AN_GNG_IPS_11,,LR
AN19B004,2,ascending_neuron,,BA,acetylcholine,,,T1,,AN_GNG_9,,LR
AN19B009,4,ascending_neuron,,BA,acetylcholine,,,T2,,AN_GNG_8,,LR
AN19B010,4,ascending_neuron,,BA,acetylcholine,,,T3,,AN_GNG_18,,LR
AN19B014,2,ascending_neuron,,BA,acetylcholine,,,T2,,AN_GNG_10,,LR
AN19B015,2,ascending_neuron,,BA,acetylcholine,,,T1,,AN_GNG_6,,LR
AN19B017,2,ascending_neuron,,BA,acetylcholine,,,T1,,AN_multi_14,,LR
AN19B018,2,ascending_neuron,,BA,acetylcholine,,,T1,,AN_GNG_144,,LR
AN19B019,2,ascending_neuron,,BA,acetylcholine,,,T1,(hb706176085),AN_multi_105,,LR
AN19B022,2,ascending_neuron,,BA,acetylcholine,,,T3,,AN_GNG_171,,LR
AN19B024,2,ascending_neuron,,BA,acetylcholine,,,T2,,AN_GNG_IPS_3,,LR
AN19B025,2,ascending_neuron,,BA,acetylcholine,,,T2,,AN_GNG_4,,LR
AN19B028,2,ascending_neuron,,BA,acetylcholine,,,T3,,AN_multi_7,,LR
AN19B032,2,ascending_neuron,,CA,acetylcholine,,,T2,,AN_multi_108,,LR
AN19B036,4,ascending_neuron,,BA,acetylcholine,,,T2,,AN_AVLP_GNG_1,,LR
AN19B039,2,ascending_neuron,,BA,acetylcholine,,,A1,,,,LR
AN19B042,2,ascending_neuron,,BA,acetylcholine,,,T1,,AN_GNG_32,,LR
AN19B044,4,ascending_neuron,,BA,acetylcholine,,,T1,,"AN_GNG_11,AN_GNG_13",,LR
AN19B046,3,ascending_neuron,,BA,acetylcholine,,,T3,,,,LR
AN19B049,2,ascending_neuron,,BA,acetylcholine,,,T1,,AN_multi_9,,LR
AN19B051,4,ascending_neuron,,BA,acetylcholine,,,A2,,AN_GNG_203,,LR
AN19B059,7,ascending_neuron,,BA,acetylcholine,,,T3,,,,LR
AN19B060,4,ascending_neuron,,BA,acetylcholine,,,T3,,,,LR
AN19B061,4,ascending_neuron,,,acetylcholine,,,T3,,,,LR
AN19B063,4,ascending_neuron,,BA,acetylcholine,,,T3,,,,LR
AN19B065,6,ascending_neuron,,BA,acetylcholine,,,T3,,,,LR
AN19B076,3,ascending_neuron,,BA,acetylcholine,,,T3,,,,LR
AN19B079,6,ascending_neuron,,BA,acetylcholine,,,T3,,,,LR
AN19B093,5,ascending_neuron,,BA,acetylcholine,,,T3,,,,LR
AN19B098,4,ascending_neuron,,BA,acetylcholine,,,T3,,,,LR
AN19B099,4,ascending_neuron,,,acetylcholine,,,T3,,,,LR
AN19B100,2,ascending_neuron,,BA,acetylcholine,,,T3,,,,LR
AN19B101,10,ascending_neuron,,BA,acetylcholine,,,T3,,,,LR
AN19B102,2,ascending_neuron,,BA,acetylcholine,,,T3,,,,LR
AN19B104,9,ascending_neuron,,BA,acetylcholine,potentially sexually dimorphic,,T3,,,,LR
AN19B106,2,ascending_neuron,,BA,acetylcholine,,,T3,,,,LR
AN23B001,2,ascending_neuron,,BA,acetylcholine,,,T2,,AN_GNG_SAD_15,,LR
AN23B002,2,ascending_neuron,,BA,acetylcholine,,,T2,,AN_GNG_202,,LR
AN23B003,2,ascending_neuron,,BA,acetylcholine,,,T3,,AN_GNG_81,,LR
AN23B004,2,ascending_neuron,,BA,acetylcholine,,,T2,,AN_GNG_156,,LR
AN23B010,2,ascending_neuron,,BA,acetylcholine,,,T1,,AN_GNG_108,,LR
AN23B026,2,ascending_neuron,,BA,acetylcholine,,,A1,,,,LR
AN26X004,2,ascending_neuron,,IA,unclear,,,T1,,AN_GNG_20,,LR
AN27X003,2,ascending_neuron,,BA,unclear,,,T1,,,,LR
AN27X004,2,ascending_neuron,,BA,histamine,,,T3,,MtAHN,Cheong 2024: MtAHN,LR
AN27X008,2,ascending_neuron,,BA,histamine,,,T2,,MsAHN,Cheong 2024: MsAHN,LR
AN27X009,4,ascending_neuron,,BA,acetylcholine,,,T2,,AN_multi_78,,LR
AN27X011,2,ascending_neuron,,BA,acetylcholine,,,T1,,AN_multi_4,,LR
AN27X013,4,ascending_neuron,,XA,unclear,,,T2,,AN_multi_124,,LR
AN27X015,2,ascending_neuron,,BA,glutamate,,,T1,,AN_multi_73,,LR
AN27X016,2,ascending_neuron,,BA,glutamate,,,T1,,AN_multi_75,,LR
AN27X017,2,ascending_neuron,,BA,acetylcholine,,,T3,,AN_multi_77,,LR
AN27X018,6,ascending_neuron,,BA,glutamate,,,T2,,"AN_PRW_FLA_1,AN_SAD_FLA_1,AN_FLA_PRW_1",,LR
AN27X019,2,ascending_neuron,,,unclear,,,T3,,,,LR
AN27X020,2,ascending_neuron,,XA,unclear,,,T1,,AN_GNG_PRW_3,,LR
AN27X021,2,ascending_neuron,,XA,gaba,,,T1,,AN_GNG_PRW_2,,LR
AN27X022,2,ascending_neuron,,XA,gaba,,,T1,,AN_GNG_PRW_1,,LR
AN27X024,2,ascending_neuron,,BA,glutamate,,,T1,,AN_multi_3,,LR
ANXXX002,2,ascending_neuron,,BA,gaba,,,T1,,AN_GNG_19,,LR
ANXXX005,2,ascending_neuron,,BA,unclear,,,T1,,ANXXX005,,LR
ANXXX006,2,ascending_neuron,,BA,acetylcholine,,,T1,,AN_GNG_25,,LR
ANXXX007,7,ascending_neuron,,BA,gaba,,,A6,,AN_AVLP_37,,LR
ANXXX008,2,ascending_neuron,,BA,unclear,,,T1,,,,LR
ANXXX013,2,ascending_neuron,,BA,gaba,sexually dimorphic,,A1,,AN_GNG_150,,LR
ANXXX023,2,ascending_neuron,,BA,acetylcholine,,,T1,,AN_GNG_141,,LR
ANXXX024,2,ascending_neuron,,BA,acetylcholine,,,A1,,AN_GNG_169,,LR
ANXXX026,2,ascending_neuron,,BA,gaba,,,T1,,AN_GNG_23,,LR
ANXXX027,14,ascending_neuron,,CA,acetylcholine,,,A9,,AN_AVLP_GNG_22,,LR
ANXXX030,2,ascending_neuron,,BA,acetylcholine,,,A1,,AN_multi_51,,LR
ANXXX033,2,ascending_neuron,,BA,acetylcholine,,,A1,,AN_multi_89,,LR
ANXXX037,2,ascending_neuron,,IA,acetylcholine,,,A1,,AN_GNG_24,,LR
ANXXX041,4,ascending_neuron,,IA,gaba,,,T1,,AN_GNG_64,,LR
ANXXX049,4,ascending_neuron,,CA,acetylcholine,,,T2,,AN_GNG_22,,LR
ANXXX050,2,ascending_neuron,,CA,acetylcholine,potentially male-specific,,A6,,,,LR
ANXXX055,2,ascending_neuron,,BA,acetylcholine,,,A7,,AN_AVLP_15,,LR
ANXXX057,2,ascending_neuron,,BA,acetylcholine,,,A2,,AN_multi_29,,LR
ANXXX068,2,ascending_neuron,,BA,acetylcholine,potentially male-specific,,A1,,,,LR
ANXXX071,2,ascending_neuron,,BA,acetylcholine,potentially male-specific,,A2,,,,LR
ANXXX072,2,ascending_neuron,,BA,acetylcholine,,,T1,,AN_GNG_36,,LR
ANXXX074,2,ascending_neuron,,BA,acetylcholine,,,A6,,AN_multi_23,,LR
ANXXX075,2,ascending_neuron,,CA,acetylcholine,,,A1,,AN_multi_113,,LR
ANXXX082,2,ascending_neuron,,CA,acetylcholine,,,A2,,AN_AVLP_GNG_6,,LR
ANXXX084,8,ascending_neuron,,BA,acetylcholine,potentially sexually dimorphic,,A4,,,,LR
ANXXX086,2,ascending_neuron,,CA,acetylcholine,,,A1,,AN_GNG_169,,LR
ANXXX092,2,ascending_neuron,,BA,acetylcholine,,,A1,,AN_GNG_27,,LR
ANXXX093,2,ascending_neuron,,CA,acetylcholine,,,A6,,AN_AVLP_21,,LR
ANXXX094,2,ascending_neuron,,BA,acetylcholine,,,A1,,AN_multi_47,,LR
ANXXX098,6,ascending_neuron,,BA,acetylcholine,,,A1,,AN_AVLP_24,,LR
ANXXX099,2,ascending_neuron,,BA,acetylcholine,,,A8,,AN_GNG_105,,LR
ANXXX102,2,ascending_neuron,,CA,acetylcholine,,,A2,,AN_AVLP_PVLP_4,,LR
ANXXX106,2,ascending_neuron,,BA,gaba,,,T1,,AN_GNG_51,,LR
ANXXX108,2,ascending_neuron,,BA,gaba,,,T1,,AN_multi_103,,LR
ANXXX109,2,ascending_neuron,,BA,gaba,,,T1,,AN_AMMC_SAD_2,,LR
ANXXX116,4,ascending_neuron,,BA,acetylcholine,potentially male-specific;potentially sexually dimorphic,,A5,,AN_multi_83,,LR
ANXXX120,4,ascending_neuron,,BA,acetylcholine,,,A5,,AN_AVLP_44,,LR
ANXXX127,2,ascending_neuron,,BA,acetylcholine,,,T3,,AN_multi_79,,LR
ANXXX130,2,ascending_neuron,,BA,gaba,,,T1,,AN_GNG_39,,LR
ANXXX131,2,ascending_neuron,,CA,acetylcholine,,,T1,,AN_GNG_IPS_6,,LR
ANXXX132,2,ascending_neuron,,BA,acetylcholine,,,A1,,AN_GNG_145,,LR
ANXXX136,2,ascending_neuron,,BA,acetylcholine,,,T3,,AN_multi_84,,LR
ANXXX139,2,ascending_neuron,,BA,gaba,,,T2,,AN_multi_32,,LR
ANXXX144,2,ascending_neuron,,BA,gaba,,,A1,,AN_AVLP_GNG_16,,LR
ANXXX145,5,ascending_neuron,,BA,acetylcholine,,,T2,,AN_GNG_VES_4,,LR
ANXXX150,4,ascending_neuron,,BA,acetylcholine,potentially sexually dimorphic,dsx_high,A10,,AN_FLA_SMP_2,Feng 2014: SAG,LR
ANXXX151,2,ascending_neuron,,BA,acetylcholine,potentially sexually dimorphic,,A2,,AN_multi_71,,LR
ANXXX152,2,ascending_neuron,,BA,acetylcholine,potentially male-specific,,A2,,,,LR
ANXXX154,2,ascending_neuron,,BA,acetylcholine,,,T1,,AN_GNG_WED_2,,LR
ANXXX157,2,vnc_intrinsic,,BA,gaba,,,A1,,,,LR
ANXXX165,2,ascending_neuron,,BA,acetylcholine,,,T3,,AN_multi_110,,LR
ANXXX169,10,ascending_neuron,,BA,glutamate,,,A1,,"AN_FLA_GNG_1,AN_FLA_PRW_2",,LR
ANXXX170,4,ascending_neuron,,CA,acetylcholine,,,A3,,AN_GNG_SAD_30,,LR
ANXXX171,2,ascending_neuron,,IA,acetylcholine,,,T2,,,,LR
ANXXX174,2,ascending_neuron,,CA,acetylcholine,,,A1,,AN_AVLP_2,,LR
ANXXX178,2,ascending_neuron,,BA,gaba,,,A7,,AN_AVLP_GNG_20,,LR
ANXXX191,2,ascending_neuron,,IA,acetylcholine,potentially sexually dimorphic,,T1,,,,LR
ANXXX196,2,ascending_neuron,,BA,acetylcholine,,,A8,,AN_GNG_SAD_19,,LR
ANXXX200,4,ascending_neuron,,BA,gaba,,,T2,,AN_GNG_38,,LR
ANXXX202,9,ascending_neuron,,BA,glutamate,,,A3,,,,LR
ANXXX214,4,ascending_neuron,,BA,acetylcholine,potentially sexually dimorphic,,A1,,AN_GNG_14,,LR
ANXXX218,2,ascending_neuron,,CA,acetylcholine,,,T1,,AN_GNG_WED_1,,LR
ANXXX250,2,ascending_neuron,,BA,gaba,,,T1,(hb1722993253),AN_AVLP_PVLP_3,,LR
ANXXX254,2,ascending_neuron,,BA,acetylcholine,,,A8,,AN_FLA_GNG_2,,LR
ANXXX255,2,ascending_neuron,,IA,acetylcholine,,,T1,,AN_GNG_162,,LR
ANXXX264,2,ascending_neuron,,BA,gaba,,,T2,,AN_GNG_93,,LR
ANXXX296,2,ascending_neuron,,BA,acetylcholine,,,A8,,AN_multi_122,,LR
ANXXX308,2,ascending_neuron,,BA,acetylcholine,,,T1,,AN_multi_80,,LR
ANXXX318,2,vnc_intrinsic,,BA,acetylcholine,,,A1,,,,LR
ANXXX338,3,ascending_neuron,,BA,glutamate,,,T1,,,,R
ANXXX380,4,ascending_neuron,,BA,acetylcholine,,,A6,,AN_FLA_VES_1,,LR
ANXXX404,2,ascending_neuron,,CA,gaba,,,T1,,AN_GNG_73,,LR
ANXXX410,2,ascending_neuron,,BA,acetylcholine,,,A7,,,,LR
ANXXX434,2,ascending_neuron,,XA,acetylcholine,,,T2,,AN_SLP_LH_1,,LR
ANXXX462a,2,ascending_neuron,,XA,acetylcholine,,,T1,,AN_GNG_30,Shiu 2022: Clavicle,LR
ANXXX462b,2,ascending_neuron,,,acetylcholine,,,T1,,AN_GNG_21,,LR
ANXXX470,2,ascending_neuron,,XA,acetylcholine,,,T1,,AN_SLP_AVLP_1,Kim 2017: TPN3,M
AOTU001,7,cb_intrinsic,,,acetylcholine,,fru_low,,AOTU001,CB3127,Cachero 2010: aSP-j; Yu 2010: aSP12,LR
AOTU002_a,5,cb_intrinsic,,,acetylcholine,,fru_low,,AOTU002_a,CB2070,Cachero 2010: aSP-j; Yu 2010: aSP12,LR
AOTU002_b,6,cb_intrinsic,,,acetylcholine,,fru_low,,AOTU002_b,CB4184,Cachero 2010: aSP-j; Yu 2010: aSP12,LR
AOTU002_c,4,cb_intrinsic,,,acetylcholine,,fru_low,,AOTU002,CB1080,Cachero 2010: aSP-j; Yu 2010: aSP12,LR
AOTU003,6,cb_intrinsic,,,acetylcholine,,,,AOTU003,CB4184,,LR
AOTU004,6,cb_intrinsic,,,acetylcholine,,fru_high,,AOTU004,CB0361,Cachero 2010: aSP-j; Yu 2010: aSP12,LR
AOTU005,2,cb_intrinsic,,,acetylcholine,,,,AOTU005,AOTUv3B_P02,,LR
AOTU006,2,cb_intrinsic,,,acetylcholine,,,,AOTU006,AOTUv3B_P01,,LR
AOTU007,2,cb_intrinsic,,,acetylcholine,,fru_low,,AOTU007,AOTU007,Cachero 2010: aSP-i; Yu 2010: aSP11,LR
AOTU007_a,4,cb_intrinsic,,,acetylcholine,,fru_low,,AOTU007,AOTU007,Cachero 2010: aSP-i; Yu 2010: aSP11,LR
AOTU007_b,6,cb_intrinsic,,,acetylcholine,,fru_low,,AOTU007,AOTU007,Cachero 2010: aSP-i; Yu 2010: aSP11,LR
AOTU008,25,cb_intrinsic,,,acetylcholine,sexually dimorphic,fru_high,,AOTU008,AOTU008,Cachero 2010: aSP-i; Yu 2010: aSP11; Kimura 2008: AL5a,LR
AOTU009,2,cb_intrinsic,,,glutamate,,,,AOTU009,AOTU009,,LR
AOTU011,4,cb_intrinsic,,,glutamate,,,,AOTU011,AOTU011,,LR
AOTU012,2,cb_intrinsic,,,acetylcholine,sexually dimorphic,,,AOTU012,AOTU012,,LR
AOTU013,2,cb_intrinsic,,,acetylcholine,,fru_high,,AOTU013,AOTU013,fru-M-500082,LR
AOTU014,2,cb_intrinsic,,,acetylcholine,,fru_high,,AOTU014,AOTU014,"fru-M-100024,fru-M-200270,fru-M-200288,fru-M-600092,fru-M-700172",LR
AOTU015,8,cb_intrinsic,,,acetylcholine,,fru_low,,AOTU015,AOTU015,Cachero 2010: aSP-d; Yu 2010: aSP13,LR
AOTU016_a,2,cb_intrinsic,,,acetylcholine,,,,AOTU016,CB0359,,LR
AOTU016_b,8,cb_intrinsic,,,acetylcholine,,,,AOTU016,"CB0007,CB0739",,LR
AOTU016_c,4,cb_intrinsic,,,acetylcholine,,,,AOTU016,"CB0007,CB0739",,LR
AOTU017,4,cb_intrinsic,,,acetylcholine,,fru_low,,AOTU017,CB1294,Cachero 2010: aSP-d;Yu 2010: aSP13,LR
AOTU018,4,cb_intrinsic,,,acetylcholine,,fru_low,,AOTU018,"AOTU018,AOTU031",Cachero 2010: aSP-j; Yu 2010: aSP12,LR
AOTU019,2,cb_intrinsic,,,gaba,,,,AOTU019,AOTU019,,LR
AOTU020,4,cb_intrinsic,,,gaba,,,,AOTU020,AOTU020,,LR
AOTU021,2,cb_intrinsic,,,gaba,,,,AOTU021,AOTU021,,LR
AOTU022,2,cb_intrinsic,,,gaba,,,,AOTU022,AOTU022,,LR
AOTU023,2,cb_intrinsic,,,acetylcholine,,,,AOTU023,AOTU023,,LR
AOTU024,2,cb_intrinsic,,,acetylcholine,,,,AOTU024,AOTU024,,LR
AOTU025,2,cb_intrinsic,,,acetylcholine,,,,AOTU025,AOTU025,,LR
AOTU026,2,cb_intrinsic,,,acetylcholine,,,,AOTU026,AOTU026,,LR
AOTU027,2,cb_intrinsic,,,acetylcholine,,,,AOTU027,AOTU027,,LR
AOTU028,2,cb_intrinsic,,,acetylcholine,,,,AOTU028,AOTU028,,LR
AOTU029,2,cb_intrinsic,,,acetylcholine,,fru_low,,AOTU029,AOTUv4B_P02,Cachero 2010: aSP-j;Yu 2010: aSP12,LR
AOTU030,2,cb_intrinsic,,,acetylcholine,,fru_low,,AOTU030,AOTU030,Cachero 2010: aSP-j; Yu 2010: aSP12,LR
AOTU032,4,cb_intrinsic,,,acetylcholine,,,,AOTU032,CB3961,,LR
AOTU033,2,cb_intrinsic,,,acetylcholine,,,,AOTU033,AOTU033,,LR
AOTU034,4,cb_intrinsic,,,acetylcholine,,,,AOTU034,CB3962,,LR
AOTU035,2,cb_intrinsic,,,glutamate,,,,AOTU035,AOTU035,,LR
AOTU036,2,cb_intrinsic,,,glutamate,,,,AOTU036,AOTU036,,LR
AOTU037,5,cb_intrinsic,,,glutamate,,fru_low,,AOTU037,AOTU037,Cachero 2010: aSP-i; Yu 2010: aSP11,LR
AOTU038,11,cb_intrinsic,,,glutamate,,fru_high;fru_low,,AOTU038,CB3984,Cachero 2010: aSP-i; Yu 2010: aSP11,LR
AOTU039,6,cb_intrinsic,,,glutamate,,fru_high,,AOTU039,CB3985,Cachero 2010: aSP-i; Yu 2010: aSP11,LR
AOTU040,6,cb_intrinsic,,,glutamate,,fru_low,,AOTU040,LAL093a,Cachero 2010: aSP-i; Yu 2010: aSP11,LR
AOTU041,4,cb_intrinsic,,,gaba,,,,AOTU041,AOTU041,,LR
AOTU042,4,cb_intrinsic,,,gaba,,fru_high,,AOTU042,AOTU042,Cachero 2010: aDT-c,LR
AOTU043,3,cb_intrinsic,,,acetylcholine,,,,AOTU043,"CB2283,CB2848",,LR
AOTU045,2,visual_projection,,,glutamate,,,,AOTU045,LTe44,,LR
AOTU046,4,cb_intrinsic,,,glutamate,,,,AOTU046,AOTU046,,LR
AOTU047,2,cb_intrinsic,,,glutamate,,,,AOTU047,AOTU047,,LR
AOTU048,2,cb_intrinsic,,,gaba,,,CG,AOTU048,AOTU048,,LR
AOTU049,4,cb_intrinsic,,,gaba,,,CG,AOTU049,AOTU049,,LR
AOTU050,12,cb_intrinsic,,,gaba,,,CG,AOTU050,AOTU050b,,LR
AOTU051,6,cb_intrinsic,,,gaba,,,CG,AOTU051,AOTU051,,LR
AOTU052,7,cb_intrinsic,,,gaba,,,CG,AOTU052,AOTU052a,,LR
AOTU053,3,cb_intrinsic,,,gaba,,,CG,AOTU053,AOTU053,,LR
AOTU054,3,cb_intrinsic,,,gaba,,,CG,AOTU054,CB1558,,LR
AOTU055,5,cb_intrinsic,,,gaba,,,CG,"AOTU055,AOTU056,AOTU057,AOTU058",CB1558,,LR
AOTU056,8,cb_intrinsic,,,gaba,,,CG,AOTU056,CB2216,,LR
AOTU058,8,cb_intrinsic,,,gaba,,,CG,AOTU058,AOTU058,,LR
AOTU059,11,cb_intrinsic,,,gaba,,,CG,AOTU059,AOTU059,,LR
AOTU060,7,cb_intrinsic,,,gaba,,,CG,AOTU060,AOTU060,,LR
AOTU061,7,cb_intrinsic,,,gaba,,fru_low,CG,AOTU061,AOTU061,,LR
AOTU062,6,cb_intrinsic,,,gaba,sexually dimorphic,fru_low,CG,AOTU062,AOTU062,Cachero 2010: pIP-e; Yu 2010: pIP5,LR
AOTU063_a,2,cb_intrinsic,,,glutamate,,,,AOTU063,AOTU063,,LR
AOTU063_b,2,cb_intrinsic,,,glutamate,,,,AOTU063,AOTU063,,LR
AOTU064,2,cb_intrinsic,,,gaba,,,,AOTU064,AOTU064,,LR
AOTU065,2,cb_intrinsic,,,acetylcholine,,,,AOTU065,AOTU065,,LR
AOTU100m,2,cb_intrinsic,,,acetylcholine,male-specific,,CG,,,,LR
AOTU101m,2,cb_intrinsic,,,acetylcholine,male-specific,,CG,,,,LR
AOTU102m,2,cb_intrinsic,,,gaba,potentially male-specific,,,,,,LR
AOTU103m,4,cb_intrinsic,,,glutamate,male-specific,coexpress_high,,,,"Lee 2002, Rideout 2010, Nojima 2021: aDN; Cachero 2010: aSP-h",LR
APL,2,cb_intrinsic,,,gaba,,,,APL,APL,,LR
ATL001,2,cb_intrinsic,,,glutamate,,,,ATL001,ATL001,,LR
ATL002,2,cb_intrinsic,,,glutamate,,,,ATL002,ATL002,,LR
ATL003,2,cb_intrinsic,,,glutamate,,,,ATL003,ATL003,,LR
ATL004,2,cb_intrinsic,,,glutamate,,,,ATL004,ATL004,,LR
ATL005,2,cb_intrinsic,,,glutamate,,,,ATL005,CREa1A_T01,,LR
ATL006,2,cb_intrinsic,,,acetylcholine,,,,ATL006,ATL006,,LR
ATL007,2,cb_intrinsic,,,glutamate,,,,ATL007,CREa1A_T01,,LR
ATL008,2,cb_intrinsic,,,glutamate,,,,ATL008,ATL008,,LR
ATL009,5,cb_intrinsic,,,gaba,,,,ATL009,CB4155,,LR
ATL011,2,cb_intrinsic,,,glutamate,,,,ATL011,ATL011,,LR
ATL012,4,cb_intrinsic,,,acetylcholine,,,,ATL012,ATL012,,LR
ATL013,4,cb_intrinsic,,,acetylcholine,,,,ATL013,ATL013,,LR
ATL014,2,cb_intrinsic,,,glutamate,,,,ATL014,ATL014,,LR
ATL015,2,cb_intrinsic,,,acetylcholine,,,,ATL015,ATL015,,LR
ATL016,2,cb_intrinsic,,,glutamate,,,,ATL016,ATL016,,LR
ATL017,2,cb_intrinsic,,,glutamate,,,,ATL017,"ATL017,ATL018",,LR
ATL018,4,cb_intrinsic,,,acetylcholine,,,,ATL018,"ATL017,ATL018",,LR
ATL019,3,cb_intrinsic,,,acetylcholine,,,,ATL019,CB1644,,LR
ATL020,4,cb_intrinsic,,,acetylcholine,,,,ATL020,CB1471,,LR
ATL021,2,cb_intrinsic,,,glutamate,,,,ATL021,ATL021,,LR
ATL022,2,cb_intrinsic,,,acetylcholine,,,,ATL022,ATL022,,LR
ATL023,2,cb_intrinsic,,,glutamate,,,,ATL023,ATL023,,LR
ATL024,2,cb_intrinsic,,,glutamate,,,,ATL024,"ATL024,IB042",,LR
ATL025,2,cb_intrinsic,,,acetylcholine,,,,ATL025,ATL025,,LR
ATL026,2,cb_intrinsic,,,acetylcholine,,,,ATL026,ATL026,,LR
ATL027,2,cb_intrinsic,,,acetylcholine,,,,ATL027,ATL027,,LR
ATL028,2,cb_intrinsic,,,acetylcholine,,,,ATL028,ATL028,,LR
ATL029,2,cb_intrinsic,,,acetylcholine,,,,ATL029,ATL029,,LR
ATL030,2,cb_intrinsic,,,glutamate,,,CG,ATL030,ATL030,,LR
ATL031,2,cb_intrinsic,,,unclear,,,,ATL031,ATL031,,LR
ATL032,2,cb_intrinsic,,,unclear,,,,ATL032,ATL032,,LR
ATL033,2,cb_intrinsic,,,glutamate,,,,ATL033,ATL033,,LR
ATL034,2,cb_intrinsic,,,glutamate,,,,ATL034,ATL034,,LR
ATL035,2,cb_intrinsic,,,glutamate,,fru_low,,ATL035,"ATL035,ATL036",fru-M-000086,LR
ATL036,2,cb_intrinsic,,,glutamate,,,,ATL036,"ATL035,ATL036",,LR
ATL037,2,cb_intrinsic,,,acetylcholine,,,,ATL037,ATL037,,LR
ATL038,2,cb_intrinsic,,,acetylcholine,,,,ATL038,"ATL038,ATL039",,LR
ATL039,2,cb_intrinsic,,,acetylcholine,,,,ATL039,"ATL038,ATL039",,LR
ATL040,2,cb_intrinsic,,,glutamate,,,,ATL040,ATL040,,LR
ATL041,2,cb_intrinsic,,,acetylcholine,,,,ATL041,CB0641,,LR
ATL042,2,cb_intrinsic,,,unclear,,,,ATL042,ATL042,,LR
ATL043,2,cb_intrinsic,,,unclear,,,,ATL043,ATL043,,LR
ATL044,2,cb_intrinsic,,,acetylcholine,,,,ATL044,ATL044,,LR
ATL045,2,cb_intrinsic,,,glutamate,,,,ATL045,CB2783a,,LR
AVL006_a,2,cb_intrinsic,,,gaba,,,,AVL006,AVL006a,,LR
AVLP001,2,cb_intrinsic,,,gaba,,,,AVLP001,AVLP001,,LR
AVLP002,5,cb_intrinsic,,,gaba,,fru_low,,AVLP002,CB2639,Cachero 2010: aSP-k; Yu 2010: aSP8,LR
AVLP003,6,cb_intrinsic,,,gaba,,,,AVLP003,CB2612,,LR
AVLP004_a,7,cb_intrinsic,,,gaba,,,,AVLP004,CB1399,,LR
AVLP004_b,5,cb_intrinsic,,,gaba,,,,AVLP004,CB2978,,LR
AVLP005,8,cb_intrinsic,,,gaba,,fru_low,,AVLP005,CB2253,Cachero 2010: aSP-k; Yu 2010: aSP8,LR
AVLP009,4,cb_intrinsic,,,gaba,sexually dimorphic,fru_high,,"aSP8,AVLP009",aSP8,Cachero 2010: aSP-k; Yu 2010: aSP8,LR
AVLP013,6,cb_intrinsic,,,unclear,sexually dimorphic,,,AVLP013,AVLP013,,LR
AVLP014,1,cb_intrinsic,,,gaba,,,,AVLP014,AVLP014,,L
AVLP015,2,cb_intrinsic,,,glutamate,,,,AVLP015,AVLP015,,LR
AVLP016,2,cb_intrinsic,,,glutamate,,,,AVLP016,AVLP016,,LR
AVLP017,2,cb_intrinsic,,,glutamate,,,,AVLP017,AVLP017,,LR
AVLP018,2,cb_intrinsic,,,acetylcholine,,,,AVLP018,AVLP018,,LR
AVLP019,2,cb_intrinsic,,,acetylcholine,,,,AVLP019,AVLP019,,LR
AVLP020,2,cb_intrinsic,,,glutamate,,,,AVLP020,AVLP020,,LR
AVLP021,2,cb_intrinsic,,,acetylcholine,,,,AVLP021,AVLP021,,LR
AVLP022,3,cb_intrinsic,,,glutamate,,,,AVLP022,AVLP022,,LR
AVLP023,2,cb_intrinsic,,,acetylcholine,,,,AVLP023,AVLP023,,LR
AVLP024_a,2,cb_intrinsic,,,acetylcholine,,,,AVLP024,AVLP024a,,LR
AVLP024_b,2,cb_intrinsic,,,acetylcholine,,,,AVLP024,AVLP024b,,LR
AVLP024_c,2,cb_intrinsic,,,acetylcholine,,,,AVLP024,AVLP024c,,LR
AVLP025,2,cb_intrinsic,,,acetylcholine,,,,AVLP025,AVLP025,,LR
AVLP026,14,cb_intrinsic,,,acetylcholine,,,,AVLP026,AVLP026b,,LR
AVLP027,4,cb_intrinsic,,,acetylcholine,,,,AVLP027,AVLP027,,LR
AVLP028,8,cb_intrinsic,,,acetylcholine,,,,AVLP028,AVLP028d,,LR
AVLP029,2,cb_intrinsic,,,gaba,sexually dimorphic,,,AVLP029,AVLP029,,LR
AVLP030,1,cb_intrinsic,,,gaba,,,,AVLP030,AVLP030,,R
AVLP031,2,cb_intrinsic,,,gaba,,,,AVLP031,AVLP031,,LR
AVLP032,2,cb_intrinsic,,,acetylcholine,,,,AVLP032,AVLP032,,LR
AVLP033,2,cb_intrinsic,,,acetylcholine,,,,AVLP033,AVLP033,,LR
AVLP034,2,cb_intrinsic,,,acetylcholine,,,,AVLP034,AVLP034,,LR
AVLP035,2,cb_intrinsic,,,acetylcholine,,,,AVLP035,AVLP035,,LR
AVLP036,4,cb_intrinsic,,,acetylcholine,,,,AVLP036,CB2840,,LR
AVLP037,5,cb_intrinsic,,,acetylcholine,,,,AVLP037,CB3939,,LR
AVLP038,8,cb_intrinsic,,,acetylcholine,,,,AVLP038,CB3983,,LR
AVLP039,6,cb_intrinsic,,,acetylcholine,,,,AVLP039,AVLP039,,LR
AVLP040,9,cb_intrinsic,,,acetylcholine,,,,AVLP040,AVLP040,,LR
AVLP041,2,cb_intrinsic,,,acetylcholine,,,,AVLP041,AVLP041,,LR
AVLP042,4,cb_intrinsic,,,acetylcholine,,,,AVLP042,AVLP042,,LR
AVLP043,4,cb_intrinsic,,,acetylcholine,,,,AVLP043,AVLP043,,LR
AVLP044_a,5,cb_intrinsic,,,acetylcholine,,,,AVLP044_a,AVLP044_a,,LR
AVLP044_b,3,cb_intrinsic,,,acetylcholine,,,,AVLP044_b,AVLP044b,,LR
AVLP045,10,cb_intrinsic,,,acetylcholine,,,,AVLP045,AVLP045,,LR
AVLP046,4,cb_intrinsic,,,acetylcholine,,,,AVLP046,AVLP046,,LR
AVLP047,6,cb_intrinsic,,,acetylcholine,,,,AVLP047,AVLP047,,LR
AVLP048,2,cb_intrinsic,,,acetylcholine,,,,AVLP048,AVLP048,,LR
AVLP049,7,cb_intrinsic,,,acetylcholine,,,,AVLP049,AVLP049,,LR
AVLP050,7,cb_intrinsic,,,acetylcholine,,,,AVLP050,AVLP050,,LR
AVLP051,6,cb_intrinsic,,,acetylcholine,,,,AVLP051,AVLP051,,LR
AVLP053,2,cb_intrinsic,,,acetylcholine,,,,AVLP053,AVLP053,,LR
AVLP055,9,cb_intrinsic,,,glutamate,,,,AVLP055,AVLP055,,LR
AVLP059,4,cb_intrinsic,,,glutamate,,,,AVLP059,AVLP059,,LR
AVLP060,7,cb_intrinsic,,,glutamate,,,,AVLP060,AVLP060,,LR
AVLP062,4,cb_intrinsic,,,glutamate,,,,AVLP062,CB2402,,LR
AVLP063,4,cb_intrinsic,,,glutamate,,,,AVLP063,CB2645,,LR
AVLP064,5,cb_intrinsic,,,glutamate,,,,AVLP064,CB1657,,LR
AVLP065,2,cb_intrinsic,,,glutamate,,,,AVLP065,CB3532,,LR
AVLP067,4,cb_intrinsic,,,glutamate,,,,AVLP067,CB2402,,LR
AVLP069_a,4,cb_intrinsic,,,glutamate,,,,AVLP069_a,AVLP069_a,,LR
AVLP069_b,6,cb_intrinsic,,,glutamate,,,,AVLP069_b,AVLP069_b,,LR
AVLP069_c,6,cb_intrinsic,,,glutamate,,,,AVLP069_c,AVLP069_c,,LR
AVLP075,2,cb_intrinsic,,,glutamate,,,,AVLP075,AVLP075,,LR
AVLP076,2,cb_intrinsic,,,gaba,,,,AVLP076,AVLP076,,LR
AVLP077,2,cb_intrinsic,,,gaba,,,,AVLP077,AVLP077,,LR
AVLP078,2,cb_intrinsic,,,glutamate,,,,AVLP078,AVLP078,,LR
AVLP079,2,cb_intrinsic,,,gaba,,,,AVLP079,AVLP079,,LR
AVLP080,2,cb_intrinsic,,,gaba,,,,AVLP080,AVLP080,,LR
AVLP081,2,cb_intrinsic,,,gaba,,,,AVLP081,AVLP081,,LR
AVLP082,2,cb_intrinsic,,,gaba,,,,AVLP082,AVLP082,,LR
AVLP083,1,cb_intrinsic,,,gaba,,,,AVLP083,AVLP083,,R
AVLP084,2,cb_intrinsic,,,gaba,,,,AVLP084,AVLP084,,LR
AVLP085,2,cb_intrinsic,,,gaba,,,,AVLP085,AVLP085,,LR
AVLP086,2,cb_intrinsic,,,gaba,,,,AVLP086,AVLP086,,LR
AVLP087,2,cb_intrinsic,,,glutamate,,,,AVLP087,AVLP087,,LR
AVLP088,2,cb_intrinsic,,,glutamate,,,,AVLP088,AVLP088,,LR
AVLP089,4,cb_intrinsic,,,glutamate,,,,AVLP089,AVLP089,,LR
AVLP090,2,cb_intrinsic,,,gaba,,,,AVLP090,AVLP090,,LR
AVLP091,2,cb_intrinsic,,,gaba,,,,AVLP091,AVLP091,,LR
AVLP093,2,cb_intrinsic,,,gaba,,,,AVLP093,AVLP093,,LR
AVLP094,2,cb_intrinsic,,,gaba,,,,AVLP094,AVLP094,,LR
AVLP095,2,cb_intrinsic,,,gaba,,,,AVLP095,CB3348,,LR
AVLP096,4,cb_intrinsic,,,gaba,sexually dimorphic,,,AVLP096,AVLP096,,LR
AVLP097,2,cb_intrinsic,,,acetylcholine,,,,AVLP097,AVLP097,,LR
AVLP098,2,cb_intrinsic,,,acetylcholine,,,CG,AVLP098,AVLP098,,LR
AVLP099,4,cb_intrinsic,,,acetylcholine,,,CG,AVLP099,AVLP099,,LR
AVLP101,2,cb_intrinsic,,,acetylcholine,,,CG,AVLP101,AVLP101,,LR
AVLP102,2,cb_intrinsic,,,acetylcholine,,,CG,AVLP102,AVLP102,,LR
AVLP103,8,cb_intrinsic,,,acetylcholine,,,,AVLP103,CB1459,,LR
AVLP104,14,cb_intrinsic,,,acetylcholine,,,CG,AVLP104,CB2256,,LR
AVLP105,5,cb_intrinsic,,,acetylcholine,,,CG,AVLP105,AVLP105a,,LR
AVLP107,4,cb_intrinsic,,,acetylcholine,,,CG,AVLP107,AVLP107,,LR
AVLP108,2,cb_intrinsic,,,acetylcholine,,,CG,AVLP108,AVLP108,,LR
AVLP109,6,cb_intrinsic,,,acetylcholine,,,CG,AVLP109,AVLP109,,LR
AVLP110_a,4,cb_intrinsic,,,acetylcholine,,,CG,AVLP110,CB3484,,LR
AVLP110_b,4,cb_intrinsic,,,acetylcholine,,,CG,AVLP110,CB3579,,LR
AVLP111,5,cb_intrinsic,,,acetylcholine,,,CG,AVLP111,"CB2547,CB3651",,LR
AVLP112,4,cb_intrinsic,,,acetylcholine,,,CG,AVLP112,CB3663,,LR
AVLP113,4,cb_intrinsic,,,acetylcholine,,,CG,AVLP113,CB3398,,LR
AVLP115,12,cb_intrinsic,,,acetylcholine,,,CG,AVLP115,CB3099,,LR
AVLP116,4,cb_intrinsic,,,acetylcholine,,,CG,AVLP116,AVLP116,,LR
AVLP117,5,cb_intrinsic,,,acetylcholine,,,,AVLP117,CB2049,,LR
AVLP120,5,cb_intrinsic,,,acetylcholine,,,CG,AVLP120,AVLP120,,LR
AVLP121,6,cb_intrinsic,,,acetylcholine,,,CG,AVLP121,AVLP121,,LR
AVLP124,4,cb_intrinsic,,,acetylcholine,,,CG,AVLP124,CB1780,,LR
AVLP126,11,cb_intrinsic,,,acetylcholine,,,CG,AVLP126,"CB2370,CB1681",,LR
AVLP129,2,cb_intrinsic,,,acetylcholine,,,CG,AVLP129,AVLP129,,LR
AVLP132,2,cb_intrinsic,,,acetylcholine,,,,AVLP132,AVLP132,,LR
AVLP136,4,cb_intrinsic,,,acetylcholine,,,CG,AVLP136,AVLP136,,LR
AVLP137,4,cb_intrinsic,,,acetylcholine,,,CG,AVLP137,CB1889,,LR
AVLP138,5,cb_intrinsic,,,acetylcholine,,,CG,AVLP138,"CB1302,CB1466",,LR
AVLP139,4,cb_intrinsic,,,acetylcholine,,,CG,AVLP139,"CB0189,CB3298",,LR
AVLP140,3,cb_intrinsic,,,acetylcholine,,fru_high,,AVLP140,AVLP140,Cachero 2010: aIP-g; Yu 2010: pIP6,LR
AVLP143,4,cb_intrinsic,,,acetylcholine,,,CG,AVLP143,AVLP143,,LR
AVLP145,11,cb_intrinsic,,,acetylcholine,,,CG,AVLP145,CB2874,,LR
AVLP147,5,cb_intrinsic,,,acetylcholine,,,CG,AVLP147,AVLP147,,LR
AVLP149,12,cb_intrinsic,,,acetylcholine,,,CG,AVLP149,AVLP149,,LR
AVLP152,2,cb_intrinsic,,,acetylcholine,,,,AVLP152,AVLP152,,LR
AVLP153,2,cb_intrinsic,,,acetylcholine,,,,AVLP153,AVLP153,,LR
AVLP154,2,cb_intrinsic,,,acetylcholine,,,,AVLP154,AVLP154,,LR
AVLP155_a,2,cb_intrinsic,,,acetylcholine,,,,AVLP155,AVLP155,,LR
AVLP155_b,2,cb_intrinsic,,,acetylcholine,,,,AVLP155,CB1758,,LR
AVLP156,2,cb_intrinsic,,,acetylcholine,,,,AVLP156,AVLP156,,LR
AVLP157,2,cb_intrinsic,,,acetylcholine,,,,AVLP157,AVLP157,,LR
AVLP158,2,cb_intrinsic,,,acetylcholine,,,,AVLP158,AVLP158,,LR
AVLP159,2,cb_intrinsic,,,acetylcholine,,,,AVLP159,AVLP159,,LR
AVLP160,2,cb_intrinsic,,,acetylcholine,,,,AVLP160,AVLP160,,LR
AVLP161,2,cb_intrinsic,,,acetylcholine,,,,AVLP161,AVLP161,,LR
AVLP162,2,cb_intrinsic,,,acetylcholine,,,,AVLP162,AVLP162,,LR
AVLP163,4,cb_intrinsic,,,acetylcholine,,,,AVLP163,CB3625,,LR
AVLP164,4,cb_intrinsic,,,acetylcholine,,,,AVLP164,AVLP164,,LR
AVLP165,4,cb_intrinsic,,,acetylcholine,,,,AVLP165,AVLP165,,LR
AVLP166,4,cb_intrinsic,,,acetylcholine,,,,AVLP166,CB2777,,LR
AVLP168,6,cb_intrinsic,,,acetylcholine,,,,AVLP168,CB2057,,LR
AVLP169,2,cb_intrinsic,,,acetylcholine,,,,AVLP169,AVLP169,,LR
AVLP170,2,cb_intrinsic,,,acetylcholine,,,,AVLP170,CB2330,,LR
AVLP173,2,cb_intrinsic,,,acetylcholine,,,,AVLP173,CB3977,,LR
AVLP175,2,cb_intrinsic,,,acetylcholine,,,,AVLP175,CB2660,,LR
AVLP176_b,5,cb_intrinsic,,,acetylcholine,,,,AVLP176_b,CB2386,,LR
AVLP176_c,5,cb_intrinsic,,,acetylcholine,,,,AVLP176_c,CB2511,,LR
AVLP176_d,5,cb_intrinsic,,,acetylcholine,,,,AVLP176_d,CB1236,,LR
AVLP177_a,4,cb_intrinsic,,,acetylcholine,,,,AVLP177_a,CB0924,,LR
AVLP178,3,cb_intrinsic,,,acetylcholine,,,,AVLP178,AVLP178,,LR
AVLP179,4,cb_intrinsic,,,acetylcholine,,,,AVLP179,CB2428,,LR
AVLP180,2,cb_intrinsic,,,acetylcholine,,,,AVLP180,AVLP180,,LR
AVLP182,3,cb_intrinsic,,,acetylcholine,,,,AVLP182,AVLP182,,LR
AVLP183,5,cb_intrinsic,,,acetylcholine,,,,AVLP183,"CB2634,CB3521",,LR
AVLP184,2,cb_intrinsic,,,acetylcholine,,,,AVLP184,AVLP184,,LR
AVLP186,4,cb_intrinsic,,,acetylcholine,,,,AVLP186,AVLP186,,LR
AVLP187,9,cb_intrinsic,,,acetylcholine,,,,AVLP187,AVLP187a,,LR
AVLP188,2,cb_intrinsic,,,acetylcholine,,,,AVLP188,CB2057,,LR
AVLP189_a,4,cb_intrinsic,,,acetylcholine,,,,AVLP189_a,AVLP189_a,,LR
AVLP189_b,5,cb_intrinsic,,,acetylcholine,,,,AVLP189_b,AVLP189_b,,LR
AVLP190,4,cb_intrinsic,,,acetylcholine,,,,AVLP190,"AVLP190,AVLP191",,LR
AVLP191,11,cb_intrinsic,,,acetylcholine,,,,AVLP191,"AVLP190,AVLP191",,LR
AVLP192_a,2,cb_intrinsic,,,acetylcholine,,,,AVLP192,AVLP194d,,LR
AVLP192_b,2,cb_intrinsic,,,acetylcholine,,,,AVLP192,AVLP194d,,LR
AVLP193,2,cb_intrinsic,,,acetylcholine,,,,AVLP193,AVLP193,,LR
AVLP194_a,4,cb_intrinsic,,,acetylcholine,,,,AVLP194_a,AVLP194a,,LR
AVLP194_b1,2,cb_intrinsic,,,acetylcholine,,,,AVLP194_b,AVLP194b1,,LR
AVLP194_b2,2,cb_intrinsic,,,acetylcholine,,,,AVLP194_b,AVLP194b2,,LR
AVLP194_c1,2,cb_intrinsic,,,acetylcholine,,,,AVLP194_c,AVLP194c1,,LR
AVLP194_c2,2,cb_intrinsic,,,acetylcholine,,,,AVLP194_c,AVLP194c2,,LR
AVLP194_c3,2,cb_intrinsic,,,acetylcholine,,,,AVLP194_c,AVLP194c2,,LR
AVLP195,4,cb_intrinsic,,,acetylcholine,,,,AVLP195,AVLP195,,LR
AVLP197,2,cb_intrinsic,,,acetylcholine,,,,AVLP197,CB1616,,LR
AVLP198,5,cb_intrinsic,,,acetylcholine,,,,AVLP198,CB3000,,LR
AVLP199,8,cb_intrinsic,,,acetylcholine,,,,,CB1256,,LR
AVLP200,2,cb_intrinsic,,,gaba,,,,AVLP200,AVLP200,,LR
AVLP201,2,cb_intrinsic,,,gaba,,,,AVLP201,AVLP201,,LR
AVLP202,2,cb_intrinsic,,,gaba,,,,AVLP202,AVLP202,,LR
AVLP203_a,2,cb_intrinsic,,,gaba,,,,AVLP203,CB3411,,LR
AVLP203_b,2,cb_intrinsic,,,gaba,,,,AVLP203,CB2426,,LR
AVLP203_c,2,cb_intrinsic,,,gaba,,,,AVLP203,AVLP203,,LR
AVLP204,4,cb_intrinsic,,,gaba,,fru_high,,AVLP204,CB3685,Cachero 2010: aIP-a,LR
AVLP205,3,cb_intrinsic,,,gaba,,fru_low,,AVLP205,AVLP205a,,LR
AVLP209,2,cb_intrinsic,,,gaba,,,,AVLP209,AVLP209,,LR
AVLP210,2,cb_intrinsic,,,acetylcholine,,,,AVLP210,AVLP210,,LR
AVLP211,2,cb_intrinsic,,,acetylcholine,,,,AVLP211,AVLP211,,LR
AVLP212,2,cb_intrinsic,,,acetylcholine,,,,AVLP212,AVLP212,,LR
AVLP213,2,cb_intrinsic,,,gaba,,,,AVLP213,AVLP213,,LR
AVLP214,2,cb_intrinsic,,,acetylcholine,,,,AVLP214,AVLP214,,LR
AVLP215,2,cb_intrinsic,,,gaba,,,,AVLP215,AVLP215,,LR
AVLP216,2,cb_intrinsic,,,gaba,,,,AVLP216,AVLP216,,LR
AVLP217,2,cb_intrinsic,,,acetylcholine,,,,AVLP217,AVLP217,,LR
AVLP218_a,2,cb_intrinsic,,,acetylcholine,,,,AVLP218,AVLP218a,,LR
AVLP218_b,4,cb_intrinsic,,,acetylcholine,,,,AVLP218,AVLP218b,,LR
AVLP219_a,4,cb_intrinsic,,,acetylcholine,,,,AVLP219,AVLP219a,,LR
AVLP219_b,4,cb_intrinsic,,,acetylcholine,,,,AVLP219,AVLP219b,,LR
AVLP219_c,6,cb_intrinsic,,,acetylcholine,,,,AVLP219,AVLP219c,,LR
AVLP220,4,cb_intrinsic,,,acetylcholine,,,,AVLP220,AVLP220,,LR
AVLP221,2,cb_intrinsic,,,acetylcholine,,,,AVLP221,CB0245,,LR
AVLP222,2,cb_intrinsic,,,acetylcholine,,,,AVLP222,AVLP222,,LR
AVLP224_a,6,cb_intrinsic,,,acetylcholine,,,,AVLP224_a,AVLP224_a,,LR
AVLP224_b,2,cb_intrinsic,,,acetylcholine,,,,AVLP224_b,CB0930,,LR
AVLP225_a,2,cb_intrinsic,,,acetylcholine,,,,AVLP225_a,CB3287a,,LR
AVLP225_b1,4,cb_intrinsic,,,acetylcholine,,,,AVLP225_b,CB2574,,LR
AVLP225_b2,4,cb_intrinsic,,,acetylcholine,,,,AVLP225_b,CB2574,,LR
AVLP225_b3,3,cb_intrinsic,,,acetylcholine,,,,AVLP225_b,CB1573,,LR
AVLP227,4,cb_intrinsic,,,acetylcholine,,,,AVLP227,AVLP227,,LR
AVLP229,6,cb_intrinsic,,,acetylcholine,,fru_low,,AVLP229,AVLP229,Cachero 2010: aIP-c; Yu 2010: aIP1/aIP4/aSP10,LR
AVLP230,6,cb_intrinsic,,,acetylcholine,,,,AVLP230,AVLP230,,LR
AVLP231,5,cb_intrinsic,,,acetylcholine,,,,AVLP231,CB3337,,LR
AVLP232,12,cb_intrinsic,,,acetylcholine,,,,AVLP232,AVLP232,,LR
AVLP234,4,cb_intrinsic,,,acetylcholine,,fru_low,,AVLP234,AVLP234,,LR
AVLP235,6,cb_intrinsic,,,acetylcholine,,,,AVLP235,AVLP235,,LR
AVLP243,4,cb_intrinsic,,,acetylcholine,,fru_low,,AVLP243,AVLP243,,LR
AVLP244,6,cb_intrinsic,,,acetylcholine,,fru_high,,AVLP244,AVLP244,,LR
AVLP250,4,cb_intrinsic,,,acetylcholine,,,,AVLP250,CB0340,,LR
AVLP251,2,cb_intrinsic,,,gaba,,,,AVLP251,AVLP251,,LR
AVLP252,2,cb_intrinsic,,,gaba,,,,AVLP252,AVLP252,,LR
AVLP253,2,cb_intrinsic,,,gaba,,,,AVLP253,"AVLP253,AVLP254",,LR
AVLP254,2,cb_intrinsic,,,gaba,,,,AVLP254,"AVLP253,AVLP254",,LR
AVLP255,2,cb_intrinsic,,,gaba,,,,AVLP255,AVLP255,,LR
AVLP256,6,cb_intrinsic,,,gaba,sexually dimorphic,,,AVLP256,AVLP256,,LR
AVLP257,2,cb_intrinsic,,,acetylcholine,,,,AVLP257,AVLP257,,LR
AVLP258,2,cb_intrinsic,,,acetylcholine,,,,AVLP258,AVLP258,,LR
AVLP259,4,cb_intrinsic,,,acetylcholine,,,,AVLP259,AVLP259,,LR
AVLP260,2,cb_intrinsic,,,acetylcholine,,,,AVLP260,AVLP260,,LR
AVLP261_a,6,cb_intrinsic,,,acetylcholine,,,,AVLP261,CB1112,,LR
AVLP261_b,2,cb_intrinsic,,,acetylcholine,,,,AVLP261,CB3641,,LR
AVLP262,4,cb_intrinsic,,,acetylcholine,,,,AVLP262,CB2488,,LR
AVLP263,2,cb_intrinsic,,,acetylcholine,,,,AVLP263,AVLP263,,LR
AVLP264,4,cb_intrinsic,,,acetylcholine,,,,AVLP264,CB1111,,LR
AVLP265,8,cb_intrinsic,,,acetylcholine,,,,AVLP265,AVLP265a,,LR
AVLP266,2,cb_intrinsic,,,acetylcholine,,,,AVLP266,AVLP266,,LR
AVLP267,2,cb_intrinsic,,,acetylcholine,,,,AVLP267,AVLP267,,LR
AVLP268,2,cb_intrinsic,,,acetylcholine,,,,AVLP268,AVLP268,,LR
AVLP269_a,6,cb_intrinsic,,,acetylcholine,,,,AVLP269,AVLP269_a,,LR
AVLP269_b,4,cb_intrinsic,,,acetylcholine,,,,AVLP269,CB4164,,LR
AVLP271,4,cb_intrinsic,,,acetylcholine,,,,AVLP271,CB4164,,LR
AVLP274_a,4,cb_intrinsic,,,acetylcholine,,,,AVLP274,CB3176b,,LR
AVLP274_b,2,cb_intrinsic,,,acetylcholine,,,,AVLP274,CB2866,,LR
AVLP277,2,cb_intrinsic,,,acetylcholine,,,,AVLP277,CB2633,,LR
AVLP279,13,cb_intrinsic,,,acetylcholine,,,,AVLP279,CB1738,,LR
AVLP280,2,cb_intrinsic,,,acetylcholine,,,,AVLP280,AVLP280,,LR
AVLP281,2,cb_intrinsic,,,acetylcholine,,,,AVLP281,AVLP281,,LR
AVLP282,4,cb_intrinsic,,,acetylcholine,,,,AVLP282,AVLP282,,LR
AVLP283,5,cb_intrinsic,,,acetylcholine,,,,AVLP283,AVLP283,,LR
AVLP284,3,cb_intrinsic,,,acetylcholine,,,,AVLP284,AVLP284,,LR
AVLP285,4,cb_intrinsic,,,acetylcholine,,,,AVLP285,CB4166,,LR
AVLP287,3,cb_intrinsic,,,acetylcholine,,,,AVLP287,AVLP287,,LR
AVLP288,4,cb_intrinsic,,,acetylcholine,,fru_low,,AVLP288,AVLP288,Cachero 2010: aIP-b,LR
AVLP289,2,cb_intrinsic,,,acetylcholine,,,,AVLP289,AVLP289,,LR
AVLP290_a,2,cb_intrinsic,,,acetylcholine,,,,AVLP290,AVLP290a,,LR
AVLP290_b,4,cb_intrinsic,,,acetylcholine,,,,AVLP290,AVLP290b,,LR
AVLP292,5,cb_intrinsic,,,acetylcholine,,,,AVLP292,AVLP292,,LR
AVLP293,4,cb_intrinsic,,,acetylcholine,,fru_low,,AVLP293,AVLP293,Cachero 2010: aIP-b,LR
AVLP294,4,cb_intrinsic,,,acetylcholine,,,,AVLP294,AVLP294,,LR
AVLP295,6,cb_intrinsic,,,acetylcholine,,,,AVLP295,AVLP295,,LR
AVLP296_a,2,cb_intrinsic,,,acetylcholine,,,,AVLP296,AVLP300_a,,LR
AVLP296_b,2,cb_intrinsic,,,acetylcholine,,fru_low,,AVLP296,CB3675,Cachero 2010: aIP-b,LR
AVLP297,8,cb_intrinsic,,,acetylcholine,potentially sexually dimorphic,fru_low,,AVLP297,AVLP297,Cachero 2010: aIP-b,LR
AVLP298,3,cb_intrinsic,,,acetylcholine,,,,AVLP298,AVLP298,,LR
AVLP299_a,2,cb_intrinsic,,,acetylcholine,sexually dimorphic,fru_high,,AVLP299_a,AVLP299_a,Cachero 2010: aIP-b,LR
AVLP299_b,6,cb_intrinsic,,,acetylcholine,,fru_high,,AVLP299_b,AVLP299_b,Cachero 2010: aIP-b,LR
AVLP299_c,3,cb_intrinsic,,,acetylcholine,sexually dimorphic,fru_high,,AVLP299_c,AVLP299_a,Cachero 2010: aIP-b,LR
AVLP299_d,5,cb_intrinsic,,,acetylcholine,sexually dimorphic,fru_high,,AVLP299,AVLP299_c,Cachero 2010: aIP-b,LR
AVLP300_a,4,cb_intrinsic,,,acetylcholine,,fru_low,,AVLP300_a,AVLP300_a,Cachero 2010: aIP-b,LR
AVLP300_b,4,cb_intrinsic,,,acetylcholine,,,,AVLP300_b,AVLP300_b,,LR
AVLP302,4,cb_intrinsic,,,acetylcholine,,,,AVLP302,CB3927,,LR
AVLP303,5,cb_intrinsic,,,acetylcholine,,,,AVLP303,AVLP303,,LR
AVLP304,2,cb_intrinsic,,,acetylcholine,,,,AVLP304,AVLP304,,LR
AVLP305,4,cb_intrinsic,,,acetylcholine,,,,AVLP305,AVLP305,,LR
AVLP306,5,cb_intrinsic,,,acetylcholine,,fru_low,,AVLP306,AVLP306,Cachero 2010: aIP-b,LR
AVLP308,4,cb_intrinsic,,,acetylcholine,,,,AVLP308,AVLP308,,LR
AVLP309,6,cb_intrinsic,,,acetylcholine,,,,AVLP309,AVLP309b,,LR
AVLP310,7,cb_intrinsic,,,acetylcholine,,fru_low,,AVLP310,AVLP310a,Cachero 2010: aIP-b,LR
AVLP311_a1,4,cb_intrinsic,,,acetylcholine,,,,AVLP311_a,CB4236,,LR
AVLP311_a2,6,cb_intrinsic,,,acetylcholine,,,,AVLP311_a,CB1906,,LR
AVLP311_b1,4,cb_intrinsic,,,acetylcholine,,,,AVLP311_b,CB2171,,LR
AVLP311_b2,2,cb_intrinsic,,,acetylcholine,,fru_low,,AVLP311_b,CB3368,Cachero 2010: aIP-b,LR
AVLP312,8,cb_intrinsic,,,acetylcholine,,,,AVLP312,AVLP312a,,LR
AVLP314,2,cb_intrinsic,,,acetylcholine,,,,AVLP314,AVLP314,,LR
AVLP315,2,cb_intrinsic,,,acetylcholine,,,,AVLP315,AVLP315,,LR
AVLP316,6,cb_intrinsic,,,acetylcholine,sexually dimorphic,fru_high,,AVLP316,AVLP316,Cachero 2010: aIP-g; Yu 2010: pIP6,LR
AVLP317,2,cb_intrinsic,,,acetylcholine,,,CG,AVLP317,AVLP317,,LR
AVLP318,2,cb_intrinsic,,,acetylcholine,,,CG,AVLP318,CB1569,,LR
AVLP320_a,2,cb_intrinsic,,,acetylcholine,,,,AVLP320,CB3525,,LR
AVLP320_b,2,cb_intrinsic,,,acetylcholine,,,,AVLP320,CB3456,,LR
AVLP321,2,cb_intrinsic,,,acetylcholine,,,,AVLP321,CB0475,,LR
AVLP322,2,cb_intrinsic,,,acetylcholine,,fru_high,,AVLP322,AVLP322,Cachero 2010: aIP-g; Yu 2010: pIP6,LR
AVLP323,4,cb_intrinsic,,,acetylcholine,,,CG,AVLP323,AVLP323,,LR
AVLP325_a,4,cb_intrinsic,,,acetylcholine,,,,AVLP325_a,CB2635,,LR
AVLP325_b,5,cb_intrinsic,,,acetylcholine,,,,AVLP325_b,CB0222,,LR
AVLP329,4,cb_intrinsic,,,acetylcholine,,,,AVLP329,CB2100,,LR
AVLP330,2,cb_intrinsic,,,acetylcholine,,,,AVLP330,AVLP330,,LR
AVLP331a,2,cb_intrinsic,,,acetylcholine,,,,AVLP331,CB2971,,LR
AVLP332,2,cb_intrinsic,,,acetylcholine,,,,AVLP332,CB2100,,LR
AVLP333,4,cb_intrinsic,,,acetylcholine,,,,AVLP333,"CB1993,CB4053",,LR
AVLP334,5,cb_intrinsic,,,acetylcholine,,,,AVLP334,CB3518,,LR
AVLP337,5,cb_intrinsic,,,acetylcholine,,,,AVLP337,"CB1315,CB1360",,LR
AVLP338,4,cb_intrinsic,,,acetylcholine,,fru_low,,AVLP338,CB3382,Cachero 2010: aIP-g; Yu 2010: pIP6,LR
AVLP339,2,cb_intrinsic,,,acetylcholine,,,CG,AVLP339,AVLP339,,LR
AVLP340,2,cb_intrinsic,,,acetylcholine,,,,AVLP340,AVLP340,,LR
AVLP341,2,cb_intrinsic,,,acetylcholine,,,,AVLP341,CB2181,,LR
AVLP342,2,cb_intrinsic,,,acetylcholine,,,,AVLP342,AVLP342,,LR
AVLP343,2,cb_intrinsic,,,glutamate,,,,AVLP343,CB3960,,LR
AVLP344,4,cb_intrinsic,,,acetylcholine,,,,AVLP344,CB3934,,LR
AVLP345_a,4,cb_intrinsic,,,acetylcholine,,,,AVLP345,AVLP345,,LR
AVLP345_b,1,cb_intrinsic,,,acetylcholine,,,,AVLP345,CB3178,,L
AVLP346,6,cb_intrinsic,,,acetylcholine,,,,AVLP346,"(AVLP346,AVLP348)a",,LR
AVLP347,4,cb_intrinsic,,,acetylcholine,,,,AVLP347,AVLP347,,LR
AVLP348,4,cb_intrinsic,,,acetylcholine,,,,AVLP348,AVLP348,,LR
AVLP349,8,cb_intrinsic,,,acetylcholine,,,,AVLP349,CB2186,,LR
AVLP352,4,cb_intrinsic,,,acetylcholine,,,,AVLP352,CB3708,,LR
AVLP353,5,cb_intrinsic,,,acetylcholine,,,,AVLP353,CB2202,,LR
AVLP354,4,cb_intrinsic,,,acetylcholine,,,,AVLP354,CB3425,,LR
AVLP357,3,cb_intrinsic,,,acetylcholine,,,,AVLP357,CB2407,,LR
AVLP363,3,cb_intrinsic,,,acetylcholine,,,,AVLP363,AVLP363,,LR
AVLP365,4,cb_intrinsic,,,acetylcholine,,,,AVLP365,CB2350,,LR
AVLP369,2,cb_intrinsic,,,acetylcholine,,,,AVLP369,AVLP369,,LR
AVLP370_a,2,cb_intrinsic,,,acetylcholine,,,,AVLP370,AVLP370a,,LR
AVLP370_b,2,cb_intrinsic,,,acetylcholine,sexually dimorphic,,,AVLP370,AVLP370b,,LR
AVLP371,2,cb_intrinsic,,,acetylcholine,,,,AVLP371,AVLP371,,LR
AVLP372,4,cb_intrinsic,,,acetylcholine,,,,AVLP372,CB1839,,LR
AVLP373,2,cb_intrinsic,,,acetylcholine,,,,AVLP373,AVLP373,,LR
AVLP374,4,cb_intrinsic,,,acetylcholine,,,,AVLP374,CB2170,,LR
AVLP377,18,cb_intrinsic,,,acetylcholine,,,,AVLP377,CB0955,,LR
AVLP378,4,cb_intrinsic,,,acetylcholine,,,,AVLP378,CB3370,,LR
AVLP379,4,cb_intrinsic,,,acetylcholine,,,,AVLP379,CB0927,,LR
AVLP380,4,cb_intrinsic,,,acetylcholine,,,,AVLP380,AVLP380,,LR
AVLP381,2,cb_intrinsic,,,acetylcholine,,,,AVLP381,AVLP381,,LR
AVLP385,10,cb_intrinsic,,,acetylcholine,,,,AVLP385,CB3366,,LR
AVLP387,10,cb_intrinsic,,,acetylcholine,,,,AVLP387,CB3029,,LR
AVLP390,4,cb_intrinsic,,,acetylcholine,,,,AVLP390,AVLP390,,LR
AVLP393,2,cb_intrinsic,,,gaba,,,,AVLP393,"AVLP393,AVLP395",,LR
AVLP394,6,cb_intrinsic,,,gaba,,,,AVLP394,AVLP394,,LR
AVLP395,2,cb_intrinsic,,,gaba,,,,AVLP395,"AVLP393,AVLP395",,LR
AVLP396,2,cb_intrinsic,,,acetylcholine,,,,AVLP396,AVLP396,,LR
AVLP397,2,cb_intrinsic,,,acetylcholine,,,,AVLP397,AVLP397,,LR
AVLP398,2,cb_intrinsic,,,acetylcholine,,,,AVLP398,AVLP398,,LR
AVLP399,2,cb_intrinsic,,,acetylcholine,,,,AVLP399,AVLP399,,LR
AVLP400,4,cb_intrinsic,,,acetylcholine,,,,AVLP400,CB2099,,LR
AVLP401,8,cb_intrinsic,,,acetylcholine,,,,AVLP401,CB1605,,LR
AVLP402,2,cb_intrinsic,,,acetylcholine,,,,AVLP402,AVLP402,,LR
AVLP403,3,cb_intrinsic,,,acetylcholine,,,,AVLP403,CB3613,,LR
AVLP404,2,cb_intrinsic,,,acetylcholine,,,,AVLP404,CB3436,,LR
AVLP405,4,cb_intrinsic,,,acetylcholine,,,,AVLP405,CB3567,,LR
AVLP407,4,cb_intrinsic,,,acetylcholine,,,,AVLP407,CB2167,,LR
AVLP409,4,cb_intrinsic,,,acetylcholine,,,,AVLP409,AVLP409,,LR
AVLP410,6,cb_intrinsic,,,acetylcholine,,,,AVLP410,CB2008,,LR
AVLP411,3,cb_intrinsic,,,acetylcholine,,,,AVLP411,AVLP411,,LR
AVLP412,4,cb_intrinsic,,,acetylcholine,,fru_low,,AVLP412,"CB1221,CB3628",Cachero 2010: aIP-b,LR
AVLP413,2,cb_intrinsic,,,acetylcholine,,fru_low,,AVLP413,"CB1221,CB3628",Cachero 2010: aIP-b,LR
AVLP415,2,cb_intrinsic,,,acetylcholine,,fru_low,,AVLP415,CB1193,Cachero 2010: aIP-b,LR
AVLP417,4,cb_intrinsic,,,acetylcholine,,,,"AVLP417,AVLP438","AVLP417,AVLP438",,LR
AVLP418,2,cb_intrinsic,,,acetylcholine,,,,AVLP418,AVLP418,,LR
AVLP419,1,cb_intrinsic,,,gaba,,,,AVLP419,AVLP419b,,R
AVLP419_a,2,cb_intrinsic,,,gaba,,,,AVLP419,AVLP419a,,LR
AVLP419_b,2,cb_intrinsic,,,gaba,,,,AVLP419,AVLP419b,,LR
AVLP420_a,4,cb_intrinsic,,,gaba,,,,AVLP420_a,"AVLP420_a,AVLP427",,LR
AVLP420_b,4,cb_intrinsic,,,gaba,,,,AVLP420_b,AVLP420_b,,LR
AVLP421,5,cb_intrinsic,,,gaba,,,,AVLP421,AVLP421,,LR
AVLP422,4,cb_intrinsic,,,gaba,,,,AVLP422,CB3186,,LR
AVLP423,7,cb_intrinsic,,,gaba,,,,AVLP423,AVLP423,,LR
AVLP424,2,cb_intrinsic,,,gaba,,,,AVLP424,CB1682,,LR
AVLP427,1,cb_intrinsic,,,gaba,,,,AVLP427,"AVLP420_a,AVLP427",,R
AVLP428,2,cb_intrinsic,,,glutamate,,,,AVLP428,AVLP428,,LR
AVLP429,2,cb_intrinsic,,,acetylcholine,,,,AVLP429,AVLP429,,LR
AVLP430,2,cb_intrinsic,,,acetylcholine,,,,AVLP430,AVLP430,,LR
AVLP431,2,cb_intrinsic,,,acetylcholine,,,,AVLP431,CB3700,,LR
AVLP432,2,cb_intrinsic,,,acetylcholine,,,,AVLP432,AVLP432,,LR
AVLP433_a,2,cb_intrinsic,,,acetylcholine,,,,AVLP433_a,AVLP433_a,,LR
AVLP433_b,2,cb_intrinsic,,,acetylcholine,,,,AVLP433_b,AVLP433_b,,LR
AVLP434_a,2,cb_intrinsic,,,acetylcholine,,,,AVLP434_a,AVLP434_a,,LR
AVLP434_b,2,cb_intrinsic,,,acetylcholine,,,,AVLP434_b,AVLP434_b,,LR
AVLP435_a,2,cb_intrinsic,,,acetylcholine,,,,AVLP435,AVLP435a,,LR
AVLP435_b,2,cb_intrinsic,,,acetylcholine,,,,AVLP435,AVLP435b,,LR
AVLP436,4,cb_intrinsic,,,acetylcholine,,,,AVLP436,AVLP436,,LR
AVLP437,2,cb_intrinsic,,,acetylcholine,,,,AVLP437,AVLP437,,LR
AVLP439,2,cb_intrinsic,,,acetylcholine,,,,AVLP439,AVLP439,,LR
AVLP440,1,cb_intrinsic,,,acetylcholine,,,,AVLP440,,,L
AVLP442,2,cb_intrinsic,,,acetylcholine,,,,AVLP442,AVLP442,,LR
AVLP443,2,cb_intrinsic,,,acetylcholine,,,,AVLP443,AVLP443,,LR
AVLP444,4,cb_intrinsic,,,acetylcholine,,,,AVLP444,AVLP444,,LR
AVLP445,2,cb_intrinsic,,,acetylcholine,,,DC,AVLP445,AVLP445,,LR
AVLP446,2,cb_intrinsic,,,gaba,,,,AVLP446,AVLP446,,LR
AVLP447,2,cb_intrinsic,,,gaba,,,,AVLP447,AVLP447,,LR
AVLP448,2,cb_intrinsic,,,acetylcholine,,,,AVLP448,AVLP448,,LR
AVLP449,2,cb_intrinsic,,,gaba,,,,AVLP449,AVLP449,,LR
AVLP451,8,cb_intrinsic,,,acetylcholine,,,,AVLP451,AVLP451b,,LR
AVLP452,4,cb_intrinsic,,,acetylcholine,,,,AVLP452,CB1498,,LR
AVLP454_a1,4,cb_intrinsic,,,acetylcholine,,,,AVLP454_a,AVLP454_a,,LR
AVLP454_a2,2,cb_intrinsic,,,acetylcholine,,,,AVLP454_a,AVLP454_a,,LR
AVLP454_a3,2,cb_intrinsic,,,acetylcholine,,,,AVLP454_a,AVLP454_a,,LR
AVLP454_b1,2,cb_intrinsic,,,acetylcholine,,,,AVLP454_b,AVLP454_b,,LR
AVLP454_b2,2,cb_intrinsic,,,acetylcholine,,,,AVLP454_b,AVLP454_b,,LR
AVLP454_b3,2,cb_intrinsic,,,acetylcholine,,,,AVLP454_b,AVLP454_a,,LR
AVLP454_b4,2,cb_intrinsic,,,acetylcholine,,,,AVLP454_b,AVLP454_b,,LR
AVLP454_b5,2,cb_intrinsic,,,acetylcholine,,,,AVLP454_b,AVLP454_b,,LR
AVLP454_b6,2,cb_intrinsic,,,acetylcholine,,,,AVLP454_b,AVLP454_b,,LR
AVLP455,3,cb_intrinsic,,,acetylcholine,,,,AVLP455,AVLP455,,LR
AVLP457,2,cb_intrinsic,,,acetylcholine,,,,AVLP457,AVLP457,,LR
AVLP459,2,cb_intrinsic,,,acetylcholine,,,,AVLP459,AVLP459,,LR
AVLP460,2,cb_intrinsic,,,gaba,,,,AVLP460,AVLP460b,,LR
AVLP461,6,cb_intrinsic,,,gaba,,,,AVLP461,CB4160,,LR
AVLP462,8,cb_intrinsic,,,gaba,,,,AVLP462,AVLP462a,,LR
AVLP463,8,cb_intrinsic,,,gaba,,,,AVLP463,CB1472,,LR
AVLP464,2,cb_intrinsic,,,gaba,,,,AVLP464,AVLP464,,LR
AVLP465,16,cb_intrinsic,,,gaba,,,,AVLP465,AVLP465a,,LR
AVLP469,9,cb_intrinsic,,,gaba,,,,AVLP469,AVLP469,,LR
AVLP470_a,2,cb_intrinsic,,,acetylcholine,,,,AVLP470,AVLP470a,,LR
AVLP470_b,2,cb_intrinsic,,,acetylcholine,,,,AVLP470,AVLP470b,,LR
AVLP471,4,cb_intrinsic,,,glutamate,,,,AVLP471,AVLP471,,LR
AVLP473,2,cb_intrinsic,,,acetylcholine,,,CG,AVLP473,AVLP473,,LR
AVLP474,2,cb_intrinsic,,,gaba,,,,AVLP474,AVLP474,,LR
AVLP475_a,2,cb_intrinsic,,,glutamate,,,,AVLP475,AVLP475a,,LR
AVLP475_b,2,cb_intrinsic,,,glutamate,,,,AVLP475,AVLP475b,,LR
AVLP476,2,cb_intrinsic,,,dopamine,,,,AVLP476,AVLP476,,LR
AVLP477,2,cb_intrinsic,,,acetylcholine,,,,AVLP477,AVLP477,,LR
AVLP478,2,cb_intrinsic,,,gaba,,,,AVLP478,AVLP478,,LR
AVLP479,4,cb_intrinsic,,,gaba,,,,AVLP479,AVLP479,,LR
AVLP480,8,cb_intrinsic,,,gaba,,fru_high,,AVLP480,"CB1395,CB2334",Cachero 2010: pIP-c; Yu 2010: pIP7,LR
AVLP481,8,cb_intrinsic,,,gaba,,,,AVLP481,"CB1107,CB1380",,LR
AVLP483,2,cb_intrinsic,,,unclear,,,,AVLP483,CB2260,,LR
AVLP484,2,cb_intrinsic,,,unclear,,,,AVLP484,CB1660,,LR
AVLP485,4,cb_intrinsic,,,unclear,,,,AVLP485,CB1660,,LR
AVLP486,9,cb_intrinsic,,,gaba,,,,AVLP486,AVLP486,,LR
AVLP487,2,cb_intrinsic,,,gaba,,,,AVLP487,AVLP487,,LR
AVLP488,4,cb_intrinsic,,,acetylcholine,,,,AVLP488,AVLP488,,LR
AVLP489,4,cb_intrinsic,,,acetylcholine,,,,AVLP489,AVLP489,,LR
AVLP490,4,cb_intrinsic,,,gaba,,,,AVLP490,AVLP490,,LR
AVLP491,2,cb_intrinsic,,,acetylcholine,,,,AVLP491,AVLP491,,LR
AVLP492,4,cb_intrinsic,,,acetylcholine,,,,AVLP492,AVLP492,,LR
AVLP494,6,cb_intrinsic,,,acetylcholine,,fru_high,,AVLP494,AVLP494,,LR
AVLP496,7,cb_intrinsic,,,acetylcholine,,,,AVLP496,AVLP496b,,LR
AVLP497,2,cb_intrinsic,,,acetylcholine,,,,AVLP497,AVLP497,,LR
AVLP498,2,cb_intrinsic,,,acetylcholine,,,,AVLP498,AVLP498,,LR
AVLP500,2,cb_intrinsic,,,acetylcholine,,,,AVLP500,AVLP500,,LR
AVLP501,2,cb_intrinsic,,,acetylcholine,,,,AVLP501,AVLP501,,LR
AVLP502,2,cb_intrinsic,,,acetylcholine,,,,AVLP502,AVLP502,,LR
AVLP503,2,cb_intrinsic,,,acetylcholine,,,,AVLP503,AVLP503,,LR
AVLP504,2,cb_intrinsic,,,acetylcholine,,,,AVLP504,AVLP504,,LR
AVLP505,2,cb_intrinsic,,,acetylcholine,,,,AVLP505,AVLP505,,LR
AVLP506,2,cb_intrinsic,,,acetylcholine,,,,AVLP506,AVLP506,,LR
AVLP507,2,cb_intrinsic,,,acetylcholine,,,,AVLP507,AVLP507,,LR
AVLP508,2,cb_intrinsic,,,acetylcholine,,,,AVLP508,AVLP508,,LR
AVLP509,2,cb_intrinsic,,,acetylcholine,,,,AVLP509,AVLP509,,LR
AVLP511,2,cb_intrinsic,,,acetylcholine,,,,AVLP511,CB3390,,LR
AVLP517,4,cb_intrinsic,,,acetylcholine,,,,AVLP517,AVLP517,,LR
AVLP519,7,cb_intrinsic,,,acetylcholine,,,,AVLP519,AVLP519b,,LR
AVLP520,2,cb_intrinsic,,,acetylcholine,,,,AVLP520,AVLP520,,LR
AVLP521,6,cb_intrinsic,,,acetylcholine,,,CG,AVLP521,CL270b,,LR
AVLP522,2,cb_intrinsic,,,acetylcholine,,,CG,AVLP522,AVLP522,,LR
AVLP523,6,cb_intrinsic,,,acetylcholine,,,CG,AVLP523,AVLP523,,LR
AVLP524_b,6,cb_intrinsic,,,acetylcholine,,,CG,AVLP524_b,CB1995,,LR
AVLP525,6,cb_intrinsic,,,acetylcholine,,,CG,"AVLP525,CL277",CB1543,,LR
AVLP526,8,cb_intrinsic,,,acetylcholine,,,CG,AVLP526,CB1552,,LR
AVLP527,5,cb_intrinsic,,,acetylcholine,,,CG,AVLP527,"CB3487,CB3535",,LR
AVLP529,2,cb_intrinsic,,,acetylcholine,,,CG,AVLP529,CB1842,,LR
AVLP530,4,cb_intrinsic,,,acetylcholine,,,CG,"AVLP530,AVLP561","AVLP530,AVLP561",,LR
AVLP531,2,cb_intrinsic,,,gaba,,,,AVLP531,AVLP531,,LR
AVLP532,2,cb_intrinsic,,,unclear,,,,AVLP532,AVLP532,,LR
AVLP533,2,cb_intrinsic,,,gaba,,,,AVLP533,AVLP533,,LR
AVLP534,2,cb_intrinsic,,,acetylcholine,,,,AVLP534,AVLP534,,LR
AVLP535,2,cb_intrinsic,,,gaba,,,,AVLP535,AVLP535,,LR
AVLP536,2,cb_intrinsic,,,glutamate,,,,AVLP536,AVLP536,,LR
AVLP537,2,cb_intrinsic,,,glutamate,,,,AVLP537,AVLP537,,LR
AVLP538,2,cb_intrinsic,,,unclear,,,,AVLP538,AVLP538,,LR
AVLP539,2,cb_intrinsic,,,glutamate,,,,AVLP539,5-HTPLP01,,LR
AVLP541,10,cb_intrinsic,,,glutamate,,,,AVLP541,AVLP541a,,LR
AVLP542,2,cb_intrinsic,,,gaba,,,,AVLP542,AVLP542,,LR
AVLP543,2,cb_intrinsic,,,acetylcholine,,,,AVLP543,AVLP543,,LR
AVLP544,2,cb_intrinsic,,,gaba,,,,AVLP544,AVLP544,,LR
AVLP545,2,cb_intrinsic,,,glutamate,,,,AVLP545,AVLP547a,,LR
AVLP546,2,cb_intrinsic,,,glutamate,,,,AVLP546,AVLP546,,LR
AVLP547,2,cb_intrinsic,,,glutamate,,,,AVLP547,AVLP547b,,LR
AVLP548_a,4,cb_intrinsic,,,unclear,,,,AVLP548_a,CB3858b,,LR
AVLP548_b,3,cb_intrinsic,,,unclear,,,,AVLP548_b,AVLP548_b,,LR
AVLP548_c,4,cb_intrinsic,,,unclear,,,,AVLP548_c,CB3858a,,LR
AVLP548_d,4,cb_intrinsic,,,glutamate,,,,AVLP548_d,AVLP548_d,,LR
AVLP548_e,4,cb_intrinsic,,,glutamate,,,,AVLP548_e,AVLP548_e,,LR
AVLP548_f1,2,cb_intrinsic,,,glutamate,,,,AVLP548_f,AVLP548_f,,LR
AVLP548_f2,2,cb_intrinsic,,,glutamate,,,,AVLP548_f,AVLP548_f,,LR
AVLP548_g1,2,cb_intrinsic,,,unclear,,,,AVLP548_g,CB2287,,LR
AVLP548_g2,2,cb_intrinsic,,,unclear,,,,AVLP548_g,CB3858b,,LR
AVLP549,5,cb_intrinsic,,,glutamate,,,,AVLP549,CB2829,,LR
AVLP550_a,4,cb_intrinsic,,,glutamate,,,,AVLP550,AVLP550a,,LR
AVLP550_b,5,cb_intrinsic,,,glutamate,,,,AVLP550,AVLP550b,,LR
AVLP550b,6,cb_intrinsic,,,glutamate,,,,AVLP550,AVLP550b,,LR
AVLP551,6,cb_intrinsic,,,glutamate,,,,AVLP551,"CB3859,CB3861",,LR
AVLP552,2,cb_intrinsic,,,glutamate,,,,AVLP552,"CB3859,CB3861",,LR
AVLP555,3,cb_intrinsic,,,glutamate,,,,AVLP555,AVLP555,,LR
AVLP557,4,cb_intrinsic,,,glutamate,,,,AVLP557,AVLP557,,LR
AVLP558,6,cb_intrinsic,,,glutamate,,,,AVLP558,AVLP558,,LR
AVLP559,8,cb_intrinsic,,,glutamate,,,,AVLP559,AVLP559,,LR
AVLP560,5,cb_intrinsic,,,acetylcholine,,,,AVLP560,AVLP560,,LR
AVLP562,2,cb_intrinsic,,,acetylcholine,,,CG,AVLP562,AVLP562,,LR
AVLP563,2,cb_intrinsic,,,acetylcholine,,,CG,AVLP563,AVLP563,,LR
AVLP565,2,cb_intrinsic,,,acetylcholine,,,,AVLP565,AVLP565,,LR
AVLP566,4,cb_intrinsic,,,acetylcholine,,,,AVLP566,AVLP566,,LR
AVLP567,4,cb_intrinsic,,,acetylcholine,sexually dimorphic,coexpress_high,,AVLP567,AVLP567,Cachero 2010: pIP-e; Yu 2010: pIP5; Nojima 2021: pC2l,LR
AVLP571,2,cb_intrinsic,,,acetylcholine,,,,AVLP571,AVLP571,,LR
AVLP572,2,cb_intrinsic,,,acetylcholine,,,,AVLP572,AVLP572,,LR
AVLP573,2,cb_intrinsic,,,acetylcholine,,,,AVLP573,AVLP573,,LR
AVLP574,4,cb_intrinsic,,,acetylcholine,,,,AVLP574,AVLP574,,LR
AVLP575,2,cb_intrinsic,,,acetylcholine,,,,AVLP575,AVLP575,,LR
AVLP576,2,cb_intrinsic,,,acetylcholine,,,,AVLP576,AVLP576,,LR
AVLP577,4,cb_intrinsic,,,acetylcholine,,,,AVLP577,AVLP577,,LR
AVLP578,2,cb_intrinsic,,,acetylcholine,,,,AVLP578,AVLP578,,LR
AVLP579,2,cb_intrinsic,,,acetylcholine,,,CG,AVLP579,AVLP579,,LR
AVLP580,4,cb_intrinsic,,,glutamate,,,,AVLP580,AVLP580,,LR
AVLP584,8,cb_intrinsic,,,glutamate,,,,AVLP584,AVLP584,,LR
AVLP586,2,cb_intrinsic,,,glutamate,,,,AVLP586,AVLP586,,LR
AVLP590,2,cb_intrinsic,,,glutamate,,,,AVLP590,AVLP590,,LR
AVLP591,2,cb_intrinsic,,,acetylcholine,,,,AVLP591,AVLP591,,LR
AVLP592,2,cb_intrinsic,,,acetylcholine,,,,AVLP592,AVLP592,,LR
AVLP593,2,cb_intrinsic,,,unclear,,,,AVLP593,AVLP593,,LR
AVLP594,2,cb_intrinsic,,,unclear,,,,AVLP594,AVLP594,,LR
AVLP595,2,cb_intrinsic,,,acetylcholine,,,,AVLP595,AVLP595,,LR
AVLP596,2,cb_intrinsic,,,acetylcholine,,,,AVLP596,AVLP596,,LR
AVLP597,2,cb_intrinsic,,,gaba,,,,,VESa1_P02,,LR
AVLP598,2,cb_intrinsic,,,acetylcholine,,,LB,,CB0148,,LR
AVLP599,2,cb_intrinsic,,,acetylcholine,,,,,CB0096,,LR
AVLP600,4,cb_intrinsic,,,acetylcholine,,,,,CB3514,,LR
AVLP601,2,cb_intrinsic,,,acetylcholine,,,,(hb1632322986),CB0096,,LR
AVLP603,1,cb_intrinsic,,,gaba,,,LB,,CB3922,,M
AVLP604,2,cb_intrinsic,,,unclear,,,,,CB4164,,LR
AVLP605,1,cb_intrinsic,,,gaba,,,LB,,CB3921,,M
AVLP606,1,cb_intrinsic,,,gaba,,,LB,(hb1822659562),CB3921,,M
AVLP607,1,cb_intrinsic,,,gaba,,,LB,,CB3922,,M
AVLP608,2,cb_intrinsic,,,acetylcholine,,,LB,,CB0125,,LR
AVLP609,2,cb_intrinsic,,,gaba,,,LB,,CB0255,,LR
AVLP610,2,cb_intrinsic,,,dopamine,,,MX,,CB0623,,LR
AVLP611,6,cb_intrinsic,,,acetylcholine,,,,,CB1476,,LR
AVLP612,2,cb_intrinsic,,,acetylcholine,,,,,CB0284,,LR
AVLP613,2,cb_intrinsic,,,glutamate,,,,,CB0101,,LR
AVLP614,2,cb_intrinsic,,,gaba,,,,,CB4213,,LR
AVLP615,2,cb_intrinsic,,,gaba,,,LB,(hb2071241779),CB0089,,LR
AVLP700m,5,cb_intrinsic,,,acetylcholine,male-specific,fru_high,,,,Cachero 2010: aSP-g; Yu 2010: aSP6,LR
AVLP702m,4,cb_intrinsic,,,acetylcholine,male-specific,dsx_high,CG,,,"Lee 2002, Rideout 2010: pC2; Robinett 2010, Nojima 2021: pC2m",LR
AVLP703m,2,cb_intrinsic,,,acetylcholine,male-specific,,,,,,LR
AVLP704m,3,cb_intrinsic,,,acetylcholine,male-specific,fru_high,,,,Cachero 2010: aSP-g; Yu 2010: aSP6,LR
AVLP705m,9,cb_intrinsic,,,acetylcholine,male-specific,dsx_high,CG,,,"Lee 2002, Rideout 2010: pC2; Robinett 2010, Nojima 2021: pC2m",LR
AVLP706m,6,cb_intrinsic,,,acetylcholine,male-specific,fru_high,CG,,,Cachero 2010: pIP-e; Yu 2010: pIP5,LR
AVLP708m,2,cb_intrinsic,,,acetylcholine,male-specific,,CG,,,,LR
AVLP709m,8,cb_intrinsic,,,acetylcholine,male-specific,fru_high,,,,"Kimura 2008, Kohatsu 2010: P2b; Cachero 2010: pIP-a; Yu 2010: pIP1",LR
AVLP710m,2,cb_intrinsic,,,gaba,male-specific,,,,,,LR
AVLP711m,5,cb_intrinsic,,,acetylcholine,male-specific,fru_high,CG,,,Cachero 2010: pIP-e; Yu 2010: pIP5,LR
AVLP712m,2,cb_intrinsic,,,glutamate,male-specific,fru_high,,,,Cachero 2010: aIP-d; Yu 2010: aIP1,LR
AVLP713m,2,cb_intrinsic,,,acetylcholine,male-specific,coexpress_high,,,,Cachero 2010: pIP-e; Yu 2010: pIP5; Nojima 2021: pC2l,LR
AVLP714m,6,cb_intrinsic,,,acetylcholine,male-specific,fru_high,CG,,,Cachero 2010: pIP-e; Yu 2010: pIP5,LR
AVLP715m,4,cb_intrinsic,,,acetylcholine,male-specific,coexpress_high;fru_high,,,,Cachero 2010: pIP-e; Yu 2010: pIP5; Nojima 2021: pC2l,LR
AVLP716m,2,cb_intrinsic,,,acetylcholine,male-specific,coexpress_high,,,,Cachero 2010: pIP-e; Yu 2010: pIP5; Nojima 2021: pC2l,LR
AVLP717m,2,cb_intrinsic,,,acetylcholine,male-specific,fru_high,CG,,,Cachero 2010: pIP-f,LR
AVLP718m,5,cb_intrinsic,,,acetylcholine,male-specific,coexpress_high;fru_high,,,,Cachero 2010: pIP-e; Yu 2010: pIP5; Nojima 2021: pC2l,LR
AVLP719m,2,cb_intrinsic,,,acetylcholine,male-specific,fru_high,,,,Cachero 2010: aIP-c; Yu 2010: aIP1/aIP4/aSP10,LR
AVLP720m,2,cb_intrinsic,,,acetylcholine,male-specific,fru_high,,,,Cachero 2010: aIP-c; Yu 2010: aIP1/aIP4/aSP10,LR
AVLP721m,2,cb_intrinsic,,,acetylcholine,male-specific,fru_high,,,,Cachero 2010: aIP-c; Yu 2010: aIP1/aIP4/aSP10,LR
AVLP722m,5,cb_intrinsic,,,acetylcholine,male-specific,fru_high,,,,Cachero 2010: aIP-c; Yu 2010: aIP1/aIP4/aSP10,LR
AVLP723m,2,cb_intrinsic,,,acetylcholine,male-specific,fru_high,,,,Cachero 2010: aIP-c; Yu 2010: aIP1/aIP4/aSP10,LR
AVLP724m,2,cb_intrinsic,,,acetylcholine,male-specific,fru_high,CG,,,Cachero 2010: pIP-e; Yu 2010: pIP5,LR
AVLP725m,4,cb_intrinsic,,,acetylcholine,male-specific,fru_high,,,,Cachero 2010: aIP-c; Yu 2010: aIP1/aIP4/aSP10,LR
AVLP727m,5,cb_intrinsic,,,acetylcholine,male-specific,fru_high,,,,Cachero 2010: aSP-g; Yu 2010: aSP6; Asahina 2014: TK-FruM,LR
AVLP728m,6,cb_intrinsic,,,acetylcholine,male-specific,fru_high,,,,Cachero 2010: aIP-b,LR
AVLP729m,6,cb_intrinsic,,,acetylcholine,male-specific,fru_high,,,,Cachero 2010: aIP-b,LR
AVLP730m,3,cb_intrinsic,,,acetylcholine,male-specific,fru_high,,,,Cachero 2010: aIP-b,LR
AVLP731m,4,cb_intrinsic,,,acetylcholine,male-specific,fru_high,,,,Cachero 2010: aIP-c; Yu 2010: aIP1/aIP4/aSP10,LR
AVLP732m,6,cb_intrinsic,,,acetylcholine,male-specific,fru_high,,,,Cachero 2010: aIP-c; Yu 2010: aIP1/aIP4/aSP10,LR
AVLP733m,6,cb_intrinsic,,,acetylcholine,male-specific,fru_high,,,,Cachero 2010: aIP-c; Yu 2010: aIP1/aIP4/aSP10,LR
AVLP734m,8,cb_intrinsic,,,gaba,male-specific,fru_high,,,,Cachero 2010: aSP-k; Yu 2010: aSP8,LR
AVLP735m,2,cb_intrinsic,,,acetylcholine,male-specific,coexpress_high,,,,Cachero 2010: pIP-e; Yu 2010: pIP5; Nojima 2021: pC2l,LR
AVLP736m,2,cb_intrinsic,,,acetylcholine,male-specific,coexpress_high,,,,Cachero 2010: pIP-e; Yu 2010: pIP5; Nojima 2021: pC2l,LR
AVLP737m,2,cb_intrinsic,,,acetylcholine,male-specific,coexpress_high,,,,Cachero 2010: pIP-e; Yu 2010: pIP5; Nojima 2021: pC2l,LR
AVLP738m,2,cb_intrinsic,,,acetylcholine,male-specific,coexpress_high,,,,Cachero 2010: pIP-e; Yu 2010: pIP5; Nojima 2021: pC2l,LR
AVLP739m,5,cb_intrinsic,,,acetylcholine,male-specific,fru_high,,,,Cachero 2010: aIP-c; Yu 2010: aIP1/aIP4/aSP10,LR
AVLP742m,6,cb_intrinsic,,,acetylcholine,male-specific,,,,,,LR
AVLP743m,11,cb_intrinsic,,,unclear,male-specific,fru_low,,,,Ruta 2010: LC1,LR
AVLP744m,7,cb_intrinsic,,,acetylcholine,male-specific,,CG,,,,LR
AVLP745m,4,cb_intrinsic,,,acetylcholine,male-specific,,CG,,,,LR
AVLP746m,6,cb_intrinsic,,,acetylcholine,male-specific,fru_high,CG,,,Cachero 2010: pIP-e; Yu 2010: pIP5,LR
AVLP748m,5,cb_intrinsic,,,acetylcholine,potentially male-specific,fru_high,,,,Cachero 2010: aIP-b,LR
AVLP749m,12,cb_intrinsic,,,acetylcholine,male-specific,fru_high,,,,Cachero 2010: aSP-h; Ruta 2010: DC2,LR
AVLP750m,3,cb_intrinsic,,,acetylcholine,male-specific,fru_high,,,,Cachero 2010: aSP-g; Yu 2010: aSP6,LR
AVLP751m,2,cb_intrinsic,,,acetylcholine,male-specific,,,,,,LR
AVLP752m,6,cb_intrinsic,,,acetylcholine,male-specific,dsx_high,CG,,,"Lee 2002, Rideout 2010: pC2; Robinett 2010, Nojima 2021: pC2m",LR
AVLP753m,12,cb_intrinsic,,,acetylcholine,male-specific,fru_high,,,,Cachero 2010: aSP-f; Yu 2010: aSP5; Ruta 2010: DC1,LR
AVLP755m,2,cb_intrinsic,,,gaba,male-specific,fru_high,,,,Cachero 2010: aSP-k; Yu 2010: aSP8,LR
AVLP757m,2,cb_intrinsic,,,acetylcholine,male-specific,fru_high,,,,Cachero 2010: pMP-f,LR
AVLP758m,2,cb_intrinsic,,,acetylcholine,male-specific,,,,,,LR
AVLP760m,2,cb_intrinsic,,,gaba,male-specific,fru_high,,,,Cachero 2010: aSP-k; Yu 2010: aSP8,LR
AVLP761m,4,cb_intrinsic,,,gaba,male-specific,fru_high,,,,Cachero 2010: aSP-k; Yu 2010: aSP8; Zhou 2015: vPN1,LR
AVLP762m,5,cb_intrinsic,,,gaba,male-specific,fru_high,,,,Cachero 2010: aSP-k; Yu 2010: aSP8; Zhou 2015: vPN1,LR
AVLP763m,2,cb_intrinsic,,,gaba,male-specific,fru_high,,,,Cachero 2010: aSP-k; Yu 2010: aSP8; Zhou 2015: vPN1,LR
AVLP764m,2,cb_intrinsic,,,gaba,male-specific,,,,,,LR
Acc. ti flexor MN,47,vnc_motor,,fl,glutamate,,,T1,,,,LR
Acc. tr flexor MN,22,vnc_motor,,hl,unclear,,,T3,,,,LR
Am1,2,ol_intrinsic,,,gaba,,,,,Am1,,LR
AstA1,2,cb_intrinsic,,,gaba,,,,AstA1,AstA1,,LR
BM,69,cb_sensory,mechanosensory,,acetylcholine,,,,,"BM_Ant,BM_Fr,BM_FrOr,BM_InOc,BM_Oc,BM_Or,BM_Vib",,?
BM_Hau,7,cb_sensory,mechanosensory,,acetylcholine,,,,,BM_Hau,,?
BM_InOm,745,cb_sensory,mechanosensory,,acetylcholine,,,,,BM_InOm,,?
BM_MaPa,15,cb_sensory,mechanosensory,,acetylcholine,,,,,BM_MaPa,,?
BM_Taste,40,cb_sensory,mechanosensory,,acetylcholine,,,,,BM_Taste,,?
BM_Vib,22,cb_sensory,mechanosensory,,acetylcholine,,,,,BM_Vib,,?
BM_Vt_PoOc,8,cb_sensory,mechanosensory,,acetylcholine,,,,,BM_Vt_PoOc,,?
BM_vOcci_vPoOr,26,cb_sensory,mechanosensory,,acetylcholine,,,,,BM_vOcci_vPoOr,,?
BiT,2,cb_intrinsic,,,acetylcholine,,fru_low,,,BiT,Cachero 2010: aDT-h; Yu 2010: aDT6,LR
C2,1745,ol_intrinsic,,,gaba,,,,,C2,,LR
C3,1779,ol_intrinsic,,,gaba,,,,,C3,,LR
CAPA,2,cb_endocrine,,,unclear,,,LB,,CAPA,,LR
CAPA_a,4,vnc_endocrine,,,unclear,,,A2,,,Zandawala 2021: VNC-NSC^CAPA_a,LR
CAPA_b,2,vnc_endocrine,,strand receptor,unclear,,,A4,,,Zandawala 2021: VNC-NSC^CAPA_b,LR
CB0024,2,cb_intrinsic,,,glutamate,,,,,CB0024,,LR
CB0029,2,cb_intrinsic,,,acetylcholine,,,,,CB0029,,LR
CB0046,2,cb_intrinsic,,,gaba,,,,,CB0046,,LR
CB0061,2,cb_intrinsic,,,acetylcholine,,,,,CB0061,,LR
CB0079,2,cb_intrinsic,,,gaba,,,,,CB0079,,LR
CB0084,2,cb_intrinsic,,,glutamate,,,,,CB0084,,LR
CB0086,1,cb_intrinsic,,,gaba,,,,,CB0086,,R
CB0090,2,cb_intrinsic,,,gaba,,,,,CB0090,,LR
CB0103,1,cb_intrinsic,,,glutamate,,,,,CB0103,,L
CB0115,6,cb_intrinsic,,,gaba,,,,,CB0115,,LR
CB0121,2,cb_intrinsic,,,gaba,,,,,CB0121,,LR
CB0122,2,cb_intrinsic,,,acetylcholine,,fru_low,LB,,CB0122,,LR
CB0128,2,cb_intrinsic,,,acetylcholine,,,CG,,CB0128,,LR
CB0140,2,cb_intrinsic,,,gaba,,,,,CB0140,,LR
CB0141,2,cb_intrinsic,,,acetylcholine,,,LB,,CB0141,,LR
CB0142,2,cb_intrinsic,,,gaba,,,CG,,CB0142,,LR
CB0154,1,cb_intrinsic,,,gaba,,,,,CB0154,,L
CB0164,2,cb_intrinsic,,,glutamate,,,LB,,CB0164,,LR
CB0194,2,cb_intrinsic,,,gaba,,,LB,,CB0194,,LR
CB0197,2,cb_intrinsic,,,gaba,,,,,CB0197,,LR
CB0204,2,cb_intrinsic,,,gaba,,,,,CB0204,,LR
CB0206,1,cb_intrinsic,,,glutamate,,,,,CB0206,,L
CB0214,2,cb_intrinsic,,,gaba,,,LB,,CB0214,,LR
CB0218,2,cb_intrinsic,,,acetylcholine,,,,,CB0218,,LR
CB0221,2,cb_intrinsic,,,acetylcholine,,,,"PS255,PS256,PS257,PS258",CB0221,,LR
CB0224,2,cb_intrinsic,,,gaba,,,,,CB0224,,LR
CB0227,2,cb_intrinsic,,,acetylcholine,,,,,CB0227,,LR
CB0228,2,cb_intrinsic,,,glutamate,,,LB,,CB0228,,LR
CB0244,2,cb_intrinsic,,,acetylcholine,,,,,CB0244,,LR
CB0259,2,cb_intrinsic,,,acetylcholine,,,,,CB0259,,LR
CB0266,2,cb_intrinsic,,,acetylcholine,,,,,CB0266,,LR
CB0280,2,cb_intrinsic,,,acetylcholine,,,,,CB0280,,LR
CB0282,2,cb_intrinsic,,,acetylcholine,,,,,CB0282,,LR
CB0285,2,cb_intrinsic,,,acetylcholine,,,,,CB0285,,LR
CB0297,2,cb_intrinsic,,,acetylcholine,,,LB,,CB0297,,LR
CB0307,2,cb_intrinsic,,,gaba,,,TC,,CB0307,,LR
CB0312,2,cb_intrinsic,,,gaba,,,LB,,CB0312,,LR
CB0316,2,cb_intrinsic,,,acetylcholine,,,,,CB0316,,LR
CB0320,2,cb_intrinsic,,,acetylcholine,,,,,CB0320,,LR
CB0324,2,cb_intrinsic,,,acetylcholine,,,,,CB0324,,LR
CB0325,2,cb_intrinsic,,,acetylcholine,,,,,CB0325,,LR
CB0346,2,cb_intrinsic,,,gaba,,,,,CB0346,,LR
CB0356,2,cb_intrinsic,,,acetylcholine,,,,,CB0356,,LR
CB0361,2,cb_intrinsic,,,acetylcholine,,fru_high,,,CB0361,Cachero 2010: aSP-j; Yu 2010: aSP12,LR
CB0367,2,cb_intrinsic,,,glutamate,,,,,CB0367,,LR
CB0373,2,cb_intrinsic,,,glutamate,,,,,CB0373,,LR
CB0374,2,cb_intrinsic,,,glutamate,,,LB,,CB0374,,LR
CB0380,2,cb_intrinsic,,,acetylcholine,,,,,CB0380,,LR
CB0381,4,cb_intrinsic,,,acetylcholine,,,CG,,CB0381,,LR
CB0382,2,cb_intrinsic,,,acetylcholine,,,,,CB0382,,LR
CB0386,2,cb_intrinsic,,,glutamate,,,,,CB0386,,LR
CB0390,2,cb_intrinsic,,,gaba,,,CG,,CB0390,,LR
CB0391,3,cb_intrinsic,,,acetylcholine,,,,,CB0391,,LR
CB0396,2,cb_intrinsic,,,glutamate,,,,,CB0396,,LR
CB0397,2,cb_intrinsic,,,gaba,,,MX,,CB0397,,LR
CB0405,2,cb_intrinsic,,,gaba,,coexpress_high,,,CB0405,Cachero 2010: pMP-b; Yu 2010: pMP5; Rideout 2010: pC3; Zhou 2014: pCd; Nojima 2021: pCd-2,LR
CB0414,1,cb_intrinsic,,,gaba,,fru_low,,,CB0414,,L
CB0420,2,cb_intrinsic,,,glutamate,,,MX,,CB0420,,LR
CB0429,2,descending_neuron,,xn,acetylcholine,potentially sexually dimorphic,,,,CB0429,,LR
CB0431,2,cb_intrinsic,,,acetylcholine,,,,,CB0431,,LR
CB0432,2,cb_intrinsic,,,glutamate,,,LB,,CB0432,,LR
CB0440,2,cb_intrinsic,,,acetylcholine,,,,,CB0440,,LR
CB0466,2,cb_intrinsic,,,gaba,,,,,CB0466,,LR
CB0477,2,cb_intrinsic,,,acetylcholine,,,LB,,CB0477,,LR
CB0492,2,cb_intrinsic,,,gaba,,fru_low,,,CB0492,"fru-M-000175,fru-M-300236,fru-M-600012",LR
CB0510,2,cb_intrinsic,,,glutamate,,,,,CB0510,,LR
CB0517,2,cb_intrinsic,,,glutamate,,,LB,,CB0517,,LR
CB0530,2,cb_intrinsic,,,glutamate,,,LB,,CB0530,,LR
CB0533,2,cb_intrinsic,,,acetylcholine,,,LB,,CB0533,,LR
CB0540,2,cb_intrinsic,,,gaba,,,,,CB0540,,LR
CB0582,2,cb_intrinsic,,,gaba,,,GNG,,CB0582,,LR
CB0591,4,cb_intrinsic,,,acetylcholine,,,TC,,CB0591,,LR
CB0598,2,cb_intrinsic,,,gaba,,,MX,,CB0598,,LR
CB0607,2,cb_intrinsic,,,gaba,,,MX,,CB0607,,LR
CB0609,2,cb_intrinsic,,,gaba,,,MX,,CB0609,,LR
CB0625,2,cb_intrinsic,,,gaba,,,LB,,CB0625,,LR
CB0629,2,cb_intrinsic,,,gaba,,,,,CB0629,,LR
CB0630,2,cb_intrinsic,,,acetylcholine,,,GNG,,CB0630,,LR
CB0633,2,cb_intrinsic,,,glutamate,,,,,CB0633,,LR
CB0640,2,cb_intrinsic,,,acetylcholine,,,,,CB0640,,LR
CB0645,2,cb_intrinsic,,,acetylcholine,,,,,CB0645,,LR
CB0647,2,cb_intrinsic,,,acetylcholine,,,CG,hb1914171250,CB0647,,LR
CB0648,1,cb_intrinsic,,,acetylcholine,,,,,CB0648,,R
CB0650,4,cb_intrinsic,ALPN,BI,glutamate,,,,,CB0650,,LR
CB0652,2,cb_intrinsic,,,acetylcholine,,,,,CB0652,,LR
CB0656,2,cb_intrinsic,,,acetylcholine,,,,,CB0656,,LR
CB0657,2,cb_intrinsic,,,acetylcholine,,,,,CB0657,,LR
CB0670,2,cb_intrinsic,,,acetylcholine,,,,,CB0670,,LR
CB0671,2,cb_intrinsic,,,gaba,,,LB,,CB0671,,LR
CB0675,2,cb_intrinsic,,,acetylcholine,,,,,CB0675,,LR
CB0677,2,cb_intrinsic,,,gaba,,,,hb2035544474,CB0677,,LR
CB0682,2,cb_intrinsic,,,gaba,,,,,CB0682,,LR
CB0683,1,cb_intrinsic,ALON,,acetylcholine,,,,,CB0683,,L
CB0695,2,cb_intrinsic,,,gaba,,,MX,,CB0695,,LR
CB0734,4,cb_intrinsic,,,acetylcholine,,,,,CB0734,,LR
CB0738,1,cb_intrinsic,,,acetylcholine,,,,,CB0738,,R
CB0743,10,cb_intrinsic,,,gaba,,,,,CB0743,,LR
CB0744,5,cb_intrinsic,,,gaba,,,,,CB0744,,LR
CB0747,2,cb_intrinsic,,,acetylcholine,,,,,CB0747,,LR
CB0751,4,cb_intrinsic,,,glutamate,,,,,CB0751,,LR
CB0758,4,cb_intrinsic,,,gaba,,,,,CB0758,,LR
CB0763,4,cb_intrinsic,,,acetylcholine,,,CG,,CB0763,,LR
CB0785,3,cb_intrinsic,,,acetylcholine,,,,,CB0785,,LR
CB0800,3,cb_intrinsic,,,acetylcholine,,,,,CB0800,,LR
CB0813,1,cb_intrinsic,,,acetylcholine,,,,,CB0813,,L
CB0829,4,cb_intrinsic,,,glutamate,,,,,CB0829,,LR
CB0925,4,cb_intrinsic,,,acetylcholine,,,,,CB0925,,LR
CB0926,4,cb_intrinsic,,,acetylcholine,,,,"AVLP386,AVLP388",CB0926,,LR
CB0927,1,cb_intrinsic,,,acetylcholine,,,,,CB0927,,L
CB0929,6,cb_intrinsic,,,acetylcholine,,,,,CB0929,,LR
CB0930,4,cb_intrinsic,,,acetylcholine,,,,,CB0930,,LR
CB0937,6,cb_intrinsic,,,glutamate,,,,,CB0937,,LR
CB0943,15,cb_intrinsic,,,acetylcholine,,,CG,,CB0943,,LR
CB0946,1,cb_intrinsic,,,acetylcholine,,,,,CB0946,,R
CB0947,7,cb_intrinsic,,,acetylcholine,,,,,CB0947,,LR
CB0951,6,cb_intrinsic,,,glutamate,,,,,CB0951,,LR
CB0956,9,cb_intrinsic,,,acetylcholine,,,,,CB0956,,LR
CB0972,5,cb_intrinsic,,,acetylcholine,,,,,CB0972,,LR
CB0973,8,cb_intrinsic,,,glutamate,,,,,CB0973,,LR
CB0975,8,cb_intrinsic,,,acetylcholine,,coexpress_low,CG,,CB0975,Wang 2020a: pMP1; Rideout 2010: pC3; Zhou 2014: pCd; Nojima 2021: pCd-1; Allen 2025: pMP-z,LR
CB0976,4,cb_intrinsic,,,glutamate,,,,,CB0976,,LR
CB0982,4,cb_intrinsic,,,gaba,,fru_low,LB,,CB0982,Cachero 2010: pSG-a,LR
CB0986,13,cb_intrinsic,,,gaba,,,MD,,CB0986,,LR
CB0992,2,cb_intrinsic,,,acetylcholine,,,,,CB0992,,LR
CB0993,8,cb_intrinsic,,,glutamate,,,,,CB0993,,LR
CB0994,4,cb_intrinsic,,,acetylcholine,,,,,CB0994,,LR
CB0996,5,cb_intrinsic,,,acetylcholine,,,CG,,CB0996,,LR
CB0998,4,cb_intrinsic,,,acetylcholine,,,,,CB0998,,LR
CB1000,4,cb_intrinsic,,,acetylcholine,,,,,CB1000,,LR
CB1005,2,cb_intrinsic,,,glutamate,,,,AVLP065,CB1005,,LR
CB1007,6,cb_intrinsic,,,glutamate,,,,,CB1007,,LR
CB1008,20,cb_intrinsic,,,acetylcholine,sexually dimorphic,fru_high,,,CB1008,Cachero 2010: aDT-h; Yu 2010: aDT6,LR
CB1009,2,cb_intrinsic,,,unclear,,fru_low,,,CB1009,Cachero 2010: aDT-h; Yu 2010: aDT6,LR
CB1011,9,cb_intrinsic,,,glutamate,,fru_low,,,CB1011,Cachero 2010: pSP-b; Yu 2010: pSP2/3,LR
CB1012,7,cb_intrinsic,,,glutamate,,,,,CB1012,,LR
CB1017,4,cb_intrinsic,,,acetylcholine,,,,"CL034,CL035",CB1017,,LR
CB1020,6,cb_intrinsic,,,acetylcholine,,,,,CB1020,,LR
CB1023,9,cb_intrinsic,,,glutamate,,,LB,,CB1023,,LR
CB1024,8,cb_intrinsic,,,acetylcholine,,fru_high,,,CB1024,Cachero 2010: aDT-h; Yu 2010: aDT6,LR
CB1026,10,cb_intrinsic,,,unclear,,fru_high;fru_low,,,CB1026,Cachero 2010: aDT-h; Yu 2010: aDT6,LR
CB1030,6,cb_intrinsic,,,acetylcholine,,,,,CB1030,,LR
CB1033,7,cb_intrinsic,,,acetylcholine,,,,,CB1033,,LR
CB1035,2,cb_intrinsic,,,glutamate,,,,,CB1035,,LR
CB1044,4,cb_intrinsic,,,acetylcholine,,,,,CB1044,,LR
CB1047,4,cb_intrinsic,,,acetylcholine,,,,,CB1047,,LR
CB1048,8,cb_intrinsic,ALLN,,glutamate,,,,,CB1048,,LR
CB1050,4,cb_intrinsic,,,acetylcholine,,,,,CB1050,,LR
CB1055,9,cb_intrinsic,,,gaba,,,CG,,CB1055,,LR
CB1056,6,cb_intrinsic,,,glutamate,,,CG,,CB1056,,LR
CB1057,4,cb_intrinsic,,,glutamate,,,,,CB1057,,LR
CB1059,4,cb_intrinsic,,,glutamate,,,,"SLP436,SLP445",CB1059,,LR
CB1060,4,cb_intrinsic,,,acetylcholine,,,,,CB1060,,LR
CB1062,8,cb_intrinsic,,,glutamate,,,,,CB1062,,LR
CB1065,5,cb_intrinsic,,,gaba,,,TC,,CB1065,,LR
CB1072,14,cb_intrinsic,,,acetylcholine,,,,,CB1072,,LR
CB1073,6,cb_intrinsic,,,acetylcholine,,,,,CB1073,,LR
CB1074,4,cb_intrinsic,,,acetylcholine,,,,,CB1074,,LR
CB1076,7,cb_intrinsic,,,acetylcholine,,,DC,,CB1076,,LR
CB1077,2,cb_intrinsic,,,gaba,,,,,CB1077,,LR
CB1078,8,cb_intrinsic,,,acetylcholine,,fru_high,DC,,CB1078,Cachero 2010: aDT-e; Vaughan 2014: aPN1,LR
CB1079,1,cb_intrinsic,,,gaba,,,,,CB1079,,R
CB1081,4,cb_intrinsic,,,gaba,,,,,CB1081,,LR
CB1085,5,cb_intrinsic,,,acetylcholine,,,,"AVLP413,AVLP412,AVLP414",CB1085,,LR
CB1087,6,cb_intrinsic,,,gaba,,,,,CB1087,,LR
CB1088,4,cb_intrinsic,,,gaba,,,,,CB1088,,LR
CB1089,5,cb_intrinsic,,,acetylcholine,,,,,CB1089,,LR
CB1094,10,cb_intrinsic,,,glutamate,,,LB,,CB1094,,LR
CB1099,5,cb_intrinsic,,,acetylcholine,,,,,CB1099,,LR
CB1103,3,cb_intrinsic,,,acetylcholine,,,,,CB1103,,LR
CB1104,2,cb_intrinsic,,,acetylcholine,,,,,CB1104,,LR
CB1108,2,cb_intrinsic,,,acetylcholine,,,,,CB1108,,LR
CB1109,10,cb_intrinsic,,,acetylcholine,,,,,CB1109,,LR
CB1114,10,cb_intrinsic,,,acetylcholine,,,,,CB1114,,LR
CB1116,1,cb_intrinsic,,,glutamate,,,,,CB1116,,R
CB1124,2,cb_intrinsic,,,gaba,,,,,CB1124,,LR
CB1128,4,cb_intrinsic,,,gaba,,,,,CB1128,,LR
CB1131,5,cb_intrinsic,,,acetylcholine,,,,"PS043,PS044",CB1131,,LR
CB1139,2,cb_intrinsic,,,acetylcholine,,,,,CB1139,,LR
CB1140,2,cb_intrinsic,,,acetylcholine,,,,,CB1140,,LR
CB1142,2,cb_intrinsic,,,acetylcholine,,,,,CB1142,,LR
CB1145,7,cb_intrinsic,,,gaba,,,MD,,CB1145,,LR
CB1148,14,cb_intrinsic,,,glutamate,,,,,CB1148,,LR
CB1149,7,cb_intrinsic,,,glutamate,,,,,CB1149,,LR
CB1150,3,cb_intrinsic,,,glutamate,,,,"SLP015_c,SLP015_e",CB1150,,LR
CB1151,2,cb_intrinsic,,,glutamate,,,,,CB1151,,LR
CB1154,18,cb_intrinsic,,,glutamate,,,,"SLP317,SLP318",CB1154,,LR
CB1156,3,cb_intrinsic,,,acetylcholine,,,,,CB1156,,LR
CB1160,6,cb_intrinsic,,,glutamate,,,,,CB1160,,LR
CB1165,6,cb_intrinsic,,,acetylcholine,sexually dimorphic,fru_low,,"AVLP246,AVLP249",CB1165,Cachero 2010: aIP-c; Yu 2010: aIP1/aIP4/aSP10,LR
CB1168,9,cb_intrinsic,,,glutamate,,,,,CB1168,,LR
CB1171,7,cb_intrinsic,,,glutamate,,,,,CB1171,,LR
CB1174,2,cb_intrinsic,,,glutamate,,,,,CB1174,,LR
CB1178,21,cb_intrinsic,,,glutamate,,,,,CB1178,,LR
CB1179,4,cb_intrinsic,,,glutamate,,,,,CB1179,,LR
CB1181,6,cb_intrinsic,,,acetylcholine,,,CG,,CB1181,,LR
CB1185,4,cb_intrinsic,,,acetylcholine,,fru_low,,,CB1185,Cachero 2010: aIP-e; Yu 2010: aSP9; Ruta 2010: LC2,LR
CB1187,3,cb_intrinsic,,,acetylcholine,,,,,CB1187,,LR
CB1189,5,cb_intrinsic,,,acetylcholine,,,CG,,CB1189,,LR
CB1190,4,cb_intrinsic,,,acetylcholine,,,CG,,CB1190,,LR
CB1193,1,cb_intrinsic,,,acetylcholine,,fru_low,,,CB1193,Cachero 2010: aIP-b,R
CB1194,2,cb_intrinsic,,,acetylcholine,,fru_low,,,CB1194,Cachero 2010: aIP-c;Yu 2010: aIP1/aIP4/aSP10,LR
CB1200,3,cb_intrinsic,,,acetylcholine,,,,"SIP051,SLP331",CB1200,,LR
CB1201,9,cb_intrinsic,,,acetylcholine,,,,,CB1201,,LR
CB1202,2,cb_intrinsic,,,acetylcholine,,,,,CB1202,,LR
CB1205,6,cb_intrinsic,,,acetylcholine,,,,"AVLP355,AVLP359",CB1205,,LR
CB1206,3,cb_intrinsic,,,acetylcholine,,,,,CB1206,,LR
CB1207_a,7,cb_intrinsic,,,acetylcholine,,,,"AVLP367,AVLP368",CB1207a,,LR
CB1207_b,7,cb_intrinsic,,,acetylcholine,,,,"AVLP367,AVLP368",CB1207b,,LR
CB1208,3,cb_intrinsic,,,acetylcholine,,,,"AVLP386,AVLP388",CB1208,,LR
CB1212,7,cb_intrinsic,,,glutamate,,,,,CB1212,,LR
CB1213,7,cb_intrinsic,,,acetylcholine,,,,,CB1213,,LR
CB1219,6,cb_intrinsic,,,glutamate,,,CG,,CB1219,,LR
CB1220,9,cb_intrinsic,,,glutamate,,,,,CB1220,,LR
CB1222,4,cb_intrinsic,,,acetylcholine,,,,,CB1222,,LR
CB1227,11,cb_intrinsic,,,glutamate,,,,,CB1227,,LR
CB1233,3,cb_intrinsic,,,gaba,,,LB,,CB1233,,LR
CB1237,1,cb_intrinsic,,,acetylcholine,,,,,CB1237,,L
CB1238,4,cb_intrinsic,,,acetylcholine,,,,,CB1238,,LR
CB1241,4,cb_intrinsic,,,acetylcholine,,,,,CB1241,,LR
CB1242,7,cb_intrinsic,,,glutamate,,,,,CB1242,,LR
CB1246,7,cb_intrinsic,,,gaba,,,,,CB1246,,LR
CB1247,2,cb_intrinsic,,,glutamate,,,CG,,CB1247,,LR
CB1249,3,cb_intrinsic,,,glutamate,,,,,CB1249,,LR
CB1252,5,cb_intrinsic,,,glutamate,,,,,CB1252,,LR
CB1255,3,cb_intrinsic,,,acetylcholine,,,,,CB1255,,LR
CB1260,5,cb_intrinsic,,,acetylcholine,,,,"PS255,PS256,PS257,PS258",CB1260,,LR
CB1263,3,cb_intrinsic,,,acetylcholine,,,,,CB1263,,LR
CB1265,7,cb_intrinsic,,,gaba,,,MX,,CB1265,,LR
CB1268,11,cb_intrinsic,,,acetylcholine,,,,,CB1268,,LR
CB1269,5,cb_intrinsic,,,acetylcholine,,,,CL297,CB1269,,LR
CB1274,1,cb_intrinsic,,,acetylcholine,,,,,CB1274,,L
CB1275,3,cb_intrinsic,,,unclear,,,,,CB1275,,LR
CB1276,8,cb_intrinsic,,,acetylcholine,,,,,CB1276,,LR
CB1280,2,cb_intrinsic,,,acetylcholine,,,DC,,CB1280,,LR
CB1281,3,cb_intrinsic,,,glutamate,,,,,CB1281,,LR
CB1282,5,cb_intrinsic,,,acetylcholine,,,,,CB1282,,LR
CB1286,3,cb_intrinsic,,,glutamate,,,,,CB1286,,LR
CB1287,2,cb_intrinsic,,,glutamate,,,,,CB1287,,LR
CB1287_b,4,cb_intrinsic,,,acetylcholine,,,,,CB2187b,,LR
CB1287_c,2,cb_intrinsic,,,acetylcholine,,,,,CB2187c,,LR
CB1289,7,cb_intrinsic,,,acetylcholine,,,,,CB1289,,LR
CB1296_a,5,cb_intrinsic,ALPN,,gaba,,,,M_vPNml85,CB1296,,LR
CB1299,2,cb_intrinsic,,,acetylcholine,,,,"PS255,PS256,PS257,PS258",CB1299,,LR
CB1300,4,cb_intrinsic,,,acetylcholine,,,CG,"LHPV8b1,LHPV8d1",CB1300,,LR
CB1301,2,cb_intrinsic,,,acetylcholine,,fru_low,,"AVLP413,AVLP412,AVLP414",CB1301,Cachero 2010: aIP-b,LR
CB1302,4,cb_intrinsic,,,acetylcholine,,,CG,,"CB1302,CB1466",,LR
CB1308,4,cb_intrinsic,,,acetylcholine,,,,,CB1308,,LR
CB1309,2,cb_intrinsic,,,glutamate,,,,,CB1309,,LR
CB1312,2,cb_intrinsic,,,acetylcholine,,,,,CB1312,,LR
CB1314,5,cb_intrinsic,,,gaba,,,TC,,CB1314,,LR
CB1316,5,cb_intrinsic,,,glutamate,,,,,CB1316,,LR
CB1322,10,cb_intrinsic,,,acetylcholine,,,,,CB1322,,LR
CB1326,3,cb_intrinsic,,,acetylcholine,,,,,CB1326,,LR
CB1330,9,cb_intrinsic,,,glutamate,,,,,CB1330,,LR
CB1333,10,cb_intrinsic,,,acetylcholine,,,CG,,CB1333,,LR
CB1337,6,cb_intrinsic,,,glutamate,,,,,CB1337,,LR
CB1339,10,cb_intrinsic,,,acetylcholine,,,,,CB1339,,LR
CB1340,3,cb_intrinsic,,,acetylcholine,,,,,CB1340,,LR
CB1346,2,cb_intrinsic,,,acetylcholine,,,,,CB1346,,LR
CB1348,1,cb_intrinsic,,,acetylcholine,,,,,CB1348,,L
CB1352,8,cb_intrinsic,,,glutamate,,,,,CB1352,,LR
CB1353,5,cb_intrinsic,,,glutamate,,,,,CB1353,,LR
CB1356,3,cb_intrinsic,,,acetylcholine,,,,,CB1356,,LR
CB1357,11,cb_intrinsic,,,acetylcholine,,,,"SMP195,SMP197",CB1357,,LR
CB1359,10,cb_intrinsic,,,glutamate,,,,,CB1359,,LR
CB1361,4,cb_intrinsic,,,glutamate,,,,,CB1361,,LR
CB1365,4,cb_intrinsic,,,glutamate,,,,,CB1365,,LR
CB1368,4,cb_intrinsic,,,glutamate,,,,,CB1368,,LR
CB1374,3,cb_intrinsic,,,glutamate,,,,,CB1374,,LR
CB1379,5,cb_intrinsic,,,acetylcholine,,coexpress_low,CG,,CB1379,Wang 2020a: pMP1; Rideout 2010: pC3; Zhou 2014: pCd; Nojima 2021: pCd-1; Allen 2025: pMP-z,LR
CB1384,4,cb_intrinsic,,,acetylcholine,,,,,CB1384,,LR
CB1387,6,cb_intrinsic,,,acetylcholine,,,,,CB1387,,LR
CB1389,6,cb_intrinsic,,,acetylcholine,,,,,CB1389,,LR
CB1391,6,cb_intrinsic,,,glutamate,,,,,CB1391,,LR
CB1392,5,cb_intrinsic,,,glutamate,,,,,CB1392,,LR
CB1394_a,4,cb_intrinsic,,,glutamate,,,CG,,CB1394_a,,LR
CB1394_b,4,cb_intrinsic,,,glutamate,,,CG,,CB1394_b,,LR
CB1396,2,cb_intrinsic,,,glutamate,,,,,CB1396,,LR
CB1403,2,cb_intrinsic,,,acetylcholine,,,,,CB1403,,LR
CB1405,2,cb_intrinsic,,,glutamate,,,CG,,CB1405,,LR
CB1406,6,cb_intrinsic,,,glutamate,,,,,CB1406,,LR
CB1407,2,cb_intrinsic,,,acetylcholine,,,,,CB1407,,LR
CB1412,2,cb_intrinsic,,,gaba,,,,,CB1412,,L
CB1413,2,cb_intrinsic,,,acetylcholine,,,,,CB1413,,LR
CB1417,6,cb_intrinsic,,,gaba,,,,,CB1417,,LR
CB1418,4,cb_intrinsic,,,gaba,,,,,CB1418,,LR
CB1419,4,cb_intrinsic,,,acetylcholine,,,,"LHAD1i2_a,SLP046",CB1419,,LR
CB1421,2,cb_intrinsic,,,gaba,,,,,CB1421,,LR
CB1428,3,cb_intrinsic,,,gaba,,,,,CB1428,,LR
CB1432,5,cb_intrinsic,,,gaba,,,,LHAV4a3_a,CB1432,,LR
CB1434,6,cb_intrinsic,,,glutamate,,,,,CB1434,,LR
CB1442,2,cb_intrinsic,,,acetylcholine,,,,,CB1442,,LR
CB1447,6,cb_intrinsic,,,gaba,,,,,CB1447,,LR
CB1448,4,cb_intrinsic,,,acetylcholine,,,,,CB1448,,LR
CB1454,2,cb_intrinsic,,,gaba,,,,,CB1454,,LR
CB1456,5,cb_intrinsic,,,glutamate,,fru_high,,"SMP097,SMP098_b",CB1456,Cachero 2010: aSP-a; Yu 2010: aSP2,LR
CB1457,9,cb_intrinsic,,,glutamate,,,,,CB1457,,LR
CB1458,6,cb_intrinsic,,,glutamate,,,,,CB1458,,LR
CB1460,5,cb_intrinsic,,,acetylcholine,,,,,CB1460,,LR
CB1463,4,cb_intrinsic,,,acetylcholine,,,,,CB1463,,LR
CB1464,8,cb_intrinsic,,,acetylcholine,,,,"WED135,WED136",CB1464,,LR
CB1467,4,cb_intrinsic,,,acetylcholine,,,,,CB1467,,LR
CB1477,3,cb_intrinsic,,,acetylcholine,,,,,CB1477,,LR
CB1478,2,cb_intrinsic,,,glutamate,,,,,CB1478,,LR
CB1483,3,cb_intrinsic,,,gaba,,,,,CB1483,,LR
CB1487,5,cb_intrinsic,,,acetylcholine,,fru_low,,,CB1487,,LR
CB1493,3,cb_intrinsic,,,acetylcholine,,fru_high,,,CB1493,,LR
CB1498,3,cb_intrinsic,,,acetylcholine,,,,,CB1498,,LR
CB1500,4,cb_intrinsic,,,acetylcholine,,,,,CB1500,,LR
CB1502,4,cb_intrinsic,,,gaba,,,,,CB1502,,LR
CB1503,5,cb_intrinsic,,,glutamate,,,CG,,CB1503,,LR
CB1504,5,cb_intrinsic,,,glutamate,,,,,CB1504,,LR
CB1509,2,cb_intrinsic,,,gaba,,,,,CB1509,,LR
CB1510,4,cb_intrinsic,,,unclear,,,CG,,CB1510,,LR
CB1513,2,cb_intrinsic,,,acetylcholine,,,,,CB1513,,LR
CB1523,5,cb_intrinsic,,,glutamate,,,,,CB1523,,LR
CB1527,5,cb_intrinsic,,,gaba,,,,,CB1527,,LR
CB1529,6,cb_intrinsic,,,acetylcholine,,,,"SMP363,SMP364",CB1529,,LR
CB1532,4,cb_intrinsic,,,acetylcholine,,,,,CB1532,,LR
CB1533,2,cb_intrinsic,,,acetylcholine,,,,,CB1533,,LR
CB1534,3,cb_intrinsic,,,acetylcholine,,,CG,,CB1534,,LR
CB1537,5,cb_intrinsic,,,acetylcholine,,fru_high,,,CB1537,Cachero 2010: aDT-h; Yu 2010: aDT6,LR
CB1538,4,cb_intrinsic,,,gaba,,,TC,,CB1538,,LR
CB1541,4,cb_intrinsic,,,acetylcholine,,,,,CB1541,,LR
CB1542,2,cb_intrinsic,,,acetylcholine,,fru_high,DC,,CB1542,Cachero 2010: aDT-e; Vaughan 2014: aPN1,LR
CB1545,3,cb_intrinsic,ALLN,,glutamate,,,,,CB1545,,LR
CB1547,3,cb_intrinsic,,,acetylcholine,,,,,CB1547,,LR
CB1548,8,cb_intrinsic,,,acetylcholine,,,,,CB1548,,LR
CB1549,4,cb_intrinsic,,,glutamate,,,,,CB1549,,LR
CB1550,2,cb_intrinsic,,,acetylcholine,,,,,CB1550,,LR
CB1551,2,cb_intrinsic,,,acetylcholine,,,,,CB1551,,LR
CB1554,5,cb_intrinsic,,,acetylcholine,,,,,CB1554,,LR
CB1556,15,cb_intrinsic,,,glutamate,,,,,CB1556,,LR
CB1557,3,cb_intrinsic,,,acetylcholine,,,,,CB1557,,LR
CB1560,2,cb_intrinsic,,,acetylcholine,,,,,CB1560,,LR
CB1562,2,cb_intrinsic,,,gaba,,,,,CB1562,,LR
CB1564,4,cb_intrinsic,,,acetylcholine,,,,,CB1564,,LR
CB1565,4,cb_intrinsic,,,acetylcholine,,,,,CB1565,,LR
CB1570,10,cb_intrinsic,,,acetylcholine,,,,,CB1570,,LR
CB1573,1,cb_intrinsic,,,acetylcholine,,,,,CB1573,,R
CB1574,5,cb_intrinsic,,,acetylcholine,,,,,CB1574,,LR
CB1575,7,cb_intrinsic,,,acetylcholine,,,,,CB1575a,,LR
CB1576,5,cb_intrinsic,,,glutamate,,,,,CB1576,,LR
CB1577,3,cb_intrinsic,,,glutamate,,,CG,,CB1577,,LR
CB1585,3,cb_intrinsic,,,acetylcholine,,fru_high,,,CB1585,,LR
CB1590,5,cb_intrinsic,,,glutamate,,,,,CB1590,,LR
CB1593,6,cb_intrinsic,,,glutamate,,,,"SLP015_c,SLP015_e",CB1593,,LR
CB1595,9,cb_intrinsic,,,acetylcholine,,,CG,,CB1595,,LR
CB1599,3,cb_intrinsic,,,acetylcholine,,,,,CB1599,,LR
CB1601,7,cb_intrinsic,,,gaba,,fru_low,LB,,CB1601,Cachero 2010: pSG-a,LR
CB1603,2,cb_intrinsic,,,glutamate,,,,,CB1603,,LR
CB1604,9,cb_intrinsic,,,acetylcholine,,,,"SLP037,SLP039",CB1604,,LR
CB1607,1,cb_intrinsic,,,acetylcholine,,,,,CB1607,,L
CB1608,4,cb_intrinsic,,,glutamate,,,,,CB1608,,LR
CB1610,4,cb_intrinsic,,,glutamate,,,,,CB1610,,LR
CB1613,4,cb_intrinsic,,,gaba,,,,,CB1613,,LR
CB1617,22,cb_intrinsic,,,glutamate,,,,,CB1617,,LR
CB1619,4,cb_intrinsic,,,gaba,,,,,CB1619,,LR
CB1625,2,cb_intrinsic,,,acetylcholine,,,,,CB1625,,LR
CB1626,4,cb_intrinsic,,,unclear,,,,,CB1626,,LR
CB1627,3,cb_intrinsic,,,acetylcholine,,,,"SMP363,SMP364",CB1627,,LR
CB1628,6,cb_intrinsic,,,acetylcholine,,,,,CB1628,,LR
CB1629,6,cb_intrinsic,,,acetylcholine,,,,,CB1629,,LR
CB1632,2,cb_intrinsic,,,gaba,,,,,CB1632,,LR
CB1636,2,cb_intrinsic,,,glutamate,,,,,CB1636,,LR
CB1638,11,cb_intrinsic,,,acetylcholine,,,,,CB1638,,LR
CB1641,5,cb_intrinsic,,,glutamate,,,,PS289,CB1641,,LR
CB1642,2,cb_intrinsic,,,acetylcholine,,,CG,,CB1642,,LR
CB1648,1,cb_intrinsic,,,glutamate,,,,,CB1648,,R
CB1649,2,cb_intrinsic,,,acetylcholine,,,CG,,CB1649,,LR
CB1650,1,cb_intrinsic,,,acetylcholine,,fru_low,,,CB1650,,L
CB1652,1,cb_intrinsic,,,acetylcholine,,fru_low,,,CB1652,Cachero 2010: aIP-c; Yu 2010: aIP1/aIP4/aSP10,L
CB1653,4,cb_intrinsic,,,glutamate,,,,,CB1653,,LR
CB1654,7,cb_intrinsic,,,acetylcholine,,,,,CB1654,,LR
CB1655,2,cb_intrinsic,,,acetylcholine,,,,,CB1655,,LR
CB1663,4,cb_intrinsic,,,acetylcholine,,,,,CB1663,,LR
CB1670,2,cb_intrinsic,,,glutamate,,,,,CB1670,,LR
CB1672,2,cb_intrinsic,,,acetylcholine,,,,,CB1672,,LR
CB1678,2,cb_intrinsic,,,acetylcholine,,,,"AVLP355,AVLP359",CB1678,,LR
CB1679,6,cb_intrinsic,,,glutamate,,,,,CB1679,,LR
CB1682,2,cb_intrinsic,,,gaba,,,,,CB1682,,LR
CB1684,6,cb_intrinsic,,,glutamate,,,,,CB1684,,LR
CB1685,9,cb_intrinsic,,,glutamate,,,,,CB1685,,LR
CB1687,5,cb_intrinsic,,,glutamate,,,,,CB1687,,LR
CB1688,2,cb_intrinsic,,,acetylcholine,,fru_low,,,CB1688,Cachero 2010: aIP-e;Yu 2010: aSP9,LR
CB1691,2,cb_intrinsic,,,acetylcholine,,,,,CB1691,,LR
CB1695,4,cb_intrinsic,,,acetylcholine,,,,,CB1695,,LR
CB1697,4,cb_intrinsic,,,acetylcholine,,,,,CB1697,,LR
CB1698,1,cb_intrinsic,,,glutamate,,,,,CB1698,,L
CB1699,6,cb_intrinsic,,,glutamate,,,,,CB1699,,LR
CB1701,7,cb_intrinsic,,,gaba,,,,"LHAV4e5,LHAV4e2_a",CB1701,,LR
CB1702,2,cb_intrinsic,,,acetylcholine,,,DC,,CB1702,,LR
CB1705,8,cb_intrinsic,,,gaba,,fru_high,,,CB1705,Cachero 2010: aIP-h,LR
CB1706,3,cb_intrinsic,,,acetylcholine,,,CG,,CB1706,,LR
CB1714,2,cb_intrinsic,,,glutamate,,,,,CB1714,,LR
CB1717,3,cb_intrinsic,,,acetylcholine,,,,,CB1717,,LR
CB1726,2,cb_intrinsic,,,glutamate,,,CG,,CB1726,,LR
CB1729,2,cb_intrinsic,,,acetylcholine,,,CG,"SMP463,SMP464",CB1729,,LR
CB1731,2,cb_intrinsic,,,acetylcholine,,,,,CB1731,,LR
CB1733,4,cb_intrinsic,,,glutamate,,,,,CB1733,,LR
CB1735,6,cb_intrinsic,,,glutamate,,,,,CB1735,,LR
CB1744,3,cb_intrinsic,,,acetylcholine,,,,,CB1744,,LR
CB1748,2,cb_intrinsic,,,acetylcholine,,,,,CB1748,,LR
CB1752,6,cb_intrinsic,,,acetylcholine,,,,,CB1752,,LR
CB1759b,8,cb_intrinsic,,,acetylcholine,,,,"SLP044_b,SLP044_c,SLP044_e",CB1759b,,LR
CB1771,4,cb_intrinsic,,,acetylcholine,,,,,CB1771,,LR
CB1774,3,cb_intrinsic,,,gaba,,,,,CB1774,,LR
CB1782,7,cb_intrinsic,,,acetylcholine,,,,,CB1782,,LR
CB1786_a,15,cb_intrinsic,,,glutamate,,,LB,,CB1786_a,,LR
CB1787,3,cb_intrinsic,,,acetylcholine,,,,,CB1787,,LR
CB1789,9,cb_intrinsic,,,glutamate,,,,,CB1789,,LR
CB1792,3,cb_intrinsic,,,gaba,,,,,CB1792,,LR
CB1794,8,cb_intrinsic,,,glutamate,,,,,CB1794,,LR
CB1795,4,cb_intrinsic,,,acetylcholine,,,,,CB1795,,LR
CB1803,4,cb_intrinsic,,,acetylcholine,,,,,CB1803,,LR
CB1804,4,cb_intrinsic,,,acetylcholine,,,,,CB1804,,LR
CB1805,10,cb_intrinsic,,,glutamate,,,,,CB1805,,LR
CB1808,2,cb_intrinsic,,,glutamate,,,,,CB1808,,LR
CB1809,6,cb_intrinsic,,,acetylcholine,,,,,CB1809,,LR
CB1811,4,cb_intrinsic,,,acetylcholine,,,,,CB1811,,LR
CB1812,4,cb_intrinsic,,,glutamate,,,,,CB1812,,LR
CB1815,5,cb_intrinsic,,,glutamate,,,,SMP453,CB1815,,LR
CB1818,4,cb_intrinsic,,,acetylcholine,,,,,CB1818,,LR
CB1821,3,cb_intrinsic,,,gaba,,,,,CB1821,,LR
CB1823,5,cb_intrinsic,,,glutamate,,,,,CB1823,,LR
CB1824,12,cb_intrinsic,ALLN,,gaba,,,DC,,CB1824,,LR
CB1833,9,cb_intrinsic,,,glutamate,,,,,CB1833,,LR
CB1834,4,cb_intrinsic,,,acetylcholine,,,,,CB1834,,LR
CB1836,9,cb_intrinsic,,,glutamate,,,,,CB1836,,LR
CB1838,8,cb_intrinsic,,,gaba,,,,,CB1838,,LR
CB1841,4,cb_intrinsic,,,acetylcholine,,,,,CB1841,,LR
CB1842,2,cb_intrinsic,,,acetylcholine,,,CG,,CB1842,,LR
CB1844,5,cb_intrinsic,,,glutamate,,,,,CB1844,,LR
CB1846,4,cb_intrinsic,,,glutamate,,,,,CB1846,,LR
CB1849,4,cb_intrinsic,,,acetylcholine,,,,,CB1849,,LR
CB1850,5,cb_intrinsic,,,glutamate,,,CG,,CB1850,,LR
CB1852,9,cb_intrinsic,,,acetylcholine,,fru_high,,,CB1852,Cachero 2010: aIP-e; Yu 2010: aSP9; Ruta 2010: LC2,LR
CB1853,4,cb_intrinsic,,,glutamate,,,,,CB1853,,LR
CB1856,3,cb_intrinsic,,,acetylcholine,,,,,CB1856,,LR
CB1858,2,cb_intrinsic,,,unclear,,,,,CB1858,,LR
CB1866,2,cb_intrinsic,,,acetylcholine,,fru_low,,"CRE084,SMP474",CB1866,Cachero 2010: pMP-a; Yu 2010: pMP5,LR
CB1871,2,cb_intrinsic,,,glutamate,,,,,CB1871,,LR
CB1874,2,cb_intrinsic,,,glutamate,,,,"LHPV4b6,LHPV4b8",CB1874,,L
CB1876,25,cb_intrinsic,,,acetylcholine,,,,,CB1876,,LR
CB1879,2,cb_intrinsic,,,acetylcholine,,,,,CB1879,,LR
CB1883,3,cb_intrinsic,,,acetylcholine,,fru_low,,,CB1883,,LR
CB1884,7,cb_intrinsic,,,glutamate,,,,,CB1884,,LR
CB1885,7,cb_intrinsic,,,acetylcholine,,,,,CB1885,,LR
CB1891b,2,cb_intrinsic,,,gaba,,,,,CB1891b,,LR
CB1895,4,cb_intrinsic,,,acetylcholine,,,,,CB1895,,LR
CB1896,6,cb_intrinsic,,,acetylcholine,,,,,CB1896,,LR
CB1897,8,cb_intrinsic,,,acetylcholine,,,,,CB1897,,LR
CB1899,6,cb_intrinsic,,,glutamate,,,,"SLP335,SLP336",CB1899,,LR
CB1901,9,cb_intrinsic,,,acetylcholine,,,,"LHPV5h3,LHPV5j4",CB1901,,LR
CB1902,2,cb_intrinsic,,,acetylcholine,,,,,CB1902,,LR
CB1903,3,cb_intrinsic,,,acetylcholine,,,,,CB1903,,LR
CB1908,3,cb_intrinsic,,,acetylcholine,,,,,CB1908,,LR
CB1909,8,cb_intrinsic,,,acetylcholine,,,,,CB1909,,LR
CB1910,2,cb_intrinsic,,,acetylcholine,,,,,CB1910,,LR
CB1911,3,cb_intrinsic,,,glutamate,,,,,CB1911,,LR
CB1914,4,cb_intrinsic,,,acetylcholine,,fru_high,,,CB1914,,LR
CB1918,11,cb_intrinsic,,,gaba,,,LB,,CB1918,,LR
CB1920,1,cb_intrinsic,,,acetylcholine,,fru_low,,,CB1920,,L
CB1923,11,cb_intrinsic,,,acetylcholine,,,,,CB1923,,LR
CB1924,4,cb_intrinsic,,,acetylcholine,,,,,CB1924,,LR
CB1926,1,cb_intrinsic,,,glutamate,,,,SMP453,CB1926,,L
CB1927,2,cb_intrinsic,,,gaba,,,,,CB1927,,LR
CB1931,2,cb_intrinsic,,,glutamate,,,,,CB1931,,LR
CB1932,10,cb_intrinsic,,,acetylcholine,,,,,CB1932,,LR
CB1934,2,cb_intrinsic,,,acetylcholine,,,CG,,CB1934,,LR
CB1935,3,cb_intrinsic,,,glutamate,,,,,CB1935,,LR
CB1938,3,cb_intrinsic,,,acetylcholine,,,CG,,CB1938,,LR
CB1942,4,cb_intrinsic,,,gaba,,,TC,,CB1942,,LR
CB1945,4,cb_intrinsic,,,glutamate,,,,"LHPD4d2_a,LHPD4d2_b",CB1945,,LR
CB1946,2,cb_intrinsic,,,glutamate,,,,,CB1946,,LR
CB1948,7,cb_intrinsic,,,gaba,,,TC,,CB1948,,LR
CB1949,3,cb_intrinsic,,,unclear,,,,,CB4125,,LR
CB1950,2,cb_intrinsic,,,acetylcholine,,,,,CB1950,,LR
CB1955,6,cb_intrinsic,,,acetylcholine,,,,,CB1955,,LR
CB1956,6,cb_intrinsic,,,acetylcholine,,,,,CB1956,,LR
CB1958,4,cb_intrinsic,,,glutamate,,,,,CB1958,,LR
CB1959,2,cb_intrinsic,,,glutamate,,,,,CB1959,,LR
CB1960,2,cb_intrinsic,,,acetylcholine,,,,,CB1960,,LR
CB1964,18,cb_intrinsic,,,acetylcholine,,,,,CB1964,,LR
CB1973,2,cb_intrinsic,,,acetylcholine,,fru_low,,,CB1973,Cachero 2010: aIP-g; Yu 2010: pIP6,LR
CB1975,8,cb_intrinsic,,,glutamate,,,,,CB1975,,LR
CB1976,2,cb_intrinsic,,,glutamate,,,,,CB1976,,LR
CB1976b,2,cb_intrinsic,,,glutamate,,,,,CB1976,,LR
CB1977,2,cb_intrinsic,,,acetylcholine,,,,"PS043,PS044",CB1977,,LR
CB1980,4,cb_intrinsic,,,acetylcholine,,,,,CB1980,,LR
CB1981,4,cb_intrinsic,,,glutamate,,,CG,,CB1981,,LR
CB1983,6,cb_intrinsic,,,acetylcholine,,,,,CB1983,,LR
CB1984,2,cb_intrinsic,,,glutamate,,,,,CB1984,,LR
CB1985,4,cb_intrinsic,,,acetylcholine,,,TC,,CB1985,,LR
CB1987,4,cb_intrinsic,,,glutamate,,,,,CB1987,,LR
CB1995,2,cb_intrinsic,,,acetylcholine,,,CG,,CB1995,,LR
CB1997,11,cb_intrinsic,,,glutamate,,,,PS289,CB1997,,LR
CB1997_b,2,cb_intrinsic,,,glutamate,,,,PS289,CB1997,,LR
CB2000,5,cb_intrinsic,,,acetylcholine,,,,,CB2000,,LR
CB2003,4,cb_intrinsic,,,glutamate,,,,,CB2003,,LR
CB2004,6,cb_intrinsic,ALPN,,gaba,,,,"M_vPNml56,M_vPNml58",CB2004,,LR
CB2006,4,cb_intrinsic,,,acetylcholine,,fru_low,,,CB2006,,LR
CB2018,1,cb_intrinsic,,,gaba,,,,,CB2018,,L
CB2026,2,cb_intrinsic,,,glutamate,,,CG,,CB2026,,LR
CB2027,5,cb_intrinsic,,,glutamate,,,,,CB2027,,LR
CB2029,2,cb_intrinsic,,,glutamate,,,CG,,CB2029,,LR
CB2032,2,cb_intrinsic,,,acetylcholine,,,,,CB2032,,LR
CB2033,4,cb_intrinsic,,,acetylcholine,,,,,CB2033,,LR
CB2035,6,cb_intrinsic,,,acetylcholine,,fru_low,,,CB2035,,LR
CB2036,1,cb_intrinsic,,,gaba,,,,SLP187,CB2036,,L
CB2037,6,cb_intrinsic,,,acetylcholine,,,,,CB2037,,LR
CB2038,6,cb_intrinsic,,,gaba,,,,,CB2773,,LR
CB2040,4,cb_intrinsic,,,acetylcholine,,,,,CB2040,,LR
CB2041,2,cb_intrinsic,,,acetylcholine,,,,,CB2041,,LR
CB2043,2,cb_intrinsic,,,gaba,,,,,CB2043,,LR
CB2045,4,cb_intrinsic,,,acetylcholine,,,,,CB2045,,LR
CB2047,7,cb_intrinsic,,,acetylcholine,,,,,CB2047,,LR
CB2048,4,cb_intrinsic,,,acetylcholine,,,,,CB2048,,LR
CB2049,5,cb_intrinsic,,,acetylcholine,,,,,CB2049,,LR
CB2050,9,cb_intrinsic,,,acetylcholine,,,,,CB2050,,LR
CB2051,6,cb_intrinsic,,,acetylcholine,,,,,CB2051,,LR
CB2053,3,cb_intrinsic,,,gaba,,,,,CB2053,,LR
CB2059,4,cb_intrinsic,,,glutamate,,,,,CB2059,,LR
CB2064,8,cb_intrinsic,,,glutamate,,,CG,,CB2064,,LR
CB2066,10,cb_intrinsic,,,gaba,,fru_high,,,CB2066,Cachero 2010: aIP-h,LR
CB2074,10,cb_intrinsic,,,glutamate,,,,"CL047,CL050_a",CB2074,,LR
CB2079,2,cb_intrinsic,,,acetylcholine,,,,,CB2079,,LR
CB2081_a,14,cb_intrinsic,,,acetylcholine,,fru_high,,,CB2081,,LR
CB2081_b,4,cb_intrinsic,,,acetylcholine,,fru_high,,,CB2081,,LR
CB2084,4,cb_intrinsic,,,gaba,,,LB,,CB2084,,LR
CB2086,1,cb_intrinsic,,,glutamate,,,,,CB2086,,L
CB2087,4,cb_intrinsic,,,unclear,,,,,CB2087,,LR
CB2088,3,cb_intrinsic,,,acetylcholine,,,,"SIP001,SIP002",CB2088,,LR
CB2089,6,cb_intrinsic,,,acetylcholine,,,,,CB2089,,LR
CB2090,3,cb_intrinsic,,,acetylcholine,,,,,CB2090,,LR
CB2092,2,cb_intrinsic,,,acetylcholine,,,,,CB2092,,LR
CB2093,2,cb_intrinsic,,,acetylcholine,,,,,CB2093,,LR
CB2094,4,cb_intrinsic,,,acetylcholine,,,,"IB075,IB079",CB2094b,,LR
CB2105,4,cb_intrinsic,,,acetylcholine,,,,,CB2105,,LR
CB2107,4,cb_intrinsic,,,gaba,,,,,CB2107,,LR
CB2108,3,cb_intrinsic,,,acetylcholine,,,,,CB2108,,LR
CB2111,2,cb_intrinsic,,,glutamate,,,CG,,CB2111,,LR
CB2113,2,cb_intrinsic,,,acetylcholine,,,,,CB2113,,LR
CB2116,7,cb_intrinsic,,,glutamate,,,,,CB2116,,LR
CB2117,5,cb_intrinsic,,,acetylcholine,,,,,CB2117,,LR
CB2123,5,cb_intrinsic,,,acetylcholine,,,CG,"SMP463,SMP464",CB2123,,LR
CB2127,2,cb_intrinsic,,,acetylcholine,,fru_low,,,CB2127,Cachero 2010: aIP-e; Yu 2010: aSP9; Ruta 2010: LC2,LR
CB2132,2,cb_intrinsic,,,acetylcholine,,,,,CB2132,,LR
CB2133,6,cb_intrinsic,,,acetylcholine,,,,,CB2133,,LR
CB2136,5,cb_intrinsic,,,glutamate,,,,,CB2136,,LR
CB2143,8,cb_intrinsic,,,acetylcholine,,fru_low,,,CB2143,,LR
CB2144,4,cb_intrinsic,,,acetylcholine,,,,,CB2144,,LR
CB2148,10,cb_intrinsic,,,acetylcholine,,,,,CB2148,,LR
CB2151,4,cb_intrinsic,,,gaba,,,,,CB2151,,LR
CB2152,4,cb_intrinsic,,,glutamate,,,,,CB2152,,LR
CB2153,4,cb_intrinsic,,,acetylcholine,,,DC,,CB2153,,LR
CB2154,3,cb_intrinsic,,,glutamate,,,,,CB2154,,LR
CB2171,2,cb_intrinsic,,,acetylcholine,,,,,CB2171,,LR
CB2172,2,cb_intrinsic,,,acetylcholine,,,,,CB2172,,LR
CB2174,4,cb_intrinsic,,,acetylcholine,,,,,CB2174,,LR
CB2175,4,cb_intrinsic,,,gaba,,fru_low,,,CB2175,,LR
CB2178,4,cb_intrinsic,,,acetylcholine,,,,,CB2178,,LR
CB2182,2,cb_intrinsic,,,glutamate,,,,,CB2182,,LR
CB2184,4,cb_intrinsic,,,acetylcholine,,,,,CB2184,,LR
CB2185,4,cb_intrinsic,,,unclear,,,,,CB2185,,LR
CB2189,2,cb_intrinsic,,,glutamate,,,,,CB2189,,LR
CB2194,3,cb_intrinsic,,,glutamate,,,,,CB2194,,LR
CB2196,6,cb_intrinsic,,,glutamate,,,,"SLP261,SLP262",CB2196,,LR
CB2200,3,cb_intrinsic,,,acetylcholine,,,,,CB2200,,LR
CB2202,1,cb_intrinsic,,,acetylcholine,,,,,CB2202,,R
CB2205,4,cb_intrinsic,,,acetylcholine,,,,,CB2205,,LR
CB2206,2,cb_intrinsic,,,acetylcholine,,,,,CB2206,,LR
CB2207,7,cb_intrinsic,,,acetylcholine,,,,,CB2207,,LR
CB2208,8,cb_intrinsic,,,acetylcholine,,,,,CB2208,,LR
CB2224,5,cb_intrinsic,,,acetylcholine,,,,,CB2224,,LR
CB2226,4,cb_intrinsic,,,acetylcholine,,,,,CB2226,,LR
CB2227,3,cb_intrinsic,,,acetylcholine,,,,,CB2227,,LR
CB2228,5,cb_intrinsic,,,gaba,,,TC,,CB2228,,LR
CB2229,4,cb_intrinsic,,,glutamate,,,,CL355,CB2229,,LR
CB2230,3,cb_intrinsic,,,glutamate,,,,,CB2230,,LR
CB2232,2,cb_intrinsic,,,glutamate,,,,,CB2232,,LR
CB2235,4,cb_intrinsic,,,gaba,,,LB,,CB2235,,LR
CB2244,1,cb_intrinsic,,,glutamate,,,,,CB2244,,R
CB2245,4,cb_intrinsic,,,gaba,,,,,CB2245,,LR
CB2246,7,cb_intrinsic,,,acetylcholine,,,,,CB2246,,LR
CB2251,5,cb_intrinsic,,,gaba,,,,"AVLP466,AVP467",CB2251,,LR
CB2252,9,cb_intrinsic,,,glutamate,,,,,CB2252,,LR
CB2254,1,cb_intrinsic,,,gaba,,,,,CB2254,,R
CB2257,4,cb_intrinsic,,,acetylcholine,,,CG,,CB2257,,LR
CB2259,1,cb_intrinsic,,,glutamate,,,,,CB2259,,R
CB2262,5,cb_intrinsic,,,glutamate,,,,,CB2262,,LR
CB2269,5,cb_intrinsic,,,glutamate,,,,,CB2269,,LR
CB2270,4,cb_intrinsic,,,acetylcholine,,,,,CB2270,,LR
CB2280,2,cb_intrinsic,,,glutamate,,,,,CB2280,,LR
CB2281,2,cb_intrinsic,,,acetylcholine,,,,,CB2281,,LR
CB2285,8,cb_intrinsic,,,acetylcholine,,,,,CB2285,,LR
CB2286,3,cb_intrinsic,,,acetylcholine,,,,,CB2286,,LR
CB2290,10,cb_intrinsic,,,glutamate,,,CG,,CB2290,,LR
CB2292,10,cb_intrinsic,,,unclear,,,,,CB2292,,LR
CB2294,4,cb_intrinsic,,,acetylcholine,,,,,CB2294,,LR
CB2295,3,cb_intrinsic,,,acetylcholine,,,,,CB2295,,LR
CB2298,5,cb_intrinsic,,,glutamate,,,,,CB2298,,LR
CB2300,4,cb_intrinsic,,,acetylcholine,,,,"CL163,CL164",CB2300,,LR
CB2302,5,cb_intrinsic,,,glutamate,,,,,CB2302,,LR
CB2309,4,cb_intrinsic,,,acetylcholine,,,,,CB2309,,LR
CB2310,4,cb_intrinsic,,,acetylcholine,,,,"SMP195,SMP197",CB2310,,LR
CB2311,2,cb_intrinsic,,,acetylcholine,,,,SLP229,CB2311,,LR
CB2315,4,cb_intrinsic,,,glutamate,,,,,CB2315,,LR
CB2316,2,cb_intrinsic,,,acetylcholine,,,,,CB2316,,LR
CB2319,1,cb_intrinsic,,,acetylcholine,,,,CL297,CB2319,,L
CB2321,4,cb_intrinsic,,,acetylcholine,,,,AVLP233,CB2321,,LR
CB2323,2,cb_intrinsic,,,acetylcholine,,,,,CB2323,,LR
CB2330,2,cb_intrinsic,,,acetylcholine,,,,,CB2330,,LR
CB2337,4,cb_intrinsic,,,glutamate,,,,,CB2337,,LR
CB2339,4,cb_intrinsic,,,acetylcholine,,,CG,,CB2339,,LR
CB2342,10,cb_intrinsic,,,glutamate,,,,,CB2342,,LR
CB2343,8,cb_intrinsic,,,glutamate,,,,,CB2343,,LR
CB2346,7,cb_intrinsic,,,glutamate,,,,,CB2346,,LR
CB2347,2,cb_intrinsic,,,acetylcholine,,,,,CB2347,,LR
CB2348,3,cb_intrinsic,,,acetylcholine,,,,,CB2348,,LR
CB2351,2,cb_intrinsic,,,gaba,,,LB,,CB2351,,LR
CB2357,2,cb_intrinsic,,,gaba,,,,,CB2357,,LR
CB2361,3,cb_intrinsic,,,acetylcholine,,,,,CB2361,,LR
CB2363,2,cb_intrinsic,,,glutamate,,,,,CB2363,,LR
CB2365,4,cb_intrinsic,,,acetylcholine,,,,,CB2365,,LR
CB2366,2,cb_intrinsic,,,acetylcholine,,,,,CB2366,,LR
CB2371,2,cb_intrinsic,,,acetylcholine,,,,,CB2371,,LR
CB2373,2,cb_intrinsic,,,acetylcholine,,,,,CB2373,,LR
CB2374,2,cb_intrinsic,,,glutamate,,,,,CB2374,,LR
CB2377,4,cb_intrinsic,,,acetylcholine,,,,,CB2377,,LR
CB2379,3,cb_intrinsic,,,acetylcholine,,,,,CB2379,,LR
CB2380,4,cb_intrinsic,,,gaba,,fru_high,MD,,CB2380,Vaughan 2014: aLN(al),LR
CB2389,3,cb_intrinsic,,,gaba,,,MX,,CB2389,,LR
CB2390,2,cb_intrinsic,,,acetylcholine,,,,,CB2390,,LR
CB2396,5,cb_intrinsic,,,gaba,,,,,CB2396,,LR
CB2398,5,cb_intrinsic,,,acetylcholine,,,,"SIP051,SLP331",CB2398,,LR
CB2401,4,cb_intrinsic,,,glutamate,,,,,CB2401,,LR
CB2404,7,cb_intrinsic,,,acetylcholine,,,,,CB2404,,LR
CB2408,2,cb_intrinsic,,,acetylcholine,,,,,CB2408,,LR
CB2411,1,cb_intrinsic,,,glutamate,,fru_high,,"SMP070,SMP071,SMP072,SMP073",CB2411,,L
CB2412,4,cb_intrinsic,,,acetylcholine,,,,,CB2412,,LR
CB2416,1,cb_intrinsic,,,acetylcholine,,,,,CB2416,,R
CB2420,2,cb_intrinsic,,,gaba,,,,,CB2420,,LR
CB2425,3,cb_intrinsic,,,gaba,,fru_low,,,CB2425,,LR
CB2430,2,cb_intrinsic,,,gaba,,fru_low,,,CB2430,Cachero 2010: aIP-h,LR
CB2431,6,cb_intrinsic,,,gaba,,,MX,,CB2431,,LR
CB2433,8,cb_intrinsic,,,acetylcholine,,,,,CB2433,,LR
CB2437,2,cb_intrinsic,,,glutamate,,,,,CB2437,,LR
CB2440,9,cb_intrinsic,,,gaba,,,MX,,CB2440,,LR
CB2442,2,cb_intrinsic,,,acetylcholine,,,,,CB2442,,LR
CB2447,2,cb_intrinsic,,,acetylcholine,,fru_high,,,CB2447,,LR
CB2448,9,cb_intrinsic,,,gaba,,,,,CB2448,,LR
CB2453,4,cb_intrinsic,,,acetylcholine,,,,,CB2453,,LR
CB2458,3,cb_intrinsic,,,acetylcholine,,,,,CB2458,,LR
CB2459,4,cb_intrinsic,,,glutamate,,,,,CB2459,,LR
CB2462,2,cb_intrinsic,,,glutamate,,,,,CB2462,,LR
CB2463,4,cb_intrinsic,,,unclear,,,,,CB2463,,LR
CB2465,2,cb_intrinsic,,,glutamate,,,TC,,CB2465,,LR
CB2467,7,cb_intrinsic,,,acetylcholine,,,CG,,CB2467,,LR
CB2469,6,cb_intrinsic,,,gaba,,,,,CB2469,,LR
CB2471,5,cb_intrinsic,ALLN,,unclear,,,DC,,CB2471,,LR
CB2472,5,cb_intrinsic,,,acetylcholine,,,,,CB2472,,LR
CB2475,2,cb_intrinsic,,,acetylcholine,,,DC,,CB2475,,LR
CB2478,2,cb_intrinsic,,,acetylcholine,,fru_low,,,CB2478,Cachero 2010: aIP-g; Yu 2010: pIP6,LR
CB2479,8,cb_intrinsic,,,acetylcholine,,,,,CB2479,,LR
CB2480,6,cb_intrinsic,,,gaba,,,,,CB2480,,LR
CB2481,4,cb_intrinsic,,,acetylcholine,,,,AVLP183,CB2481,,LR
CB2489,2,cb_intrinsic,,,acetylcholine,,,,,CB2489,,LR
CB2491,3,cb_intrinsic,,,acetylcholine,,,,,CB2491,,LR
CB2494,6,cb_intrinsic,,,acetylcholine,,,,"PLP107,PLP110",CB2494,,LR
CB2495,2,cb_intrinsic,,,unclear,,,,,CB2495,,R
CB2497,4,cb_intrinsic,,,acetylcholine,,,,"PS043,PS044",CB2497,,LR
CB2498,5,cb_intrinsic,,,acetylcholine,,,,,CB2498,,LR
CB2500,2,cb_intrinsic,,,glutamate,,,,,CB2500,,LR
CB2501,6,cb_intrinsic,,,acetylcholine,,,,,CB2501,,LR
CB2503,6,cb_intrinsic,,,acetylcholine,,,,,CB2503,,LR
CB2507,7,cb_intrinsic,,,glutamate,,,,,CB2507,,LR
CB2512,2,cb_intrinsic,,,acetylcholine,,,,AVLP331,CB2512,,LR
CB2514,5,cb_intrinsic,,,acetylcholine,,fru_low,,,CB2514,,LR
CB2517,3,cb_intrinsic,,,glutamate,,,,,CB2517,,LR
CB2518,3,cb_intrinsic,,,acetylcholine,,,,,CB2518,,LR
CB2521,2,cb_intrinsic,,,acetylcholine,,,DC,,CB2521,,LR
CB2522,5,cb_intrinsic,,,acetylcholine,,,CG,"LHAV1b4,LHAV1c1",CB2522,,LR
CB2523,3,cb_intrinsic,,,acetylcholine,,,,,CB2523,,LR
CB2530,2,cb_intrinsic,,,glutamate,,,,,CB2530,,LR
CB2535,2,cb_intrinsic,,,acetylcholine,,,,,CB2535,,LR
CB2537,2,cb_intrinsic,,,acetylcholine,,,,,CB2537,,LR
CB2538,4,cb_intrinsic,,,acetylcholine,,,CG,,CB2538,,LR
CB2539,9,cb_intrinsic,,,gaba,,,,"SMP300,SMP301",CB2539,,LR
CB2545,1,cb_intrinsic,,,acetylcholine,,,,,CB2545,,R
CB2549,1,cb_intrinsic,,,acetylcholine,,,,,CB2549,,R
CB2550,5,cb_intrinsic,,,acetylcholine,,,,"SIP001,SIP002",CB2550,,LR
CB2551b,4,cb_intrinsic,,,acetylcholine,,,TC,,CB2551b,,LR
CB2555,2,cb_intrinsic,,,acetylcholine,,,,,CB2555,,LR
CB2558,13,cb_intrinsic,,,acetylcholine,,,DC,,CB2558,,LR
CB2559,4,cb_intrinsic,,,acetylcholine,,,CG,,CB2559,,LR
CB2561,2,cb_intrinsic,ALPN,,gaba,,,,,CB2561,,LR
CB2563,2,cb_intrinsic,,,acetylcholine,,,,,CB2563,,LR
CB2572,9,cb_intrinsic,,,acetylcholine,,fru_low,,"SMP349,SMP351",CB2572a,,LR
CB2577,1,cb_intrinsic,,,glutamate,,,,,CB2577,,L
CB2584,4,cb_intrinsic,,,glutamate,,,,,CB2584,,LR
CB2585,6,cb_intrinsic,,,acetylcholine,,fru_high,,,CB2585,,LR
CB2589,6,cb_intrinsic,ALPN,,gaba,,,,"M_vPNml78,M_vPNml89",CB2589,,LR
CB2592,7,cb_intrinsic,,,acetylcholine,,,,,CB2592,,LR
CB2595,2,cb_intrinsic,,,acetylcholine,,,,,CB2595,,LR
CB2596,4,cb_intrinsic,,,acetylcholine,,,,,CB2596,,LR
CB2599,2,cb_intrinsic,,,acetylcholine,,,,,CB2599,,LR
CB2600,6,cb_intrinsic,,,glutamate,,,,,CB2600,,LR
CB2620,2,cb_intrinsic,,,gaba,,,,,CB2620,,LR
CB2623,2,cb_intrinsic,,,acetylcholine,,,,,CB2623,,LR
CB2624,4,cb_intrinsic,,,acetylcholine,,,,,CB2624,,LR
CB2625,8,cb_intrinsic,,,acetylcholine,,,,,CB2625,,LR
CB2627,2,cb_intrinsic,,,acetylcholine,,,,,CB2627,,LR
CB2630,2,cb_intrinsic,,,gaba,,,,,CB2630,,LR
CB2633,4,cb_intrinsic,,,acetylcholine,,,,,CB2633,,LR
CB2636,6,cb_intrinsic,,,acetylcholine,,fru_high,,,CB2636,Cachero 2010: aDT-h; Yu 2010: aDT6,LR
CB2638,6,cb_intrinsic,,,acetylcholine,,,,,CB2638,,LR
CB2642,7,cb_intrinsic,,,acetylcholine,,,,,CB2642,,LR
CB2646,2,cb_intrinsic,,,acetylcholine,,,,,CB2646,,LR
CB2648,2,cb_intrinsic,,,glutamate,,,,,CB2648,,LR
CB2653,2,cb_intrinsic,,,glutamate,,,CG,,CB2653,,LR
CB2655,4,cb_intrinsic,,,acetylcholine,,,,"AVLP335,AVLP336",CB2655,,LR
CB2659,5,cb_intrinsic,,,acetylcholine,,,,,CB2659,,LR
CB2660,1,cb_intrinsic,,,acetylcholine,,,,,CB2660,,R
CB2664,4,cb_intrinsic,,,acetylcholine,,,DC,,CB2664,,LR
CB2667,5,cb_intrinsic,,,acetylcholine,,,,,CB2667,,LR
CB2671,4,cb_intrinsic,,,glutamate,,,,,CB2671,,LR
CB2672,1,cb_intrinsic,,,acetylcholine,,,,,CB2672,,R
CB2674,5,cb_intrinsic,,,acetylcholine,,,,,CB2674,,LR
CB2676,2,cb_intrinsic,,,gaba,,fru_high,,,CB2676,Cachero 2010: aIP-a,LR
CB2678,8,cb_intrinsic,,,gaba,,,,,CB2678,,LR
CB2679,5,cb_intrinsic,,,acetylcholine,,,,,CB2679,,LR
CB2681,2,cb_intrinsic,,,gaba,,,,,CB2681,,LR
CB2682,2,cb_intrinsic,,,acetylcholine,,,,,CB2682,,LR
CB2684,1,cb_intrinsic,,,acetylcholine,,,,,CB2684,,L
CB2685,13,cb_intrinsic,,,acetylcholine,,,,,CB2685,,LR
CB2687,5,cb_intrinsic,,,acetylcholine,,,,"LHAV6a10,LHAV6f2,LHAV6f1_b",CB2687,,LR
CB2688,4,cb_intrinsic,,,acetylcholine,,,,"LHAV6a10,LHAV6f2,LHAV6f1_b",CB2688,,LR
CB2689,2,cb_intrinsic,,,acetylcholine,,,,,CB2689,,LR
CB2691,2,cb_intrinsic,,,gaba,,,,,CB2691,,LR
CB2693,7,cb_intrinsic,,,acetylcholine,,,,,CB2693,,LR
CB2694,6,cb_intrinsic,,,glutamate,,,,PS289,CB2694,,LR
CB2701,5,cb_intrinsic,,,acetylcholine,,,,,CB2701,,LR
CB2702,4,cb_intrinsic,,,acetylcholine,,,TC,,CB2702,,LR
CB2703,6,cb_intrinsic,ALPN,,gaba,,,,,CB2703,,LR
CB2706,2,cb_intrinsic,,,acetylcholine,,,,,CB2706,,LR
CB2710,1,cb_intrinsic,,,acetylcholine,,,,,CB2710,,L
CB2711,4,cb_intrinsic,ALPN,,gaba,,,,,CB2711,,LR
CB2713,4,cb_intrinsic,,,acetylcholine,,,,,CB2713,,LR
CB2714,2,cb_intrinsic,,,acetylcholine,,,,"LHAV6a10,LHAV6f2,LHAV6f1_b",CB2714,,LR
CB2719,4,cb_intrinsic,,,acetylcholine,,,,,CB2719,,LR
CB2720,8,cb_intrinsic,,,acetylcholine,,,,"SMP365,SMP366",CB2720,,LR
CB2721,3,cb_intrinsic,,,glutamate,,,,,CB2721,,LR
CB2725,2,cb_intrinsic,,,glutamate,,,CG,,CB2725,,LR
CB2733,3,cb_intrinsic,,,glutamate,,,CG,,CB2733,,LR
CB2736,3,cb_intrinsic,,,glutamate,,,,,CB2736,,LR
CB2737,3,cb_intrinsic,,,acetylcholine,,,,,CB2737,,LR
CB2743,1,cb_intrinsic,,,acetylcholine,,,CG,,CB2743,,R
CB2744,5,cb_intrinsic,,,acetylcholine,,,,,CB2744,,LR
CB2751,2,cb_intrinsic,,,gaba,,fru_low,LB,,CB2751,Cachero 2010: pSG-a,LR
CB2754,4,cb_intrinsic,,,acetylcholine,,fru_low,,"SMP349,SMP351",CB2754,,LR
CB2755,2,cb_intrinsic,,,gaba,,,,,CB2755,,LR
CB2763,5,cb_intrinsic,,,gaba,,fru_low,,,CB2763,Cachero 2010: aSP-k; Yu 2010: aSP8,LR
CB2764,3,cb_intrinsic,,,gaba,,,,LHAV4a3_a,CB2764,,LR
CB2766,2,cb_intrinsic,,,glutamate,,,,,CB2766,,LR
CB2769,5,cb_intrinsic,,,acetylcholine,,,,,CB2769,,LR
CB2770,5,cb_intrinsic,,,gaba,,,,,CB2770,,LR
CB2772,2,cb_intrinsic,ALPN,,gaba,,,,,CB2772,,LR
CB2782,3,cb_intrinsic,,,glutamate,,,CG,,CB2782,,LR
CB2783,2,cb_intrinsic,,,glutamate,,,,,CB2783b,,LR
CB2784,8,cb_intrinsic,,,gaba,,,,,CB2784,,LR
CB2786,4,cb_intrinsic,,,glutamate,,,CG,,CB2786,,LR
CB2787,5,cb_intrinsic,,,acetylcholine,,,,,CB2787,,LR
CB2789,4,cb_intrinsic,,,acetylcholine,,,DC,,CB2789,,LR
CB2790,2,cb_intrinsic,,,glutamate,,,CG,,CB2790,,LR
CB2792,8,cb_intrinsic,,,gaba,,,LB,,CB2792,,LR
CB2797,4,cb_intrinsic,,,acetylcholine,,,,"SLP044_b,SLP044_c,SLP044_e",CB2797,,LR
CB2800,2,cb_intrinsic,,,acetylcholine,,,,,CB2800,,LR
CB2802,1,cb_intrinsic,,,acetylcholine,,,,,CB2802,,R
CB2805,6,cb_intrinsic,,,acetylcholine,,,,"LHAV2i5,LHAV2k3",CB2805,,LR
CB2812,3,cb_intrinsic,,,gaba,,,,,CB2812,,LR
CB2814,10,cb_intrinsic,,,glutamate,,,,,CB2814,,LR
CB2816,4,cb_intrinsic,,,glutamate,,,,,CB2816,,LR
CB2823,8,cb_intrinsic,,,acetylcholine,,,,,CB2823,,LR
CB2824,2,cb_intrinsic,,,gaba,,,TC,,CB2824,,LR
CB2831,7,cb_intrinsic,,,gaba,,,,,CB2831,,LR
CB2845,4,cb_intrinsic,ALLN,,unclear,,,DC,,CB2845,,LR
CB2846,4,cb_intrinsic,,,acetylcholine,,fru_low,,,CB2846,Cachero 2010: aSP-d; Yu 2010: aSP13,LR
CB2851,5,cb_intrinsic,,,gaba,,,,,CB2851,,LR
CB2855,2,cb_intrinsic,,,acetylcholine,,,,,CB2855,,LR
CB2859,4,cb_intrinsic,,,gaba,,,MX,,CB2859,,LR
CB2861,2,cb_intrinsic,,,unclear,,,,,CB2861,,LR
CB2862,2,cb_intrinsic,,,gaba,,,,"LHAV4e5,LHAV4e2_a",CB2862,,LR
CB2863,5,cb_intrinsic,,,acetylcholine,,,,,CB2863,,LR
CB2869,5,cb_intrinsic,,,glutamate,,,,,CB2869,,LR
CB2870,2,cb_intrinsic,,,acetylcholine,,,,,CB2870,,LR
CB2873,6,cb_intrinsic,,,glutamate,,,,,CB2873,,LR
CB2876,6,cb_intrinsic,,,acetylcholine,,,,,CB2876,,LR
CB2877,2,cb_intrinsic,,,acetylcholine,,,,,CB2877,,LR
CB2880,2,cb_intrinsic,,,gaba,,,,,CB2880,,LR
CB2881,12,cb_intrinsic,,,glutamate,,,,"PLP40,PLP050",CB2881b,,LR
CB2884,4,cb_intrinsic,,,glutamate,,,,,CB2884,,LR
CB2889,1,cb_intrinsic,,,unclear,,,,,CB2889,,R
CB2892,8,cb_intrinsic,,,acetylcholine,,,,,CB2892,,LR
CB2895,3,cb_intrinsic,,,acetylcholine,,,CG,,CB2895,,LR
CB2896,8,cb_intrinsic,,,acetylcholine,,,,,CB2896,,LR
CB2902,2,cb_intrinsic,,,glutamate,,,,,CB2902,,LR
CB2904,4,cb_intrinsic,,,glutamate,,,CG,,CB2904,,LR
CB2906,4,cb_intrinsic,,,gaba,,,,,CB2906,,LR
CB2907,4,cb_intrinsic,,,acetylcholine,,,CG,,CB2907,,LR
CB2908,4,cb_intrinsic,ALLN,,acetylcholine,,,DC,,CB2908,,LR
CB2910,6,cb_intrinsic,,,acetylcholine,,,CG,,CB2910,,LR
CB2912,5,cb_intrinsic,,,gaba,,,LB,,CB2912,,LR
CB2913,2,cb_intrinsic,,,gaba,,,LB,,CB2913,,LR
CB2919,6,cb_intrinsic,,,acetylcholine,,,,,CB2919,,LR
CB2920,5,cb_intrinsic,,,glutamate,,,,,CB2920,,LR
CB2922,2,cb_intrinsic,,,gaba,,,,,CB2922,,LR
CB2927,3,cb_intrinsic,,,acetylcholine,,,CG,,CB2927,,LR
CB2931,5,cb_intrinsic,,,glutamate,,,,,CB2931,,LR
CB2934,6,cb_intrinsic,,,acetylcholine,,,,,CB2934,,LR
CB2935,2,cb_intrinsic,,,acetylcholine,,,,,CB2935,,LR
CB2936,2,cb_intrinsic,,,gaba,,fru_high,,,CB2936,,LR
CB2937,5,cb_intrinsic,,,glutamate,,,,,CB2937,,LR
CB2938,2,cb_intrinsic,,,acetylcholine,,,,,CB2938,,LR
CB2940,2,cb_intrinsic,,,acetylcholine,,,DC,,CB2940,,LR
CB2944,5,cb_intrinsic,,,gaba,,fru_high,LB,,CB2944,,LR
CB2947,2,cb_intrinsic,,,glutamate,,,,,CB2947,,LR
CB2948,2,cb_intrinsic,,,glutamate,,,,,CB2948,,LR
CB2950,8,cb_intrinsic,,,acetylcholine,,,,,CB2950,,LR
CB2952,4,cb_intrinsic,,,glutamate,,,,,CB2952,,LR
CB2953,2,cb_intrinsic,,,glutamate,,,,,CB2953,,LR
CB2954,2,cb_intrinsic,,,glutamate,,,,,CB2954,,LR
CB2955,6,cb_intrinsic,,,glutamate,,,,"SLP200,SLP201",CB2955,,LR
CB2956,2,cb_intrinsic,,,acetylcholine,,,,,CB2956,,LR
CB2958,2,cb_intrinsic,,,unclear,,,,,CB2958,,LR
CB2963,2,cb_intrinsic,,,acetylcholine,,,,,CB2963,,LR
CB2966,4,cb_intrinsic,,,glutamate,,,,,CB2966,,LR
CB2967,5,cb_intrinsic,,,glutamate,,,,,CB2967,,LR
CB2970,2,cb_intrinsic,,,glutamate,,,,,CB2970,,LR
CB2972,4,cb_intrinsic,,,acetylcholine,,,,,CB2972,,LR
CB2975,2,cb_intrinsic,,,acetylcholine,,,,,CB2975,,LR
CB2976,6,cb_intrinsic,,,acetylcholine,,,,,CB2976,,LR
CB2979,3,cb_intrinsic,,,acetylcholine,,,CG,,CB2979,,LR
CB2981,3,cb_intrinsic,,,acetylcholine,,fru_low,,,CB2981,Cachero 2010: aSP-j; Yu 2010: aSP12,LR
CB2982,2,cb_intrinsic,,,glutamate,,,,,CB2982,,LR
CB2983,2,cb_intrinsic,,,gaba,,,,"LHAV4e5,LHAV4e2_a",CB2983,,LR
CB2985,2,cb_intrinsic,,,acetylcholine,,,,,CB2985,,LR
CB2988,4,cb_intrinsic,,,glutamate,,,,,CB2988,,LR
CB2992,3,cb_intrinsic,,,glutamate,,,,,CB2992,,LR
CB2993,2,cb_intrinsic,,,unclear,,,CG,"SMP463,SMP464",CB2993,,LR
CB2995,5,cb_intrinsic,,,glutamate,,,,,CB2995,,LR
CB2996,2,cb_intrinsic,,,glutamate,,,,,CB2996,,LR
CB3001,6,cb_intrinsic,,,acetylcholine,,,,,CB3001,,LR
CB3005,7,cb_intrinsic,,,glutamate,,,,,CB3005,,LR
CB3007,4,cb_intrinsic,ALLN,,gaba,,,DC,,CB3007,,LR
CB3008,1,cb_intrinsic,,,acetylcholine,,,,,CB3008,,L
CB3010,6,cb_intrinsic,,,acetylcholine,,,,,CB3010,,LR
CB3012,4,cb_intrinsic,,,glutamate,,,CG,,CB3012,,LR
CB3013,5,cb_intrinsic,,,unclear,,,,,CB3013,,LR
CB3014,3,cb_intrinsic,,,acetylcholine,,fru_low,,,CB3014,,LR
CB3015,3,cb_intrinsic,,,acetylcholine,,,,,CB3015,,LR
CB3016,7,cb_intrinsic,,,gaba,,,,,CB3016,,LR
CB3019,5,cb_intrinsic,,,acetylcholine,,,,,CB3019,,LR
CB3021,3,cb_intrinsic,,,acetylcholine,,,CG,,CB3021,,LR
CB3023,5,cb_intrinsic,,,acetylcholine,,,,,CB3023,,LR
CB3024,8,cb_intrinsic,,,gaba,,,TC,,CB3024,,LR
CB3030,2,cb_intrinsic,,,acetylcholine,,,,LHAV6a9,CB3030,,LR
CB3036,4,cb_intrinsic,,,gaba,,,,,CB3036,,LR
CB3042,4,cb_intrinsic,,,acetylcholine,,,,,CB3042,,LR
CB3043,7,cb_intrinsic,,,acetylcholine,,,,,CB3043,,LR
CB3044,4,cb_intrinsic,,,acetylcholine,,,,,CB3044,,LR
CB3045,3,cb_intrinsic,,,glutamate,,,,"LHPV4b6,LHPV4b8",CB3045,,R
CB3049,6,cb_intrinsic,,,acetylcholine,,,,,CB3049,,LR
CB3050,7,cb_intrinsic,,,acetylcholine,,,,,CB3050,,LR
CB3051,3,cb_intrinsic,,,gaba,,,,,CB3051,,LR
CB3052,2,cb_intrinsic,,,glutamate,,,,,CB3052,,LR
CB3055,7,cb_intrinsic,,,acetylcholine,,,,,CB3055,,LR
CB3056,6,cb_intrinsic,,,glutamate,,,,,CB3056,,LR
CB3060,2,cb_intrinsic,,,acetylcholine,,,,,CB3060,,LR
CB3065,3,cb_intrinsic,,,gaba,,fru_low,,,CB3065,,LR
CB3067,2,cb_intrinsic,,,acetylcholine,,,,,CB3067,,LR
CB3069,2,cb_intrinsic,,,acetylcholine,,,,,CB3069,,LR
CB3071,1,cb_intrinsic,,,glutamate,,,,,CB3071,,L
CB3074,3,cb_intrinsic,,,acetylcholine,,,,,CB3074,,LR
CB3075,5,cb_intrinsic,,,acetylcholine,,,,,CB3075,,LR
CB3076,2,cb_intrinsic,,,acetylcholine,,,,,CB3076,,LR
CB3080,4,cb_intrinsic,,,glutamate,,,,,CB3080,,LR
CB3081,4,cb_intrinsic,,,acetylcholine,,,,,CB3081,,LR
CB3084,1,cb_intrinsic,,,glutamate,,,,,CB3084,,R
CB3089,2,cb_intrinsic,,,acetylcholine,,,,,CB3089,,LR
CB3093,2,cb_intrinsic,,,acetylcholine,,,,"SMP363,SMP364",CB3093,,LR
CB3098,2,cb_intrinsic,,,acetylcholine,,,,,CB3098,,LR
CB3103,5,cb_intrinsic,,,gaba,,,MX,,CB3103,,LR
CB3104,6,cb_intrinsic,,,acetylcholine,,,,,CB3104,,LR
CB3109,3,cb_intrinsic,,,unclear,,,,,CB3109,,LR
CB3113,2,cb_intrinsic,,,acetylcholine,,,,"PS255,PS256,PS257,PS258",CB3113,,LR
CB3118,6,cb_intrinsic,,,glutamate,,fru_low,,,CB3118,Cachero 2010: pSP-b; Yu 2010: pSP2/3,LR
CB3120,2,cb_intrinsic,,,acetylcholine,,,,,CB3120,,LR
CB3121,4,cb_intrinsic,,,acetylcholine,,,,,CB3121,,LR
CB3124,2,cb_intrinsic,,,acetylcholine,,,,,CB3124,,LR
CB3127,1,cb_intrinsic,,,acetylcholine,,fru_low,,,CB3127,Cachero 2010: aSP-j; Yu 2010: aSP12,L
CB3132,2,cb_intrinsic,,,acetylcholine,,,,,CB3132,,LR
CB3133,2,cb_intrinsic,,,acetylcholine,,,,,CB3133,,LR
CB3135,3,cb_intrinsic,,,glutamate,,,,,CB3135,,LR
CB3140,6,cb_intrinsic,,,acetylcholine,,,,,CB3140,,LR
CB3141,4,cb_intrinsic,,,glutamate,,,,,CB3141,,LR
CB3142,2,cb_intrinsic,,,acetylcholine,,,,,CB3142,,LR
CB3143,4,cb_intrinsic,,,glutamate,,,,,CB3143,,LR
CB3147,2,cb_intrinsic,,,acetylcholine,,,,,CB3147,,LR
CB3162,1,cb_intrinsic,,,acetylcholine,,fru_high,,,CB3162,,L
CB3168,3,cb_intrinsic,,,glutamate,,,,,CB3168,,LR
CB3172,3,cb_intrinsic,ALLN,,unclear,,,,,CB3172,,LR
CB3173,4,cb_intrinsic,,,acetylcholine,,,,,CB3173,,LR
CB3175,2,cb_intrinsic,,,glutamate,,,,,CB3175,,LR
CB3184,4,cb_intrinsic,,,acetylcholine,,,,,CB3184,,LR
CB3185,3,cb_intrinsic,,,glutamate,,fru_high,,,CB3185,,LR
CB3187,2,cb_intrinsic,,,glutamate,,,,,CB3187,,LR
CB3197,2,cb_intrinsic,,,glutamate,,,,,CB3197,,LR
CB3201,4,cb_intrinsic,,,acetylcholine,,,,,CB3201,,LR
CB3202,5,cb_intrinsic,ALLN,,acetylcholine,,fru_low,DC,,CB3202,,LR
CB3204,2,cb_intrinsic,,,acetylcholine,,,,,CB3204,,LR
CB3207,6,cb_intrinsic,,,gaba,,,MD,,CB3207,,LR
CB3208,4,cb_intrinsic,,,acetylcholine,,,,,CB3208,,LR
CB3209,2,cb_intrinsic,,,acetylcholine,,,,,CB3209,,LR
CB3212,1,cb_intrinsic,,,acetylcholine,,,,,CB3212,,R
CB3218,4,cb_intrinsic,,,acetylcholine,,,,,CB3218,,LR
CB3220,2,cb_intrinsic,,,acetylcholine,,,,,CB3220,,LR
CB3221,2,cb_intrinsic,,,glutamate,,,,,CB3221,,LR
CB3228,3,cb_intrinsic,ALPN,,gaba,,,,,CB3228,,LR
CB3233,4,cb_intrinsic,,,acetylcholine,,,,"AVLP367,AVLP368",CB3233,,LR
CB3236,4,cb_intrinsic,,,glutamate,,,,,CB3236,,LR
CB3240,2,cb_intrinsic,,,acetylcholine,,,,,CB3240,,LR
CB3245,4,cb_intrinsic,,,gaba,,,TC,,CB3245,,LR
CB3249,2,cb_intrinsic,,,glutamate,,,,,CB3249,,LR
CB3250,2,cb_intrinsic,,,acetylcholine,,,,"CRE084,SMP474",CB3250,,LR
CB3252,7,cb_intrinsic,,,glutamate,,fru_low,,,CB3252,Cachero 2010: pSP-b; Yu 2010: pSP2/3,LR
CB3255,4,cb_intrinsic,,,acetylcholine,,,,,CB3255,,LR
CB3261,8,cb_intrinsic,,,acetylcholine,,,,,CB3261,,LR
CB3264,3,cb_intrinsic,,,acetylcholine,,,,,CB3264,,LR
CB3268,4,cb_intrinsic,,,glutamate,,,,"SLP335,SLP336",CB3268,,LR
CB3269,4,cb_intrinsic,,,acetylcholine,,fru_low,,,CB3269,Cachero 2010: aIP-b,LR
CB3274,2,cb_intrinsic,,,acetylcholine,,,CG,,CB3274,,LR
CB3276,2,cb_intrinsic,,,acetylcholine,,,,,CB3276,,LR
CB3277,2,cb_intrinsic,,,acetylcholine,,,,,CB3277,,LR
CB3278,2,cb_intrinsic,,,glutamate,,,CG,,CB3278,,LR
CB3281,2,cb_intrinsic,,,glutamate,,,,,CB3281,,LR
CB3287b,4,cb_intrinsic,,,acetylcholine,,,,,CB3287b,,LR
CB3288,4,cb_intrinsic,,,glutamate,,,CG,,CB3288,,LR
CB3293,5,cb_intrinsic,,,acetylcholine,,,,,CB3293,,LR
CB3297,2,cb_intrinsic,,,gaba,,,,,CB3297,,LR
CB3302,4,cb_intrinsic,,,acetylcholine,,,CG,,CB3302,,LR
CB3305,3,cb_intrinsic,,,acetylcholine,,,,,CB3305,,LR
CB3308,8,cb_intrinsic,,,acetylcholine,,,,,CB3308,,LR
CB3316,2,cb_intrinsic,,,acetylcholine,,,,,CB3316,,LR
CB3318,4,cb_intrinsic,,,acetylcholine,,,,,CB3318,,LR
CB3319,2,cb_intrinsic,,,acetylcholine,,,,LHAV6a9,CB3319,,LR
CB3320,6,cb_intrinsic,,,gaba,,,MD,,CB3320,,LR
CB3322,4,cb_intrinsic,,,acetylcholine,,,CG,,CB3322,,LR
CB3323,2,cb_intrinsic,,,gaba,,,,,CB3323,,LR
CB3326,2,cb_intrinsic,ALLN,,unclear,,,,,CB3326,,LR
CB3329,7,cb_intrinsic,,,acetylcholine,,,,,CB3329,,LR
CB3332,1,cb_intrinsic,,,acetylcholine,,,,,CB3332,,R
CB3339,4,cb_intrinsic,,,acetylcholine,,fru_low,,,CB3339,,LR
CB3340,4,cb_intrinsic,,,acetylcholine,,,,,CB3340,,LR
CB3343,2,cb_intrinsic,,,acetylcholine,,,,,CB3343,,LR
CB3347,2,cb_intrinsic,,,acetylcholine,,,,LHAV6a9,CB3347,,LR
CB3357,4,cb_intrinsic,,,acetylcholine,,,,,CB3357,,LR
CB3358,2,cb_intrinsic,,,acetylcholine,,,,,CB3358,,LR
CB3360,5,cb_intrinsic,,,glutamate,,,,,CB3360,,LR
CB3361,2,cb_intrinsic,,,glutamate,,,,,CB3361,,LR
CB3362,2,cb_intrinsic,,,glutamate,,,,,CB3362,,LR
CB3364,5,cb_intrinsic,,,acetylcholine,,,,,CB3364,,LR
CB3373,2,cb_intrinsic,,,acetylcholine,,,,,CB3373,,LR
CB3374,4,cb_intrinsic,,,acetylcholine,,,,,CB3374,,LR
CB3376,4,cb_intrinsic,,,acetylcholine,,,CG,,CB3376,,LR
CB3381,2,cb_intrinsic,,,gaba,,,MD,,CB3381,,LR
CB3383,1,cb_intrinsic,ALPN,,acetylcholine,,,TC,,CB3383,,L
CB3384,2,cb_intrinsic,,,glutamate,,,,,CB3384,,LR
CB3391,5,cb_intrinsic,,,glutamate,,,,,CB3391,,LR
CB3393,3,cb_intrinsic,,,glutamate,,,,,CB3393,,LR
CB3394,2,cb_intrinsic,,,gaba,,,,,CB3394,,LR
CB3396,2,cb_intrinsic,,,glutamate,,,,,CB3396,,LR
CB3399,4,cb_intrinsic,,,glutamate,,,,,CB3399,,LR
CB3400,2,cb_intrinsic,,,acetylcholine,,,,,CB3400,,LR
CB3402,2,cb_intrinsic,,,acetylcholine,,,,AVLP183,CB3402,,LR
CB3404,3,cb_intrinsic,,,acetylcholine,,,,,CB3404,,LR
CB3407,1,cb_intrinsic,,,acetylcholine,,,,,CB3407,,R
CB3409,3,cb_intrinsic,,,acetylcholine,,,,,CB3409,,LR
CB3411,2,cb_intrinsic,,,gaba,,,,,CB3411,,LR
CB3414,3,cb_intrinsic,,,acetylcholine,,,,,CB3414,,LR
CB3417,10,cb_intrinsic,ALLN,,unclear,,,,,CB3417,,LR
CB3419,4,cb_intrinsic,,,gaba,,,,,CB3419,,LR
CB3427,2,cb_intrinsic,,,acetylcholine,,,CG,,CB3427,,LR
CB3433,2,cb_intrinsic,,,acetylcholine,,,,,CB3433,,LR
CB3435,4,cb_intrinsic,,,acetylcholine,,,,,CB3435,,LR
CB3437,2,cb_intrinsic,,,acetylcholine,,,DC,,CB3437,,LR
CB3439,6,cb_intrinsic,,,glutamate,,,,,CB3439,,LR
CB3441,2,cb_intrinsic,,,acetylcholine,,fru_low,,,CB3441,Cachero 2010: aSP-d; Yu 2010: aSP13,LR
CB3445,4,cb_intrinsic,,,acetylcholine,,,CG,,CB3445,,LR
CB3446,5,cb_intrinsic,,,acetylcholine,,,,,CB3446,,LR
CB3447,5,cb_intrinsic,ALPN,,gaba,,fru_low,,"M_vPNml61,M_vPNml62",CB3447,Cachero 2010: aDT-f,LR
CB3450,4,cb_intrinsic,,,acetylcholine,,,,,CB3450,,LR
CB3453,2,cb_intrinsic,,,gaba,,,,,CB3453,,LR
CB3459,2,cb_intrinsic,,,acetylcholine,,,,,CB3459,,LR
CB3464,8,cb_intrinsic,,,glutamate,,,,"SLP261,SLP262",CB3464,,LR
CB3466,4,cb_intrinsic,,,acetylcholine,,,,,CB3466,,LR
CB3469,3,cb_intrinsic,,,acetylcholine,,,,,CB3469,,LR
CB3476,5,cb_intrinsic,,,acetylcholine,,,,,CB3476,,LR
CB3477,2,cb_intrinsic,,,glutamate,,,,,CB3477,,LR
CB3479,4,cb_intrinsic,,,acetylcholine,,,,,CB3479,,LR
CB3488,2,cb_intrinsic,,,acetylcholine,,,,AVLP331,CB3488,,LR
CB3496,3,cb_intrinsic,,,acetylcholine,,,,,CB3496,,LR
CB3498,2,cb_intrinsic,,,acetylcholine,,,,,CB3498,,LR
CB3499,3,cb_intrinsic,,,acetylcholine,,,,,CB3499,,LR
CB3503,6,cb_intrinsic,,,acetylcholine,,,CG,,CB3503,,LR
CB3506,4,cb_intrinsic,,,glutamate,,,,,CB3506,,LR
CB3507,2,cb_intrinsic,,,acetylcholine,,,,,CB3507,,LR
CB3508,2,cb_intrinsic,,,glutamate,,fru_low,,,CB3508,Cachero 2010: pSP-b; Yu 2010: pSP2/3,LR
CB3512,2,cb_intrinsic,,,glutamate,,,,,CB3512,,LR
CB3513,4,cb_intrinsic,,,gaba,,,,,CB3513,,LR
CB3519,3,cb_intrinsic,,,acetylcholine,,,,,CB3519,,LR
CB3523,2,cb_intrinsic,,,acetylcholine,,,,,CB3523,,LR
CB3528,3,cb_intrinsic,,,gaba,,,,"AVLP466,AVP467",CB3528,,LR
CB3530,4,cb_intrinsic,,,acetylcholine,,,CG,,CB3530,,LR
CB3539,3,cb_intrinsic,,,glutamate,,,,,CB3539,,LR
CB3541,4,cb_intrinsic,,,acetylcholine,,,,,CB3541,,LR
CB3544,2,cb_intrinsic,,,gaba,,,,,CB3544,,LR
CB3545,4,cb_intrinsic,,,acetylcholine,,,CG,,CB3545,,LR
CB3548,3,cb_intrinsic,,,acetylcholine,,,,,CB3548,,LR
CB3552,4,cb_intrinsic,,,gaba,,,TC,,CB3552,,LR
CB3553,2,cb_intrinsic,,,glutamate,,,,,CB3553,,LR
CB3556,7,cb_intrinsic,,,acetylcholine,,,,,CB3556,,LR
CB3561,2,cb_intrinsic,,,acetylcholine,,,,,CB3561,,LR
CB3566,2,cb_intrinsic,,,glutamate,,,,,CB3566,,LR
CB3569,4,cb_intrinsic,,,glutamate,,,,,CB3569,,LR
CB3570,2,cb_intrinsic,,,acetylcholine,,,,,CB3570,,LR
CB3574,4,cb_intrinsic,,,glutamate,,,,,CB3574,,LR
CB3576,2,cb_intrinsic,,,acetylcholine,,,,AVLP233,CB3576,,LR
CB3578,4,cb_intrinsic,,,acetylcholine,,,,,CB3578,,LR
CB3581,2,cb_intrinsic,,,acetylcholine,,,DC,,CB3581,,LR
CB3588,2,cb_intrinsic,,,acetylcholine,,,DC,,CB3588,,LR
CB3594,2,cb_intrinsic,,,acetylcholine,,,,,CB3594,,LR
CB3595,2,cb_intrinsic,,,gaba,,,,,CB3595,,LR
CB3598,3,cb_intrinsic,,,acetylcholine,,,CG,,CB3598,,LR
CB3603,2,cb_intrinsic,,,acetylcholine,,,,,CB3603,,LR
CB3606,2,cb_intrinsic,,,glutamate,,,,,CB3606,,LR
CB3607,3,cb_intrinsic,,,acetylcholine,,,,,CB3607,,LR
CB3608,2,cb_intrinsic,,,acetylcholine,,,,,CB3608,,LR
CB3614,4,cb_intrinsic,,,acetylcholine,,,,,CB3614,,LR
CB3619,2,cb_intrinsic,,,glutamate,,,,,CB3619,,LR
CB3629,2,cb_intrinsic,,,glutamate,,,,,CB3629,,LR
CB3630,2,cb_intrinsic,,,glutamate,,,,"AVLP057,AVLP058",CB3630,,LR
CB3631,2,cb_intrinsic,,,acetylcholine,,,DC,,CB3631,,LR
CB3635,4,cb_intrinsic,,,glutamate,,,,,CB3635,,LR
CB3638,1,cb_intrinsic,,,acetylcholine,,,,,CB3638,,L
CB3646,4,cb_intrinsic,,,acetylcholine,,,DC,,CB3646,,LR
CB3649,3,cb_intrinsic,,,acetylcholine,,,,,CB3649,,LR
CB3657,3,cb_intrinsic,,,acetylcholine,,fru_low,,,CB3657,Cachero 2010: aIP-b,LR
CB3660,5,cb_intrinsic,,,glutamate,,,,"AVLP057,AVLP058",CB3660,,LR
CB3661,2,cb_intrinsic,,,acetylcholine,,,,,CB3661,,LR
CB3664,2,cb_intrinsic,,,acetylcholine,,,,,CB3664,,LR
CB3666,4,cb_intrinsic,,,glutamate,,,,,CB3666,,LR
CB3667,3,cb_intrinsic,,,acetylcholine,,,CG,,CB3667,,LR
CB3671,2,cb_intrinsic,,,acetylcholine,,,,SLP229,CB3671,,LR
CB3673a,2,cb_intrinsic,,,acetylcholine,,,DC,,CB3673a,,LR
CB3673b,4,cb_intrinsic,,,acetylcholine,,,DC,,CB3673b,,LR
CB3676,2,cb_intrinsic,,,glutamate,,,,,CB3676,,LR
CB3679,1,cb_intrinsic,ALLN,,acetylcholine,,fru_low,DC,,CB3679,,L
CB3682,2,cb_intrinsic,,,acetylcholine,,,DC,,CB3682,,LR
CB3683,2,cb_intrinsic,,,acetylcholine,,,,,CB3683,,LR
CB3684,4,cb_intrinsic,,,acetylcholine,,,,,CB3684,,LR
CB3690,2,cb_intrinsic,,,acetylcholine,,,,,CB3690,,LR
CB3691,2,cb_intrinsic,,,unclear,,,CG,,CB3691,,LR
CB3692,2,cb_intrinsic,,,acetylcholine,,,DC,,CB3692,,LR
CB3697,4,cb_intrinsic,,,acetylcholine,,,,,CB3697,,LR
CB3710,3,cb_intrinsic,,,acetylcholine,,,DC,,CB3710,,LR
CB3724,2,cb_intrinsic,,,acetylcholine,,,,,CB3724,,LR
CB3727,2,cb_intrinsic,,,glutamate,,,,,CB3727,,LR
CB3728,2,cb_intrinsic,,,gaba,,,,,CB3728,,LR
CB3729,5,cb_intrinsic,,,unclear,,,,,CB3729,,LR
CB3732,2,cb_intrinsic,,,gaba,,,,,CB3732,,LR
CB3733,4,cb_intrinsic,,,gaba,,,,,CB3733,,LR
CB3734,3,cb_intrinsic,,,acetylcholine,,,,,CB3734,,LR
CB3738,2,cb_intrinsic,,,gaba,,,MX,,CB3738,,LR
CB3739,7,cb_intrinsic,,,gaba,,,MX,,CB3739,,LR
CB3740,4,cb_intrinsic,,,gaba,,,MX,,CB3740,,LR
CB3741,2,cb_intrinsic,,,gaba,,,MX,,CB3741,,LR
CB3742,3,cb_intrinsic,,,gaba,,,MX,,CB3742,,LR
CB3743,6,cb_intrinsic,,,gaba,,,MX,,CB3743,,LR
CB3744,2,cb_intrinsic,,,gaba,,,MX,,CB3744,,LR
CB3745,4,cb_intrinsic,,,gaba,,,MX,,CB3745,,LR
CB3746,4,cb_intrinsic,,,gaba,,,MX,,CB3746,,LR
CB3747,2,cb_intrinsic,,,gaba,,,MX,,CB3747,,LR
CB3748,4,cb_intrinsic,,,gaba,,,MX,,CB3748,,LR
CB3754,3,cb_intrinsic,,,glutamate,,,,"PLP40,PLP050",CB3754,,LR
CB3758,2,cb_intrinsic,,,glutamate,,,,,CB3758,,LR
CB3759,7,cb_intrinsic,,,glutamate,,,,,CB3759,,LR
CB3760,3,cb_intrinsic,,,glutamate,,,,,CB3760,,LR
CB3762,4,cb_intrinsic,,,unclear,,,,,CB3762,,LR
CB3768,7,cb_intrinsic,,,acetylcholine,,,,"SMP363,SMP364",CB3768,,LR
CB3782,2,cb_intrinsic,,,glutamate,,,,,CB3782,,LR
CB3784,4,cb_intrinsic,,,gaba,,,MX,,CB3784,,LR
CB3788,4,cb_intrinsic,,,glutamate,,,,,CB3788,,LR
CB3789,1,cb_intrinsic,,,glutamate,,fru_high,,,CB3789,,L
CB3791,3,cb_intrinsic,,,acetylcholine,,,,,CB3791,,LR
CB3798,3,cb_intrinsic,,,gaba,,,MX,,CB3798,,LR
CB3863,2,cb_intrinsic,,,glutamate,,,,,CB3863,,LR
CB3865,10,cb_intrinsic,,,glutamate,,,,,CB3865,,LR
CB3866,2,cb_intrinsic,,,acetylcholine,,,,,CB3866,,LR
CB3869,2,cb_intrinsic,,,acetylcholine,,,,,CB3869,,LR
CB3870,4,cb_intrinsic,,,glutamate,,,CG,,CB3870,,LR
CB3873,4,cb_intrinsic,,,acetylcholine,,,,,CB3873,,LR
CB3874,4,cb_intrinsic,,,acetylcholine,,,,,CB3874,,LR
CB3879,2,cb_intrinsic,,,gaba,,,,,CB3879,,LR
CB3895,3,cb_intrinsic,,,acetylcholine,,,,,CB3895,,LR
CB3900,4,cb_intrinsic,,,acetylcholine,,,CG,,CB3900,,LR
CB3906,2,cb_intrinsic,,,acetylcholine,,,,,CB3906,,LR
CB3907,2,cb_intrinsic,,,acetylcholine,,,,,CB3907,,LR
CB3908,6,cb_intrinsic,,,acetylcholine,,,,,CB3908,,LR
CB3909,2,cb_intrinsic,,,acetylcholine,,,,,CB3909,,LR
CB3910,3,cb_intrinsic,,,acetylcholine,,fru_high,,,CB3910,,LR
CB3930,2,cb_intrinsic,,,acetylcholine,,,,,CB3930,,LR
CB3931,2,cb_intrinsic,,,acetylcholine,,,,,CB3931,,LR
CB3932,4,cb_intrinsic,,,acetylcholine,,,,,CB3932,,LR
CB3933,1,cb_intrinsic,,,acetylcholine,,,,,CB3933,,R
CB3950b,1,cb_intrinsic,,,glutamate,,,,,CB3950b,,L
CB3951,1,cb_intrinsic,,,acetylcholine,,,,,CB3951,,L
CB3951b,1,cb_intrinsic,,,acetylcholine,,,,,,,L
CB3953,8,cb_intrinsic,,,acetylcholine,,,,,CB3953,,LR
CB3959,4,cb_intrinsic,,,glutamate,,,,,CB3959,,LR
CB3961,2,cb_intrinsic,,,acetylcholine,,,,,CB3961,,LR
CB3977,4,cb_intrinsic,,,acetylcholine,,,,,CB3977,,LR
CB3984,1,cb_intrinsic,,,glutamate,,fru_high,,,CB3984,Cachero 2010: aSP-i; Yu 2010: aSP11,L
CB3992,6,cb_intrinsic,,,glutamate,,,,,CB3992,,LR
CB3998,5,cb_intrinsic,,,glutamate,,,,,CB3998,,LR
CB3999,1,cb_intrinsic,,,glutamate,,,,,CB3999,,R
CB4000,2,cb_intrinsic,,,glutamate,,,,,CB4000,,LR
CB4019,1,cb_intrinsic,,,acetylcholine,,,,,CB4019,,L
CB4022,4,cb_intrinsic,,,acetylcholine,,,,,CB4022,,LR
CB4023,9,cb_intrinsic,,,acetylcholine,,,,,CB4023,,LR
CB4033,2,cb_intrinsic,,,glutamate,,,,,CB4033,,LR
CB4037,4,cb_intrinsic,,,acetylcholine,,,,,CB4037,,LR
CB4038,2,cb_intrinsic,,,acetylcholine,,,,,CB4038,,LR
CB4052,2,cb_intrinsic,,,acetylcholine,,,,"AVLP386,AVLP388",CB4052,,LR
CB4054,2,cb_intrinsic,,,glutamate,,,,,CB1812,,LR
CB4064,3,cb_intrinsic,,,gaba,,fru_low,LB,,CB4064,Cachero 2010: pSG-a,LR
CB4066,14,cb_intrinsic,,,gaba,,,LB,,CB4066,,LR
CB4069,7,cb_intrinsic,,,acetylcholine,,,,,CB4069,,LR
CB4070,17,cb_intrinsic,,,acetylcholine,,,,,CB4070,,LR
CB4071,14,cb_intrinsic,,,acetylcholine,,,,,CB4071,,LR
CB4072,19,cb_intrinsic,,,acetylcholine,,,,,CB4072,,LR
CB4073,15,cb_intrinsic,,,acetylcholine,,,,,CB4073,,LR
CB4077,10,cb_intrinsic,,,acetylcholine,,,,,CB4077,,LR
CB4081,14,cb_intrinsic,,,acetylcholine,,,,,CB4081,,LR
CB4082,11,cb_intrinsic,,,acetylcholine,,,,,CB4082,,LR
CB4083,15,cb_intrinsic,ALLN,,glutamate,,,,,CB4083,,LR
CB4084,14,cb_intrinsic,,,acetylcholine,,,CG,,CB4084,,LR
CB4085,6,cb_intrinsic,,,acetylcholine,,,CG,,CB4085,,LR
CB4086,10,cb_intrinsic,,,acetylcholine,,,CG,,CB4086,,LR
CB4087,11,cb_intrinsic,,,acetylcholine,,,CG,,CB4087,,LR
CB4088,9,cb_intrinsic,,,acetylcholine,,,CG,,CB4088,,LR
CB4091,20,cb_intrinsic,,,glutamate,,fru_low,,,CB4091,Cachero 2010: pSP-b; Yu 2010: pSP2/3,LR
CB4094,11,cb_intrinsic,,,acetylcholine,,,,,CB4094,,LR
CB4095,6,cb_intrinsic,,,glutamate,,,,,CB4095,,LR
CB4096,13,cb_intrinsic,,,glutamate,,,,,CB4096,,LR
CB4097,7,cb_intrinsic,,,glutamate,,,,,CB4097,,LR
CB4100,10,cb_intrinsic,,,acetylcholine,,,,,CB4100,,LR
CB4101,7,cb_intrinsic,,,acetylcholine,,,CG,,CB4101,,LR
CB4102,7,cb_intrinsic,,,acetylcholine,,,CG,,CB4102,,LR
CB4103,10,cb_intrinsic,,,acetylcholine,,,CG,,CB4103,,LR
CB4104,5,cb_intrinsic,,,acetylcholine,,fru_high,,,CB4104,,LR
CB4105,8,cb_intrinsic,,,acetylcholine,,fru_low,,,CB4105,,LR
CB4106,6,cb_intrinsic,,,acetylcholine,,fru_low,,,CB4106,,LR
CB4107,9,cb_intrinsic,,,acetylcholine,,,CG,,CB4107,,LR
CB4110,14,cb_intrinsic,,,acetylcholine,,,,,CB4110,,LR
CB4111,3,cb_intrinsic,,,glutamate,,,,,CB4111,,LR
CB4112,11,cb_intrinsic,,,glutamate,,,,,CB4112,,LR
CB4114,7,cb_intrinsic,,,glutamate,,,CG,,CB4114,,LR
CB4115,6,cb_intrinsic,,,glutamate,,,CG,,CB4115,,LR
CB4116,19,cb_intrinsic,,,acetylcholine,,,CG,,CB4116,,LR
CB4117,5,cb_intrinsic,,,gaba,,,,,CB4117,,LR
CB4118,14,cb_intrinsic,,,gaba,,,TC,,CB4118,,LR
CB4119,12,cb_intrinsic,,,glutamate,,,,,CB4119,,LR
CB4120,13,cb_intrinsic,,,glutamate,,,,,CB4120,,LR
CB4121,9,cb_intrinsic,,,glutamate,,,,,CB4121,,LR
CB4122,10,cb_intrinsic,,,glutamate,,,,,CB4122,,LR
CB4123,7,cb_intrinsic,,,glutamate,,,,,CB4123,,LR
CB4124,8,cb_intrinsic,,,gaba,,,,,CB4124,,LR
CB4125,7,cb_intrinsic,,,unclear,,,,,CB4125,,LR
CB4126,3,cb_intrinsic,,,gaba,,,,,CB4126,,LR
CB4127,12,cb_intrinsic,,,unclear,,,,,CB4127,,LR
CB4128,12,cb_intrinsic,,,unclear,,,,,CB4128,,LR
CB4129,10,cb_intrinsic,,,glutamate,,,,,CB4129,,LR
CB4130,11,cb_intrinsic,,,glutamate,,,,"SLP279,SLP301",CB4130,,LR
CB4131,2,cb_intrinsic,,,glutamate,,,,,CB4131,,LR
CB4132,7,cb_intrinsic,,,acetylcholine,,,,,CB4132,,LR
CB4133,7,cb_intrinsic,,,glutamate,,,,,CB4133,,LR
CB4134,9,cb_intrinsic,,,glutamate,,,,,CB4134,,LR
CB4137,6,cb_intrinsic,,,glutamate,,,,,CB4137,,LR
CB4138,15,cb_intrinsic,,,glutamate,,,,,CB4138,,LR
CB4139,5,cb_intrinsic,,,acetylcholine,,,,,CB4139,,LR
CB4141,8,cb_intrinsic,,,acetylcholine,,,,,CB4141,,LR
CB4143,6,cb_intrinsic,,,gaba,,,MX,,CB4143,,LR
CB4150,3,cb_intrinsic,,,acetylcholine,,,,,CB4150,,LR
CB4151,7,cb_intrinsic,,,glutamate,,,,,CB4151,,LR
CB4152,5,cb_intrinsic,,,acetylcholine,,,,,CB4152,,LR
CB4155,7,cb_intrinsic,,,gaba,,,,,CB4155,,LR
CB4156,2,cb_intrinsic,,,unclear,,,,,CB4156,,LR
CB4157,6,cb_intrinsic,,,glutamate,,,,,CB4157,,LR
CB4158,4,cb_intrinsic,,,acetylcholine,,,,,CB4158,,LR
CB4159,2,cb_intrinsic,,,glutamate,,,,,CB4159,,LR
CB4162,4,cb_intrinsic,,,gaba,,fru_high,,,CB4162,Cachero 2010: aIP-a,LR
CB4163,6,cb_intrinsic,,,gaba,,fru_high,,,CB4163,Cachero 2010: aIP-a,LR
CB4165,4,cb_intrinsic,,,acetylcholine,,,,,CB4165,,LR
CB4166,2,cb_intrinsic,,,acetylcholine,,,,,CB4166,,LR
CB4167,6,cb_intrinsic,,,acetylcholine,,,,,CB4167,,LR
CB4168,8,cb_intrinsic,,,gaba,,fru_high,,,CB4168,Cachero 2010: aIP-a,LR
CB4169,6,cb_intrinsic,,,gaba,,fru_high,,,CB4169,Cachero 2010: aIP-a,LR
CB4170,9,cb_intrinsic,,,gaba,,,,,CB4170,,LR
CB4172,3,cb_intrinsic,,,acetylcholine,,,,,CB4172,,LR
CB4173,6,cb_intrinsic,,,acetylcholine,,,,,CB4173,,LR
CB4174,3,cb_intrinsic,,,acetylcholine,,,,,CB4174,,LR
CB4176,7,cb_intrinsic,,,gaba,,fru_low,,,CB4176,Cachero 2010: aIP-a,LR
CB4179,5,cb_intrinsic,,,gaba,,,,,CB4179,,LR
CB4180,1,cb_intrinsic,,,gaba,,,,,CB4180,,R
CB4181,1,cb_intrinsic,,,acetylcholine,,,,,CB4181,,R
CB4182,1,cb_intrinsic,,,acetylcholine,,,,,CB4182,,R
CB4183,4,cb_intrinsic,,,acetylcholine,,,,"SMP292,SMP293,SMP584",CB4183,,LR
CB4190,4,cb_intrinsic,,,gaba,,,,,CB4190,,LR
CB4193,4,cb_intrinsic,,,acetylcholine,,,,,CB4193,,LR
CB4194,7,cb_intrinsic,,,glutamate,,,,,CB4194,,LR
CB4195,4,cb_intrinsic,,,glutamate,,,,,CB4195,,LR
CB4196,4,cb_intrinsic,,,glutamate,,,,,CB4196,,LR
CB4197,6,cb_intrinsic,,,glutamate,,,,,CB4197,,LR
CB4198,4,cb_intrinsic,,,glutamate,,,,,CB4198,,LR
CB4200,2,cb_intrinsic,,,acetylcholine,,,,,CB4200,,LR
CB4201,4,cb_intrinsic,,,acetylcholine,,,,,CB4201,,LR
CB4205,7,cb_intrinsic,,,acetylcholine,,,CG,SMP484,CB4205,,LR
CB4206,6,cb_intrinsic,,,glutamate,,,,,CB4206,,LR
CB4208,9,cb_intrinsic,,,acetylcholine,,,,,"LHAD1b2_a,LHAD1b2_c",,LR
CB4209,8,cb_intrinsic,,,acetylcholine,,,,,"LHAD1b2_a,LHAD1b2_c",,LR
CB4214,5,cb_intrinsic,,,acetylcholine,,,,,CB4214,,LR
CB4215,4,cb_intrinsic,,,acetylcholine,,,,,CB4215,,LR
CB4216,6,cb_intrinsic,,,acetylcholine,,,,,CB4216,,LR
CB4217,3,cb_intrinsic,,,acetylcholine,,fru_low,,,CB4217,,LR
CB4220,3,cb_intrinsic,,,acetylcholine,,,,,CB4220,,LR
CB4225,5,cb_intrinsic,,,acetylcholine,,,,,CB4225,,LR
CB4228,8,cb_intrinsic,,,acetylcholine,,,,,CB4228,,LR
CB4231,6,cb_intrinsic,,,acetylcholine,,,CG,,CB4231,,LR
CB4241,2,cb_intrinsic,,,acetylcholine,,,,,CB4241,,LR
CB4242,14,cb_intrinsic,,,acetylcholine,,,CG,"SMP259,SMP260,SMP263",CB4242,,LR
CB4243,10,cb_intrinsic,,,acetylcholine,,,CG,"SMP264,SMP265",CB4243,,LR
CB4245,3,cb_intrinsic,,,acetylcholine,,,,,CB4245,,LR
CB4246,2,cb_sensory,mechanosensory_tbc,,unclear,,,,,CB4246,,?
CB4247,1,cb_intrinsic,,,gaba,,,LB,,CB4247,,R
CB4248,5,cb_intrinsic,,,gaba,,fru_high;fru_low,,,CB4248,Cachero 2010: aIP-a,LR
CEM,6,cb_motor,,pm,unclear,,,,,CEM,,LR
CL001,2,cb_intrinsic,,,glutamate,,,,CL001,CL001,,LR
CL002,2,cb_intrinsic,,,glutamate,,,,CL002,CL002,,LR
CL003,2,cb_intrinsic,,,glutamate,,,,CL003,CL003,,LR
CL004,4,cb_intrinsic,,,glutamate,,,,CL004,CL004,,LR
CL005,5,cb_intrinsic,,,acetylcholine,,,,CL005,CL005,,LR
CL006,4,cb_intrinsic,,,acetylcholine,,,,CL006,CL006,,LR
CL007,2,cb_intrinsic,,,acetylcholine,,,,CL007,CL007,,LR
CL008,4,cb_intrinsic,,,glutamate,,,,"CL008,CL009","CL008,CL009",,LR
CL010,2,cb_intrinsic,,,glutamate,,,,CL010,CL010,,LR
CL011,2,cb_intrinsic,,,glutamate,,,,CL011,CL011,,LR
CL012,2,cb_intrinsic,,,acetylcholine,,,,CL012,CL012,,LR
CL013,4,cb_intrinsic,,,glutamate,,,,CL013,CL013b,,LR
CL014,8,cb_intrinsic,,,glutamate,,,,CL014,CL014b,,LR
CL015_a,2,cb_intrinsic,,,glutamate,,,,CL015,CL015,,LR
CL015_b,2,cb_intrinsic,,,glutamate,,,,CL015,CB0376,,LR
CL016,8,cb_intrinsic,,,glutamate,,,,CL016,CB4028,,LR
CL018,8,cb_intrinsic,,,glutamate,,,,CL018,CL018b,,LR
CL021,2,cb_intrinsic,,,acetylcholine,,,,CL021,CL021,,LR
CL022_a,2,cb_intrinsic,,,acetylcholine,,,,CL022,CL022b,,LR
CL022_b,2,cb_intrinsic,,,acetylcholine,,,,CL022,CL022a,,LR
CL022_c,2,cb_intrinsic,,,acetylcholine,,,,CL022,CL022a,,LR
CL023,6,cb_intrinsic,,,acetylcholine,,,,CL023,CL023,,LR
CL024_a,6,cb_intrinsic,,,glutamate,,,,CL024,CL24a,,LR
CL024_b,2,cb_intrinsic,,,glutamate,,,,CL024,CL024b,,LR
CL024_c,2,cb_intrinsic,,,glutamate,,,,CL024,CL024b,,LR
CL024_d,2,cb_intrinsic,,,glutamate,,,,CL024,CL024b,,LR
CL025,2,cb_intrinsic,,,glutamate,,,,CL025,CL025,,LR
CL026,2,cb_intrinsic,,,glutamate,,,,CL026,CL026,,LR
CL027,2,cb_intrinsic,,,gaba,,,,CL027,CL027,,LR
CL028,2,cb_intrinsic,,,gaba,,,,CL028,CL028,,LR
CL029_a,2,cb_intrinsic,,,glutamate,,,,CL029,CL029a,,LR
CL029_b,2,cb_intrinsic,,,glutamate,,,,CL029,CL029b,,LR
CL030,4,cb_intrinsic,,,glutamate,,,,CL030,CL030,,LR
CL031,2,cb_intrinsic,,,glutamate,,,,CL031,CL031,,LR
CL032,2,cb_intrinsic,,,glutamate,,,,CL032,CL032,,LR
CL036,2,cb_intrinsic,,,glutamate,,,,CL036,CL036,,LR
CL038,4,cb_intrinsic,,,glutamate,,,,CL038,CL038,,LR
CL040,4,cb_intrinsic,,,glutamate,,,,"CL040,SMP074","SMP074,CL040",,LR
CL042,4,cb_intrinsic,,,glutamate,,,,CL042,CL042,,LR
CL046,4,cb_intrinsic,,,glutamate,,,,CL046,CB2611,,LR
CL048,7,cb_intrinsic,,,glutamate,,,,CL048,CL048,,LR
CL049,9,cb_intrinsic,,,glutamate,,,,CL049,CB2312,,LR
CL053,2,cb_intrinsic,,,acetylcholine,,,,CL053,CL053,,LR
CL054,2,cb_intrinsic,,,gaba,,,,CL054,"CB0719,CB2276",,LR
CL055,2,cb_intrinsic,,,gaba,,,,CL055,CL055,,LR
CL056,2,cb_intrinsic,,,gaba,,,,CL056,"CB0719,CB2276",,LR
CL057,2,cb_intrinsic,,,acetylcholine,,,,CL057,"CL057,CL106",,LR
CL058,2,cb_intrinsic,,,acetylcholine,,,,CL058,CL058,,LR
CL062_a1,2,cb_intrinsic,,,acetylcholine,,fru_low,,CL062_a,CL062_a,Cachero 2010: aIP-e; Yu 2010: aSP9; Ruta 2010: LC2,LR
CL062_a2,2,cb_intrinsic,,,acetylcholine,,fru_low,,CL062_a,CL062_a,Cachero 2010: aIP-e; Yu 2010: aSP9; Ruta 2010: LC2,LR
CL062_b1,2,cb_intrinsic,,,acetylcholine,,fru_low,,CL062_b,CL062_b,Cachero 2010: aIP-e; Yu 2010: aSP9; Ruta 2010: LC2,LR
CL062_b2,2,cb_intrinsic,,,acetylcholine,,fru_low,,CL062_b,CL062_b,Cachero 2010: aIP-e; Yu 2010: aSP9; Ruta 2010: LC2,LR
CL062_b3,2,cb_intrinsic,,,acetylcholine,,fru_low,,CL062_b,CL062_b,Cachero 2010: aIP-e; Yu 2010: aSP9; Ruta 2010: LC2,LR
CL063,2,cb_intrinsic,,,gaba,,,,CL063,CL063,,LR
CL064,2,cb_intrinsic,,,gaba,,,,CL064,CL064,,LR
CL065,2,cb_intrinsic,,,acetylcholine,,,,CL065,CL065,,LR
CL066,2,cb_intrinsic,,,gaba,,,,CL066,CL066,,LR
CL067,2,cb_intrinsic,,,acetylcholine,,,,CL067,CL067,,LR
CL068,2,cb_intrinsic,,,gaba,,,,CL068,CL068,,LR
CL069,2,cb_intrinsic,,,acetylcholine,,,,CL069,CL069,,LR
CL070_a,2,cb_intrinsic,,,acetylcholine,,,,CL070,CL070a,,LR
CL070_b,2,cb_intrinsic,,,acetylcholine,,,,CL070,CL070b,,LR
CL071_a,2,cb_intrinsic,,,acetylcholine,,,,CL071,CL071a,,LR
CL071_b,6,cb_intrinsic,,,acetylcholine,,,,CL071,CL071b,,LR
CL072,2,cb_intrinsic,,,acetylcholine,,,,CL072,CL072,,LR
CL073,2,cb_intrinsic,,,acetylcholine,,,,CL073,CL073,,LR
CL074,4,cb_intrinsic,,,acetylcholine,,,,CL074,CL074,,LR
CL075_a,2,cb_intrinsic,,,acetylcholine,,,,CL075,CL075a,,LR
CL075_b,2,cb_intrinsic,,,acetylcholine,,,,CL075,CL075b,,LR
CL077,4,cb_intrinsic,,,acetylcholine,,,,CL077,CL077,,LR
CL078_a,2,cb_intrinsic,,,acetylcholine,,,,CL078,CL078,,LR
CL078_b,2,cb_intrinsic,,,acetylcholine,,,,CL078,CL078,,LR
CL078_c,2,cb_intrinsic,,,acetylcholine,,,,CL078,CL078,,LR
CL080,4,cb_intrinsic,,,acetylcholine,,,,CL080,CL080,,LR
CL081,3,cb_intrinsic,,,acetylcholine,,,,CL081,CL081,,LR
CL083,4,cb_intrinsic,,,acetylcholine,,,,CL083,CL083,,LR
CL085_a,2,cb_intrinsic,,,acetylcholine,,,,CL085,CL085_a,,LR
CL085_b,2,cb_intrinsic,,,acetylcholine,,,,CL085,CB3951,,LR
CL085_c,2,cb_intrinsic,,,acetylcholine,,,,CL085,CL085_b,,LR
CL086_a,8,cb_intrinsic,,,acetylcholine,,,,CL086_a,"CL086_a,CL086_d",,LR
CL086_b,6,cb_intrinsic,,,acetylcholine,,,,CL086_b,CL086_b,,LR
CL086_c,8,cb_intrinsic,,,acetylcholine,,,,CL086_c,CL086_c,,LR
CL086_d,2,cb_intrinsic,,,acetylcholine,,,,CL086_d,"CL086_a,CL086_d",,LR
CL086_e,8,cb_intrinsic,,,acetylcholine,,,,CL086_e,CL086_e,,LR
CL087,7,cb_intrinsic,,,acetylcholine,,,,CL087,CB3928,,LR
CL088_a,2,cb_intrinsic,,,acetylcholine,,,,CL088,CL085_a,,LR
CL088_b,2,cb_intrinsic,,,acetylcholine,,,,CL088,CL085_b,,LR
CL089_a1,2,cb_intrinsic,,,acetylcholine,,,,CL089_a,CL089_a,,LR
CL089_a2,2,cb_intrinsic,,,acetylcholine,,,,CL089_a,CL089_a,,LR
CL089_b,7,cb_intrinsic,,,acetylcholine,,,,CL089_b,CL089_b,,LR
CL089_c,6,cb_intrinsic,,,acetylcholine,,,,CL089_c,CL089_c,,LR
CL090_a,2,cb_intrinsic,,,acetylcholine,,,,CL090_a,CL090_a,,LR
CL090_b,4,cb_intrinsic,,,acetylcholine,,,,CL090_b,CL090_b,,LR
CL090_c,12,cb_intrinsic,,,acetylcholine,,,,CL090_c,CL090_c,,LR
CL090_d,11,cb_intrinsic,,,acetylcholine,,,,CL090_d,CB3871,,LR
CL090_e,6,cb_intrinsic,,,acetylcholine,,,,CL090_e,CL090_e,,LR
CL091,11,cb_intrinsic,,,acetylcholine,,,,CL091,CL091,,LR
CL092,2,cb_intrinsic,,,acetylcholine,,,,CL092,CL092,,LR
CL093,2,cb_intrinsic,,,acetylcholine,,,,CL093,CL093,,LR
CL094,2,cb_intrinsic,,,acetylcholine,,,,CL094,CL094,,LR
CL095,2,cb_intrinsic,,,acetylcholine,,,,CL095,CL095,,LR
CL096,2,cb_intrinsic,,,acetylcholine,,,,CL096,CL096,,LR
CL097,2,cb_intrinsic,,,acetylcholine,,,,CL097,CL097,,LR
CL098,2,cb_intrinsic,,,acetylcholine,,,,CL098,CL098,,LR
CL099,10,cb_intrinsic,,,acetylcholine,,,,CL099,CL099,,LR
CL100,4,cb_intrinsic,,,acetylcholine,,,,CL100,CL100,,LR
CL101,4,cb_intrinsic,,,acetylcholine,,,,CL101,CL101,,LR
CL102,2,cb_intrinsic,,,acetylcholine,,,,CL102,CL102,,LR
CL104,4,cb_intrinsic,,,acetylcholine,,,,CL104,CL104,,LR
CL107,2,cb_intrinsic,,,acetylcholine,,,,CL107,CL107,,LR
CL108,2,cb_intrinsic,,,acetylcholine,,,,CL108,CL108,,LR
CL109,2,cb_intrinsic,,,acetylcholine,,,,CL109,CL109,,LR
CL110,2,cb_intrinsic,,,acetylcholine,,,,CL110,CL110,,LR
CL111,2,cb_intrinsic,,,acetylcholine,,,,CL111,CL111,,LR
CL112,2,cb_intrinsic,,,acetylcholine,,,DC,CL112,CL112,,LR
CL113,4,cb_intrinsic,SEZPN,,acetylcholine,,,DC,CL113,CL113,,LR
CL114,2,cb_intrinsic,SEZPN,,gaba,,,,CL114,CL114,,LR
CL115,2,cb_intrinsic,SEZPN,,gaba,,,,CL115,CL115,,LR
CL116,2,cb_intrinsic,,,gaba,,,,CL116,CL116,,LR
CL117,6,cb_intrinsic,,,gaba,,,,CL117,"CB2338,CB3321",,LR
CL118,5,cb_intrinsic,,,gaba,,,,CL118,CL118,,LR
CL120,6,cb_intrinsic,,,gaba,,fru_high;fru_low,,CL120,CL120b,Cachero 2010: aDT-g; Yu 2010: aDT5,LR
CL121_a,6,cb_intrinsic,,,gaba,,fru_low,,CL121,CL121_a,Cachero 2010: aDT-g; Yu 2010: aDT5,LR
CL121_b,4,cb_intrinsic,,,gaba,sexually dimorphic,fru_low,,CL121,CB3978,Cachero 2010: aDT-g; Yu 2010: aDT5,LR
CL122_a,6,cb_intrinsic,,,gaba,potentially sexually dimorphic,fru_low,,CL122,CL122_a,Cachero 2010: aDT-g; Yu 2010: aDT5,LR
CL122_b,6,cb_intrinsic,,,gaba,sexually dimorphic,fru_low,,CL122,CB3978,Cachero 2010: aDT-g; Yu 2010: aDT5,LR
CL123_a,2,cb_intrinsic,,,acetylcholine,sexually dimorphic,fru_low,,CL123,"CL123,CRE061",Cachero 2010: aDT-d,LR
CL123_b,2,cb_intrinsic,,,acetylcholine,sexually dimorphic,fru_low,,CL123,"CL123,CRE061",Cachero 2010: aDT-d,LR
CL123_c,2,cb_intrinsic,,,acetylcholine,sexually dimorphic,fru_low,,CL123,"CL123,CRE061",Cachero 2010: aDT-d,LR
CL123_d,2,cb_intrinsic,,,acetylcholine,sexually dimorphic,fru_low,,CL123,"CL123,CRE061",Cachero 2010: aDT-d,LR
CL123_e,2,cb_intrinsic,,,acetylcholine,sexually dimorphic,fru_low,,CL123,"CL123,CRE061",Cachero 2010: aDT-d,LR
CL125,4,visual_projection,,,glutamate,,fru_low,,CL125,LMTe01,Cachero 2010: pSP-b; Yu 2010: pSP2/3,LR
CL126,2,cb_intrinsic,,,glutamate,,,,CL126,CL126,,LR
CL127,4,cb_intrinsic,,,gaba,,,,CL127,CL127,,LR
CL128_a,2,cb_intrinsic,,,gaba,,,,CL128,CL128b,,LR
CL128_b,2,cb_intrinsic,,,gaba,,,,CL128,CL128c,,LR
CL128_c,2,cb_intrinsic,,,gaba,,,,CL128,CL128c,,LR
CL128_d,2,cb_intrinsic,,,gaba,,,,CL128,CL128b,,LR
CL128_e,2,cb_intrinsic,,,gaba,,,,CL128,CL128b,,LR
CL128_f,2,cb_intrinsic,,,gaba,,,,CL128,CL128c,,LR
CL128a,4,cb_intrinsic,,,gaba,,,,,CL128a,,LR
CL129,2,cb_intrinsic,,,acetylcholine,,,,CL129,CL129,,LR
CL12X,1,cb_intrinsic,,,gaba,,fru_low,,CL121,CL121,,L
CL130,2,cb_intrinsic,,,acetylcholine,,,,CL130,CL130,,LR
CL131,4,cb_intrinsic,,,acetylcholine,,,,CL131,CL131,,LR
CL132,4,cb_intrinsic,,,glutamate,,,,CL132,CL132,,LR
CL133,2,cb_intrinsic,,,glutamate,,,,CL133,CL133,,LR
CL134,6,cb_intrinsic,,,glutamate,,,,CL134,CB3344,,LR
CL135,2,cb_intrinsic,,,acetylcholine,,,,CL135,CL135,,LR
CL136,2,cb_intrinsic,,,acetylcholine,,,,CL136,CL136,,LR
CL140,2,cb_intrinsic,,,gaba,,,,CL140,CL140,,LR
CL141,2,cb_intrinsic,,,glutamate,,,,CL141,CL141,,LR
CL142,2,cb_intrinsic,,,glutamate,,,,CL142,CL142,,LR
CL143,2,cb_intrinsic,,,glutamate,,,CG,CL143,CL143,,LR
CL144,2,cb_intrinsic,,,glutamate,sexually dimorphic,,CG,CL144,CL144,,LR
CL146,2,cb_intrinsic,,,glutamate,,,,CL146,CL146,,LR
CL147,8,cb_intrinsic,,,glutamate,,,,CL147,CB1913,,LR
CL149,2,cb_intrinsic,,,acetylcholine,,,,CL149,CL149,,LR
CL150,2,cb_intrinsic,,,acetylcholine,,,,CL150,CL150,,LR
CL151,2,cb_intrinsic,,,acetylcholine,,,,CL151,CL151,,LR
CL152,4,cb_intrinsic,,,glutamate,,,,CL152,CL152,,LR
CL153,2,cb_intrinsic,,,glutamate,,,,CL153,CL153,,LR
CL154,2,cb_intrinsic,,,glutamate,,,,CL154,CL154,,LR
CL155,2,cb_intrinsic,,,acetylcholine,,,CG,CL155,CL155,,LR
CL157,2,cb_intrinsic,,,acetylcholine,,,,CL157,CL157,,LR
CL158,2,cb_intrinsic,,,acetylcholine,,,,CL158,CL158,,LR
CL159,2,cb_intrinsic,,,acetylcholine,,,,CL159,CL159,,LR
CL160,5,cb_intrinsic,,,acetylcholine,,,,CL160,CL160,,LR
CL161_a,2,cb_intrinsic,,,acetylcholine,,,,CL161,CL161a,,LR
CL161_b,4,cb_intrinsic,,,acetylcholine,,,,CL161,CL161b,,LR
CL162,2,cb_intrinsic,,,acetylcholine,,,,CL162,CL162,,LR
CL165,4,cb_intrinsic,,,acetylcholine,,,,CL165,CL165,,LR
CL166,5,cb_intrinsic,,,acetylcholine,,,,CL166,CL166,,LR
CL167,6,cb_intrinsic,,,acetylcholine,,,,CL167,CB2696b,,LR
CL168,5,cb_intrinsic,,,acetylcholine,,,,CL168,CL168,,LR
CL169,7,cb_intrinsic,,,acetylcholine,,,,CL169,CL169c,,LR
CL170,6,cb_intrinsic,,,acetylcholine,,,,CL170,CL170,,LR
CL171,7,cb_intrinsic,,,acetylcholine,,,,CL171,CL171,,LR
CL172,5,cb_intrinsic,,,acetylcholine,,,,CL172,CL172,,LR
CL173,2,cb_intrinsic,,,acetylcholine,,,,CL173,CL173,,LR
CL175,2,cb_intrinsic,,,glutamate,,,,CL175,CL175,,LR
CL176,2,cb_intrinsic,,,glutamate,,,,CL176,CL176,,LR
CL177,2,cb_intrinsic,,,glutamate,,,,CL177,CL177,,LR
CL178,2,cb_intrinsic,,,glutamate,,,,CL178,CL178,,LR
CL179,2,cb_intrinsic,,,glutamate,,,,CL179,CL179,,LR
CL180,2,cb_intrinsic,,,glutamate,,,,CL180,CL180,,LR
CL182,10,cb_intrinsic,,,glutamate,,,,CL182,CL182,,LR
CL183,2,cb_intrinsic,,,glutamate,,,,CL183,CL183,,LR
CL184,4,cb_intrinsic,,,glutamate,,,,CL184,CB2885,,LR
CL185,6,cb_intrinsic,,,glutamate,,,,CL185,CB1325,,LR
CL186,3,cb_intrinsic,,,glutamate,,,,CL186,CL186,,LR
CL187,2,cb_intrinsic,,,glutamate,,,,CL187,CL187,,LR
CL189,7,cb_intrinsic,,,glutamate,,,,"CL188,CL189",CB1451,,LR
CL190,5,cb_intrinsic,,,glutamate,,,,CL190,CB1262,,LR
CL191_a,4,cb_intrinsic,,,glutamate,,,,CL191,CB2082,,LR
CL191_b,4,cb_intrinsic,,,glutamate,,,,CL191,CB1408,,LR
CL195,1,cb_intrinsic,,,glutamate,,,,CL195,CL195,,R
CL196,6,cb_intrinsic,,,glutamate,,,,CL196,CL196a,,LR
CL199,2,cb_intrinsic,,,acetylcholine,,,,CL199,CL199,,LR
CL200,2,cb_intrinsic,,,acetylcholine,,,,CL200,CL200,,LR
CL201,2,cb_intrinsic,,,acetylcholine,,,,CL201,CL201,,LR
CL203,2,cb_intrinsic,,,acetylcholine,,,CG,CL203,CL203,,LR
CL204,2,cb_intrinsic,,,acetylcholine,,,CG,CL204,CL204,,LR
CL205,2,cb_intrinsic,,,acetylcholine,,,CG,CL205,CL205,,LR
CL208,4,cb_intrinsic,,,acetylcholine,sexually dimorphic,,CG,CL208,CL208,,LR
CL209,2,cb_intrinsic,,,acetylcholine,,,CG,CL209,CB4231,,LR
CL210_a,10,cb_intrinsic,,,acetylcholine,,,CG,CL210_a,CL210_a,,LR
CL211,2,cb_intrinsic,,,acetylcholine,,,,CL211,CL211,,LR
CL212,2,cb_intrinsic,,,acetylcholine,,,,CL212,CL212,,LR
CL213,2,cb_intrinsic,,,acetylcholine,,,,CL213,CL213,,LR
CL214,2,cb_intrinsic,,,glutamate,,,,CL214,CL214,,LR
CL215,4,cb_intrinsic,,,acetylcholine,,,,CL215,CL215,,LR
CL216,2,cb_intrinsic,,,acetylcholine,,,CG,CL216,CL216,,LR
CL224,2,cb_intrinsic,,,acetylcholine,,,,CL224,CB4070,,LR
CL225,8,cb_intrinsic,,,acetylcholine,,,,CL225,CB4069,,LR
CL228,2,cb_intrinsic,,,acetylcholine,,,,CL228,"CL228,SMP491",,LR
CL231,4,cb_intrinsic,,,glutamate,,,,CL231,"CL231,CL238",,LR
CL234,4,cb_intrinsic,,,glutamate,,,,CL234,CL234,,LR
CL235,6,cb_intrinsic,,,glutamate,,fru_low,,CL235,CL235,"fru-M-100174,fru-M-200133,fru-M-200139,fru-M-200279",LR
CL236,2,cb_intrinsic,,,acetylcholine,,,,CL236,CL236,,LR
CL238,2,cb_intrinsic,,,glutamate,,,,CL238,"CL231,CL238",,LR
CL239,5,cb_intrinsic,,,glutamate,,,,CL239,CL239,,LR
CL244,2,cb_intrinsic,,,acetylcholine,,,,CL244,CL244,,LR
CL245,2,cb_intrinsic,,,glutamate,,,,CL245,CL245,,LR
CL246,2,cb_intrinsic,,,gaba,,,,CL246,CL246,,LR
CL248,2,cb_intrinsic,,,gaba,,,,CL248,CL248,,LR
CL249,2,cb_intrinsic,,,acetylcholine,,,,CL249,CB0257,,LR
CL250,2,cb_intrinsic,,,acetylcholine,,,,CL250,CL250,,LR
CL251,2,cb_intrinsic,,,acetylcholine,,,,CL251,CL251,,LR
CL252,6,cb_intrinsic,,,gaba,,,,CL252,CL252,,LR
CL253,6,cb_intrinsic,,,gaba,,,,CL253,CL253,,LR
CL254,6,cb_intrinsic,,,acetylcholine,,,,CL254,CL254,,LR
CL255,5,cb_intrinsic,,,acetylcholine,,,,CL255,CL255,,LR
CL256,2,cb_intrinsic,,,acetylcholine,,,,CL256,CL256,,LR
CL257,2,cb_intrinsic,,,acetylcholine,,,,CL257,CL257,,LR
CL258,4,cb_intrinsic,,,acetylcholine,,,,CL258,CL258,,LR
CL259,2,cb_intrinsic,,,acetylcholine,,,,CL259,CL259,,LR
CL260,2,cb_intrinsic,,,acetylcholine,,,,CL260,CL260,,LR
CL261,4,cb_intrinsic,,,acetylcholine,,,,CL261,CL261b,,LR
CL263,2,cb_intrinsic,,,acetylcholine,,,,CL263,CL263,,LR
CL264,2,cb_intrinsic,,,acetylcholine,,,,CL264,CL264,,LR
CL266_a1,2,cb_intrinsic,,,acetylcholine,,,CG,CL266_a,CL266_a,,LR
CL266_a2,2,cb_intrinsic,,,acetylcholine,,,CG,CL266_a,CL266_a,,LR
CL266_a3,2,cb_intrinsic,,,acetylcholine,,,CG,CL266_a,CL266_a,,LR
CL266_b1,2,cb_intrinsic,,,acetylcholine,,,CG,CL266_b,CL266_b,,LR
CL266_b2,2,cb_intrinsic,,,acetylcholine,,,CG,CL266_b,CL266_b,,LR
CL267,4,cb_intrinsic,,,acetylcholine,,,CG,CL267,CL267,,LR
CL268,6,cb_intrinsic,,,acetylcholine,,,CG,CL268,CL268,,LR
CL269,7,cb_intrinsic,,,acetylcholine,,,CG,CL269,CL269,,LR
CL270,4,cb_intrinsic,,,acetylcholine,,,CG,CL270,CL270a,,LR
CL271,4,cb_intrinsic,,,acetylcholine,,,CG,CL271,CL271,,LR
CL272_a1,2,cb_intrinsic,,,acetylcholine,,,CG,CL272_a,CL272_a,,LR
CL272_a2,2,cb_intrinsic,,,acetylcholine,,,CG,CL272_a,CL272_a,,LR
CL272_b1,2,cb_intrinsic,,,acetylcholine,,,CG,CL272_b,CL272_b,,LR
CL272_b2,2,cb_intrinsic,,,acetylcholine,,,CG,CL272_b,CL272_b,,LR
CL272_b3,2,cb_intrinsic,,,acetylcholine,,,CG,CL272_b,CL272_a,,LR
CL273,4,cb_intrinsic,,,acetylcholine,,,CG,CL273,CL273,,LR
CL274,7,cb_intrinsic,,,acetylcholine,,,CG,CL274,CB1888,,LR
CL275,8,cb_intrinsic,,,acetylcholine,,,CG,CL275,CB3263,,LR
CL280,2,cb_intrinsic,,,acetylcholine,,,CG,CL280,CB3868,,LR
CL282,4,cb_intrinsic,,,glutamate,,,,CL282,CL282,,LR
CL283_a,6,cb_intrinsic,,,glutamate,,,,CL283,CL283a,,LR
CL283_b,3,cb_intrinsic,,,glutamate,,,,CL283,CL283b,,LR
CL283_c,4,cb_intrinsic,,,glutamate,,,,CL283,CL283c,,LR
CL286,2,cb_intrinsic,,,acetylcholine,,,,CL286,CL286,,LR
CL287,2,cb_intrinsic,,,gaba,,,,CL287,CL287,,LR
CL288,2,cb_intrinsic,,,gaba,,fru_low,,CL288,CL288,fru-M-300067,LR
CL290,3,cb_intrinsic,,,acetylcholine,,,CG,CL290,CL290,,LR
CL291,3,cb_intrinsic,,,acetylcholine,,,CG,CL291,CL291,,LR
CL292,6,cb_intrinsic,,,acetylcholine,,,CG,CL292,CL292a,,LR
CL293,2,cb_intrinsic,,,acetylcholine,,,CG,CL293,CL293,,LR
CL294,2,cb_intrinsic,,,acetylcholine,,,,CL294,CL294,,LR
CL301,4,cb_intrinsic,,,acetylcholine,,,,CL301,"CL301,CL302",,LR
CL302,3,cb_intrinsic,,,acetylcholine,,,,CL302,"CL301,CL302",,LR
CL303,2,cb_intrinsic,,,acetylcholine,,,CG,CL303,CL303,,LR
CL308,2,cb_intrinsic,,,acetylcholine,,,CG,CL308,CL308,,LR
CL309,2,cb_intrinsic,,,acetylcholine,,,CG,CL309,CL309,,LR
CL310,2,cb_intrinsic,,,acetylcholine,,,CG,CL310,CL310,,LR
CL311,2,cb_intrinsic,,,acetylcholine,sexually dimorphic,,CG,CL311,CL311,,LR
CL314,2,cb_intrinsic,,,gaba,,,,CL314,CL314,,LR
CL315,2,cb_intrinsic,,,glutamate,,,,CL315,CL315,,LR
CL316,2,cb_intrinsic,,,gaba,,,,CL316,CL316,,LR
CL317,2,cb_intrinsic,,,glutamate,,,,CL317,CL317,,LR
CL318,2,cb_intrinsic,,,gaba,,,,CL318,CL318,,LR
CL319,2,cb_intrinsic,,,acetylcholine,,,CG,CL319,CL319,,LR
CL321,2,cb_intrinsic,,,acetylcholine,,,CG,CL321,CL321,,LR
CL322,2,cb_intrinsic,,,acetylcholine,,,,CL322,CL322,,LR
CL323,4,cb_intrinsic,,,acetylcholine,,,CG,CL323,CL323a,,LR
CL326,2,cb_intrinsic,,,acetylcholine,,,,CL326,CL326,,LR
CL327,2,cb_intrinsic,,,acetylcholine,,,,CL327,CL327,,LR
CL328,4,cb_intrinsic,,,acetylcholine,,,,CL328,"CL328,IB070,IB071",,LR
CL333,2,cb_intrinsic,,,acetylcholine,,,,CL333,CL333,,LR
CL335,2,cb_intrinsic,,,acetylcholine,,,,CL335,CL335,,LR
CL336,2,cb_intrinsic,,,acetylcholine,,,,CL336,CL336,,LR
CL339,2,cb_intrinsic,,,acetylcholine,,,,CL339,CL339,,LR
CL340,4,cb_intrinsic,,,acetylcholine,,,,CL340,CL340,,LR
CL344_a,2,cb_intrinsic,,,unclear,potentially sexually dimorphic,fru_high,,CL344,CL344,"fru-F-000047,fru-F-000052,fru-F-000066,fru-F-000124,fru-F-200077,fru-F-200081,fru-F-300049,fru-F-600053,fru-M-200078,fru-M-600047",LR
CL344_b,2,cb_intrinsic,,,unclear,potentially sexually dimorphic,fru_high,,CL344,CL344,"fru-F-300022,fru-M-000069,fru-M-100027,fru-M-100118,fru-M-200044,fru-M-200045,fru-M-500061,fru-M-600043,fru-M-700063,fru-M-700072,fru-M-800053",LR
CL345,2,cb_intrinsic,,,glutamate,,,,CL345,CB3517,,LR
CL348,4,cb_intrinsic,,,glutamate,,,,CL348,CL348,,LR
CL351,3,cb_intrinsic,,,glutamate,,,,CL351,CB1516,,LR
CL352,2,cb_intrinsic,,,glutamate,,,,CL352,CL352,,LR
CL353,8,cb_intrinsic,,,glutamate,,,,CL353,CB0335,,LR
CL354,4,cb_intrinsic,,,glutamate,,,,CL354,"CB2898,CB2652",,LR
CL355,6,cb_intrinsic,,,glutamate,,,,CL355,,,LR
CL356,4,cb_intrinsic,,,acetylcholine,,,,CL356,CL356,,LR
CL357,2,cb_intrinsic,,,unclear,,,CG,CL357,CL357,,LR
CL359,4,cb_intrinsic,,,acetylcholine,,,,CL359,CL359,,LR
CL360,2,cb_intrinsic,,,unclear,,,,CL360,CL360,,LR
CL361,2,cb_intrinsic,,,acetylcholine,,,,CL361,CL361,,LR
CL362,2,cb_intrinsic,,,acetylcholine,,,,CL362,CL362,,LR
CL364,2,cb_intrinsic,,,glutamate,,,,CL364,CL364,,LR
CL365,4,cb_intrinsic,,,unclear,,,,,CB1444,,LR
CL366,2,cb_intrinsic,,,gaba,,,,,CB0580,,LR
CL367,2,cb_intrinsic,,,gaba,,,,(hb1506382974),CB0563,,LR
CL368,2,cb_intrinsic,,,glutamate,,,,(hb509945954),CB0658,,LR
CRE001,5,cb_intrinsic,,,acetylcholine,,,,CRE001,CRE001,,LR
CRE003_a,7,cb_intrinsic,,,acetylcholine,,,,CRE003_a,CB1591,,LR
CRE003_b,12,cb_intrinsic,,,acetylcholine,,,,CRE003_b,CB4113,,LR
CRE004,2,cb_intrinsic,,,acetylcholine,,,,CRE004,CRE004,,LR
CRE005,4,cb_intrinsic,,,acetylcholine,,,,CRE005,CRE005,,LR
CRE006,2,cb_intrinsic,,,glutamate,,,,CRE006,CRE006,,LR
CRE007,2,cb_intrinsic,,,glutamate,,fru_low,,CRE007,CRE007,Cachero 2010: aSP-c,LR
CRE008,2,cb_intrinsic,,,glutamate,,,,CRE008,"CRE008,CRE010",,LR
CRE009,2,cb_intrinsic,,,acetylcholine,,,,CRE009,CRE009,,LR
CRE010,2,cb_intrinsic,,,glutamate,,,,CRE010,"CRE008,CRE010",,LR
CRE011,2,cb_intrinsic,,,acetylcholine,,,,CRE011,CRE011,,LR
CRE012,2,cb_intrinsic,,,gaba,,,,CRE012,CRE012,,LR
CRE013,2,cb_intrinsic,,,gaba,,,,CRE013,CRE013,,LR
CRE014,4,cb_intrinsic,,,acetylcholine,,fru_low,,CRE014,CB1721,Cachero 2010: aSP-d; Yu 2010: aSP13,LR
CRE015,2,cb_intrinsic,,,acetylcholine,,fru_low,,CRE015,CRE015,Cachero 2010: aSP-d; Yu 2010: aSP13,LR
CRE016,6,cb_intrinsic,,,acetylcholine,,fru_low,,CRE016,CRE016,Cachero 2010: aSP-d; Yu 2010: aSP13,LR
CRE017,4,cb_intrinsic,,,acetylcholine,,,,CRE017,CRE017,,LR
CRE018,8,cb_intrinsic,,,acetylcholine,,,,CRE018,LAL038,,LR
CRE019,4,cb_intrinsic,,,acetylcholine,,fru_low,,CRE019,CRE019,Cachero 2010: aSP-d; Yu 2010: aSP13,LR
CRE020,4,cb_intrinsic,,,acetylcholine,,fru_low,,CRE020,CRE020,Cachero 2010: aSP-d; Yu 2010: aSP13,LR
CRE021,2,cb_intrinsic,,,gaba,potentially sexually dimorphic,,,CRE021,CRE021,,LR
CRE022,2,cb_intrinsic,,,glutamate,,,,CRE022,CRE022,,LR
CRE023,2,cb_intrinsic,,,glutamate,,,,CRE023,CRE023,,LR
CRE024,2,cb_intrinsic,,,acetylcholine,,,,CRE024,CRE024,,LR
CRE025,2,cb_intrinsic,,,glutamate,,,,CRE025,CRE025,,LR
CRE026,2,cb_intrinsic,,,glutamate,,,,CRE026,CB2615,,LR
CRE027,4,cb_intrinsic,,,glutamate,,,,CRE027,CRE027,,LR
CRE028,6,cb_intrinsic,,,glutamate,,,,CRE028,CB1064,,LR
CRE030_b,2,cb_intrinsic,,,glutamate,,,,CRE030_b,"CB1061,CB1970",,LR
CRE034,4,cb_intrinsic,,,glutamate,,,,CRE034,CB2943,,LR
CRE035,2,cb_intrinsic,,,glutamate,,,,CRE035,CRE035,,LR
CRE037,6,cb_intrinsic,,,glutamate,,,,CRE037,CB1063,,LR
CRE038,2,cb_intrinsic,,,glutamate,,,,CRE038,CB3770,,LR
CRE039,8,cb_intrinsic,,,glutamate,sexually dimorphic,,,CRE039,CB1251,,LR
CRE040,2,cb_intrinsic,,,gaba,,,,CRE040,CRE040,,LR
CRE041,2,cb_intrinsic,,,gaba,,,,CRE041,CRE041,,LR
CRE042,2,cb_intrinsic,,,gaba,,,,CRE042,CRE042,,LR
CRE043_a1,2,cb_intrinsic,,,gaba,,,,CRE043_a,CRE043e,,LR
CRE043_a2,2,cb_intrinsic,,,gaba,,,,CRE043_a,CRE043d,,LR
CRE043_a3,2,cb_intrinsic,,,gaba,,,,CRE043_a,CRE043c,,LR
CRE043_b,2,cb_intrinsic,,,gaba,,,,CRE043_b,CRE043a,,LR
CRE043_c1,2,cb_intrinsic,,,gaba,,,,CRE043_c,CRE043b,,LR
CRE043_c2,2,cb_intrinsic,,,gaba,,,,CRE043_c,CRE043b,,LR
CRE043_d,2,cb_intrinsic,,,gaba,,,,CRE043_d,CRE043a,,LR
CRE044,8,cb_intrinsic,,,gaba,,,,CRE044,CRE044,,LR
CRE045,4,cb_intrinsic,,,gaba,,,,CRE045,"CRE046,CRE045,CB3379",,LR
CRE046,2,cb_intrinsic,,,gaba,,,,CRE046,"CRE046,CRE045,CB3379",,LR
CRE048,2,cb_intrinsic,,,glutamate,,,,CRE048,CRE048,,LR
CRE049,2,cb_intrinsic,,,acetylcholine,,,,CRE049,CRE049,,LR
CRE050,2,cb_intrinsic,,,glutamate,,,,CRE050,CRE050,,LR
CRE051,6,cb_intrinsic,,,gaba,,,,CRE051,CB1454,,LR
CRE052,8,cb_intrinsic,,,gaba,,,,CRE052,CB2018,,LR
CRE054,9,cb_intrinsic,,,gaba,,,,CRE054,CB2357,,LR
CRE055,17,cb_intrinsic,,,gaba,,,,CRE055,CB1079,,LR
CRE056,8,cb_intrinsic,,,gaba,,,,CRE056,CRE056,,LR
CRE057,2,cb_intrinsic,,,gaba,,,,CRE057,CB2860,,LR
CRE059,4,cb_intrinsic,,,acetylcholine,,,,CRE059,CRE059,,LR
CRE060,2,cb_intrinsic,,,acetylcholine,,,,CRE060,"CRE060,CRE067",,LR
CRE062,2,cb_intrinsic,,,acetylcholine,sexually dimorphic,fru_high,,CRE062,CRE065,Cachero 2010: aDT-d,LR
CRE065,4,cb_intrinsic,,,acetylcholine,sexually dimorphic,fru_high,,CRE065,CRE065,Cachero 2010: aDT-d,LR
CRE066,4,cb_intrinsic,,,acetylcholine,,,,CRE066,CRE066,,LR
CRE067,6,cb_intrinsic,,,acetylcholine,,,,CRE067,"CRE060,CRE067",,LR
CRE068,4,cb_intrinsic,,,acetylcholine,,,,CRE068,CRE068,,LR
CRE069,2,cb_intrinsic,,,acetylcholine,,,,CRE069,CRE069,,LR
CRE070,2,cb_intrinsic,,,acetylcholine,,,,CRE070,CRE070,,LR
CRE071,2,cb_intrinsic,,,acetylcholine,,,,CRE071,CRE071,,LR
CRE072,4,cb_intrinsic,,,acetylcholine,,,,CRE072,CRE072,,LR
CRE074,2,cb_intrinsic,,,glutamate,,,,CRE074,CRE074,,LR
CRE075,2,cb_intrinsic,,,glutamate,,,,CRE075,CRE075,,LR
CRE076,2,cb_intrinsic,,,acetylcholine,,,,CRE076,CRE076,,LR
CRE077,2,cb_intrinsic,,,acetylcholine,,,,CRE077,CRE077,,LR
CRE078,4,cb_intrinsic,,,acetylcholine,,,,CRE078,CRE078,,LR
CRE079,2,cb_intrinsic,,,glutamate,,,,CRE079,CRE079,,LR
CRE080_a,2,cb_intrinsic,,,acetylcholine,,fru_low,,CRE080,"CRE080a,CRE080b",Cachero 2010: pMP-a; Yu 2010: pMP5,LR
CRE080_b,2,cb_intrinsic,,,acetylcholine,,fru_low,,CRE080,"CRE080a,CRE080b",Cachero 2010: pMP-a; Yu 2010: pMP5,LR
CRE080_c,2,cb_intrinsic,,,acetylcholine,,,,CRE080,CRE080c,,LR
CRE080_d,2,cb_intrinsic,,,acetylcholine,,,,CRE080,CRE080c,,LR
CRE081,6,cb_intrinsic,,,acetylcholine,,fru_high,,CRE081,CRE081,,LR
CRE082,2,cb_intrinsic,,,acetylcholine,,fru_low,,CRE082,CRE082,Cachero 2010: pMP-a; Yu 2010: pMP5,LR
CRE083,6,cb_intrinsic,,,acetylcholine,,,,CRE083,CB1566,,LR
CRE085,4,cb_intrinsic,,,acetylcholine,,,,CRE085,"CB1320,CB2030",,LR
CRE086,6,cb_intrinsic,,,acetylcholine,,,,CRE086,"CB1320,CB2030",,LR
CRE088,4,cb_intrinsic,,,acetylcholine,,fru_high,,CRE088,CRE088,,LR
CRE089,2,cb_intrinsic,,,acetylcholine,,fru_high,,CRE089,CB1857,,LR
CRE090,4,cb_intrinsic,,,acetylcholine,,fru_low,,CRE090,CB3215,Cachero 2010: pMP-a; Yu 2010: pMP5,LR
CRE092,6,cb_intrinsic,,,acetylcholine,,fru_low,,CRE092,CB2025,Cachero 2010: pMP-a; Yu 2010: pMP5,LR
CRE093,4,cb_intrinsic,,,acetylcholine,,fru_low,,CRE093,CB2509,Cachero 2010: pMP-a; Yu 2010: pMP5,LR
CRE094,5,cb_intrinsic,,,acetylcholine,,fru_low,,CRE094,"CRE094,CB2062",Cachero 2010: pMP-a; Yu 2010: pMP5,LR
CRE095,7,cb_intrinsic,,,acetylcholine,,fru_low,,CRE095,CRE095b,Cachero 2010: pMP-a; Yu 2010: pMP5,LR
CRE096,2,cb_intrinsic,,,acetylcholine,,fru_low,,CRE096,CRE096,,LR
CRE099,4,cb_intrinsic,,,acetylcholine,,fru_low,,CRE099,CB0942,Cachero 2010: pMP-a; Yu 2010: pMP5,LR
CRE100,2,cb_intrinsic,,,gaba,,,,CRE100,CRE100,,LR
CRE102,2,cb_intrinsic,,,glutamate,,,,CRE102,CRE102,,LR
CRE103,10,cb_intrinsic,,,acetylcholine,,,,CRE103,CRE103b,,LR
CRE104,3,cb_intrinsic,,,acetylcholine,,,,CRE104,CRE104,,LR
CRE105,2,cb_intrinsic,,,acetylcholine,,,,CRE105,CRE105,,LR
CRE106,4,cb_intrinsic,,,acetylcholine,,,,CRE106,CRE106,,LR
CRE107,2,cb_intrinsic,,,glutamate,,,,CRE107,CRE107,,LR
CRE108,2,cb_intrinsic,,,acetylcholine,,,,CRE108,CRE108,,LR
CRZ01,2,cb_intrinsic,,,unclear,,,,CRZ01,"CRZ01,CRZ02",,LR
CRZ02,2,cb_intrinsic,,,unclear,,,,CRZ02,"CRZ01,CRZ02",,LR
CSD,2,cb_intrinsic,,,serotonin,,,,CSD,CSD,,LR
CT1,2,ol_intrinsic,,,gaba,,,,CT1,CT1,,LR
Cm-DRA,7,ol_intrinsic,,,acetylcholine,,,,,Sm28,,LR
Cm1,472,ol_intrinsic,,,acetylcholine,,,,,Sm02,,LR
Cm10,89,ol_intrinsic,,,gaba,,,,,Sm10,,LR
Cm11a,75,ol_intrinsic,,,acetylcholine,,,,,Sm19,,LR
Cm11b,56,ol_intrinsic,,,acetylcholine,,,,,Sm20,,LR
Cm11c,44,ol_intrinsic,,,acetylcholine,,,,,Sm21,,LR
Cm11d,18,ol_intrinsic,,,acetylcholine,,,,,Sm26,,LR
Cm12,70,ol_intrinsic,,,gaba,,,,,Sm16,,LR
Cm13,52,ol_intrinsic,,,glutamate,,,,,Sm22,,LR
Cm14,48,ol_intrinsic,,,gaba,,,,,Sm23,,LR
Cm15,47,ol_intrinsic,,,gaba,,,,,Sm13,,LR
Cm16,38,ol_intrinsic,,,glutamate,,,,,Sm14,,LR
Cm17,31,ol_intrinsic,,,gaba,,,,,Sm27,,LR
Cm18,28,ol_intrinsic,,,glutamate,,,,,Sm43,,LR
Cm19,30,ol_intrinsic,,,gaba,,,,,Sm31,,LR
Cm2,383,ol_intrinsic,,,acetylcholine,,,,,Sm01,,LR
Cm20,26,ol_intrinsic,,,gaba,,,,,Sm18,,LR
Cm21,25,ol_intrinsic,,,gaba,,,,,Sm30,,LR
Cm22,19,ol_intrinsic,,,gaba,,,,,Sm17,,LR
Cm23,17,ol_intrinsic,,,glutamate,,,,,Sm25,,LR
Cm24,11,ol_intrinsic,,,glutamate,,,,,Sm29,,LR
Cm25,7,ol_intrinsic,,,glutamate,,,,,Sm33,,LR
Cm26,13,ol_intrinsic,,,glutamate,male-specific,,,,,,LR
Cm27,9,ol_intrinsic,,,glutamate,,,,,Sm24,,LR
Cm28,12,ol_intrinsic,,,glutamate,,,,,Sm34,,LR
Cm29,6,ol_intrinsic,,,gaba,,,,,Sm36,,LR
Cm3,323,ol_intrinsic,,,gaba,,,,,Sm07,,LR
Cm30,4,ol_intrinsic,,,gaba,,,,,Sm38,,LR
Cm31a,4,ol_intrinsic,,,gaba,,,,,Sm40,,LR
Cm31b,2,ol_intrinsic,,,gaba,,,,,Sm41,,LR
Cm32,2,ol_intrinsic,,,gaba,,,,,Sm35,,LR
Cm33,2,ol_intrinsic,,,gaba,,,,,Sm37,,LR
Cm34,2,ol_intrinsic,,,glutamate,,,,,Sm42,,LR
Cm35,2,ol_intrinsic,,,gaba,,,,,Sm39,,LR
Cm4,251,ol_intrinsic,,,glutamate,,,,,Sm03,,LR
Cm5,214,ol_intrinsic,,,gaba,,,,,Sm08,,LR
Cm6,211,ol_intrinsic,,,gaba,,,,,Sm06,,LR
Cm7,184,ol_intrinsic,,,glutamate,,,,,Sm09,,LR
Cm8,182,ol_intrinsic,,,gaba,,,,,Sm12,,LR
Cm9,143,ol_intrinsic,,,glutamate,,,,,Sm15,,LR
Cm_unclear,1,ol_intrinsic,,,acetylcholine,,,,,,,R
CvN4,2,cb_motor,,nm,unclear,,,LB,,CB0899,,LR
CvN5,2,cb_motor,,nm,unclear,,,LB,,CB0838,,LR
CvN6,2,cb_motor,,nm,unclear,,,,,CB0916,,LR
CvN7,2,cb_motor,,nm,unclear,,,,,CB0831,,LR
DA1_lPN,13,cb_intrinsic,ALPN,,acetylcholine,,fru_high,DC,DA1_lPN,DA1_lPN,Cachero 2010: aDT-e,LR
DA1_vPN,2,cb_intrinsic,ALPN,,gaba,,fru_low,,DA1_vPN,DA1_vPN,,LR
DA2_lPN,10,cb_intrinsic,ALPN,,acetylcholine,,,DC,DA2_lPN,DA2_lPN,,LR
DA3_adPN,4,cb_intrinsic,ALPN,,acetylcholine,,,,DA3_adPN,DA3_adPN,,LR
DA4l_adPN,2,cb_intrinsic,ALPN,,acetylcholine,,,,DA4l_adPN,DA4l_adPN,,LR
DA4m_adPN,2,cb_intrinsic,ALPN,,acetylcholine,,,,DA4m_adPN,DA4m_adPN,,LR
DC1_adPN,2,cb_intrinsic,ALPN,,acetylcholine,,,,DC1_adPN,DC1_adPN,,LR
DC2_adPN,4,cb_intrinsic,ALPN,,acetylcholine,,,,DC2_adPN,DC2_adPN,,LR
DC3_adPN,6,cb_intrinsic,ALPN,,acetylcholine,,fru_high,,DC3_adPN,DC3_adPN,Cachero 2010: aDT-a; Yu 2010: aDT3,LR
DC4_adPN,2,cb_intrinsic,ALPN,,acetylcholine,,,,DC4_adPN,DC4_adPN,,LR
DC4_vPN,2,cb_intrinsic,ALPN,,gaba,,,,DC4_vPN,DC4_vPN,,LR
DCH,2,visual_centrifugal,,,gaba,,,,DCH,DCH,,LR
DGI,2,cb_intrinsic,,,glutamate,,,,DGI,DGI,,LR
DH44,6,cb_endocrine,,,unclear,,,,"PI1,PI2,PI3",DH44,,LR
DL1_adPN,4,cb_intrinsic,ALPN,,acetylcholine,,,,DL1_adPN,DL1_adPN,,LR
DL2d_adPN,9,cb_intrinsic,ALPN,,acetylcholine,,,,DL2d_adPN,DL2d_adPN,,LR
DL2d_vPN,4,cb_intrinsic,ALPN,,gaba,,,,DL2d_vPN,DL2d_vPN,,LR
DL2v_adPN,8,cb_intrinsic,ALPN,,acetylcholine,,,,DL2v_adPN,DL2v_adPN,,LR
DL3_lPN,11,cb_intrinsic,ALPN,,acetylcholine,,fru_low,DC,DL3_lPN,DL3_lPN,Cachero 2010: aDT-e,LR
DL4_adPN,2,cb_intrinsic,ALPN,,acetylcholine,,,,DL4_adPN,DL4_adPN,,LR
DL5_adPN,2,cb_intrinsic,ALPN,,acetylcholine,,,,DL5_adPN,DL5_adPN,,LR
"DLMn a, b",2,vnc_motor,,wm,unclear,,,T2,,,,LR
DLMn c-f,8,vnc_motor,,wm,unclear,,,T1,,,,LR
DM1_lPN,2,cb_intrinsic,ALPN,,acetylcholine,,,DC,DM1_lPN,DM1_lPN,,LR
DM2_lPN,4,cb_intrinsic,ALPN,,acetylcholine,,,DC,DM2_lPN,DM2_lPN,,LR
DM3_adPN,2,cb_intrinsic,ALPN,,acetylcholine,,,,DM3_adPN,DM3_adPN,,LR
DM3_vPN,2,cb_intrinsic,ALPN,,gaba,,,,DM3_vPN,DM3_vPN,,LR
DM4_adPN,2,cb_intrinsic,ALPN,,acetylcholine,,,,DM4_adPN,DM4_adPN,,LR
DM4_vPN,2,cb_intrinsic,ALPN,,gaba,,,,DM4_vPN,DM4_vPN,,LR
DM5_lPN,7,cb_intrinsic,ALPN,,acetylcholine,,,DC,DM5_lPN,DM5_lPN,,LR
DM6_adPN,7,cb_intrinsic,ALPN,,acetylcholine,,,,DM6_adPN,DM6_adPN,,LR
DMS,6,cb_endocrine,,,unclear,,,,"PI1,PI2,PI3",DMS,,LR
DN1a,4,cb_intrinsic,,,glutamate,,,,DN1a,DN1a,,LR
DN1pA,8,cb_intrinsic,,,glutamate,,fru_low,,DN1pA,DN1pA,"fru-M-000179,fru-M-700179",LR
DN1pB,4,cb_intrinsic,,,glutamate,,fru_high,,DN1pB,DN1pB,"fru-F-000051,fru-F-000121,fru-F-100008,fru-F-100085,fru-F-200035,fru-F-200084,fru-F-200143,fru-F-400158,fru-F-400162,fru-F-800059,fru-M-000017,fru-M-000057,fru-M-000138,fru-M-000188,fru-M-200190,fru-M-300168,fru-M-300231,fru-M-300244,fru-M-400156,fru-M-500072,fru-M-500074,fru-M-500203,fru-M-700136",LR
DNES1,10,cb_endocrine,,,unclear,,,,,DNES1,,LR
DNES2,2,cb_endocrine,,,unclear,,,,DNES2,DNES2,DH31,LR
DNES3,4,cb_endocrine,,,unclear,,,,DNES3,DNES3,DH31,LR
DNa01,2,descending_neuron,,xl,acetylcholine,,,,VES006,DNa01,,LR
DNa02,2,descending_neuron,,xl,acetylcholine,,,,DNa02,DNa02,,LR
DNa03,2,descending_neuron,,it,acetylcholine,,,,DNa03,DNa03,,LR
DNa04,2,descending_neuron,,ut,acetylcholine,,,,PS015,DNa04,,LR
DNa05,2,descending_neuron,,ut,acetylcholine,,,,PS028,DNa05,,LR
DNa06,2,descending_neuron,,xn,acetylcholine,,,,PS039,DNa06,,LR
DNa07,2,descending_neuron,,ut,acetylcholine,,,,DNa07,DNa07,,LR
DNa08,2,descending_neuron,,wt,acetylcholine,sexually dimorphic,,,DNa08,DNa08,,LR
DNa09,2,descending_neuron,,xn,acetylcholine,potentially sexually dimorphic,,,DNa09,DNa09,,LR
DNa10,2,descending_neuron,,xn,acetylcholine,,,,DNa10,DNa10,,LR
DNa11,2,descending_neuron,,xl,acetylcholine,,,,VES008,DNa11,,LR
DNa13,4,descending_neuron,,xl,acetylcholine,,,,LAL041,DNa13,,LR
DNa14,2,descending_neuron,,xl,acetylcholine,,,,CL052,DNa14,,LR
DNa15,2,descending_neuron,,ut,acetylcholine,,,,PS017,DNa15,,LR
DNa16,2,descending_neuron,,ut,acetylcholine,,,,PS014,DNa16,,LR
DNae001,2,descending_neuron,,xl,acetylcholine,,,,DNa01,DNae001,,LR
DNae002,2,descending_neuron,,ut,acetylcholine,,,,DNa04,DNae002,,LR
DNae003,2,descending_neuron,,xn,acetylcholine,,,,PS040,DNae003,,LR
DNae004,2,descending_neuron,,ut,acetylcholine,,,,DNa05,DNae004,,LR
DNae005,2,descending_neuron,,xl,acetylcholine,potentially sexually dimorphic,,,VES009,DNae005,,LR
DNae006,2,descending_neuron,,xn,acetylcholine,,,,PS045,DNae006,,LR
DNae007,2,descending_neuron,,xn,acetylcholine,,,,VES009,DNae007,,LR
DNae008,2,descending_neuron,,xl,acetylcholine,,,,PS012,DNae008,,LR
DNae009,2,descending_neuron,,xn,acetylcholine,,,,PS009,DNae009,,LR
DNae010,2,descending_neuron,,xn,acetylcholine,,,,PS016,DNae010,,LR
DNb01,2,descending_neuron,,xn,glutamate,,,,DNb01,DNb01,,LR
DNb02,4,descending_neuron,,ut,glutamate,,,,DNb02,DNb02,,LR
DNb03,4,descending_neuron,,ut,acetylcholine,,,,DNb03,DNb03,,LR
DNb04,2,descending_neuron,,xn,glutamate,,,,DNb04,DNb04,,LR
DNb05,2,descending_neuron,,xn,acetylcholine,potentially sexually dimorphic,,,DNb05,DNb05,Matsuo 2016: AMMC-Di7,LR
DNb06,2,descending_neuron,,xl,acetylcholine,,,,DNb06,DNb06,,LR
DNb07,2,descending_neuron,,xn,glutamate,,,,PS067,DNb07,,LR
DNb08,4,descending_neuron,,xl,acetylcholine,,,,VES082,DNb08,,LR
DNb09,2,descending_neuron,,xn,glutamate,,,,DNb01,DNb09,,LR
DNbe001,2,descending_neuron,,ut,acetylcholine,,,,PS103,DNbe001,,LR
DNbe002,4,descending_neuron,,xl,acetylcholine,,,,,DNbe002,,LR
DNbe003,2,descending_neuron,,xl,acetylcholine,,,,hb5813024933,DNbe003,,LR
DNbe004,2,descending_neuron,,xn,glutamate,,,,PS066,DNbe004,,LR
DNbe005,2,descending_neuron,,xn,glutamate,sexually dimorphic,,,PS069,DNbe005,,LR
DNbe006,2,descending_neuron,,xn,acetylcholine,,,,,DNbe006,,LR
DNbe007,2,descending_neuron,,xl,acetylcholine,,,,VES042,DNbe007,,LR
DNc01,2,descending_neuron,,xn,unclear,,,,SIFa,DNc01,,LR
DNc02,2,descending_neuron,,xn,unclear,,,,SIFa,DNc02,,LR
DNd01,4,cb_intrinsic,,,glutamate,,,,DNd01,SMP746,,LR
DNd02,2,descending_neuron,,xl,unclear,,,,SAD039,DNd02,Busch 2009: OA-VL1,LR
DNd03,2,descending_neuron,,xn,glutamate,,,,,DNd03,Busch 2009: OA-VL2,LR
DNd04,2,descending_neuron,,xl,glutamate,,,,,DNd04,,LR
DNd05,2,descending_neuron,,xl,acetylcholine,,,,CL124,DNd05,,LR
DNde001,2,descending_neuron,,xl,glutamate,,,,SAD041,DNde001,,LR
DNde002,2,descending_neuron,,xl,acetylcholine,potentially sexually dimorphic,,,VES029,DNde002,,LR
DNde003,4,descending_neuron,,xl,acetylcholine,,,,LAL106,DNde003,,LR
DNde005,2,descending_neuron,,xl,acetylcholine,,,,VES028,DNde005,,LR
DNde006,2,descending_neuron,,xn,glutamate,,,,,DNde006,,LR
DNde007,2,descending_neuron,,xl,glutamate,sexually dimorphic,,,,DNde007,,LR
DNg01_a,2,descending_neuron,,ut,acetylcholine,,fru_low,LB,,DNg01,Cachero 2010: pSG-b,LR
DNg01_b,2,descending_neuron,,ut,acetylcholine,,fru_low,LB,,DNg01,Cachero 2010: pSG-b,LR
DNg01_c,2,descending_neuron,,lt,acetylcholine,,fru_low,LB,,DNg01,Cachero 2010: pSG-b,LR
DNg01_d,2,descending_neuron,,lt,acetylcholine,,fru_low,LB,,DNg01,Cachero 2010: pSG-b,LR
DNg01_unclear,1,descending_neuron,,lt,acetylcholine,,fru_low,LB,,DNg01,Cachero 2010: pSG-b,L
DNg02_a,10,descending_neuron,,ut,acetylcholine,sexually dimorphic,,LB,,DNg02_a,,LR
DNg02_b,5,descending_neuron,,ut,acetylcholine,,,LB,,DNg02_b,,LR
DNg02_c,4,descending_neuron,,ut,acetylcholine,,fru_low,LB,,DNg02_c,Cachero 2010: pSG-b,LR
DNg02_d,2,descending_neuron,,ut,acetylcholine,,,LB,,DNg02_d,,LR
DNg02_e,2,descending_neuron,,ut,acetylcholine,,,LB,,DNg02_e,,LR
DNg02_f,2,descending_neuron,,ut,acetylcholine,,,LB,,DNg02_f,,LR
DNg02_g,4,descending_neuron,,ut,acetylcholine,sexually dimorphic,,LB,,DNg02_g,,LR
DNg03,12,descending_neuron,,ut,acetylcholine,,,LB,,DNg03,,LR
DNg04,4,descending_neuron,,ut,acetylcholine,,fru_low,LB,,DNg04,Cachero 2010: pSG-b,LR
DNg05_a,2,descending_neuron,,ut,acetylcholine,,,LB,,DNg05_a,Cachero 2010: pSG-b; Sterne 2021: knees,LR
DNg05_b,4,descending_neuron,,ut,acetylcholine,,,LB,,DNg05_b,Cachero 2010: pSG-b; Sterne 2021: knees,LR
DNg05_c,2,descending_neuron,,ut,acetylcholine,,,LB,,DNg05_b,Cachero 2010: pSG-b; Sterne 2021: knees,LR
DNg06,12,descending_neuron,,xn,acetylcholine,,,LB,,DNg110_a,,LR
DNg07,16,descending_neuron,,ut,acetylcholine,,,LB,,DNg07,Vaughan 2014: aPN(desc),LR
DNg08,23,descending_neuron,,ut,gaba,,,MX,,"DNg08_a,DNg08_b",,LR
DNg09_a,6,descending_neuron,,xn,acetylcholine,,,LB,,DNg09,,LR
DNg09_b,2,descending_neuron,,nt,acetylcholine,,fru_low,LB,,DNg09,,LR
DNg10,12,descending_neuron,,nt,gaba,,,LB,,DNg10,,LR
DNg100,2,descending_neuron,,xl,acetylcholine,,,,,DNg100,Sapkal 2024: BDN2,LR
DNg101,2,descending_neuron,,xl,acetylcholine,sexually dimorphic,,,,DNg101,,LR
DNg102,4,descending_neuron,,xn,gaba,,,,,"DNg102_a,DNg102_b",,LR
DNg103,2,descending_neuron,,xl,gaba,,,,,DNg103,,LR
DNg104,2,descending_neuron,,xn,unclear,,,,,DNg104,Babski 2024: VPM2,LR
DNg105,2,descending_neuron,,xl,gaba,,,MX,,DNg105,,LR
DNg106,16,descending_neuron,,lt,gaba,,,MX,,DNg106,,LR
DNg107,2,descending_neuron,,xl,acetylcholine,,,,,DNg107,,LR
DNg108,2,descending_neuron,,xl,gaba,,,GNG,,DNg108,,LR
DNg109,2,descending_neuron,,xl,acetylcholine,,,LB,,DNg109,,LR
DNg11,6,descending_neuron,,xn,gaba,,,LB,,DNg11,,LR
DNg110,6,descending_neuron,,ut,acetylcholine,,fru_low,LB,,"DNg06_b,DNg06_c",Cachero 2010: pSG-b,LR
DNg111,2,descending_neuron,,xn,glutamate,sexually dimorphic,,,hb1573072464,DNg111,,LR
DNg12_a,8,descending_neuron,,nt,acetylcholine,,,MX,,DNg12_a,,LR
DNg12_b,10,descending_neuron,,xn,acetylcholine,,,MX,,DNg12_b,,LR
DNg12_c,8,descending_neuron,,nt,acetylcholine,,,MX,,DNg12_c,,LR
DNg12_d,2,descending_neuron,,nt,acetylcholine,,,MX,,DNg12_d,,LR
DNg12_e,6,descending_neuron,,fl,acetylcholine,,,MX,,DNg12_e,,LR
DNg12_f,4,descending_neuron,,xn,acetylcholine,,,MX,,DNg12_b,,LR
DNg12_g,2,descending_neuron,,nt,acetylcholine,,,MX,,DNg12_b,,LR
DNg12_h,2,descending_neuron,,nt,acetylcholine,,,MX,,DNg12_d,,LR
DNg13,2,descending_neuron,,xl,acetylcholine,sexually dimorphic,,,hb1696530677,DNg13,,LR
DNg14,2,descending_neuron,,hl,acetylcholine,,,,,DNg14,,LR
DNg15,2,descending_neuron,,xn,acetylcholine,,,,,DNg15,Matsuo 2016: AMMC-Db5; Sterne 2021: nagini,LR
DNg16,2,descending_neuron,,xl,acetylcholine,,,LB,,DNg16,,LR
DNg17,2,descending_neuron,,xn,acetylcholine,,,,,DNg17,,LR
DNg18_a,3,descending_neuron,,ut,gaba,,,LB,,DNg18_a,,LR
DNg18_b,6,descending_neuron,,xn,gaba,,,LB,,DNg18_b,,LR
DNg19,2,descending_neuron,,xl,acetylcholine,,,,,DNg19,,LR
DNg20,2,descending_neuron,,xn,gaba,,,MX,,DNg20,,LR
DNg21,2,descending_neuron,,xl,acetylcholine,,,,,DNg21,,LR
DNg22,2,descending_neuron,,xn,acetylcholine,,,,,DNg22,,LR
DNg23,2,descending_neuron,,xn,gaba,,,LB,,DNg23,,LR
DNg24,2,descending_neuron,,xn,gaba,,,MD,,DNg24,Matsuo 2016: AMMC-Db7,LR
DNg26,4,descending_neuron,,xn,unclear,,,MX,,DNg26,,LR
DNg27,2,descending_neuron,,ut,glutamate,,,,,DNg27,,LR
DNg28,4,efferent_descending,,,serotonin,,,,,DNg28,Yao & Scott 2022: Bitter-SEL,LR
DNg29,2,descending_neuron,,xn,acetylcholine,,,MX,,DNg29,,LR
DNg30,2,descending_neuron,,xn,serotonin,,,,DNg30,DNg30,Scheunemann 2018: SPN,LR
DNg31,2,descending_neuron,,xl,gaba,,,MD,,DNg31,,LR
DNg32,2,descending_neuron,,ut,acetylcholine,,,MX,,DNg32,,LR
DNg33,2,descending_neuron,,xn,acetylcholine,,,,,DNg33,,LR
DNg34,2,descending_neuron,,xl,unclear,,,TC,,DNg34,Yu 2010: aDT8; Busch 2009: OA-VPM1,LR
DNg35,2,descending_neuron,,xl,acetylcholine,,,,,DNg35,,LR
DNg36_a,4,descending_neuron,,ut,acetylcholine,,,LB,,DNg36_a,,LR
DNg36_b,7,descending_neuron,,ut,acetylcholine,,,LB,,DNg36_b,,LR
DNg37,2,descending_neuron,,xl,acetylcholine,potentially sexually dimorphic,,,,DNg37,,LR
DNg38,2,descending_neuron,,xl,gaba,,,,,DNg38,,LR
DNg39,2,descending_neuron,,xl,acetylcholine,,,LB,,DNg39,,LR
DNg40,2,descending_neuron,,lt,glutamate,,,MX,hb5813056435,DNg40,,LR
DNg41,2,descending_neuron,,ut,glutamate,,,,(hb5813024629),DNg41,,LR
DNg42,2,descending_neuron,,xn,glutamate,,,MX,,DNg42,,LR
DNg43,2,descending_neuron,,xl,acetylcholine,,,MX,,DNg43,,LR
DNg44,2,descending_neuron,,xl,glutamate,,,,,DNg44,,LR
DNg45,2,descending_neuron,,xl,acetylcholine,,,LB,,DNg45,,LR
DNg46,2,descending_neuron,,xn,glutamate,,,MX,,DNg46,,LR
DNg47,2,descending_neuron,,fl,acetylcholine,,,,,DNg47,,LR
DNg48,2,descending_neuron,,fl,acetylcholine,,,,,DNg48,,LR
DNg49,2,descending_neuron,,nt,gaba,,,GNG,,DNg49,,LR
DNg50,2,descending_neuron,,xn,acetylcholine,,,LB,,DNg50,,LR
DNg51,4,descending_neuron,,xn,acetylcholine,,,LB,,DNg51,,LR
DNg52,4,descending_neuron,,xl,gaba,,,MX,,"DNg52_a,DNg52_b",,LR
DNg53,2,descending_neuron,,nt,acetylcholine,,,LB,,DNg53,,LR
DNg54,2,descending_neuron,,xl,acetylcholine,,,LB,,DNg54,,LR
DNg55,1,descending_neuron,,xn,gaba,,,MD,,DNg55,Sapkal 2024: BDN3,M
DNg56,2,descending_neuron,,xn,gaba,,,LB,,DNg56,,LR
DNg57,2,descending_neuron,,xn,acetylcholine,,,LB,,DNg57,Sterne 2021: bobber,LR
DNg58,2,descending_neuron,,xn,acetylcholine,,,,,DNg58,,LR
DNg59,2,descending_neuron,,xn,gaba,,,MD,,DNg59,,LR
DNg60,2,descending_neuron,,xn,gaba,,,MD,,DNg60,Sterne 2021: mesa; Sterne 2021: snail; Sapkal 2024: bluebell; Sapkal 2024: BB,LR
DNg61,2,descending_neuron,,fl,acetylcholine,,,,,DNg61,Sterne 2021: sink,LR
DNg62,2,descending_neuron,,fl,acetylcholine,,,,,DNg62,Hampel 2015: aDN1,LR
DNg63,2,descending_neuron,,xl,acetylcholine,,,,,DNg63,,LR
DNg64,2,descending_neuron,,xl,gaba,,,MD,,DNg64,,LR
DNg65,2,descending_neuron,,xl,unclear,,,MX,,DNg65,,LR
DNg66,1,descending_neuron,,ad,unclear,potentially sexually dimorphic,,LB,,DNg66,Babski 2024: OA-VUMd4,M
DNg67,2,descending_neuron,,xl,acetylcholine,,,,,DNg67,Shiu 2022: Fudog,LR
DNg68,2,descending_neuron,,xn,acetylcholine,,,,,DNg68,,LR
DNg69,2,descending_neuron,,xl,acetylcholine,,,LB,,DNg69,,LR
DNg70,2,descending_neuron,,xn,gaba,,,MX,,DNg70,Pool 2014: DSOG1,LR
DNg71,2,descending_neuron,,xn,glutamate,,,MD,,DNg71,,LR
DNg72,4,descending_neuron,,xl,glutamate,,,MX,,DNg72,Sterne 2021: genie,LR
DNg73,2,descending_neuron,,nt,acetylcholine,,,,,DNg73,,LR
DNg74_a,2,descending_neuron,,xl,gaba,,,MX,,DNg74_a,Sterne 2021: web,LR
DNg74_b,2,descending_neuron,,xl,gaba,,,MX,,DNg74_b,Sterne 2021: web,LR
DNg75,2,descending_neuron,,xl,acetylcholine,,,,hb1874217622,DNg75,Sapkal 2024: cDN1,LR
DNg76,2,descending_neuron,,xn,acetylcholine,,,LB,,DNg76,,LR
DNg77,2,descending_neuron,,it,acetylcholine,,,,,DNg77,Sterne 2021: snake,LR
DNg78,2,descending_neuron,,xn,acetylcholine,,,,,DNg78,,LR
DNg79,4,descending_neuron,,xn,acetylcholine,,,MD,,DNg79,,LR
DNg80,2,descending_neuron,,xn,glutamate,,,LB,,DNg80,Sterne 2021: gumdrop,LR
DNg81,2,descending_neuron,,xn,gaba,,,GNG,,DNg81,,LR
DNg82,4,descending_neuron,,ut,acetylcholine,,,LB,,DNg82,,LR
DNg83,2,descending_neuron,,fl,gaba,potentially sexually dimorphic,,MX,,DNg83,,LR
DNg84,2,descending_neuron,,xn,acetylcholine,,,LB,,DNg84,,LR
DNg85,2,descending_neuron,,fl,acetylcholine,,,LB,,DNg85,,LR
DNg86,2,descending_neuron,,,unclear,,,GNG,,DNg86,,LR
DNg87,2,descending_neuron,,xl,acetylcholine,,,LB,,DNg87,,LR
DNg88,2,descending_neuron,,xl,acetylcholine,,,LB,,DNg88,,LR
DNg89,2,descending_neuron,,xn,gaba,,,LB,,DNg89,,LR
DNg90,2,descending_neuron,,xl,gaba,,,MX,,DNg90,,LR
DNg91,2,descending_neuron,,ut,acetylcholine,,,LB,hb1626948732,DNg91,,LR
DNg92_a,2,descending_neuron,,ut,acetylcholine,,,LB,,DNg92_a,,LR
DNg92_b,4,descending_neuron,,ut,acetylcholine,,,LB,,DNg92_b,,LR
DNg93,2,descending_neuron,,xl,gaba,,,,,DNg93,Sterne 2021: oval,LR
DNg94,2,descending_neuron,,xn,acetylcholine,,,,,DNg94,,LR
DNg95,2,descending_neuron,,xl,acetylcholine,,,MX,,DNg95,,LR
DNg96,2,descending_neuron,,xl,glutamate,potentially sexually dimorphic,,MX,,DNg96,,LR
DNg97,2,descending_neuron,,xl,acetylcholine,,,MX,,DNg97,Sapkal 2024: oDN1,LR
DNg98,2,descending_neuron,,xn,gaba,,,MX,,DNg98,Pool 2014: DSOG1,LR
DNg99,2,descending_neuron,,xn,gaba,,,MD,,DNg99,,LR
DNge001,3,descending_neuron,,fl,acetylcholine,,,MX,,DNge001,,LR
DNge002,2,descending_neuron,,nt,acetylcholine,,,,,DNge002,,LR
DNge003,2,descending_neuron,,xl,acetylcholine,,,,,DNge003,,LR
DNge004,2,descending_neuron,,ut,glutamate,,,,,DNge004,,LR
DNge006,2,descending_neuron,,xn,acetylcholine,,,LB,,DNge006,,LR
DNge007,2,descending_neuron,,xl,acetylcholine,,,LB,,DNge007,,LR
DNge008,2,descending_neuron,,xn,acetylcholine,,,LB,,DNge008,,LR
DNge009,7,descending_neuron,,fl,acetylcholine,,,MX,,DNge009,,LR
DNge010,2,descending_neuron,,ml,acetylcholine,sexually dimorphic,,LB,,DNge010,,LR
DNge011,2,descending_neuron,,fl,acetylcholine,,,,,DNge011,,LR
DNge012,2,descending_neuron,,fl,acetylcholine,,,LB,,DNge012,,LR
DNge013,2,descending_neuron,,xn,acetylcholine,,,LB,,DNge013,,LR
DNge014,2,descending_neuron,,ut,acetylcholine,,fru_low,LB,,DNge014,Cachero 2010: pSG-b,LR
DNge015,3,descending_neuron,,ut,acetylcholine,,fru_low,LB,,DNge015,Cachero 2010: pSG-b,LR
DNge016,2,descending_neuron,,ut,acetylcholine,,fru_low,LB,,DNge016,Cachero 2010: pSG-b,LR
DNge017,2,descending_neuron,,ut,acetylcholine,,fru_low,LB,,DNge017,Cachero 2010: pSG-b,LR
DNge018,2,descending_neuron,,nt,acetylcholine,,,LB,,DNge018,,LR
DNge019,11,descending_neuron,,fl,acetylcholine,,,MX,,DNge019,,LR
DNge020,6,descending_neuron,,fl,acetylcholine,,,MX,,DNge020,,LR
DNge021,2,descending_neuron,,fl,acetylcholine,,,MX,,DNge021,,LR
DNge022,2,descending_neuron,,fl,acetylcholine,,,,,DNge022,,LR
DNge023,2,descending_neuron,,xl,acetylcholine,,,LB,,DNge023,,LR
DNge024,4,descending_neuron,,fl,acetylcholine,,,MX,,DNge024,,LR
DNge025,3,descending_neuron,,fl,acetylcholine,,,MX,,DNge025,,LR
DNge026,2,descending_neuron,,xn,glutamate,,,,,DNge026,,LR
DNge027,2,descending_neuron,,fl,acetylcholine,,,,,DNge027,,LR
DNge028,2,descending_neuron,,fl,acetylcholine,,,MX,,DNge028,,LR
DNge029,2,descending_neuron,,fl,glutamate,,,LB,,DNge029,,LR
DNge030,2,descending_neuron,,ut,acetylcholine,,,LB,,DNge030,,LR
DNge031,2,descending_neuron,,,gaba,,,,,DNge031,,LR
DNge032,2,descending_neuron,,xl,acetylcholine,,,MD,,DNge032,,LR
DNge033,2,descending_neuron,,nt,gaba,,,LB,,DNge033,,LR
DNge034,2,descending_neuron,,xl,glutamate,,,LB,,DNge034,,LR
DNge035,2,descending_neuron,,xl,acetylcholine,,,,,DNge035,,LR
DNge036,2,descending_neuron,,fl,acetylcholine,,,,,DNge036,,LR
DNge037,2,descending_neuron,,xl,acetylcholine,,,LB,,DNge037,,LR
DNge038,2,descending_neuron,,xl,acetylcholine,,,LB,,DNge038,,LR
DNge039,2,descending_neuron,,fl,acetylcholine,,,,,DNge039,,LR
DNge040,2,descending_neuron,,xl,glutamate,,,MD,,DNge040,,LR
DNge041,2,descending_neuron,,xl,acetylcholine,,,LB,,DNge041,,LR
DNge042,2,descending_neuron,,xl,acetylcholine,,,,,DNge042,,LR
DNge043,2,descending_neuron,,xl,acetylcholine,,,LB,hb1499778528,DNge043,,LR
DNge044,2,descending_neuron,,fl,acetylcholine,,,,,DNge044,,LR
DNge045,2,descending_neuron,,ut,gaba,,,LB,,DNge045,,LR
DNge046,4,descending_neuron,,fl,gaba,,,LB,,DNge046,,LR
DNge047,2,descending_neuron,,xn,unclear,potentially sexually dimorphic,,,,DNge047,,LR
DNge048,2,descending_neuron,,xl,acetylcholine,,,,,DNge048,,LR
DNge049,2,descending_neuron,,xl,acetylcholine,potentially sexually dimorphic,,,,DNge049,,LR
DNge050,2,descending_neuron,,xl,acetylcholine,,,,,DNge050,Sapkal 2024: BDN4,LR
DNge051,2,descending_neuron,,fl,gaba,,,,,DNge051,,LR
DNge052,2,descending_neuron,,xl,gaba,,,LB,,DNge052,,LR
DNge053,2,descending_neuron,,xn,acetylcholine,,,,,DNge053,Sapkal 2024: BDN1,LR
DNge054,2,descending_neuron,,xl,gaba,,,,,DNge054,,LR
DNge055,2,descending_neuron,,xl,glutamate,,,,,DNge055,,LR
DNge056,2,descending_neuron,,fl,acetylcholine,,,,,DNge056,,LR
DNge057,2,descending_neuron,,fl,acetylcholine,,,,,DNge057,,LR
DNge058,2,descending_neuron,,xl,acetylcholine,,,,,DNge058,,LR
DNge059,2,descending_neuron,,xl,acetylcholine,,,,,DNge059,,LR
DNge060,2,descending_neuron,,xl,glutamate,,,,,DNge060,,LR
DNge061,4,descending_neuron,,fl,acetylcholine,,,LB,,"DNge061,DNge066",,LR
DNge062,2,descending_neuron,,xl,acetylcholine,,,,,DNge062,,LR
DNge063,2,descending_neuron,,xl,gaba,sexually dimorphic,,GNG,,DNge063,,LR
DNge064,2,descending_neuron,,xl,glutamate,,,,,DNge064,,LR
DNge065,2,descending_neuron,,fl,gaba,,,,,DNge065,,LR
DNge067,2,descending_neuron,,xl,gaba,,,,,DNge067,,LR
DNge068,2,descending_neuron,,fl,glutamate,,,,,DNge068,,LR
DNge069,2,descending_neuron,,xl,glutamate,,,,,DNge069,,LR
DNge070,2,descending_neuron,,nt,gaba,,,LB,DNb06,DNge070,,LR
DNge071,10,descending_neuron,,nt,gaba,,,LB,,DNge071,,LR
DNge072,2,descending_neuron,,nt,gaba,,,LB,,DNge072,,LR
DNge073,2,descending_neuron,,xl,acetylcholine,,,LB,,DNge073,,LR
DNge074,2,descending_neuron,,xl,acetylcholine,,,GNG,,DNge074,,LR
DNge075,2,descending_neuron,,xl,acetylcholine,,,,,DNge075,,LR
DNge076,2,descending_neuron,,fl,gaba,,,,,DNge076,,LR
DNge077,2,descending_neuron,,fl,acetylcholine,,,,,DNge077,,LR
DNge078,2,descending_neuron,,fl,acetylcholine,,,,,DNge078,Hampel 2015: aDN2,LR
DNge079,2,descending_neuron,,xl,gaba,,,,,DNge079,,LR
DNge080,2,descending_neuron,,xl,acetylcholine,,,,,DNge080,Shiu 2022: Rounddown,LR
DNge081,2,descending_neuron,,xl,acetylcholine,,,,,DNge081,,LR
DNge082,2,descending_neuron,,xl,acetylcholine,,,LB,,DNge082,,LR
DNge083,2,descending_neuron,,xl,glutamate,,,,,DNge083,,LR
DNge084,2,descending_neuron,,xn,gaba,,,LB,,DNge084,,LR
DNge085,8,descending_neuron,,nt,gaba,,,LB,,DNge085,,LR
DNge086,2,descending_neuron,,nt,gaba,,,LB,,DNge086,,LR
DNge087,4,descending_neuron,,nt,gaba,,,LB,,DNge087,,LR
DNge088,2,descending_neuron,,ut,glutamate,,,MX,,DNge088,,LR
DNge089,6,descending_neuron,,xn,acetylcholine,,fru_high,LB,,DNge089,,LR
DNge090,2,descending_neuron,,ut,acetylcholine,,,LB,,DNge090,,LR
DNge091,14,descending_neuron,,ut,acetylcholine,,fru_low,LB,,DNge091,Cachero 2010:aSG-a,LR
DNge092,4,descending_neuron,,xn,acetylcholine,,,LB,,DNge092,,LR
DNge093,4,descending_neuron,,ut,acetylcholine,,,LB,,DNge093,,LR
DNge094,13,descending_neuron,,xn,acetylcholine,,,LB,,DNge094,,LR
DNge095,3,descending_neuron,,ut,acetylcholine,,,LB,,DNge095,,LR
DNge096,2,descending_neuron,,it,gaba,,,MD,,DNge096,,LR
DNge097,2,descending_neuron,,ut,glutamate,,,MD,,DNge097,,LR
DNge098,2,descending_neuron,,fl,gaba,potentially sexually dimorphic,,MD,,DNge098,,LR
DNge099,2,descending_neuron,,xn,glutamate,,,MX,,DNge099,,LR
DNge100,2,descending_neuron,,fl,acetylcholine,,,LB,,DNge100,,LR
DNge101,2,descending_neuron,,xl,gaba,,,MD,,DNge101,,LR
DNge102,2,descending_neuron,,xl,glutamate,,,,,DNge102,,LR
DNge103,2,descending_neuron,,xl,gaba,sexually dimorphic,,LB,,DNge103,,LR
DNge104,2,descending_neuron,,xl,gaba,,,MX,,DNge104,,LR
DNge105,2,descending_neuron,,fl,acetylcholine,,,MX,,DNge105,,LR
DNge106,2,descending_neuron,,xl,acetylcholine,,,MX,,DNge106,,LR
DNge107,2,descending_neuron,,xn,gaba,,,MD,,DNge107,,LR
DNge108,5,descending_neuron,,ut,acetylcholine,,,LB,,"DNge108,DNge118",,LR
DNge110,2,descending_neuron,,ut,acetylcholine,,,LB,,DNge110,,LR
DNge111,6,descending_neuron,,xn,acetylcholine,,,LB,,DNge111,,LR
DNge113,4,descending_neuron,,nt,acetylcholine,,fru_low,LB,,DNge113,Cachero 2010: aSG-a,LR
DNge114,6,descending_neuron,,ut,acetylcholine,,,LB,,DNge114,,LR
DNge115,8,descending_neuron,,xn,acetylcholine,,,LB,,DNge115,,LR
DNge116,4,descending_neuron,,xn,acetylcholine,potentially sexually dimorphic,,LB,,DNge116,,LR
DNge117,4,descending_neuron,,nt,gaba,,,LB,,DNge117,,LR
DNge119,2,descending_neuron,,xn,glutamate,,,,,DNge119,,LR
DNge120,2,descending_neuron,,xl,glutamate,,,MX,,DNge120,,LR
DNge121,2,descending_neuron,,xl,acetylcholine,,,LB,,DNge121,,LR
DNge122,2,descending_neuron,,xn,gaba,,,MX,,DNge122,,LR
DNge123,2,descending_neuron,,fl,glutamate,,,,,DNge123,,LR
DNge124,2,descending_neuron,,xl,acetylcholine,,,LB,,DNge124,,LR
DNge125,2,descending_neuron,,nt,acetylcholine,,,LB,,DNge125,,LR
DNge126,2,descending_neuron,,it,acetylcholine,,,LB,,DNge126,,LR
DNge127,2,descending_neuron,,xl,gaba,,,MD,,DNge127,,LR
DNge128,2,descending_neuron,,xl,gaba,potentially sexually dimorphic,,,,DNge128,,LR
DNge129,2,descending_neuron,,xl,gaba,,,MD,,DNge129,,LR
DNge130,2,descending_neuron,,xn,acetylcholine,,,LB,,DNge130,,LR
DNge131,2,descending_neuron,,xl,gaba,,,MX,,DNge131,,LR
DNge132,2,descending_neuron,,xn,acetylcholine,,,LB,,DNge132,,LR
DNge133,2,descending_neuron,,xn,acetylcholine,,,LB,,DNge133,,LR
DNge134,2,descending_neuron,,xn,glutamate,,,,,DNge134,,LR
DNge135,2,descending_neuron,,xn,gaba,,,MD,,DNge135,,LR
DNge136,4,descending_neuron,,xn,gaba,,,MX,,DNge136,,LR
DNge137,3,descending_neuron,,xn,acetylcholine,,,MX,,DNge137,,LR
DNge138,2,descending_neuron,,xn,unclear,,,LB,,DNge138,Babski 2024: OA-VUMd1,M
DNge139,2,descending_neuron,,xn,acetylcholine,,,MX,,DNge139,,LR
DNge140,2,descending_neuron,,xn,acetylcholine,,,MX,,DNge140,,LR
DNge141,2,descending_neuron,,xn,gaba,,,MX,,DNge141,,LR
DNge142,2,descending_neuron,,xl,gaba,,,MD,,DNge142,,LR
DNge143,2,descending_neuron,,nt,gaba,,,GNG,,DNge143,,LR
DNge144,2,descending_neuron,,xl,acetylcholine,,,,,DNge144,,LR
DNge145,4,descending_neuron,,xn,acetylcholine,,fru_low,LB,,DNge145,,LR
DNge146,2,descending_neuron,,fl,gaba,,,,,DNge146,,LR
DNge147,2,descending_neuron,,fl,acetylcholine,,,MX,,DNge147,,LR
DNge148,2,descending_neuron,,xn,acetylcholine,,,,,DNge148,,LR
DNge149,1,descending_neuron,,xl,unclear,,,LB,,DNge149,Babski 2024: OA-VUMd2,M
DNge150,1,descending_neuron,,xn,unclear,,,LB,,DNge150,Babski 2024: OA-VUMd3,M
DNge151,1,descending_neuron,,ad,unclear,,,LB,,DNge151,,M
DNge152,1,descending_neuron,,ut,unclear,,,LB,,DNge152,Babski 2024: OA-VUMd2,M
DNge153,2,descending_neuron,,xl,gaba,,,GNG,,DNge153,,LR
DNge154,2,descending_neuron,,ut,acetylcholine,potentially sexually dimorphic,,LB,,"DNge154,DNge156",,LR
DNge172,4,descending_neuron,,ad,acetylcholine,,,MX,,DNge172,,LR
DNge173,2,descending_neuron,,fl,acetylcholine,,,,,DNge173,Shiu 2022: Bract 2,LR
DNge174,2,descending_neuron,,fl,acetylcholine,,,,,DNge174,Shiu 2022: Bract 1,LR
DNge175,2,descending_neuron,,ut,acetylcholine,potentially sexually dimorphic,fru_low,LB,,DNg06_a,Cachero 2010: pSG-b,LR
DNge176,2,descending_neuron,,ut,acetylcholine,,fru_low,LB,,DNge015,Cachero 2010: pSG-b,LR
DNge178,2,descending_neuron,,fl,acetylcholine,,,MX,,DNge020,,LR
DNge179,6,descending_neuron,,nt,gaba,,,LB,,DNge071,,LR
DNge180,2,descending_neuron,,xn,acetylcholine,,,LB,,DNge090,,LR
DNge181,4,descending_neuron,,ut,acetylcholine,,fru_low,LB,,DNge091,Cachero 2010:aSG-a,LR
DNge182,2,descending_neuron,,xn,glutamate,,,,,DNge102,,LR
DNge183,2,descending_neuron,,ut,acetylcholine,,,LB,,DNge110,,LR
DNge184,2,descending_neuron,,xn,acetylcholine,,fru_low,LB,,DNge113,Cachero 2010: aSG-a,LR
DNp01,2,descending_neuron,,lt,acetylcholine,,,,Giant Fiber,DNp01,Kennedy and Broadie 2018: GF,LR
DNp02,2,descending_neuron,,lt,acetylcholine,,fru_high,CG,DNp02,DNp02,Matsuo 2016: P3b,LR
DNp03,2,descending_neuron,,ut,acetylcholine,,,,DNp03,DNp03,,LR
DNp04,2,descending_neuron,,lt,acetylcholine,,,CG,DNp04,DNp04,,LR
DNp05,2,descending_neuron,,xn,acetylcholine,,,CG,DNp05,DNp05,Matsuo 2016: AMMC-Db2,LR
DNp06,2,descending_neuron,,lt,acetylcholine,,,CG,DNp06,DNp06,Matsuo 2016: AMMC-Di5,LR
DNp07,2,descending_neuron,,xn,acetylcholine,,,CG,DNp07,DNp07,,LR
DNp08,2,descending_neuron,,xn,glutamate,,,,PS271,DNp08,,LR
DNp09,2,descending_neuron,,xl,acetylcholine,,,CG,DNp09,DNp09,,LR
DNp10,2,descending_neuron,,xl,acetylcholine,,,CG,DNp10,DNp10,,LR
DNp101,2,descending_neuron,,xn,acetylcholine,,,,CL334,DNp101,,LR
DNp102,2,descending_neuron,,xn,acetylcholine,,,,PS212,DNp102,,LR
DNp103,2,descending_neuron,,lt,acetylcholine,,,,PVLP119,DNp103,,LR
DNp104,2,descending_neuron,,xn,acetylcholine,,,,CL324,DNp104,,LR
DNp11,2,descending_neuron,,xn,acetylcholine,,,,DNp11,DNp11,Matsuo 2016: AMMC-Db3,LR
DNp12,2,descending_neuron,,xn,acetylcholine,,,,WED105,DNp12,,LR
DNp13,2,descending_neuron,,xn,acetylcholine,sexually dimorphic,dsx_high,,DNp13,DNp13,Kimura 2015: pMN1; Ruta 2010: DN1,LR
DNp14,2,descending_neuron,,xn,acetylcholine,,,,SMP585,DNp14,,LR
DNp15,2,descending_neuron,,ut,acetylcholine,,,,DNp15,DNp15,Suver 2016: DNHS1,LR
DNp16_a,2,descending_neuron,,ut,acetylcholine,potentially sexually dimorphic,,,DNp16,DNp16,,LR
DNp16_b,2,descending_neuron,,ut,acetylcholine,potentially sexually dimorphic,,,DNp16,DNp16,,LR
DNp17,12,descending_neuron,,ut,acetylcholine,,,,DNp17,DNp17,,LR
DNp18,2,descending_neuron,,xn,acetylcholine,,,,DNp18,DNp18,Matsuo 2016: AMMC-Di3,LR
DNp19,2,descending_neuron,,xn,acetylcholine,,fru_high,,DNp19,DNp19,Cachero 2010: pMP-g,LR
DNp20,2,descending_neuron,,xn,acetylcholine,,,,DNp20,DNp20,Dorkenwald 2024: DNOVS1,LR
DNp21,2,descending_neuron,,xn,acetylcholine,,,,PS236,DNp40,,LR
DNp22,2,descending_neuron,,ut,acetylcholine,,,,(hb1560471374),DNp22,Dorkenwald 2024: DNOVS2,LR
DNp23,2,descending_neuron,,xn,acetylcholine,,,CG,DNp23,DNp23,,LR
DNp24,2,descending_neuron,,xn,gaba,,,,DNp24,DNp24,,LR
DNp25,2,descending_neuron,,xn,gaba,,,,DNp25,DNp25,,LR
DNp26,2,descending_neuron,,xn,acetylcholine,,,CG,DNp26,DNp26,,LR
DNp27,2,descending_neuron,,xn,acetylcholine,,,,DNp27,DNp27,,LR
DNp28,2,descending_neuron,,xn,acetylcholine,,,,DNp28,DNp28,,LR
DNp29,2,descending_neuron,,xn,unclear,,,,NPFP1,DNp29,Scheffer 2020: NPF1,LR
DNp30,2,descending_neuron,,xn,glutamate,,fru_high,,DSKMP1A,DNp30,,LR
DNp31,2,descending_neuron,,ut,acetylcholine,,,CG,DNp31,DNp31,,LR
DNp32,2,descending_neuron,,xl,unclear,,,CG,DNp32,DNp32,,LR
DNp33,2,descending_neuron,,ut,acetylcholine,,,,SAD095,DNp33,Matsuo 2016: AMMC-D1,LR
DNp34,2,descending_neuron,,xl,acetylcholine,,,,DNp34,DNp34,,LR
DNp35,2,descending_neuron,,xn,acetylcholine,,,CG,PVLP136,DNp35,,LR
DNp36,2,descending_neuron,,xn,glutamate,sexually dimorphic,fru_high,,CL342,DNp36,Cachero 2010: pIP-h; Yu 2010: pIP9,LR
DNp38,2,descending_neuron,,xn,acetylcholine,,,,,DNp38,,LR
DNp39,2,descending_neuron,,xn,acetylcholine,,,,PS297,DNp39,,LR
DNp41,4,descending_neuron,,xn,acetylcholine,,,,hb1344695030,DNp41,,LR
DNp42,2,descending_neuron,,xn,acetylcholine,,,,DNp42,DNp42,,LR
DNp43,2,descending_neuron,,xl,acetylcholine,,,,CL332,DNp43,,LR
DNp44,2,descending_neuron,,xn,acetylcholine,,,,DNp44,DNp44,,LR
DNp45,2,descending_neuron,,xn,acetylcholine,,,,PVLP117,DNp45,,LR
DNp46,2,descending_neuron,,xn,acetylcholine,,,CG,CL206,DNp46,,LR
DNp47,2,descending_neuron,,xn,acetylcholine,,,,PS293,DNp47,,LR
DNp48,2,descending_neuron,,xn,acetylcholine,potentially sexually dimorphic,,CG,SMP462,DNp48,,LR
DNp49,2,descending_neuron,,xn,glutamate,,,,DNp49,DNp49,,LR
"DNp51,DNpe019",4,descending_neuron,,xn,acetylcholine,,,,PS296,"DNp51,DNpe019",,LR
DNp52,2,descending_neuron,,,acetylcholine,,,,CRE101,DNp52,,LR
DNp53,2,descending_neuron,,xn,acetylcholine,,,,PS126,DNp53,,LR
DNp54,2,descending_neuron,,xn,gaba,,,,PS163,DNp54,,LR
DNp55,2,descending_neuron,,xn,acetylcholine,,,,WED180,DNp55,,LR
DNp56,2,descending_neuron,,fl,acetylcholine,,,,VES055,DNp56,,LR
DNp57,2,descending_neuron,,xn,acetylcholine,,fru_low,,PS195,DNp57,,LR
DNp58,2,descending_neuron,,ad,acetylcholine,,,CG,hb1791391565,DNp58,,LR
DNp59,2,descending_neuron,,lt,gaba,,,,CL247,DNp59,,LR
DNp60,2,descending_neuron,,xn,acetylcholine,,,CG,CL139,DNp60,,LR
DNp62,2,descending_neuron,,xn,unclear,,fru_high,,DSKMP1B,DNp62,,LR
DNp63,2,descending_neuron,,xn,acetylcholine,,,CG,PS113,DNp63,,LR
DNp64,2,descending_neuron,,xn,acetylcholine,,,CG,CL137,DNp64,,LR
DNp65,2,descending_neuron,,xn,gaba,,,,,DNp65,,LR
DNp66,2,descending_neuron,,xn,acetylcholine,,,,AVLP499,DNp66,,LR
DNp67,2,descending_neuron,,xl,acetylcholine,sexually dimorphic,,CG,CL139,DNp67,,LR
DNp68,2,descending_neuron,,xn,acetylcholine,sexually dimorphic,,CG,CL138,DNp68,,LR
DNp69,2,descending_neuron,,xn,acetylcholine,,,CG,CL304,DNp69,,LR
DNp70,2,descending_neuron,,xn,acetylcholine,,,CG,CL305,DNp70,,LR
DNp71,2,descending_neuron,,xl,acetylcholine,,,CG,DNp09,DNp71,,LR
DNp72,2,descending_neuron,,ut,acetylcholine,,,,,DNp72,,LR
DNp73,2,descending_neuron,,xn,acetylcholine,,,,,DNp73,,LR
DNpe001,2,descending_neuron,,xn,acetylcholine,,,,IB111,DNpe001,,LR
DNpe002,2,descending_neuron,,xl,acetylcholine,sexually dimorphic,,,VES068,DNpe002,,LR
DNpe003,4,descending_neuron,,xl,acetylcholine,,,,"VES069,VES081",DNpe003,,LR
DNpe004,4,descending_neuron,,ut,acetylcholine,,,,,DNpe004,,LR
DNpe005,2,descending_neuron,,xn,acetylcholine,,,,WED123,DNpe005,,LR
DNpe006,2,descending_neuron,,xl,acetylcholine,,,,CL330,DNpe006,,LR
DNpe007,2,descending_neuron,,xl,acetylcholine,,,CG,hb1343489608,DNpe007,,LR
DNpe008,19,descending_neuron,,ht,acetylcholine,,,,PS225,DNpe008,,LR
DNpe009,6,descending_neuron,,nt,acetylcholine,,,,"PS222,PS226",DNpe009,,LR
DNpe010,2,descending_neuron,,ut,glutamate,,,,PS275,DNpe010,,LR
DNpe011,4,descending_neuron,,xn,acetylcholine,potentially sexually dimorphic,,,PS227,DNpe011,,LR
DNpe012_a,4,descending_neuron,,xn,acetylcholine,,,,DNp16,DNpe012,,LR
DNpe012_b,4,descending_neuron,,xn,acetylcholine,,,,DNp16,DNpe012,,LR
DNpe013,2,descending_neuron,,xn,acetylcholine,,,,PS168,DNpe013,,LR
DNpe014,4,descending_neuron,,xn,acetylcholine,,,,"PS294,PS295,PS298",DNpe014,,LR
DNpe015,11,descending_neuron,,ut,acetylcholine,,,,,DNpe015,,LR
DNpe016,2,descending_neuron,,xn,acetylcholine,,,,PS211,DNpe016,,LR
DNpe017,2,descending_neuron,,xn,acetylcholine,potentially sexually dimorphic,,,hb1406000196,DNpe017,,LR
DNpe018,3,descending_neuron,,xn,acetylcholine,,,,hb1436667616,DNpe018,,LR
DNpe020,2,descending_neuron,,xl,acetylcholine,,,,PS133,DNpe020,,M
DNpe021,2,descending_neuron,,xn,acetylcholine,,,CG,CL307,DNpe021,,LR
DNpe022,2,descending_neuron,,xl,acetylcholine,,,,PS271,DNpe022,,LR
DNpe023,2,descending_neuron,,it,acetylcholine,,,,LAL201,DNpe023,,LR
DNpe024,2,descending_neuron,,xn,acetylcholine,,,,CL325,DNpe024,,LR
DNpe025,2,descending_neuron,,xl,acetylcholine,sexually dimorphic,,,PVLP145,DNpe025,,LR
DNpe026,2,descending_neuron,,xn,acetylcholine,,,,CL202,DNpe026,,LR
DNpe027,2,descending_neuron,,xn,acetylcholine,,,,PS166,DNpe027,,LR
DNpe028,2,descending_neuron,,xn,acetylcholine,,,,IB046,DNpe028,,LR
DNpe029,4,descending_neuron,,xl,acetylcholine,,,DC,,DNpe029,,LR
DNpe030,2,descending_neuron,,xn,acetylcholine,,,DC,,DNpe030,,LR
DNpe031,4,descending_neuron,,xn,glutamate,,,,PVLP116,DNpe031,,LR
DNpe032,2,descending_neuron,,xn,acetylcholine,,,,PS216,DNpe032,,LR
DNpe033,2,descending_neuron,,it,gaba,,fru_high,,SMP289,DNpe033,Cachero 2010: pMP-b; Yu 2010: pMP5,LR
DNpe034,2,descending_neuron,,ad,acetylcholine,sexually dimorphic,coexpress_low,CG,SMP486_b,DNpe034,Wang 2020a: pMP1; Rideout 2010: pC3; Zhou 2014: pCd; Nojima 2021: pCd-1; Allen 2025: pMP-z,LR
DNpe035,2,descending_neuron,,xn,acetylcholine,,,CG,SMP601,DNpe035,,LR
DNpe036,2,descending_neuron,,xn,acetylcholine,potentially sexually dimorphic,,CG,,DNpe036,,LR
DNpe037,2,descending_neuron,,xn,acetylcholine,,,,CL338,DNpe037,,LR
DNpe039,2,descending_neuron,,xn,acetylcholine,,,CG,CL306,DNpe039,,LR
DNpe040,2,descending_neuron,,xn,acetylcholine,,,,CL320,DNpe040,,LR
DNpe041,2,descending_neuron,,xl,gaba,sexually dimorphic,fru_high,,SMP290,DNpe041,Cachero 2010: pMP-b; Yu 2010: pMP5,LR
DNpe042,2,descending_neuron,,lt,acetylcholine,,,,CL262,DNpe042,,LR
DNpe043,2,descending_neuron,,xn,acetylcholine,,,CG,CL207,DNpe043,,LR
DNpe045,2,descending_neuron,,xn,acetylcholine,,,CG,DNp23,DNpe045,,LR
DNpe048,2,descending_neuron,,,unclear,,,CG,SMP367,DNpe048,,LR
DNpe049,2,descending_neuron,,xl,acetylcholine,,,DC,,DNpe049,,LR
DNpe050,2,descending_neuron,,xn,acetylcholine,,,,CL341,DNpe050,,LR
DNpe052,2,descending_neuron,,xl,acetylcholine,potentially sexually dimorphic,,CG,AVLP564,DNpe052,,LR
DNpe053,2,descending_neuron,,xn,acetylcholine,,,,SMP454,DNpe053,,LR
DNpe054,7,descending_neuron,,ht,acetylcholine,,,,DNp16/17,DNpe054,,LR
DNpe055,2,descending_neuron,,xn,acetylcholine,,,,PS167,DNpe055,,LR
DNpe056,2,descending_neuron,,xn,acetylcholine,,,,PVLP146,DNpe056,,LR
DNpe057,4,descending_neuron,,nt,acetylcholine,,,,PS226,DNpe009,,LR
DNx01,2,sensory_descending,unknown_sensory,,acetylcholine,,,NA,,DNx01,,?
DNx02,4,sensory_descending,unknown_sensory,,acetylcholine,,,,,DNx02,,?
DNxl114,2,descending_neuron,,xl,gaba,,,GNG,,DNxl114,,LR
DP1l_adPN,2,cb_intrinsic,ALPN,,acetylcholine,,,,DP1l_adPN,DP1l_adPN,,LR
DP1l_vPN,3,cb_intrinsic,ALPN,,gaba,,,,DP1l_vPN,DP1l_vPN,,LR
DP1m_adPN,2,cb_intrinsic,ALPN,,acetylcholine,,,,DP1m_adPN,DP1m_adPN,,LR
DP1m_vPN,4,cb_intrinsic,ALPN,,gaba,,,,DP1m_vPN,DP1m_vPN,,LR
DPM,2,cb_intrinsic,,,dopamine,,,,DPM,DPM,,LR
DSKMP3,4,cb_intrinsic,,,unclear,,fru_high,,DSKMP3,DSKMP3,,LR
DVMn 1a-c,6,vnc_motor,,wm,glutamate,,,T2,,,,LR
"DVMn 2a, b",4,vnc_motor,,wm,unclear,,,T2,,,,LR
"DVMn 3a, b",4,vnc_motor,,wm,unclear,,,T1,,,,LR
D_adPN,6,cb_intrinsic,ALPN,,acetylcholine,,fru_low,,D_adPN,D_adPN,Cachero 2010: aDT-a; Yu 2010: aDT3,LR
Delta7,42,cb_intrinsic,CX,,glutamate,,,,Delta7,Delta7,,LR
Dm-DRA1,50,ol_intrinsic,,,glutamate,,,,,DmDRA1,,LR
Dm-DRA2,33,ol_intrinsic,,,glutamate,,,,,DmDRA2,,LR
Dm1,80,ol_intrinsic,,,glutamate,,,,,Dm1,,LR
Dm10,626,ol_intrinsic,,,gaba,,,,,Dm10,,LR
Dm11,158,ol_intrinsic,,,glutamate,,,,,Dm11,,LR
Dm12,276,ol_intrinsic,,,glutamate,,,,,Dm12,,LR
Dm13,53,ol_intrinsic,,,gaba,,,,,Dm13,,LR
Dm14,34,ol_intrinsic,,,glutamate,,,,,Dm14,,LR
Dm15,485,ol_intrinsic,,,glutamate,,,,,Dm15,,LR
Dm16,151,ol_intrinsic,,,glutamate,,,,,Dm16,,LR
Dm17,8,ol_intrinsic,,,glutamate,,,,,Dm17,,LR
Dm18,58,ol_intrinsic,,,gaba,,,,,Dm18,,LR
Dm19,30,ol_intrinsic,,,glutamate,,,,,Dm19,,LR
Dm2,1452,ol_intrinsic,,,acetylcholine,,,,,Dm2,,LR
Dm20,98,ol_intrinsic,,,glutamate,,,,,Dm20,,LR
Dm3a,1204,ol_intrinsic,,,glutamate,,,,,Dm3p,,LR
Dm3b,1137,ol_intrinsic,,,glutamate,,,,,Dm3q,,?LR
Dm3c,787,ol_intrinsic,,,glutamate,,,,,Dm3v,,LR
Dm4,99,ol_intrinsic,,,glutamate,,,,,Dm4,,LR
Dm6,62,ol_intrinsic,,,glutamate,,,,,Dm6,,LR
Dm8a,572,ol_intrinsic,,,glutamate,,,,,yDm8,,LR
Dm8b,532,ol_intrinsic,,,glutamate,,,,,pDm8,,LR
Dm9,273,ol_intrinsic,,,glutamate,,,,,Dm9,,LR
EA00B006,1,efferent_ascending,,,octopamine,,,T1,,,,M
EA00B007,1,efferent_ascending,,,unclear,,,T3,,,,M
EA00B022,1,vnc_efferent,,,octopamine,,,T1,,,,M
EA06B010,2,efferent_ascending,,,glutamate,,,T2,,,,LR
EA27X006,2,efferent_ascending,,,unclear,,,T3,,,,LR
EAXXX079,2,efferent_ascending,,,unclear,,,A1,,,,LR
EL,18,cb_intrinsic,CX,,octopamine,,,,EL,EL,,LR
EN00B001,1,vnc_efferent,,,octopamine,,,T2,,,,M
EN00B002,1,vnc_efferent,,,octopamine,,,A7,,,,M
EN00B003,2,vnc_efferent,,ad,octopamine,,,A10,,,,M
EN00B004,2,vnc_efferent,,,octopamine,,,A8,,,,M
EN00B008,3,vnc_efferent,,,octopamine,,,T3,,,,M
EN00B010,4,vnc_efferent,,,octopamine,,,A10,,,,M
EN00B011,2,vnc_efferent,,,octopamine,,,T2,,,,M
EN00B012,1,vnc_efferent,,,octopamine,,,A8,,,,M
EN00B013,4,vnc_efferent,,,octopamine,,,A8,,,,M
EN00B015,3,vnc_efferent,,,octopamine,,,T2,,,,M
EN00B016,3,vnc_efferent,,,octopamine,,,A9,,,,M
EN00B017,1,vnc_efferent,,,octopamine,,,T3,,,,M
EN00B018,1,vnc_efferent,,ad,octopamine,,,A10,,,,M
EN00B019,1,vnc_efferent,,,octopamine,,,A7,,,,M
EN00B020,1,vnc_efferent,,,octopamine,,,A10,,,,M
EN00B023,4,vnc_efferent,,,octopamine,,,A6,,,,M
EN00B024,1,vnc_efferent,,,octopamine,,,A1,,,,M
EN00B025,2,vnc_efferent,,,octopamine,,,A1,,,,M
EN00B026,8,vnc_efferent,,,octopamine,,,A4,,,,M
EN00B027,2,vnc_efferent,,ad,octopamine,,,A9,,,,M
EN21X001,4,vnc_efferent,,,unclear,,,T1,,,,LR
ENS1,6,cb_sensory,unknown_sensory,,acetylcholine,,,,,ENS1,,?
ENS2,4,cb_sensory,unknown_sensory,,acetylcholine,,,,,ENS2,,?
ENS3,5,cb_sensory,unknown_sensory,,unclear,,,,,ENS3,,?
ENS4,5,cb_sensory,unknown_sensory,,unclear,,,,,ENS4,,?
ENS5,6,cb_sensory,unknown_sensory,,unclear,,,,,ENS5,,?
ENXXX128,2,vnc_efferent,,,unclear,,,A1,,,,LR
ENXXX226,19,vnc_efferent,,,unclear,,,A6,,,,LR
ENXXX286,2,vnc_efferent,,,unclear,,,A2,,,,LR
EPG,46,cb_intrinsic,CX,,acetylcholine,,,,EPG,EPG,,LR
EPGt,4,cb_intrinsic,CX,,acetylcholine,,,,EPGt,EPGt,,LR
ER1_a,11,cb_intrinsic,CX,,gaba,,,,ER1_a,ER1,,LR
ER1_b,13,cb_intrinsic,CX,,gaba,,,,ER1_b,ER1,,LR
ER1_c,4,cb_intrinsic,CX,,gaba,,,,ER1,ER1,,LR
ER2_a,12,cb_intrinsic,CX,,gaba,,,,ER2_a,ER2,,LR
ER2_b,4,cb_intrinsic,CX,,gaba,,,,ER2_b,ER2,,LR
ER2_c,20,cb_intrinsic,CX,,gaba,,,,ER2_c,ER2,,LR
ER2_d,5,cb_intrinsic,CX,,gaba,,,,ER2_d,ER2,,LR
ER3a_a,15,cb_intrinsic,CX,,gaba,,,,ER3a_a,ER3a,,LR
ER3a_b,6,cb_intrinsic,CX,,gaba,,,,ER3a_b,ER3a,,LR
ER3a_c,4,cb_intrinsic,CX,,gaba,,,,ER3a_c,ER3a,,LR
ER3a_d,5,cb_intrinsic,CX,,gaba,,,,ER3a_d,ER3a,,LR
ER3d_a,7,cb_intrinsic,CX,,gaba,,,,ER3d_a,"ER3d_a,ER3d_c",,LR
ER3d_b,20,cb_intrinsic,CX,,gaba,,,,ER3d_b,ER3d_b,,LR
ER3d_c,9,cb_intrinsic,CX,,gaba,,,,ER3d_c,"ER3d_a,ER3d_c",,LR
ER3d_d,11,cb_intrinsic,CX,,gaba,,,,ER3d_d,ER3d_d,,LR
ER3d_e,7,cb_intrinsic,CX,,gaba,,,,ER3d_a,ER3d,,LR
ER3m,18,cb_intrinsic,CX,,gaba,,,,ER3m,ER3m,,LR
ER3p_a,14,cb_intrinsic,CX,,gaba,,,,ER3p_a,ER3p,,LR
ER3p_b,4,cb_intrinsic,CX,,gaba,,,,ER3p_b,ER3p,,LR
ER3w_a,7,cb_intrinsic,CX,,gaba,,,,ER3w_a,ER3w,,LR
ER3w_b,18,cb_intrinsic,CX,,gaba,,,,ER3w_b,ER3w,,LR
ER3w_c,6,cb_intrinsic,CX,,gaba,,,,ER3w_a,ER3w,,LR
ER4d,26,cb_intrinsic,CX,,gaba,,,,ER4d,ER4d,,LR
ER4m,11,cb_intrinsic,CX,,gaba,,,,ER4m,ER4m,,LR
ER5,21,cb_intrinsic,CX,,gaba,,,,ER5,ER5,,LR
ER6,4,cb_intrinsic,CX,,gaba,,,,ER6,ER6,,LR
ExR1,4,cb_intrinsic,CX,,acetylcholine,,,,ExR1,ExR1,,LR
ExR2,4,cb_intrinsic,CX,,dopamine,,,,ExR2,ExR2,,LR
ExR3,2,cb_intrinsic,CX,,serotonin,,,,ExR3,ExR3,,LR
ExR4,2,cb_intrinsic,CX,,glutamate,,,CG,ExR4,ExR4,,LR
ExR5,4,cb_intrinsic,CX,,glutamate,,,,ExR5,ExR5,,LR
ExR6,2,cb_intrinsic,CX,,glutamate,,,CG,ExR6,ExR6,,LR
ExR7,4,cb_intrinsic,CX,,acetylcholine,,,,ExR7,ExR7,,LR
ExR8,4,cb_intrinsic,CX,,acetylcholine,,,,ExR8,ExR8,,LR
FB,1,cb_intrinsic,,,unclear,,,,,,,L
FB1A,4,cb_intrinsic,CX,,glutamate,,,CG,FB1A,FB1A,,LR
FB1B,4,cb_intrinsic,CX,,glutamate,,,CG,FB1B,FB1B,,LR
FB1C,4,cb_intrinsic,CX,,dopamine,,,,FB1C,CB.FB1H0,,LR
FB1D,5,cb_intrinsic,CX,,glutamate,,,,FB1D,CB.FB1E1,,LR
FB1E_a,5,cb_intrinsic,CX,,glutamate,,,,FB1E_a,CB.FB1E0,,LR
FB1E_b,2,cb_intrinsic,CX,,glutamate,,,,FB1E_b,,,LR
FB1F,2,cb_intrinsic,CX,,glutamate,,,CG,FB1F,FB1F,,LR
FB1G,2,cb_intrinsic,CX,,acetylcholine,,,,FB1G,CB.FB2G0,,LR
FB1H,2,cb_intrinsic,CX,,dopamine,,fru_low,,FB1H,CB.FBTF0,Cachero 2010: aSP-c,LR
FB1I,2,cb_intrinsic,CX,,glutamate,,,CG,FB1I,"FB1I,FB1J",,LR
FB1J,2,cb_intrinsic,CX,,glutamate,,,CG,FB1J,"FB1I,FB1J",,LR
FB2A,4,cb_intrinsic,CX,,dopamine,,,,FB2A,CB.FB2H0,,LR
FB2B_a,4,cb_intrinsic,CX,,unclear,,,,FB2B_a,CB.FB2K1,,LR
FB2B_b,4,cb_intrinsic,CX,,glutamate,,,,FB2B_b,CB.FB2K0,,LR
FB2C,5,cb_intrinsic,CX,,glutamate,,,CG,FB2C,CB.FB2I2,,LR
FB2D,6,cb_intrinsic,CX,,glutamate,,,CG,FB2D,CB.FB2I3,,LR
FB2E,4,cb_intrinsic,CX,,glutamate,,fru_low,,FB2E,CB.FB2E8,Cachero 2010: pIP-e;Yu 2010: pIP5,LR
FB2F_a,6,cb_intrinsic,CX,,glutamate,,fru_low,,FB2F_a,CB4171,Cachero 2010: pIP-e;Yu 2010: pIP5,LR
FB2F_b,3,cb_intrinsic,CX,,glutamate,,fru_low,,FB2F_b,FB2F_b,Cachero 2010: pIP-e;Yu 2010: pIP5,LR
FB2F_c,4,cb_intrinsic,CX,,glutamate,,fru_low,,FB2F_c,FB2F_c,Cachero 2010: pIP-e;Yu 2010: pIP5,LR
FB2F_d,4,cb_intrinsic,CX,,glutamate,,fru_low,,FB2F_b,FB2F_d,Cachero 2010: pIP-e;Yu 2010: pIP5,LR
FB2G_a,2,cb_intrinsic,CX,,glutamate,,,,FB2G_a,FB2G_a,,LR
FB2G_b,6,cb_intrinsic,CX,,glutamate,,,,FB2G_b,CB.FB2E0,,LR
FB2H_a,2,cb_intrinsic,CX,,glutamate,,,,FB2H_a,CB.FB2E6,,LR
FB2H_b,2,cb_intrinsic,CX,,glutamate,,,,FB2H_b,"CB.FB2E3,CB.FB2E4",,LR
FB2I_a,10,cb_intrinsic,CX,,glutamate,,,,FB2I_a,CB.FB2E9,,LR
FB2I_b,2,cb_intrinsic,CX,,glutamate,,,,FB2I_b,CB.FB2E6,,LR
FB2J_a,2,cb_intrinsic,CX,,glutamate,,fru_low,,FB2J,CB.FB2E5,Cachero 2010: pIP-e;Yu 2010: pIP5,LR
FB2J_b,2,cb_intrinsic,CX,,glutamate,,fru_low,,FB2J,FB2J_b,Cachero 2010: pIP-e;Yu 2010: pIP5,LR
FB2J_c,2,cb_intrinsic,CX,,glutamate,,fru_low,,FB2J,CB.FB2E5,Cachero 2010: pIP-e;Yu 2010: pIP5,LR
FB2K,9,cb_intrinsic,CX,,glutamate,,,CG,FB2K,CB.FB2I1,,LR
FB2L,4,cb_intrinsic,CX,,glutamate,,,CG,FB2L,CB.FB2I0,,LR
FB2M_a,4,cb_intrinsic,CX,,glutamate,,,,FB2M,FB2M,,LR
FB2M_b,2,cb_intrinsic,CX,,glutamate,,,,FB2M,FB2M,,LR
FB3A,4,cb_intrinsic,CX,,glutamate,,,CG,FB3A,"CB.FB3,4I0",,LR
FB3C,13,cb_intrinsic,CX,,gaba,,,,FB3C,"FB3B,FB3C,FB3E",,LR
FB3D,1,cb_intrinsic,CX,,glutamate,,,CG,FB3D,FB3D,,R
FB3E,2,cb_intrinsic,CX,,gaba,,,,FB3E,"FB3B,FB3C,FB3E",,LR
FB4A_a,6,cb_intrinsic,CX,,glutamate,,,CG,FB4A,FB4A,,LR
FB4A_b,2,cb_intrinsic,CX,,glutamate,,,CG,FB4A,FB4A,,LR
FB4B,2,cb_intrinsic,CX,,glutamate,,,CG,FB4B,"CB.FB3,4I8",,LR
FB4C,2,cb_intrinsic,CX,,glutamate,,,CG,FB4C,"CB.FB3,4I5",,LR
FB4D_a,2,cb_intrinsic,CX,,glutamate,,,CG,FB4D,FB4D,,LR
FB4D_b,2,cb_intrinsic,CX,,glutamate,,,CG,FB4D,FB4D,,LR
FB4D_c,2,cb_intrinsic,CX,,glutamate,,,CG,FB4D,FB4D,,LR
FB4E_a,5,cb_intrinsic,CX,,glutamate,,,CG,FB4E,FB4E,,LR
FB4E_b,4,cb_intrinsic,CX,,glutamate,,,CG,FB4E,FB4E,,LR
FB4E_c,2,cb_intrinsic,CX,,glutamate,,,CG,FB4E,FB4E,,LR
FB4F_a,4,cb_intrinsic,CX,,glutamate,,,CG,FB4F_a,FB4F,,LR
FB4F_b,2,cb_intrinsic,CX,,glutamate,,,CG,FB4F_b,FB4F,,LR
FB4F_c,6,cb_intrinsic,CX,,glutamate,,,CG,FB4F_a,FB4F,,LR
FB4G,2,cb_intrinsic,CX,,glutamate,,,CG,FB4G,FB4G,,LR
FB4H,2,cb_intrinsic,CX,,glutamate,,,CG,FB4H,"CB.FB3,4I4",,LR
FB4I,2,cb_intrinsic,CX,,glutamate,,,CG,FB4I,FB4I,,LR
FB4J,2,cb_intrinsic,CX,,glutamate,,,CG,FB4J,FB4J,,LR
FB4K,4,cb_intrinsic,CX,,glutamate,,,,FB4K,FB4K,,LR
FB4L,4,cb_intrinsic,CX,,dopamine,,fru_low,,FB4L,"CB.FB3,4A21",,LR
FB4M,4,cb_intrinsic,CX,,dopamine,,,,FB4M,"CB.FB3,4A10",,LR
FB4N,2,cb_intrinsic,CX,,glutamate,,,,FB4N,"CB.FB3,4A0",,LR
FB4O,6,cb_intrinsic,CX,,glutamate,,fru_high,,FB4O,FB4O,Cachero 2010: aSP-j; Yu 2010: aSP12,LR
FB4P_a,4,cb_intrinsic,CX,,glutamate,,fru_high,,FB4P_a,FB4P_a,Cachero 2010: aSP-j; Yu 2010: aSP12,LR
FB4P_b,3,cb_intrinsic,CX,,glutamate,,fru_high,,FB4P_b,,Cachero 2010: aSP-j; Yu 2010: aSP12,LR
FB4P_c,2,cb_intrinsic,CX,,glutamate,,fru_high,,FB4P,"FB4P,FB4Q",Cachero 2010: aSP-j; Yu 2010: aSP12,LR
FB4Q_a,2,cb_intrinsic,CX,,glutamate,,fru_high,,FB4Q_a,,Cachero 2010: aSP-j; Yu 2010: aSP12,LR
FB4Q_b,2,cb_intrinsic,CX,,glutamate,,fru_high,,FB4Q_b,FB4Q_b,Cachero 2010: aSP-j; Yu 2010: aSP12,LR
FB4Q_c,3,cb_intrinsic,CX,,glutamate,,fru_high,,FB4Q_b,FB4Q_b,Cachero 2010: aSP-j; Yu 2010: aSP12,LR
FB4R,6,cb_intrinsic,CX,,glutamate,,fru_high,,FB4R,FB4R,Cachero 2010: aSP-j; Yu 2010: aSP12,LR
FB4X,2,cb_intrinsic,CX,,glutamate,,,,FB4X,"CB.FB3,4A1",,LR
FB4Y,4,cb_intrinsic,CX,,serotonin,,,,FB4Y,"CB.FB3,4A9",,LR
FB4Z_a,8,cb_intrinsic,CX,,glutamate,,,,FB4Z,FB4Z,,LR
FB4Z_b,3,cb_intrinsic,CX,,glutamate,,,,FB4Z,FB4Z,,LR
FB4Z_c,4,cb_intrinsic,CX,,glutamate,,,,FB4Z,FB4Z,,LR
FB5A,4,cb_intrinsic,CX,,gaba,,,,FB5A,CB.FB5F1,,LR
FB5AA,2,cb_intrinsic,CX,,glutamate,,,,FB5AA,FB5AA,,LR
FB5AB,2,cb_intrinsic,CX,,acetylcholine,,,,FB5AB,CB.FB5G0,,LR
FB5B,6,cb_intrinsic,CX,,glutamate,,,,FB5B,FB5B,,LR
FB5C,3,cb_intrinsic,CX,,glutamate,,,,FB5C,FB5C,,LR
FB5D,3,cb_intrinsic,CX,,glutamate,,fru_high,,FB5D,"FB5D,FB5E",Cachero 2010: aSP-j; Yu 2010: aSP12,LR
FB5E,2,cb_intrinsic,CX,,glutamate,,fru_high,,FB5E,"FB5D,FB5E",Cachero 2010: aSP-j; Yu 2010: aSP12,LR
FB5F,2,cb_intrinsic,CX,,glutamate,,,,FB5F,FB5F,,LR
FB5G_a,4,cb_intrinsic,CX,,glutamate,,,,FB5G,CB.FB5D3,,LR
FB5G_b,2,cb_intrinsic,CX,,glutamate,,,,FB5G,CB.FB5D3,,LR
FB5G_c,2,cb_intrinsic,CX,,glutamate,,,,FB5G,CB.FB5D3,,LR
FB5H,2,cb_intrinsic,CX,,dopamine,,,,FB5H,CB.FB5F0,,LR
FB5I,2,cb_intrinsic,CX,,glutamate,,,,FB5I,CB.FB5E0,,LR
FB5J,2,cb_intrinsic,CX,,glutamate,,,CG,FB5J,FB5J,,LR
FB5K,2,cb_intrinsic,CX,,glutamate,,,CG,FB5K,FB5K,,LR
FB5L,2,cb_intrinsic,CX,,glutamate,,,CG,FB5L,FB5L,,LR
FB5M,2,cb_intrinsic,CX,,glutamate,,,CG,FB5M,FB5M,,LR
FB5N,4,cb_intrinsic,CX,,glutamate,,,CG,FB5N,FB5N,,LR
FB5O,2,cb_intrinsic,CX,,glutamate,,fru_low,,FB5O,FB5O,Cachero 2010: aSP-j; Yu 2010: aSP12,LR
FB5P,4,cb_intrinsic,CX,,glutamate,,fru_low,,FB5P,"FB5P,FB5T",Cachero 2010: aSP-j; Yu 2010: aSP12,LR
FB5Q,4,cb_intrinsic,CX,,glutamate,,,,FB5Q,CB.FB5D2,,LR
FB5R,4,cb_intrinsic,CX,,glutamate,,,,FB5R,"FB5R,FB5U",,LR
FB5S,9,cb_intrinsic,CX,,glutamate,,,,FB5S,FB5S,,LR
FB5T,2,cb_intrinsic,CX,,glutamate,,fru_low,,FB5T,"FB5P,FB5T",Cachero 2010: aSP-j; Yu 2010: aSP12,LR
FB5U,4,cb_intrinsic,CX,,glutamate,,,,FB5U,"FB5R,FB5U",,LR
FB5V_a,6,cb_intrinsic,CX,,glutamate,,fru_high,,FB5V,FB5V,Cachero 2010: aSP-j; Yu 2010: aSP12,LR
FB5V_b,6,cb_intrinsic,,,glutamate,,fru_high,,FB5V,FB5V,Cachero 2010: aSP-j; Yu 2010: aSP12,LR
FB5V_c,5,cb_intrinsic,CX,,glutamate,,fru_high,,FB5V,FB5V,Cachero 2010: aSP-j; Yu 2010: aSP12,LR
FB5W_a,6,cb_intrinsic,CX,,glutamate,,,CG,FB5W,FB5W,,LR
FB5W_b,3,cb_intrinsic,CX,,glutamate,,,CG,FB5W,FB5W,,LR
FB5X,6,cb_intrinsic,CX,,glutamate,,fru_low,,FB5X,FB5X,Cachero 2010: aSP-j; Yu 2010: aSP12,LR
FB5Y_a,2,cb_intrinsic,CX,,glutamate,,,,FB5Y,CB.FB5E1,,LR
FB5Y_b,2,cb_intrinsic,CX,,glutamate,,,,FB5Y,CB.FB5E1,,LR
FB5Z,4,cb_intrinsic,CX,,glutamate,,fru_low,,FB5Z,FB5Z,Cachero 2010: aSP-j; Yu 2010: aSP12,LR
FB6A_a,2,cb_intrinsic,CX,,glutamate,,,,FB6A,FB6A,,LR
FB6A_b,2,cb_intrinsic,CX,,glutamate,,,,FB6A,FB6A,,LR
FB6A_c,2,cb_intrinsic,CX,,glutamate,,,,FB6A,FB6A,,LR
FB6B,2,cb_intrinsic,CX,,glutamate,,fru_low,,FB6B,FB6B,Cachero 2010: pIP-e;Yu 2010: pIP5,LR
FB6C_a,2,cb_intrinsic,CX,,glutamate,,,,FB6C_a,FB6C,,LR
FB6C_b,6,cb_intrinsic,CX,,glutamate,,,,FB6C_b,FB6C,,LR
FB6D,2,cb_intrinsic,CX,,glutamate,,,,FB6D,FB6D,,LR
FB6E,2,cb_intrinsic,CX,,glutamate,,,,FB6E,FB6E,,LR
FB6F,2,cb_intrinsic,CX,,glutamate,,,,FB6F,CB.FB6E0,,LR
FB6G,2,cb_intrinsic,CX,,glutamate,,,,FB6G,FB6G,,LR
FB6H,2,cb_intrinsic,CX,,unclear,,,,FB6H,CB.FB6E2,,LR
FB6I,2,cb_intrinsic,CX,,glutamate,,,,FB6I,FB6I,,LR
FB6J,5,cb_intrinsic,CX,,glutamate,,,,FB6J,"FB6,FB6J",,LR
FB6K,4,cb_intrinsic,CX,,glutamate,,,,FB6K,CB.FB6B0,,LR
FB6L,3,cb_intrinsic,CX,,unclear,,,,FB6L,FB6L,,LR
FB6M,4,cb_intrinsic,CX,,glutamate,,,,FB6M,CB.FB6F0,,LR
FB6N,2,cb_intrinsic,CX,,glutamate,,,CG,FB6N,FB6N,,LR
FB6O,2,cb_intrinsic,CX,,glutamate,,,CG,FB6O,CB.FB6I1,,LR
FB6P,2,cb_intrinsic,CX,,glutamate,,,CG,FB6P,FB6P,,LR
FB6Q,2,cb_intrinsic,CX,,glutamate,,,,FB6Q,FB6Q,,LR
FB6R,4,cb_intrinsic,CX,,glutamate,,,,FB6R,FB6R,,LR
FB6S,8,cb_intrinsic,CX,,glutamate,,,,FB6S,FB6S,,LR
FB6T,4,cb_intrinsic,CX,,glutamate,,,,FB6T,FB6T,,LR
FB6U,4,cb_intrinsic,CX,,glutamate,,,,FB6U,FB6U,,LR
FB6V,2,cb_intrinsic,CX,,glutamate,,,,FB6V,FB6V,,LR
FB6W,2,cb_intrinsic,CX,,glutamate,,fru_low,,FB6W,FB6W,Cachero 2010: aSP-j; Yu 2010: aSP12,LR
FB6X,2,cb_intrinsic,CX,,glutamate,,fru_low,,FB6X,FB6X,Cachero 2010: aSP-j; Yu 2010: aSP12,LR
FB6Y,2,cb_intrinsic,CX,,glutamate,,,,FB6Y,FB6Y,,LR
FB6Z,2,cb_intrinsic,CX,,glutamate,,,,FB6Z,CB.FB6E1,,LR
FB7A,6,cb_intrinsic,CX,,glutamate,,,,FB7A,FB7A,,LR
FB7B,2,cb_intrinsic,CX,,unclear,,,,FB7B,FB7B,,LR
FB7C,5,cb_intrinsic,CX,,glutamate,,,,FB7C,FB7C,,LR
FB7D_a,4,cb_intrinsic,CX,,glutamate,,,,FB7D,FB7D,,LR
FB7D_b,4,cb_intrinsic,CX,,glutamate,,,,FB7D,FB7D,,LR
FB7E,6,cb_intrinsic,CX,,glutamate,,,,FB7E,FB7E,,LR
FB7F,4,cb_intrinsic,CX,,glutamate,,,,FB7F,FB7F,,LR
FB7G,4,cb_intrinsic,CX,,glutamate,,,,FB7G,"FB7I,FB7G",,LR
FB7H,2,cb_intrinsic,CX,,glutamate,,,CG,FB7H,FB7H,,LR
FB7I,5,cb_intrinsic,CX,,glutamate,,,,FB7I,"FB7I,FB7G",,LR
FB7J,4,cb_intrinsic,CX,,glutamate,,,,FB7J,FB7J,,LR
FB7K,4,cb_intrinsic,CX,,glutamate,,,,FB7K,FB7K,,LR
FB7L,6,cb_intrinsic,CX,,glutamate,,,,FB7L,FB7L,,LR
FB7M,2,cb_intrinsic,CX,,glutamate,,,,FB7M,FB7M,,LR
FB8A,2,cb_intrinsic,CX,,glutamate,,,,FB8A,CB.FB8E1,,LR
FB8B,4,cb_intrinsic,CX,,glutamate,,,,FB8B,CB.FB8B0,,LR
FB8C,4,cb_intrinsic,CX,,glutamate,,,,FB8C,CB.FB8B1,,LR
FB8D,2,cb_intrinsic,CX,,glutamate,,,,FB8D,CB.FB8C3,,LR
FB8E,5,cb_intrinsic,CX,,glutamate,,,,FB8E,FB8E,,LR
FB8F_a,7,cb_intrinsic,CX,,glutamate,,,,FB8F_a,FB8F_a,,LR
FB8F_b,9,cb_intrinsic,CX,,glutamate,,,,FB8F_b,FB8F_b,,LR
FB8G,6,cb_intrinsic,CX,,glutamate,,,,FB8G,FB8G,,LR
FB8H,6,cb_intrinsic,CX,,glutamate,,,,FB8H,CB.FB8E1,,LR
FB8I,6,cb_intrinsic,CX,,glutamate,,,,FB8I,FB8I,,LR
FB9A,6,cb_intrinsic,CX,,glutamate,,,,FB9A,FB9A,,LR
FB9B_a,4,cb_intrinsic,,,glutamate,,,,FB9B_a,FB9B,,LR
FB9B_b,4,cb_intrinsic,,,glutamate,,,,FB9B_b,FB9B,,LR
FB9B_c,4,cb_intrinsic,,,glutamate,,,,FB9B_c,FB9B,,LR
FB9B_d,4,cb_intrinsic,,,glutamate,,,,FB9B_d,FB9B,,LR
FB9B_e,4,cb_intrinsic,,,glutamate,,,,FB9B_e,FB9B,,LR
FB9C,8,cb_intrinsic,CX,,glutamate,,,,FB9C,FB9C,,LR
FC,3,cb_intrinsic,CX,,acetylcholine,,,,,,,LR
FC1A,17,cb_intrinsic,CX,,acetylcholine,,fru_low,,FC1A,"FC1A,FC1B,FC1F",,LR
FC1B,22,cb_intrinsic,CX,,acetylcholine,,fru_low,,FC1B,"FC1A,FC1B,FC1F",,LR
FC1C_a,12,cb_intrinsic,CX,,acetylcholine,,fru_low,,FC1C,FC1C,,LR
FC1C_b,17,cb_intrinsic,CX,,acetylcholine,,fru_low,,FC1C,FC1C,,LR
FC1D,25,cb_intrinsic,CX,,acetylcholine,,fru_low,,FC1D,FC1D,,LR
FC1E,22,cb_intrinsic,CX,,acetylcholine,,fru_low,,FC1E,FC1C,,LR
FC1F,15,cb_intrinsic,CX,,acetylcholine,,fru_low,,FC1F,"FC1A,FC1B,FC1F",,LR
FC2A,18,cb_intrinsic,CX,,acetylcholine,,,,FC2A,FC2A,,LR
FC2B,27,cb_intrinsic,CX,,acetylcholine,,,,FC2B,FC2B,,LR
FC2C,47,cb_intrinsic,CX,,acetylcholine,,,,FC2C,FC2C,,LR
FC3_a,17,cb_intrinsic,CX,,acetylcholine,,,,FC3,FC3,,LR
FC3_b,20,cb_intrinsic,CX,,acetylcholine,,fru_low,,FC3,FC3,,LR
FC3_c,15,cb_intrinsic,CX,,acetylcholine,,fru_low,,FC3,FC3,,LR
FLA001m,12,cb_intrinsic,,,acetylcholine,male-specific,,,,,,LR
FLA002m,12,cb_intrinsic,,,acetylcholine,male-specific,fru_high,,,,Cachero 2010: aDT-h; Yu 2010: aDT6,LR
FLA003m,4,cb_intrinsic,,,acetylcholine,male-specific,,,,,,LR
FLA004m,11,cb_intrinsic,,,acetylcholine,male-specific,,,,,,LR
FLA005m,3,cb_intrinsic,,,acetylcholine,male-specific,,,,,,LR
FLA006m,6,cb_intrinsic,,,unclear,male-specific,fru_high,,,,Cachero 2010: aDT-h; Yu 2010: aDT6,LR
FLA009m,1,cb_intrinsic,,,acetylcholine,male-specific,,,,,,R
FLA016,2,cb_intrinsic,,,acetylcholine,,,,,CB0894,,LR
FLA017,2,cb_intrinsic,,,gaba,,,,,CB0544,,LR
FLA018,2,cb_intrinsic,,,unclear,,,,,CB0075,,R
FLA019,2,cb_intrinsic,,,glutamate,,,,,CB0018,,LR
FLA020,2,cb_intrinsic,,,glutamate,,,,,CB0699,,LR
FMRFa_Tv,4,vnc_endocrine,,,unclear,,,T2,,,Gera 2025: VNC-NSC^FMRFa_Tv,LR
FNM2,2,vnc_motor,,nm,glutamate,,,T1,,,,LR
FR1,18,cb_intrinsic,CX,,acetylcholine,,,,FR1,FR1,,LR
FR2,18,cb_intrinsic,CX,,acetylcholine,,,,FR2,FR2,,LR
FS1A_a,16,cb_intrinsic,CX,,acetylcholine,,,,FS1A,FS1A_a,,LR
FS1A_b,13,cb_intrinsic,CX,,acetylcholine,,,,FS1A,"FS1A_b,FS1A_c",,LR
FS1A_c,18,cb_intrinsic,CX,,acetylcholine,,,,FS1A,"FS1A_b,FS1A_c",,LR
FS1B_a,13,cb_intrinsic,CX,,acetylcholine,,,,FS1B,FS1B_a,,LR
FS1B_b,16,cb_intrinsic,CX,,acetylcholine,,,,FS1B,FS1B_b,,LR
FS2,42,cb_intrinsic,CX,,acetylcholine,,,,FS2,FS2,,LR
FS3,2,cb_intrinsic,,,acetylcholine,,,,FS3,FS3,,L
FS3_a,15,cb_intrinsic,CX,,acetylcholine,,,,FS3,FS3,,LR
FS3_b,14,cb_intrinsic,CX,,acetylcholine,,,,FS3,FS3,,LR
FS3_c,14,cb_intrinsic,CX,,acetylcholine,,,,FS3,FS3,,LR
FS3_d,31,cb_intrinsic,CX,,acetylcholine,,,,FS3,FS3,,LR
FS4A,57,cb_intrinsic,CX,,acetylcholine,,,,FS4A,FS4A,,LR
FS4B,29,cb_intrinsic,CX,,acetylcholine,,,,FS4B,FS4B,,LR
FS4C,28,cb_intrinsic,CX,,acetylcholine,,,,FS4C,FS4C,,LR
Fe reductor MN,20,vnc_motor,,fl,glutamate,,,T1,,,,LR
GFC1,3,vnc_intrinsic,,BI,acetylcholine,,,T2,,,,LR
GFC2,10,vnc_intrinsic,,,acetylcholine,,,T2,,,,LR
GFC3,13,vnc_intrinsic,,,acetylcholine,,,T2,,,,LR
GFC4,8,vnc_intrinsic,,,acetylcholine,,,T1,,,,LR
GLNO,4,cb_intrinsic,CX,,unclear,,,CG,GLNO,GLNO,,LR
GNG001,1,cb_intrinsic,,,gaba,,,,,CB4058,,M
GNG002,1,cb_intrinsic,,,unclear,,,,,CB3958,,L
GNG003,1,cb_intrinsic,,,gaba,,fru_high,LB,,CB3916,Cachero 2010: pSG-e,M
GNG004,1,cb_intrinsic,,,gaba,,,LB,,CB3885,,M
GNG005,1,cb_intrinsic,,,gaba,sexually dimorphic,,LB,,CB3902,,M
GNG006,1,cb_intrinsic,,,gaba,,,,,CB3887,,M
GNG007,1,cb_intrinsic,,,gaba,,,LB,,CB3883,,M
GNG008,1,cb_intrinsic,,,gaba,,,LB,,CB3886,,M
GNG009,2,cb_intrinsic,,,gaba,,,LB,,CB3920,,M
GNG011,2,cb_intrinsic,,,gaba,,,,,CB0009,,LR
GNG013,2,cb_intrinsic,,,gaba,,,MD,,CB0072,,LR
GNG014,2,cb_intrinsic,,,acetylcholine,,,,,CB0587,,LR
GNG015,2,cb_intrinsic,,,gaba,,fru_low,,,CB0862,fru-M-600073,LR
GNG016,2,cb_intrinsic,,,unclear,,,,,CB0159,,LR
GNG017,2,cb_intrinsic,,,gaba,,,,,CB0891,,LR
GNG018,2,cb_intrinsic,,,acetylcholine,,,,,CB0737,,LR
GNG019,2,cb_intrinsic,,,acetylcholine,,,,,CB0910,,LR
GNG021,2,cb_intrinsic,,,acetylcholine,,,,,CB0923,,LR
GNG022,2,cb_intrinsic,,,glutamate,,,,,CB0583,,LR
GNG023,2,cb_intrinsic,,,gaba,,,,,CB0863,,LR
GNG024,2,cb_intrinsic,,,gaba,,,,,CB0754,,LR
GNG025,2,cb_intrinsic,,,gaba,,,,,CB0721,,LR
GNG026,2,cb_intrinsic,,,gaba,,,,,CB0048,,LR
GNG027,2,cb_intrinsic,,,gaba,,,,,CB0817,,LR
GNG028,2,cb_intrinsic,,,gaba,,,,,CB0851,,LR
GNG029,2,cb_intrinsic,,,acetylcholine,,,,,CB0473,,LR
GNG030,2,cb_intrinsic,,,acetylcholine,,,,,CB0908,,LR
GNG031,2,cb_intrinsic,,,gaba,,,GNG,,CB0454,,LR
GNG032,2,cb_intrinsic,,,glutamate,,,,,CB0041,,LR
GNG033,2,cb_intrinsic,,,acetylcholine,,,TC,,CB0246,,LR
GNG034,2,cb_intrinsic,,,acetylcholine,,,LB,,CB0468,,LR
GNG035,2,cb_intrinsic,,,gaba,,,,,CB0491,,LR
GNG036,2,cb_intrinsic,,,glutamate,,,,,CB0896,,LR
GNG037,2,cb_intrinsic,,,acetylcholine,,,,,CB0823,,LR
GNG038,2,cb_intrinsic,,,gaba,,,GNG,,CB0248,Shiu 2022: Billiards,LR
GNG039,2,cb_intrinsic,,,gaba,,,TC,,CB1303,,LR
GNG040,2,cb_intrinsic,,,acetylcholine,,,,,CB0756,,LR
GNG041,2,cb_intrinsic,,,gaba,,,,,CB0484,,LR
GNG042,2,cb_intrinsic,,,gaba,,,,,CB0118,Shiu 2022: Quasimodo,LR
GNG043,2,cb_intrinsic,,,histamine,,,,,CB0573,,LR
GNG044,2,cb_intrinsic,,,acetylcholine,,,TC,,CB2385,,LR
GNG045,2,cb_intrinsic,,,glutamate,,,,,CB0895,,LR
GNG046,2,cb_intrinsic,,,acetylcholine,,,LB,,CB0106,,LR
GNG047,2,cb_intrinsic,,,gaba,,,,,CB0786,,LR
GNG048,2,cb_intrinsic,,,gaba,,,,,CB0856,,LR
GNG049,2,cb_intrinsic,,,acetylcholine,,,,,CB0298,,LR
GNG050,2,cb_intrinsic,,,acetylcholine,,,,,CB0885,,LR
GNG051,2,cb_intrinsic,,,gaba,,,TC,,CB0217,,LR
GNG052,2,cb_intrinsic,,,glutamate,,,,,CB0716,,LR
GNG053,2,cb_intrinsic,,,gaba,,,,,CB0860,,LR
GNG054,2,cb_intrinsic,,,gaba,,,,,CB0438,,LR
GNG055,2,cb_intrinsic,,,gaba,,,TC,,CB0498,,LR
GNG056,2,cb_intrinsic,,,serotonin,,,,,CB0892,Yao & Scott 2022: Sugar SEL LN,LR
GNG057,2,cb_intrinsic,,,glutamate,,,LB,,CB0254,,LR
GNG058,2,cb_intrinsic,,,acetylcholine,,,,,CB1121,,LR
GNG059,2,cb_intrinsic,,,acetylcholine,,,MD,,CB0844,,LR
GNG060,2,cb_intrinsic,,,unclear,,,,,CB0588,Sterne 2021: Mist,LR
GNG061,2,cb_intrinsic,,,acetylcholine,,,TC,,CB0884,,LR
GNG062,2,cb_intrinsic,,,gaba,,,,,CB0867,,LR
GNG063,2,cb_intrinsic,,,gaba,,fru_low,,,CB0455,fru-M-100194,LR
GNG064,2,cb_intrinsic,,,acetylcholine,potentially sexually dimorphic,,,,CB2134,,LR
GNG065,2,cb_intrinsic,,,acetylcholine,,,,,CB0707,,LR
GNG066,2,cb_intrinsic,,,gaba,,,TC,,CB0417,,LR
GNG067,2,cb_intrinsic,,,unclear,,,,,CB0017,,LR
GNG068,2,cb_intrinsic,,,glutamate,,,,,CB0906,,LR
GNG069,2,cb_intrinsic,,,glutamate,,,,,CB0847,,LR
GNG070,2,cb_intrinsic,,,glutamate,,,,,CB0138,,LR
GNG071,2,cb_intrinsic,,,gaba,,,,,CB3813,,LR
GNG072,2,cb_intrinsic,,,gaba,,,,,CB0881,,LR
GNG073,2,cb_intrinsic,,,gaba,,,,,CB0779,,LR
GNG074,2,cb_intrinsic,,,gaba,,,,,CB3680,,LR
GNG075,2,cb_intrinsic,,,gaba,,,TC,,CB3593,,LR
GNG076,2,cb_intrinsic,,,acetylcholine,,,,,CB0479,,LR
GNG077,2,cb_intrinsic,,,acetylcholine,,,,,CB0803,,LR
GNG078,2,cb_intrinsic,,,gaba,,,,,CB0183,,LR
GNG079,2,cb_intrinsic,,,acetylcholine,,,TC,,CB0031,,LR
GNG080,2,cb_intrinsic,,,glutamate,,,,,CB0773,,LR
GNG081,2,cb_intrinsic,,,acetylcholine,,,,,CB0921,,LR
GNG083,2,cb_intrinsic,,,gaba,,,,,CB0870,,LR
GNG084,2,cb_intrinsic,,,acetylcholine,,,,,CB0302,,LR
GNG085,2,cb_intrinsic,,,gaba,,,,,CB0357,,LR
GNG086,2,cb_intrinsic,,,acetylcholine,,,,,CB0360,,LR
GNG087,3,cb_intrinsic,,,glutamate,,,,,CB0219,Shiu 2022: Scapula,LR
GNG088,2,cb_intrinsic,,,gaba,,,TC,,CB0022,,LR
GNG089,2,cb_intrinsic,,,acetylcholine,,,,,CB0393,,LR
GNG090,2,cb_intrinsic,,,gaba,,,,,CB1366,,LR
GNG091,2,cb_intrinsic,,,gaba,,,,,CB0503,,LR
GNG092,2,cb_intrinsic,,,gaba,,,GNG,,CB0487,,LR
GNG093,2,cb_intrinsic,,,gaba,,,,,CB0781,,LR
GNG094,2,cb_intrinsic,,,glutamate,,,,,CB0296,,LR
GNG095,2,cb_intrinsic,,,gaba,,,,,CB0903,,LR
GNG096,2,cb_intrinsic,,,gaba,,,DC,,CB0889,,LR
GNG097,2,cb_intrinsic,,,glutamate,,,,,CB0812,,LR
GNG099,2,cb_intrinsic,,,gaba,,,,,CB0801,,LR
GNG100,2,cb_intrinsic,,,acetylcholine,,,LB,,CB0415,,LR
GNG101,2,cb_intrinsic,,,unclear,,,LB,,CB0060,,LR
GNG102,2,cb_intrinsic,,,gaba,,,,,CB0109,,LR
GNG103,2,cb_intrinsic,,,gaba,,,,(hb5813083315),CB0626,,LR
GNG104,2,cb_intrinsic,,,acetylcholine,,,,,CB0409,,LR
GNG105,2,cb_intrinsic,,,acetylcholine,,,LB,,CB0040,,LR
GNG106,2,cb_intrinsic,,,acetylcholine,,,,,CB0574,,LR
GNG107,2,cb_intrinsic,,,gaba,,,,,CB0568,,LR
GNG108,2,cb_intrinsic,,,acetylcholine,,,,,CB0553,Shiu 2022: Roundup,LR
GNG109,2,cb_intrinsic,,,gaba,,,,,CB0792,,LR
GNG111,2,cb_intrinsic,,,glutamate,,,,,CB0774,,LR
GNG112,2,cb_intrinsic,,,acetylcholine,,,LB,,CB0430,,LR
GNG113,2,cb_intrinsic,,,gaba,,,,,CB0265,,LR
GNG114,2,cb_intrinsic,,,gaba,,,MX,,CB0608,,LR
GNG115,2,cb_intrinsic,,,gaba,,,GNG,,CB0480,,LR
GNG116,2,cb_intrinsic,,,gaba,,,,,CB0055,,LR
GNG117,2,cb_intrinsic,,,acetylcholine,,,GNG,,CB0216,,LR
GNG118,2,cb_intrinsic,,,glutamate,,,,,CB0557,,LR
GNG119,2,cb_intrinsic,,,gaba,,,MX,,CB0565,,LR
GNG120,2,cb_intrinsic,,,acetylcholine,,,,,CB0493,Shiu 2022: Roundtree,LR
GNG121,2,cb_intrinsic,,,gaba,,,LB,(hb828282250),CB0059,,LR
GNG122,2,cb_intrinsic,,,acetylcholine,,,LB,,CB0292,,LR
GNG123,2,cb_intrinsic,,,acetylcholine,,,,,CB0795,,LR
GNG124,2,cb_intrinsic,,,gaba,,,GNG,,CB0358,,LR
GNG125,2,cb_intrinsic,,,gaba,,,,,CB0753,,LR
GNG126,2,cb_intrinsic,,,gaba,,,MX,,CB0091,,LR
GNG127,2,cb_intrinsic,,,gaba,,,,,CB0013,,LR
GNG128,2,cb_intrinsic,,,acetylcholine,,,,,CB0872,,LR
GNG129,2,cb_intrinsic,,,gaba,,,,,CB0821,Sterne 2021: Tentacular,LR
GNG130,2,cb_intrinsic,,,gaba,,fru_high,,,CB0465,"fru-F-300125,fru-M-000074",LR
GNG131,2,cb_intrinsic,,,gaba,,,,,CB0740,,LR
GNG132,2,cb_intrinsic,,,acetylcholine,,,,,CB0499,Shiu 2022: Rattle,LR
GNG133,2,cb_motor,,am,unclear,,,LB,,CB0873,,LR
GNG134,2,cb_intrinsic,,,acetylcholine,,,MD,,CB0251,,LR
GNG135,2,cb_intrinsic,,,acetylcholine,,,,,CB0137,,LR
GNG136,2,cb_intrinsic,,,acetylcholine,,,,,CB0864,,LR
GNG137,2,cb_intrinsic,,,unclear,,,,,CB0461,,LR
GNG139,2,cb_intrinsic,,,gaba,,,,,CB0449,,LR
GNG140,2,cb_intrinsic,,,glutamate,,,,,CB0819,,LR
GNG141,2,cb_intrinsic,,,unclear,,,GNG,,CB0011,,LR
GNG142,2,cb_intrinsic,,,acetylcholine,,,,,CB0709,,LR
GNG143,2,cb_intrinsic,,,acetylcholine,,,,,CB0177,,LR
GNG144,2,cb_intrinsic,,,gaba,,,MD,,CB3715,,LR
GNG145,2,cb_intrinsic,,,gaba,,,,,CB0853,,LR
GNG146,2,cb_intrinsic,,,gaba,,,MX,,CB0606,,LR
GNG147,3,cb_intrinsic,,,glutamate,,,,,CB0571,,LR
GNG148,2,cb_intrinsic,,,acetylcholine,,,,,CB0190,,LR
GNG149,2,cb_intrinsic,,,gaba,potentially sexually dimorphic,,,,CB0157,,LR
GNG150,2,cb_intrinsic,,,gaba,,,LB,,CB0605,,LR
GNG152,2,cb_intrinsic,,,acetylcholine,,,,,CB0099,,LR
GNG153,2,cb_intrinsic,,,glutamate,,,,,CB0572,,LR
GNG154,2,cb_intrinsic,,,gaba,,,,,CB0020,,LR
GNG155,2,cb_intrinsic,,,glutamate,,,,,CB0208,,LR
GNG156,2,cb_intrinsic,,,acetylcholine,,,,,CB0457,,LR
GNG157,2,cb_intrinsic,,,unclear,,,TC,,CB0110,,LR
GNG158,2,cb_intrinsic,,,acetylcholine,,,,,CB0331,,LR
GNG159,2,cb_intrinsic,,,acetylcholine,,,,,CB0434,,LR
GNG160,2,cb_intrinsic,,,glutamate,,,,,CB0069,,LR
GNG161,2,cb_intrinsic,,,gaba,,,LB,,CB0034,,LR
GNG162,2,cb_intrinsic,,,gaba,,,LB,,CB0481,,LR
GNG163,4,cb_intrinsic,,,acetylcholine,,,LB,,CB3714,,LR
GNG164,2,cb_intrinsic,,,glutamate,,,,,CB0788,,LR
GNG165,4,cb_intrinsic,,,acetylcholine,,,TC,,CB2065,,LR
GNG166,2,cb_intrinsic,,,glutamate,,,GNG,,CB0456,,LR
GNG167,2,cb_intrinsic,,,acetylcholine,,,,,CB0515,,LR
GNG168,2,cb_intrinsic,,,glutamate,,,,,CB0898,,LR
GNG169,2,cb_intrinsic,,,acetylcholine,,,,,CB0824,,LR
GNG170,2,cb_intrinsic,,,acetylcholine,,,,,CB0552,,LR
GNG171,2,cb_intrinsic,,,acetylcholine,,,,,CB0920,,LR
GNG172,2,cb_intrinsic,,,acetylcholine,,,TC,,CB0518,,LR
GNG173,2,cb_intrinsic,,,gaba,,,,,CB0839,,LR
GNG174,2,cb_intrinsic,,,acetylcholine,,,,,CB0771,,LR
GNG175,2,cb_intrinsic,,,gaba,,,,,CB0008,Shiu 2022: Usnea,LR
GNG176,2,cb_intrinsic,,,acetylcholine,,,TC,,CB0512,,LR
GNG177,2,cb_intrinsic,,,gaba,,,,,CB0187,,LR
GNG178,2,cb_intrinsic,,,gaba,,,,,CB0859,,LR
GNG179,2,cb_intrinsic,,,gaba,,,,,CB0866,,LR
GNG180,2,cb_intrinsic,,,gaba,,,,,CB0806,,LR
GNG181,2,cb_intrinsic,,,gaba,,,,,CB0600,,LR
GNG182,2,cb_intrinsic,,,gaba,,,,,CB0857,,LR
GNG183,2,cb_intrinsic,,,acetylcholine,,,,,CB0542,,LR
GNG184,2,cb_intrinsic,,,gaba,,,,,CB0806,,LR
GNG185,2,cb_intrinsic,,,acetylcholine,,,,,CB0035,,LR
GNG186,2,cb_intrinsic,,,gaba,,,,,CB0807,,LR
GNG187,2,cb_intrinsic,,,acetylcholine,,,,,CB0240,,LR
GNG188,2,cb_intrinsic,,,acetylcholine,,,,,CB0768,,LR
GNG189,2,cb_intrinsic,,,gaba,,,,,CB0459,,LR
GNG190,2,cb_intrinsic,,,unclear,,,,,CB0494,,LR
GNG191,2,cb_intrinsic,,,acetylcholine,,,,,CB0525,,LR
GNG192,2,cb_intrinsic,,,acetylcholine,,,,,CB3615,,LR
GNG194,2,cb_intrinsic,,,gaba,,,GNG,,CB0289,,LR
GNG195,2,cb_intrinsic,,,gaba,,,,,CB0444,,LR
GNG196,2,cb_intrinsic,,,acetylcholine,,,,,CB0576,,LR
GNG197,2,cb_intrinsic,,,acetylcholine,,,,,CB0366,Shiu 2022: FMIn,LR
GNG198,3,cb_intrinsic,,,glutamate,,,,,CB0250,,LR
GNG199,2,cb_intrinsic,,,acetylcholine,,,,,CB0416,,LR
GNG200,2,cb_intrinsic,,,acetylcholine,,,,,CB2606,,LR
GNG201,2,cb_intrinsic,,,gaba,,,MD,,CB0225,,LR
GNG202,2,cb_intrinsic,,,gaba,,,TC,,CB0541,,LR
GNG203,2,cb_intrinsic,,,gaba,,,LB,,CB0241,,LR
GNG204,2,cb_intrinsic,,,acetylcholine,,,,,CB0604,,LR
GNG205,2,cb_intrinsic,,,gaba,,,,,CB0378,,LR
GNG206,2,cb_intrinsic,,,glutamate,,,,,CB0827,,LR
GNG207,2,cb_intrinsic,,,acetylcholine,,,,,CB0713,,LR
GNG208,2,cb_intrinsic,,,acetylcholine,,,,,CB0277,,LR
GNG209,2,cb_intrinsic,,,acetylcholine,,,,,CB0400,,LR
GNG210,2,cb_intrinsic,,,acetylcholine,,,TC,,CB3674,,LR
GNG211,2,cb_intrinsic,,,acetylcholine,,,TC,,CB0560,,LR
GNG212,2,cb_intrinsic,,,acetylcholine,,,,,CB0558,,LR
GNG213,2,cb_intrinsic,,,glutamate,,,,,CB0618,,LR
GNG214,2,cb_intrinsic,,,gaba,,,GNG,,CB0842,,LR
GNG215,2,cb_intrinsic,,,acetylcholine,,,,,CB0192,Shiu 2022: Zorro,LR
GNG216,2,cb_intrinsic,,,acetylcholine,,,,,CB0919,,LR
GNG217,2,cb_intrinsic,,,acetylcholine,,,TC,,CB0437,,LR
GNG218,2,cb_intrinsic,,,acetylcholine,,,,,CB0775,,LR
GNG219,2,cb_intrinsic,,,gaba,,,,,CB0422,,LR
GNG220,2,cb_intrinsic,,,gaba,,,,,CB0834,,LR
GNG221,2,cb_intrinsic,,,gaba,,,,,CB0833,,LR
GNG222,2,cb_intrinsic,,,gaba,,,MX,,CB0611,,LR
GNG223,2,cb_intrinsic,,,gaba,,,GNG,,CB0370,,LR
GNG224,2,cb_intrinsic,,,acetylcholine,,,,,CB0900,,LR
GNG225,2,cb_intrinsic,,,glutamate,,,,,CB0832,,LR
GNG226,2,cb_intrinsic,,,acetylcholine,,,,,CB0855,,LR
GNG227,2,cb_intrinsic,,,acetylcholine,,,,,CB0759,,LR
GNG228,2,cb_intrinsic,,,acetylcholine,,,,,CB0501,,LR
GNG229,2,cb_intrinsic,,,gaba,,,,,CB0062,Shiu 2022: Phantom,LR
GNG230,2,cb_intrinsic,,,acetylcholine,,,,,CB0445,Shiu 2022: Fuchs,LR
GNG231,2,cb_intrinsic,,,glutamate,,,LB,,CB2619,,LR
GNG232,2,cb_intrinsic,,,acetylcholine,,,,,CB0616,Shiu 2022: G2N-1,LR
GNG233,2,cb_intrinsic,,,glutamate,,,,,CB0596,,LR
GNG234,2,cb_intrinsic,,,acetylcholine,,,,,CB0893,,LR
GNG235,2,cb_intrinsic,,,gaba,,,,,CB0413,,LR
GNG236,2,cb_intrinsic,,,acetylcholine,,,,,CB0791,,LR
GNG237,2,cb_intrinsic,,,acetylcholine,,,TC,,"CB2926,CB1199,CB3699",,LR
GNG238,2,cb_intrinsic,,,gaba,,,TC,,CB3351,,LR
GNG239,6,cb_intrinsic,,,gaba,,,TC,,CB1036,,LR
GNG240,2,cb_intrinsic,,,glutamate,,,TC,,CB0328,,LR
GNG241,2,cb_intrinsic,,,glutamate,,,,,CB0620,,LR
GNG243,2,cb_intrinsic,,,acetylcholine,,,,,CB0879,,LR
GNG244,2,cb_intrinsic,,,unclear,,,,,CB0809,,LR
GNG245,2,cb_intrinsic,,,glutamate,,,,,CB0462,,LR
GNG246,2,cb_intrinsic,,,gaba,,,,,CB0787,,LR
GNG247,2,cb_intrinsic,,,acetylcholine,,,,,CB0421,,LR
GNG248,2,cb_intrinsic,,,acetylcholine,,,,,CB0752,,LR
GNG249,2,cb_intrinsic,,,gaba,,,,,CB0426,,LR
GNG250,2,cb_intrinsic,,,gaba,,,,,CB0377,,LR
GNG251,2,cb_intrinsic,,,glutamate,,,LB,,CB0229,,LR
GNG252,2,cb_intrinsic,,,acetylcholine,,,,,CB0502,,LR
GNG253,2,cb_intrinsic,,,gaba,,,,,CB0176,,LR
GNG254,2,cb_intrinsic,,,gaba,,,,,CB0070,,LR
GNG255,6,cb_intrinsic,,,gaba,,,TC,,"CB3401,CB3809",,LR
GNG256,2,cb_intrinsic,,,gaba,,,TC,,"CB3401,CB3809",,LR
GNG257,2,cb_intrinsic,,,acetylcholine,,,TC,,CB3645,,LR
GNG258,2,cb_intrinsic,,,gaba,,,TC,,CB3353,,LR
GNG259,2,cb_intrinsic,,,acetylcholine,,,,,CB0797,,LR
GNG260,2,cb_intrinsic,,,gaba,,,,,CB0303,,LR
GNG261,2,cb_intrinsic,,,gaba,,,TC,,CB3463,,LR
GNG262,2,cb_intrinsic,,,gaba,,,MX,,CB0460,,LR
GNG264,2,cb_intrinsic,,,gaba,,,GNG,,CB0363,,LR
GNG266,4,cb_intrinsic,,,acetylcholine,,,TC,,CB1898,,LR
GNG267,2,cb_intrinsic,,,acetylcholine,,,MX,,CB3952,,LR
GNG268,2,cb_intrinsic,,,unclear,,,,,CB0489,,LR
GNG269,8,cb_intrinsic,,,acetylcholine,,,MD,,"CB1039,CB1703",,LR
GNG270,2,cb_intrinsic,,,acetylcholine,,,TC,,CB1597a,,LR
GNG271,3,cb_intrinsic,,,acetylcholine,,,MD,,CB1563a,,LR
GNG272,2,cb_intrinsic,,,glutamate,,,LB,,CB1786_a,,LR
GNG273,4,cb_intrinsic,,,acetylcholine,,,TC,,CB3239b,,LR
GNG274,2,cb_intrinsic,,,glutamate,,,,,CB1323,,LR
GNG275,4,cb_intrinsic,,,gaba,,,TC,,CB2233,,LR
GNG276,2,cb_motor,,nm,unclear,,,LB,,CB0705,,LR
GNG277,2,cb_intrinsic,,,acetylcholine,,,LB,,CB3395,,LR
GNG278,2,cb_intrinsic,,,acetylcholine,,,LB,,CB2941,,LR
GNG279_a,2,cb_intrinsic,,,acetylcholine,,,TC,,CB3256a,,LR
GNG279_b,2,cb_intrinsic,,,acetylcholine,,,TC,,CB3256b,,LR
GNG280,2,cb_intrinsic,,,acetylcholine,,,GNG,,CB3812,,LR
GNG281,2,cb_intrinsic,,,gaba,,,,,CB0912,,LR
GNG282,2,cb_intrinsic,,,acetylcholine,,,,,CB0058,,LR
GNG283,2,cb_motor,,nm,unclear,,,LB,,CB0705,,LR
GNG284,2,cb_intrinsic,,,gaba,,,LB,(hb1821378236),CB0083,,LR
GNG285,2,cb_intrinsic,,,acetylcholine,,,LB,(hb2335981561),CB0581,,LR
GNG286,2,cb_intrinsic,,,acetylcholine,,,LB,,CB0523,,LR
GNG287,2,cb_intrinsic,,,gaba,,,LB,,CB0267,,LR
GNG288,2,cb_intrinsic,,,gaba,,,LB,,CB0180,,LR
GNG289,2,cb_intrinsic,,,acetylcholine,,fru_high,,,CB0233,fru-M-100227,LR
GNG290,2,cb_intrinsic,,,gaba,,,GNG,,CB0150,,LR
GNG291,2,cb_intrinsic,,,acetylcholine,,,,,CB0114,,LR
GNG292,2,cb_intrinsic,,,gaba,,,,,CB0909,,LR
GNG293,2,cb_intrinsic,,,acetylcholine,,,,,CB0615,,LR
GNG294,2,cb_intrinsic,,,gaba,,,,,CB0545,,LR
GNG295,1,cb_intrinsic,,,gaba,,,LB,,CB3925,,M
GNG296,1,cb_intrinsic,,,gaba,,,LB,,CB3925,,M
GNG297,1,cb_intrinsic,,,gaba,,,,,CB3892a,,L
GNG298,1,cb_intrinsic,,,gaba,,,,,CB3892b,,M
GNG299,1,cb_intrinsic,,,gaba,,,MX,,CB3901,,M
GNG300,2,cb_intrinsic,,,gaba,,,,,CB0010,,LR
GNG301,2,cb_intrinsic,,,gaba,,,GNG,,CB0443,,LR
GNG302,2,cb_intrinsic,,,gaba,,,LB,,CB0442,,LR
GNG303,2,cb_intrinsic,,,gaba,,,,,CB0698,,LR
GNG304,2,cb_intrinsic,,,glutamate,,,LB,,CB0531,,LR
GNG305,2,cb_intrinsic,,,gaba,,,,,CB0628,,LR
GNG306,2,cb_intrinsic,,,gaba,,,,,CB0486,,LR
GNG307,2,cb_intrinsic,,,acetylcholine,,,LB,,CB0045,,LR
GNG308,2,cb_intrinsic,,,glutamate,,,LB,,CB0435,,LR
GNG309,4,cb_intrinsic,,,acetylcholine,,,LB,,CB2195,,LR
GNG310,4,cb_intrinsic,,,acetylcholine,,,LB,,CB2195,,LR
GNG311,2,cb_intrinsic,,,acetylcholine,,,,,CB0144,,LR
GNG312,2,cb_intrinsic,,,glutamate,,,LB,(hb1748990082),CB0025,,LR
GNG313,2,cb_intrinsic,,,acetylcholine,,,LB,,CB0341,,LR
GNG314,2,cb_motor,,rm,unclear,potentially sexually dimorphic,,,,CB0004,,LR
GNG315,2,cb_intrinsic,,,gaba,,,MD,,CB0049,,LR
GNG316,2,cb_intrinsic,,,acetylcholine,,,LB,,CB0191,,LR
GNG317,2,cb_intrinsic,,,acetylcholine,,,,,CB0463,,LR
GNG318,4,cb_intrinsic,,,acetylcholine,,,TC,,CB1597b,,LR
GNG319,9,cb_intrinsic,,,gaba,,,TC,,CB2054b,,LR
GNG320,8,cb_intrinsic,,,gaba,,,TC,,CB1488,,LR
GNG321,2,cb_intrinsic,,,acetylcholine,,,LB,(hb582372162),CB0135,,LR
GNG322,2,cb_intrinsic,,,acetylcholine,,,TC,(hb518217691),CB0546,,LR
GNG323,1,cb_intrinsic,,,glutamate,,,MD,"(hb487286529,hb517242832)",CB4204,,M
GNG324,2,cb_intrinsic,,,acetylcholine,,,,(hb357599074),CB0113,,LR
GNG325,2,cb_intrinsic,,,glutamate,,,LB,,CB4067,,LR
GNG326,6,cb_intrinsic,,,glutamate,,,LB,,CB4067,,LR
GNG327,2,cb_intrinsic,,,gaba,,,LB,,CB4192,,LR
GNG328,2,cb_intrinsic,,,glutamate,,,,,CB4188,,LR
GNG329,9,cb_intrinsic,,,gaba,,,LB,,CB4178,,LR
GNG330,4,cb_intrinsic,,,glutamate,,,LB,,CB4067,,LR
GNG331,4,cb_intrinsic,,,acetylcholine,,,LB,,CB4061,,LR
GNG332,10,cb_intrinsic,,,gaba,,,LB,,CB4063,,LR
GNG333,2,cb_intrinsic,,,acetylcholine,,,LB,,CB4061,,LR
GNG334,3,cb_intrinsic,,,acetylcholine,,,,,CB4055,,LR
GNG335,2,cb_intrinsic,,,acetylcholine,,,LB,,CB4036,,LR
GNG336,3,cb_intrinsic,,,acetylcholine,,,LB,,CB4036,,LR
GNG337,1,cb_intrinsic,,,gaba,,,LB,,CB3924,,M
GNG338,4,cb_intrinsic,,,acetylcholine,,,LB,,CB3150,,LR
GNG339,2,cb_intrinsic,,,acetylcholine,,,LB,,CB3150,,LR
GNG340,1,cb_intrinsic,,,gaba,,,LB,,CB3905,,M
GNG341,2,cb_intrinsic,,,acetylcholine,,,,,CB3797,,LR
GNG342,2,cb_intrinsic,,,gaba,,,LB,,CB3905,,M
GNG343,2,cb_intrinsic,,,gaba,,,LB,,CB3903,,M
GNG344,1,cb_intrinsic,,,gaba,,,LB,,CB3898,,M
GNG345,4,cb_intrinsic,,,gaba,,,LB,,CB3899,,M
GNG346,1,cb_intrinsic,,,gaba,,,LB,,CB3917,,M
GNG347,1,cb_intrinsic,,,gaba,,,MX,,CB3884,,M
GNG348,1,cb_intrinsic,,,gaba,,,LB,,CB3917,,M
GNG349,1,cb_intrinsic,,,gaba,,,LB,,CB3917,,M
GNG350,3,cb_intrinsic,,,gaba,,,MD,,CB3720,,LR
GNG351,3,cb_intrinsic,,,glutamate,,,,,CB3703,,LR
GNG352,2,cb_intrinsic,,,gaba,,,TC,,CB3670,,LR
GNG353,2,cb_intrinsic,,,acetylcholine,,,TC,,CB3669,,LR
GNG354,3,cb_intrinsic,,,gaba,,,TC,,CB3325,,LR
GNG355,2,cb_intrinsic,,,gaba,,,MD,,CB3642,,LR
GNG356,2,cb_intrinsic,,,unclear,,,TC,,CB3632,,LR
GNG357,4,cb_intrinsic,,,gaba,,,TC,,CB3562,,LR
GNG358,4,cb_intrinsic,,,acetylcholine,,,MX,,CB3524,,LR
GNG359,2,cb_intrinsic,,,acetylcholine,,,TC,,CB3474,,LR
GNG360,2,cb_intrinsic,,,acetylcholine,,,TC,,CB3465,,LR
GNG361,4,cb_intrinsic,,,glutamate,,,,,CB3412,,LR
GNG362,2,cb_intrinsic,,,gaba,,,TC,,CB3388,,LR
GNG363,3,cb_intrinsic,,,acetylcholine,,,MD,,CB3385,,LR
GNG364,3,cb_intrinsic,,,gaba,,,TC,,CB3325,,LR
GNG365,2,cb_intrinsic,,,gaba,,,,,CB3286,,LR
GNG366,3,cb_intrinsic,,,gaba,,,TC,,CB3279b,,LR
GNG367_a,2,cb_intrinsic,,,acetylcholine,,,TC,,CB3254,,LR
GNG367_b,2,cb_intrinsic,,,acetylcholine,,,TC,,CB2526,,LR
GNG368,2,cb_intrinsic,,,acetylcholine,,,TC,,CB3254,,LR
GNG369,3,cb_intrinsic,,,acetylcholine,,,TC,,CB3211b,,LR
GNG370,2,cb_intrinsic,,,acetylcholine,,,TC,,CB3211a,,LR
GNG371,3,cb_intrinsic,,,gaba,,,TC,,CB3189,,LR
GNG372,3,cb_intrinsic,,,unclear,,,TC,,CB3153,,LR
GNG373,3,cb_intrinsic,,,gaba,,,TC,,CB3151,,LR
GNG375,4,cb_intrinsic,,,acetylcholine,,,TC,,CB3146,,LR
GNG376,5,cb_intrinsic,,,glutamate,,,LB,,CB3037,,LR
GNG377,4,cb_intrinsic,,,acetylcholine,,,MD,,CB3004,,LR
GNG379,7,cb_intrinsic,,,gaba,,,TC,,CB2962,,LR
GNG380,6,cb_intrinsic,,,acetylcholine,,,LB,,CB2820,,LR
GNG381,4,cb_intrinsic,,,acetylcholine,,,TC,,CB2811,,LR
GNG382,5,cb_intrinsic,,,glutamate,,,LB,,CB2804,,LR
GNG383,2,cb_intrinsic,,,acetylcholine,,,TC,,CB2780,,LR
GNG384,1,cb_intrinsic,,,gaba,,,TC,,CB2718,,R
GNG385,4,cb_intrinsic,,,gaba,,,,,CB2700,,LR
GNG386,8,cb_intrinsic,,,gaba,,,LB,,CB2690,,LR
GNG387,4,cb_intrinsic,,,acetylcholine,,,TC,,CB2647,,LR
GNG388,7,cb_intrinsic,,,gaba,,,TC,,"CB2055,CB2644",,LR
GNG390,2,cb_intrinsic,,,acetylcholine,,,TC,,CB2551a,,LR
GNG391,4,cb_intrinsic,,,gaba,,,TC,,CB2548,,LR
GNG392,4,cb_intrinsic,,,acetylcholine,,,MD,,CB2242,,LR
GNG393,3,cb_intrinsic,,,gaba,,,,,CB2516,,LR
GNG394,2,cb_intrinsic,,,gaba,,,,,CB2513,,LR
GNG395,6,cb_intrinsic,,,gaba,,,TC,,CB2456,,LR
GNG396,2,cb_intrinsic,,,acetylcholine,,,TC,,CB2455,,LR
GNG397,3,cb_intrinsic,,,acetylcholine,,,LB,,CB2355,,LR
GNG398,4,cb_intrinsic,,,acetylcholine,,,MD,,CB2242,,LR
GNG399,2,cb_intrinsic,,,acetylcholine,,,LB,,CB2304,,LR
GNG400,4,cb_intrinsic,,,acetylcholine,,,LB,,CB2299,,LR
GNG401,5,cb_intrinsic,,,acetylcholine,,,MD,,CB2242,,LR
GNG402,4,cb_intrinsic,,,gaba,,,TC,,CB2198,,LR
GNG403,2,cb_intrinsic,,,gaba,,,MD,,CB2191,,LR
GNG404,2,cb_intrinsic,,,glutamate,,,MX,,CB2177,,LR
GNG406,12,cb_intrinsic,,,acetylcholine,,,MD,,CB2071b,,LR
GNG407,6,cb_intrinsic,,,acetylcholine,,,MD,,CB2071a,,LR
GNG408,4,cb_intrinsic,,,gaba,,,TC,,CB2198,,LR
GNG409,4,cb_intrinsic,,,acetylcholine,,,LB,,CB1974,,LR
GNG410,10,cb_intrinsic,,,gaba,,,LB,,CB1937,,LR
GNG411,5,cb_intrinsic,,,glutamate,,,LB,,CB1845,,LR
GNG412,6,cb_intrinsic,,,acetylcholine,,,TC,,CB1822,,LR
GNG413,5,cb_intrinsic,,,glutamate,,,LB,,CB1786_c,,LR
GNG414,3,cb_intrinsic,,,gaba,,,TC,,CB1778,,LR
GNG415,3,cb_intrinsic,,,acetylcholine,,,TC,,CB1741,,LR
GNG416,6,cb_intrinsic,,,acetylcholine,,,LB,,CB1728,,LR
GNG417,2,cb_intrinsic,,,acetylcholine,,,LB,,CB0126b,,LR
GNG418,2,cb_intrinsic,,,acetylcholine,,,LB,,CB0126a,,LR
GNG419,2,cb_intrinsic,,,acetylcholine,,,LB,,CB1422b,,LR
GNG420_a,2,cb_intrinsic,,,acetylcholine,,,LB,,CB1422b,,LR
GNG420_b,2,cb_intrinsic,,,acetylcholine,,,LB,,CB1422a,,LR
GNG421,3,cb_intrinsic,,,acetylcholine,,,TC,,CB1597c,,LR
GNG422,6,cb_intrinsic,,,gaba,,,LB,,CB1583,,LR
GNG423,4,cb_intrinsic,,,acetylcholine,,,LB,,CB1582,,LR
GNG424,3,cb_intrinsic,,,acetylcholine,,,TC,,CB1568,,LR
GNG425,3,cb_intrinsic,,,unclear,,,TC,,CB1517,,LR
GNG427,6,cb_intrinsic,,,glutamate,,,LB,,CB1479a,,LR
GNG428,12,cb_intrinsic,,,glutamate,,,LB,,CB1479,,LR
GNG429,4,cb_intrinsic,,,acetylcholine,,,LB,,CB1475,,LR
GNG430_a,2,cb_intrinsic,,,acetylcholine,,,MX,,CB1450a,,LR
GNG430_b,2,cb_intrinsic,,,acetylcholine,,,MX,,CB1450b,,LR
GNG431,21,cb_intrinsic,,,gaba,,,LB,,CB1469,,LR
GNG434,4,cb_intrinsic,,,acetylcholine,,,LB,,CB1431,,LR
GNG435,5,cb_intrinsic,,,glutamate,,,LB,,CB1424,,LR
GNG438,8,cb_intrinsic,,,acetylcholine,,,TC,,CB1397,,LR
GNG439,4,cb_intrinsic,,,acetylcholine,,,TC,,CB1376,,LR
GNG440,7,cb_intrinsic,,,gaba,,,LB,,CB1311,,LR
GNG441,2,cb_intrinsic,,,gaba,,,TC,,CB1304,,L
GNG442,6,cb_intrinsic,,,acetylcholine,,,MX,,CB1264,,LR
GNG443,6,cb_intrinsic,,,acetylcholine,,,TC,,CB1232,,LR
GNG444,5,cb_intrinsic,,,glutamate,,,LB,,CB1229,,LR
GNG445,2,cb_intrinsic,,,acetylcholine,,,TC,,CB1120,,LR
GNG446,3,cb_intrinsic,,,acetylcholine,,,LB,,CB1097b,,LR
GNG447,2,cb_intrinsic,,,acetylcholine,,,LB,,CB1097a,,LR
GNG448,2,cb_intrinsic,,,acetylcholine,,,LB,,CB0988a,,LR
GNG449,2,cb_intrinsic,,,acetylcholine,,,LB,,CB0988a,,LR
GNG450,2,cb_intrinsic,,,acetylcholine,,,LB,,CB0988b,,LR
GNG451,2,cb_intrinsic,,,acetylcholine,,,LB,,CB0988b,,LR
GNG452,4,cb_intrinsic,,,gaba,,,,,CB0964,,LR
GNG453,5,cb_intrinsic,,,acetylcholine,,,LB,,CB0963,,LR
GNG454,11,cb_intrinsic,,,glutamate,,,LB,,CB0961,,LR
GNG455,2,cb_intrinsic,,,acetylcholine,,,,,CB0922,,LR
GNG456,3,cb_intrinsic,,,acetylcholine,,,,,CB0917,,LR
GNG457,2,cb_intrinsic,,,acetylcholine,,,,,CB0897,,LR
GNG458,2,cb_intrinsic,,,gaba,,fru_low,,,CB0890,fru-M-400201,LR
GNG459,2,cb_intrinsic,,,acetylcholine,,,,,CB0880,,LR
GNG460,2,cb_intrinsic,,,gaba,,,GNG,,CB0869,,LR
GNG461,4,cb_intrinsic,,,gaba,,,,,CB0854,,LR
GNG462,2,cb_intrinsic,,,gaba,,,,,CB0850,,LR
GNG463,2,cb_intrinsic,,,acetylcholine,,,,,CB0848,,LR
GNG464,4,cb_intrinsic,,,gaba,,,,,CB0830,,LR
GNG465,5,cb_intrinsic,,,acetylcholine,,,MD,,CB0825,,LR
GNG466,3,cb_intrinsic,,,gaba,,,GNG,,CB0814,,LR
GNG467,4,cb_intrinsic,,,acetylcholine,,,MD,,CB0811,,LR
GNG468,2,cb_intrinsic,,,acetylcholine,,,,,CB0799,,LR
GNG469,2,cb_intrinsic,,,gaba,,,,,CB0798,,LR
GNG470,1,cb_intrinsic,,,gaba,,,,,CB0778,,R
GNG471,4,cb_intrinsic,,,gaba,,,,,CB0770,,LR
GNG472,2,cb_intrinsic,,,acetylcholine,,,,,CB0765,,LR
GNG473,2,cb_intrinsic,,,glutamate,,,,,CB0733,,LR
GNG474,4,cb_intrinsic,,,acetylcholine,,,,,CB0731,,LR
GNG479,2,cb_intrinsic,,,gaba,,,,,CB0724,,LR
GNG481,4,cb_intrinsic,,,gaba,,,,,CB0717,,LR
GNG482,4,cb_intrinsic,,,unclear,,,,,CB0704,,LR
GNG483,2,cb_intrinsic,,,gaba,,,,,CB0696,,LR
GNG484,2,cb_intrinsic,,,acetylcholine,,,,,CB0684,,LR
GNG485,2,cb_intrinsic,,,glutamate,,,,,CB0678,,LR
GNG486,2,cb_intrinsic,,,glutamate,,,,,CB0665,,LR
GNG487,2,cb_intrinsic,,,acetylcholine,,,,,CB0661,,LR
GNG488,4,cb_intrinsic,,,acetylcholine,,,,,CB0643,,LR
GNG489,2,cb_intrinsic,,,acetylcholine,,,,,CB0638,,LR
GNG490,2,cb_intrinsic,,,gaba,,,,,CB0619,,LR
GNG491,2,cb_intrinsic,,,acetylcholine,,,,,CB0617,,LR
GNG492,2,cb_intrinsic,,,gaba,,,,,CB0612,,LR
GNG493,2,cb_intrinsic,,,gaba,,,MX,,CB0610,,LR
GNG494,2,cb_intrinsic,,,acetylcholine,sexually dimorphic,,,,CB0603,,LR
GNG495,2,cb_intrinsic,,,acetylcholine,,,GNG,,CB0602,,LR
GNG496,3,cb_intrinsic,,,acetylcholine,,,LB,,CB0601,,LR
GNG497,2,cb_intrinsic,,,gaba,,,MX,,CB0599,,LR
GNG498,2,cb_intrinsic,,,glutamate,,,,,CB0597,,LR
GNG499,2,cb_intrinsic,,,acetylcholine,,,,,CB0595,,LR
GNG500,2,cb_intrinsic,,,glutamate,,,,,CB0585,,LR
GNG501,2,cb_intrinsic,,,glutamate,,,MX,,CB0561,,LR
GNG502,2,cb_intrinsic,,,gaba,,,,,CB0556,,LR
GNG503,2,cb_intrinsic,,,acetylcholine,,,,,CB0549,,LR
GNG504,2,cb_intrinsic,,,gaba,,,,,CB0539,,LR
GNG505,2,cb_intrinsic,,,glutamate,,,GNG,,CB0538,,LR
GNG506,2,cb_intrinsic,,,gaba,,,,,CB0534,,LR
GNG507,2,cb_intrinsic,,,acetylcholine,,,,,CB0528,,LR
GNG508,2,cb_intrinsic,,,gaba,,,TC,,CB0526,,LR
GNG509,2,cb_intrinsic,,,acetylcholine,,,LB,,CB0522,,LR
GNG510,2,cb_intrinsic,,,acetylcholine,,,,,CB0521,,LR
GNG511,2,cb_intrinsic,,,gaba,,,,,CB0516,,LR
GNG512,2,cb_intrinsic,,,acetylcholine,,,LB,,CB0508,,LR
GNG513,2,cb_intrinsic,,,acetylcholine,,,,,CB0507,,LR
GNG514,2,cb_intrinsic,,,glutamate,,,GNG,,CB0504,,LR
GNG515,2,cb_intrinsic,,,gaba,,,GNG,,CB0497,,LR
GNG516,2,cb_intrinsic,,,gaba,,,,,CB0496,,LR
GNG517,2,cb_intrinsic,,,acetylcholine,,,LB,,CB0485,,LR
GNG518,2,cb_intrinsic,,,acetylcholine,,,,,CB0467,,LR
GNG519,2,cb_intrinsic,,,acetylcholine,,,,,CB0458,,LR
GNG520,2,cb_intrinsic,,,glutamate,,,,,CB0446,,LR
GNG521,2,cb_intrinsic,,,acetylcholine,,,,,CB0441,,LR
GNG522,1,cb_intrinsic,,,gaba,,,,,CB0436,,L
GNG523,3,cb_intrinsic,,,glutamate,,,,,CB0433,,LR
GNG524,2,cb_intrinsic,,,gaba,,,,,CB0419,,LR
GNG525,2,cb_intrinsic,,,acetylcholine,,,,,CB0418,,LR
GNG526,2,cb_intrinsic,SEZPN,,gaba,,,GNG,,CB0410,,LR
GNG527,2,cb_intrinsic,,,gaba,,,GNG,,CB0408,,LR
GNG528,1,cb_intrinsic,,,acetylcholine,,,,,CB0407,Shiu 2022: Cleaver,R
GNG529,2,cb_intrinsic,,,gaba,,,LB,,CB0402,,LR
GNG530,2,cb_intrinsic,,,gaba,,,,,CB0392,,LR
GNG531,2,cb_intrinsic,,,gaba,,,GNG,,CB0369,,LR
GNG532,2,cb_intrinsic,,,acetylcholine,,,MX,,CB0362,,LR
GNG533,2,cb_intrinsic,,,acetylcholine,,,TC,,CB0349,,LR
GNG534,2,cb_intrinsic,,,gaba,,,,,CB0337,,LR
GNG535,2,cb_intrinsic,,,acetylcholine,,,LB,,CB0319,,LR
GNG536,2,cb_intrinsic,,,acetylcholine,,,MX,,CB0318,,LR
GNG537,2,cb_intrinsic,,,acetylcholine,,,MD,,CB0287,,LR
GNG538,2,cb_intrinsic,,,acetylcholine,,,,,CB0278,,LR
GNG539,1,cb_intrinsic,,,gaba,,,,,CB0276,,R
GNG540,2,cb_intrinsic,,,serotonin,,,,,CB0262,Yao & Scott 2022: Sugar SEL PN,LR
GNG541,2,cb_intrinsic,,,glutamate,,,,,CB0256,,LR
GNG542,2,cb_intrinsic,,,acetylcholine,,,TC,,CB0247,,LR
GNG543,2,cb_intrinsic,,,acetylcholine,,,LB,,CB0239,,LR
GNG544,2,cb_intrinsic,,,acetylcholine,,,MX,,CB0238,,LR
GNG545,1,cb_intrinsic,,,acetylcholine,,,MX,,CB0237,,R
GNG546,2,cb_intrinsic,,,gaba,,,LB,,CB0235,,LR
GNG547,2,cb_intrinsic,,,gaba,,,LB,,CB0231,,LR
GNG548,2,cb_intrinsic,,,acetylcholine,,,,,CB0226,,LR
GNG549,2,cb_intrinsic,,,glutamate,,,,,CB0213,,LR
GNG550,2,cb_intrinsic,,,serotonin,,,MD,,CB0212,Yao & Scott 2022: Sugar SEL PN,LR
GNG551,2,cb_intrinsic,,,gaba,,,,,CB0211,,LR
GNG552,2,cb_intrinsic,,,glutamate,,,,,CB0207,,LR
GNG553,2,cb_intrinsic,,,acetylcholine,,,,,CB0202,,LR
GNG554,3,cb_intrinsic,,,glutamate,,,,,CB0200,,LR
GNG555,2,cb_intrinsic,,,gaba,,,GNG,,CB0198,,LR
GNG556,3,cb_intrinsic,,,gaba,,,,,CB0195,,LR
GNG557,2,cb_intrinsic,,,acetylcholine,,,LB,,CB0186,,LR
GNG558,2,cb_intrinsic,,,acetylcholine,,,TC,,CB0184,,LR
GNG559,2,cb_intrinsic,,,gaba,,,,,CB0182,,LR
GNG560,2,cb_intrinsic,,,glutamate,,,,,CB0175,,LR
GNG561,2,cb_intrinsic,,,glutamate,,,GNG,,CB0174,,LR
GNG562,2,cb_intrinsic,,,gaba,,,,,CB0172,,LR
GNG563,2,cb_intrinsic,,,acetylcholine,,,,,CB0170,,LR
GNG564,2,cb_intrinsic,SEZPN,,gaba,,,GNG,,CB0166,,LR
GNG565,2,cb_intrinsic,,,gaba,,,,,CB0163,,LR
GNG566,2,cb_intrinsic,,,glutamate,,,,,CB0161,,LR
GNG567,2,cb_intrinsic,,,gaba,,,,,CB0155,,LR
GNG568,2,cb_intrinsic,,,acetylcholine,,,,,CB0152,,LR
GNG569,2,cb_intrinsic,,,acetylcholine,,,,,CB0132,,LR
GNG572,3,cb_intrinsic,,,unclear,,,,,CB0124,,LR
GNG573,2,cb_intrinsic,,,acetylcholine,,,TC,,CB0117,,LR
GNG574,2,cb_intrinsic,,,acetylcholine,,,LB,,CB0108,,LR
GNG575,3,cb_intrinsic,,,glutamate,,,,,CB0098,,LR
GNG576,2,cb_intrinsic,,,glutamate,,,,,CB0097,,LR
GNG577,2,cb_intrinsic,,,gaba,,,LB,,CB0095,,LR
GNG578,2,cb_intrinsic,,,unclear,,,,,CB0087,,LR
GNG579,2,cb_intrinsic,,,gaba,,,GNG,,CB0082,,LR
GNG580,2,cb_intrinsic,,,acetylcholine,,,,,CB0080,,LR
GNG581,2,cb_intrinsic,,,gaba,,,,,CB0076,,LR
GNG582,2,cb_intrinsic,,,gaba,,,,,CB0067,,LR
GNG583,2,cb_intrinsic,,,acetylcholine,sexually dimorphic,,LB,,CB0065,,LR
GNG584,2,cb_intrinsic,,,gaba,,,,,CB0057,,LR
GNG585,3,cb_intrinsic,,,acetylcholine,,,,,CB0051,Shiu 2022: Sternum,LR
GNG586,2,cb_intrinsic,,,gaba,,,,,CB0047,,LR
GNG587,2,cb_intrinsic,,,acetylcholine,,,,,CB0039,,LR
GNG588,2,cb_intrinsic,,,acetylcholine,,,MD,,CB0038,Shiu 2022: Fdg,LR
GNG589,2,cb_intrinsic,,,glutamate,,,GNG,,CB0036,,LR
GNG590,2,cb_intrinsic,,,gaba,,,LB,,CB0030,,LR
GNG591,2,cb_intrinsic,,,unclear,,,,,CB0019,,LR
GNG592,3,cb_intrinsic,,,glutamate,,,,,CB0016,,LR
GNG593,2,cb_intrinsic,,,acetylcholine,,,,,CB0014,,LR
GNG594,2,cb_intrinsic,,,gaba,,,,,CB0005,,LR
GNG595,6,cb_intrinsic,,,acetylcholine,,,,,CB4224,,LR
GNG596,2,cb_intrinsic,,,acetylcholine,,,,,CB4224,,LR
GNG597,6,cb_intrinsic,,,acetylcholine,,,,,CB4223,,LR
GNG598,4,cb_intrinsic,,,gaba,,,LB,,CB4065,,LR
GNG599,2,cb_intrinsic,,,gaba,,,LB,,CB4065,,LR
GNG600,3,cb_intrinsic,,,acetylcholine,,,LB,,CB4061,,LR
GNG601,2,cb_intrinsic,,,gaba,,,LB,,CB3919,,M
GNG602,2,cb_intrinsic,,,gaba,potentially sexually dimorphic,,LB,,CB3923,,M
GNG603,2,cb_intrinsic,,,gaba,potentially sexually dimorphic,,LB,,CB3923,,M
GNG604,2,cb_intrinsic,,,gaba,,,TC,,CB2962a,,LR
GNG605,2,cb_intrinsic,,,gaba,,,TC,,CB0727d,,LR
GNG606,2,cb_intrinsic,,,gaba,,,TC,,CB0727c,,LR
GNG607,2,cb_intrinsic,,,gaba,,,TC,,CB0727a,,LR
GNG608,2,cb_intrinsic,,,gaba,,,TC,,CB0727b,,LR
GNG609,4,cb_intrinsic,,,acetylcholine,,,MD,,CB2353,,LR
GNG610,8,cb_intrinsic,,,acetylcholine,,,MD,,CB2353,,LR
GNG611,2,cb_intrinsic,,,acetylcholine,,,LB,,CB2115,,LR
GNG612,2,cb_intrinsic,,,acetylcholine,,,LB,,CB2115,,LR
GNG613,2,cb_intrinsic,,,glutamate,,,LB,,CB1708,,LR
GNG614,2,cb_intrinsic,,,glutamate,,,LB,,CB1708,,LR
GNG615,2,cb_intrinsic,,,acetylcholine,,,MX,,CB1609,,LR
GNG616,2,cb_intrinsic,,,acetylcholine,,,MX,,CB1609,,LR
GNG617,2,cb_intrinsic,,,glutamate,,,LB,,CB1482,,LR
GNG618,2,cb_intrinsic,,,glutamate,,,LB,,CB1482,,LR
GNG619,6,cb_intrinsic,,,glutamate,,,LB,,CB1482,,LR
GNG620,2,cb_intrinsic,,,acetylcholine,,,MD,,CB1470,,LR
GNG621,5,cb_intrinsic,,,acetylcholine,,,MD,,CB1563a,,LR
GNG622,4,cb_intrinsic,,,acetylcholine,,,MD,,CB1579,,LR
GNG623,2,cb_intrinsic,,,acetylcholine,,,MD,,CB1470,,LR
GNG624,4,cb_intrinsic,,,acetylcholine,,,MX,,CB1021,,LR
GNG625,2,cb_intrinsic,,,acetylcholine,,,MX,,CB1021,,LR
GNG626,2,cb_intrinsic,,,acetylcholine,,,MX,,CB1021,,LR
GNG627,2,cb_intrinsic,,,unclear,,,,,CB0722,,LR
GNG628,2,cb_intrinsic,,,unclear,,,,,CB0722,,LR
GNG629,2,cb_intrinsic,,,unclear,,,LB,,CB0586,,LR
GNG630,2,cb_intrinsic,,,unclear,,,,,CB0317,,LR
GNG631,2,cb_intrinsic,,,unclear,,,,,CB0168,,LR
GNG633,4,cb_intrinsic,,,gaba,,,,,"CB2566,CB3640",,LR
GNG634,5,cb_intrinsic,,,gaba,,,MD,,CB1662,,LR
GNG635,8,cb_intrinsic,,,gaba,,,MD,,CB0977,,LR
GNG636,4,cb_intrinsic,,,gaba,,,MD,,CB2162,,LR
GNG637,2,cb_intrinsic,,,gaba,,,LB,,CB0399,,LR
GNG638,2,cb_intrinsic,,,gaba,,,,,CB0249,,LR
GNG639,2,cb_intrinsic,SEZPN,,gaba,,,,,CB0653,,LR
GNG640,2,cb_intrinsic,SEZPN,,acetylcholine,,,,hb702618710,CB0627,,LR
GNG641,2,cb_motor,,nm,unclear,,,,,CB4212,,LR
GNG642,2,cb_sensory,mechanosensory,,unclear,,,,,CB4149,,?
GNG643,18,cb_sensory,unknown_sensory,,unclear,,,,,CB4148,,?
GNG644,2,cb_sensory,unknown_sensory,,unclear,,,,,CB4147,,?
GNG646,5,cb_intrinsic,,,glutamate,,,LB,,CB1680,,LR
GNG647,3,cb_motor,,rm,unclear,,,,,CB0918,,LR
GNG648,2,cb_motor,,nm,unclear,,,LB,,CB0913,,LR
GNG649,2,cb_motor,,am,unclear,,,,,CB0886,,LR
GNG650,2,cb_motor,,nm,unclear,,,LB,,CB0835,,LR
GNG651,2,cb_motor,,am,unclear,,,,,CB0810,,LR
GNG652,2,cb_motor,,am,unclear,,,,,CB0723,,LR
GNG653,2,cb_motor,,nm,unclear,,,LB,,CB0706,,LR
GNG654,2,cb_sensory,unknown_sensory,,acetylcholine,,,,,CB4211,,?
GNG655,2,cb_sensory,unknown_sensory,,unclear,,,,,CB4210,,?
GNG656,4,cb_efferent,,,unclear,,,MX,,CB2748,,LR
GNG657,5,cb_intrinsic,,,acetylcholine,,,MX,,CB2461,,LR
GNG658,2,cb_intrinsic,,,acetylcholine,,,,,CB4191,,LR
GNG659,2,cb_intrinsic,,,acetylcholine,,,LB,,CB2415,,LR
GNG660,2,cb_intrinsic,,,gaba,,,,,CB0423,,LR
GNG661,2,cb_intrinsic,,,acetylcholine,,,,,CB0519,,LR
GNG662,6,cb_intrinsic,,,acetylcholine,,,MX,,CB1291,,LR
GNG663,4,cb_intrinsic,,,gaba,,,,,CB2695,,LR
GNG664,2,cb_intrinsic,,,acetylcholine,,,,hb545410502,CB0130,,LR
GNG665,2,cb_intrinsic,,,unclear,,,,,CB0088,,LR
GNG666,2,cb_intrinsic,,,acetylcholine,,,,,CB0305,,LR
GNG667,2,cb_intrinsic,,,acetylcholine,,,LB,,CB0655,,LR
GNG668,2,cb_motor,,am,unclear,,,,,CB0750,,LR
GNG669,2,cb_intrinsic,,,acetylcholine,,,LB,,"CB2607,CB3126",,LR
GNG670,2,cb_intrinsic,,,glutamate,,,,,CB0649,,LR
GNG671,1,cb_intrinsic,,,unclear,,,MX,,CB4202,,M
GNG700m,2,cb_intrinsic,,,glutamate,male-specific,fru_high,,,,fru-M-800059,LR
GNG701m,2,cb_intrinsic,,,unclear,male-specific,dsx_high,,,,"Rideout 2010, Nojima 2021: SN",LR
GNG702m,2,cb_intrinsic,,,unclear,male-specific,,,,,,LR
H1,2,ol_intrinsic,ol_bilateral,,glutamate,,,,H1,H1,,LR
H2,2,visual_projection,,,acetylcholine,,,,H2,H2,,LR
HBeyelet,7,ol_sensory,,,histamine,,,,,HBeyelet,,LR
HRN_VP1d,18,cb_sensory,hygrosensory,,acetylcholine,,,,HRN_VP1d,HRN_VP1d,,?
HRN_VP1l,8,cb_sensory,hygrosensory,,acetylcholine,,,,HRN_VP1l,HRN_VP1l,,?
HRN_VP4,28,cb_sensory,hygrosensory,,acetylcholine,,,,HRN_VP4,HRN_VP4,,?
HRN_VP5,12,cb_sensory,hygrosensory,,acetylcholine,,,,HRN_VP5,HRN_VP5,,?
HSE,2,visual_projection,,,acetylcholine,,,,HSE,HSE,,LR
HSN,2,visual_projection,,,acetylcholine,,,,HSN,HSN,,LR
HSS,2,visual_projection,,,acetylcholine,,,,HSS,HSS,,LR
HST,2,visual_projection,,,acetylcholine,,,,,LPT04_HST,,LR
Hugin-RG,4,cb_endocrine,,,unclear,,,,,Hugin-RG,,LR
IB002,10,cb_intrinsic,,,glutamate,,,,IB002,CB1851,,LR
IB004_a,14,cb_intrinsic,,,glutamate,,,,IB004,CB1648,,LR
IB004_b,6,cb_intrinsic,,,glutamate,,,,IB004,CB2259,,LR
IB005,2,cb_intrinsic,,,gaba,,,,IB005,IB005,,LR
IB007,2,cb_intrinsic,,,gaba,,,,IB007,IB007,,LR
IB008,2,cb_intrinsic,,,gaba,,,,IB008,IB008,,LR
IB009,2,cb_intrinsic,,,gaba,,,,IB009,IB009,,LR
IB010,2,cb_intrinsic,,,gaba,,,,IB010,IB010,,LR
IB012,2,cb_intrinsic,,,gaba,,,,IB012,IB012,,LR
IB014,2,cb_intrinsic,,,gaba,,,,IB014,H01,,LR
IB015,2,cb_intrinsic,,,acetylcholine,,,,IB015,IB015,,LR
IB016,2,cb_intrinsic,,,glutamate,,,,IB016,IB016,,LR
IB017,2,cb_intrinsic,,,acetylcholine,,,,IB017,IB017,,LR
IB018,2,cb_intrinsic,,,acetylcholine,,,,IB018,IB018,,LR
IB020,2,cb_intrinsic,,,acetylcholine,,,,IB020,IB020,,LR
IB021,2,cb_intrinsic,,,acetylcholine,,,,IB021,IB021,,LR
IB022,4,cb_intrinsic,,,acetylcholine,,,,IB022,IB022,,LR
IB023,2,cb_intrinsic,,,acetylcholine,,,,IB023,IB023,,LR
IB024,2,cb_intrinsic,,,acetylcholine,,,,IB024,IB024,,LR
IB025,2,cb_intrinsic,,,acetylcholine,,,,IB025,IB025,,LR
IB026,2,cb_intrinsic,,,glutamate,,,,IB026,IB026,,LR
IB031,4,cb_intrinsic,,,glutamate,,,,IB031,IB031,,LR
IB032,8,cb_intrinsic,,,glutamate,,,,IB032,IB032,,LR
IB033,4,cb_intrinsic,,,glutamate,,,,"IB033,IB039","IB033,IB039",,LR
IB035,2,cb_intrinsic,,,glutamate,,,,IB035,CB1844,,LR
IB038,4,cb_intrinsic,,,glutamate,,,,IB038,IB038,,LR
IB042,2,cb_intrinsic,,,glutamate,,,,IB042,"ATL024,IB042",,LR
IB044,2,cb_intrinsic,,,acetylcholine,,,,IB044,IB044,,LR
IB045,4,cb_intrinsic,,,acetylcholine,,,,IB045,IB045,,LR
IB047,2,cb_intrinsic,,,acetylcholine,,,,IB047,IB047,,LR
IB048,2,cb_intrinsic,,,acetylcholine,,,,IB048,IB048,,LR
IB049,4,cb_intrinsic,,,acetylcholine,,,,IB049,IB049,,LR
IB050,2,cb_intrinsic,,,glutamate,,,,IB050,IB050,,LR
IB051,4,cb_intrinsic,,,acetylcholine,,,,IB051,IB051,,LR
IB053,2,cb_intrinsic,,,acetylcholine,,,,IB053,CB2439,,LR
IB054,10,cb_intrinsic,,,acetylcholine,,,,IB054,CB2708,,LR
IB058,2,cb_intrinsic,,,glutamate,,,,IB058,IB058,,LR
IB059_a,2,cb_intrinsic,,,glutamate,,,,IB059,IB059b,,LR
IB059_b,2,cb_intrinsic,,,glutamate,,,,IB059,IB059a,,LR
IB060,2,cb_intrinsic,,,gaba,,,,IB060,IB060,,LR
IB061,2,cb_intrinsic,,,acetylcholine,,,CG,IB061,IB061,,LR
IB062,2,cb_intrinsic,,,acetylcholine,,,,IB062,IB062,,LR
IB064,2,cb_intrinsic,,,acetylcholine,,,,IB064,IB064,,LR
IB065,2,cb_intrinsic,,,glutamate,,,,IB065,IB065,,LR
IB066,4,cb_intrinsic,,,acetylcholine,,,,IB066,IB066,,LR
IB068,2,cb_intrinsic,,,acetylcholine,,fru_high,,IB068,IB068,Cachero 2010: pIP-g,LR
IB069,2,cb_intrinsic,,,acetylcholine,,fru_high,,IB069,IB069,Cachero 2010: pIP-g,LR
IB070,3,cb_intrinsic,,,acetylcholine,,,,IB070,"CL328,IB070,IB071",,LR
IB071,3,cb_intrinsic,,,acetylcholine,,,,IB071,"CL328,IB070,IB071",,LR
IB076,4,cb_intrinsic,,,acetylcholine,,,,IB076,IB076,,LR
IB083,2,cb_intrinsic,,,acetylcholine,,,,IB083,CB2094a,,LR
IB084,7,cb_intrinsic,,,acetylcholine,,,,IB084,IB084,,LR
IB087,8,cb_intrinsic,,,acetylcholine,,,,IB087,IB087,,LR
IB092,2,cb_intrinsic,,,glutamate,,fru_high,,IB092,IB092,"fru-F-000082,fru-F-200164,fru-F-300023,fru-M-000095,fru-M-000121,fru-M-000155,fru-M-000161,fru-M-000182,fru-M-000189,fru-M-000199,fru-M-100067,fru-M-100167,fru-M-100192,fru-M-100196,fru-M-100200,fru-M-100204,fru-M-200060,fru-M-200075,fru-M-200222,fru-M-200257,fru-M-200265,fru-M-200305,fru-M-200308,fru-M-200312,fru-M-200326,fru-M-200335,fru-M-200343,fru-M-300077,fru-M-300086,fru-M-300099,fru-M-300105,fru-M-300200,fru-M-300249,fru-M-300278,fru-M-300280,fru-M-300294,fru-M-300300,fru-M-300304,fru-M-400126,fru-M-500033,fru-M-500104,fru-M-500136,fru-M-500196,fru-M-500210,fru-M-500219,fru-M-500250,fru-M-700081,fru-M-700148,fru-M-700160,fru-M-700187,fru-M-800065,fru-M-800094,fru-M-800095,fru-M-900057,fru-M-900061",LR
IB093,2,cb_intrinsic,,,glutamate,,,,IB093,IB093,,LR
IB094,2,cb_intrinsic,,,glutamate,,,,IB094,IB094,,LR
IB095,2,cb_intrinsic,,,glutamate,,,,IB095,IB095,,LR
IB096,2,cb_intrinsic,,,glutamate,,,,IB096,CB2237,,LR
IB097,2,cb_intrinsic,,,glutamate,,,,IB097,IB097,,LR
IB101,2,cb_intrinsic,,,glutamate,,fru_low,,IB101,CB0828,fru-M-400177,LR
IB109,2,cb_intrinsic,,,glutamate,,,CG,IB109,SMPp&v1B_M01,,LR
IB110,2,cb_intrinsic,,,glutamate,,,CG,IB110,IB110,,LR
IB114,2,cb_intrinsic,,,gaba,,,,IB114,IB114,,LR
IB115,4,cb_intrinsic,,,acetylcholine,,,,IB115,IB115,,LR
IB116,2,cb_intrinsic,,,gaba,,,,IB116,IB116,,LR
IB117,2,cb_intrinsic,,,glutamate,,,,IB117,IB117,,LR
IB118,2,cb_intrinsic,,,unclear,,,,IB118,IB118,,LR
IB120,2,cb_intrinsic,,,glutamate,,,,(hb1068372258),CB0660,,LR
IB121,2,cb_intrinsic,,,acetylcholine,,,,,CB0635,,LR
ICL002m,2,cb_intrinsic,,,acetylcholine,male-specific,fru_high,,,,"Kimura 2008, Kohatsu 2010: P2b; Cachero 2010: pIP-a; Yu 2010: pIP1",LR
ICL003m,4,cb_intrinsic,,,glutamate,male-specific,fru_high,,,,Cachero 2010: aSP-b; Yu 2010: aSP1,LR
ICL004m_a,2,cb_intrinsic,,,glutamate,male-specific,fru_high,,,,Cachero 2010: aSP-b; Yu 2010: aSP1,LR
ICL004m_b,2,cb_intrinsic,,,glutamate,male-specific,fru_high,,,,Cachero 2010: aSP-b; Yu 2010: aSP1,LR
ICL005m,2,cb_intrinsic,,,glutamate,male-specific,fru_high,,,,Cachero 2010: aSP-b; Yu 2010: aSP1,LR
ICL006m,5,cb_intrinsic,,,glutamate,male-specific,fru_high,,,,Cachero 2010: aSP-b; Yu 2010: aSP1,LR
ICL008m,6,cb_intrinsic,,,gaba,male-specific,fru_high,,,,Cachero 2010: aSP-k; Yu 2010: aSP8,LR
ICL010m,2,cb_intrinsic,,,acetylcholine,male-specific,fru_high,,,,Cachero 2010: aDT-d,LR
ICL011m,2,cb_intrinsic,,,acetylcholine,male-specific,fru_high,,,,Cachero 2010: aDT-d,LR
ICL012m,4,cb_intrinsic,,,acetylcholine,potentially male-specific,fru_high,,,,Cachero 2010: aIP-e; Yu 2010: aSP9; Ruta 2010: LC2,LR
ICL013m_a,2,cb_intrinsic,,,glutamate,male-specific,fru_high,,,,Cachero 2010: aSP-b; Yu 2010: aSP1,LR
ICL013m_b,2,cb_intrinsic,,,glutamate,male-specific,fru_high,,,,Cachero 2010: aSP-b; Yu 2010: aSP1,LR
IN00A001,2,vnc_intrinsic,,BI,unclear,,,T2,,,,M
IN00A002,3,vnc_intrinsic,,BI,gaba,,,T3,,,,M
IN00A003,1,vnc_intrinsic,,BI,gaba,,,T3,,,,M
IN00A004,2,vnc_intrinsic,,BI,gaba,,,T1,,,,M
IN00A005,1,vnc_intrinsic,,BI,gaba,,,A1,,,,M
IN00A007,2,vnc_intrinsic,,BI,gaba,,,T3,,,,M
IN00A008,1,vnc_intrinsic,,BI,gaba,,,A1,,,,M
IN00A009,4,vnc_intrinsic,,BR,gaba,,,T2,,,,M
IN00A010,2,vnc_intrinsic,,BI,gaba,,,T1,,,,M
IN00A011,6,vnc_intrinsic,,,gaba,,,T3,,,,M
IN00A012,2,vnc_intrinsic,,BI,gaba,,,T1,,,,M
IN00A013,1,vnc_intrinsic,,BI,gaba,,,A2,,,,M
IN00A014,3,vnc_intrinsic,,BI,gaba,,,T3,,,,M
IN00A016,2,vnc_intrinsic,,BI,gaba,,,T1,,,,M
IN00A017,5,vnc_intrinsic,,BR,unclear,,fru_high,A1,,,"Yu 2010, Lillvis 2024: vPR9",M
IN00A018,2,vnc_intrinsic,,,gaba,,,A1,,,,M
IN00A019,3,vnc_intrinsic,,,gaba,,,T2,,,,M
IN00A020,3,vnc_intrinsic,,BI,gaba,,,T3,,,,M
IN00A021,3,vnc_intrinsic,,BI,gaba,,,T1,,,,M
IN00A022,4,vnc_intrinsic,,BI,gaba,,,T2,,,,M
IN00A024,6,vnc_intrinsic,,BR,gaba,,,A2,,,,M
IN00A025,4,vnc_intrinsic,,BI,gaba,,,T1,,,,M
IN00A026,6,vnc_intrinsic,,BI,gaba,,,T1,,,,M
IN00A027,4,vnc_intrinsic,,BR,gaba,,,A6,,,,M
IN00A028,3,vnc_intrinsic,,BI,gaba,,,T2,,,,M
IN00A029,4,vnc_intrinsic,,BR,gaba,,,T2,,,,M
IN00A030,5,vnc_intrinsic,,BI,gaba,,,T1,,,,M
IN00A031,9,vnc_intrinsic,,BI,gaba,,,T1,,,,M
IN00A032,2,vnc_intrinsic,,BI,gaba,,,T1,,,,M
IN00A033,5,vnc_intrinsic,,BR,gaba,,,A1,,,,M
IN00A034,2,vnc_intrinsic,,BI,gaba,,,T1,,,,M
IN00A035,3,vnc_intrinsic,,BI,gaba,,,T1,,,,M
IN00A036,4,vnc_intrinsic,,BI,gaba,,,T1,,,,M
IN00A037,1,vnc_intrinsic,,BI,gaba,,,T1,,,,M
IN00A038,4,vnc_intrinsic,,,gaba,,,T1,,,,M
IN00A039,2,vnc_intrinsic,,BI,gaba,,,T2,,,,M
IN00A040,5,vnc_intrinsic,,BI,gaba,,,T2,,,,M
IN00A041,3,vnc_intrinsic,,BI,gaba,,,T1,,,,M
IN00A042,2,vnc_intrinsic,,BI,gaba,,,T1,,,,M
IN00A043,4,vnc_intrinsic,,BI,gaba,,,T1,,,,M
IN00A044,1,vnc_intrinsic,,BI,gaba,,,T2,,,,M
IN00A045,6,vnc_intrinsic,,BI,gaba,,,T2,,,,M
IN00A047,5,vnc_intrinsic,,BI,gaba,,,T2,,,,M
IN00A048,5,vnc_intrinsic,,BI,gaba,,,T1,,,,M
IN00A049,3,vnc_intrinsic,,BI,gaba,,,T2,,,,M
IN00A050,3,vnc_intrinsic,,BI,gaba,,,T2,,,,M
IN00A051,4,vnc_intrinsic,,BI,gaba,,,T2,,,,M
IN00A052,2,vnc_intrinsic,,BI,gaba,,,T1,,,,M
IN00A053,4,vnc_intrinsic,,BI,gaba,,,T1,,,,M
IN00A054,6,vnc_intrinsic,,BI,gaba,,,T2,,,,M
IN00A055,1,vnc_intrinsic,,BI,gaba,,,T2,,,,M
IN00A056,7,vnc_intrinsic,,,gaba,,,T2,,,,M
IN00A057,11,vnc_intrinsic,,BI,gaba,,,T2,,,,M
IN00A058,2,vnc_intrinsic,,,gaba,,,T3,,,,M
IN00A059,2,vnc_intrinsic,,BR,gaba,,,T1,,,,M
IN00A060,2,vnc_intrinsic,,BI,gaba,,,T2,,,,M
IN00A061,2,vnc_intrinsic,,BI,gaba,,,T1,,,,M
IN00A062,3,vnc_intrinsic,,BR,gaba,,,T2,,,,M
IN00A063,7,vnc_intrinsic,,BI,gaba,,,T2,,,,M
IN00A064,1,vnc_intrinsic,,BI,gaba,,,T2,,,,M
IN00A065,4,vnc_intrinsic,,BI,gaba,,,T1,,,,M
IN00A066,2,vnc_intrinsic,,,gaba,,,T3,,,,M
IN00A067,3,vnc_intrinsic,,BI,gaba,,,T3,,,,M
IN00A068,1,vnc_intrinsic,,,gaba,,,T3,,,,M
IN00A069,1,vnc_intrinsic,,,gaba,,,T3,,,,M
IN00A070,1,vnc_intrinsic,,,gaba,,,T3,,,,M
IN01A002,2,vnc_intrinsic,,BI,acetylcholine,,,T1,,,,LR
IN01A005,4,vnc_intrinsic,,BI,acetylcholine,,,T2,,,,LR
IN01A007,4,vnc_intrinsic,,CI,acetylcholine,,,T2,,,,LR
IN01A008,2,vnc_intrinsic,,BI,acetylcholine,,,T2,,,,LR
IN01A009,4,vnc_intrinsic,,CI,acetylcholine,,fru_high,T2,,,,LR
IN01A010,4,vnc_intrinsic,,CI,acetylcholine,,,T2,,,,LR
IN01A011,6,vnc_intrinsic,,CI,acetylcholine,,,T2,,,,LR
IN01A012,6,vnc_intrinsic,,CR,acetylcholine,,,T2,,,,LR
IN01A015,6,vnc_intrinsic,,CR,acetylcholine,,,T3,,,,LR
IN01A016,2,vnc_intrinsic,,CR,acetylcholine,,,T3,,,,LR
IN01A017,2,vnc_intrinsic,,BI,acetylcholine,,,T2,,,,LR
IN01A018,2,vnc_intrinsic,,BI,acetylcholine,,,T1,,,,LR
IN01A020,2,vnc_intrinsic,,BI,acetylcholine,,,T2,,,,LR
IN01A022,2,vnc_intrinsic,,BI,acetylcholine,,,T1,,,,LR
IN01A023,4,vnc_intrinsic,,BR,acetylcholine,,,T3,,,,LR
IN01A024,2,vnc_intrinsic,,CI,acetylcholine,,,T1,,,,LR
IN01A025,6,vnc_intrinsic,,BR,acetylcholine,,,T2,,,,LR
IN01A026,2,vnc_intrinsic,,BR,acetylcholine,,,T3,,,,LR
IN01A027,2,vnc_intrinsic,,CR,acetylcholine,,,T3,,,,LR
IN01A028,2,vnc_intrinsic,,BR,acetylcholine,,,A1,,,,LR
IN01A029,2,vnc_intrinsic,,CI,acetylcholine,,,T3,,,,LR
IN01A030,4,vnc_intrinsic,,CR,acetylcholine,,,T1,,,,LR
IN01A031,6,vnc_intrinsic,,CI,acetylcholine,,,A2,,,,LR
IN01A032,6,vnc_intrinsic,,CR,acetylcholine,,,T2,,,,LR
IN01A034,4,vnc_intrinsic,,CR,acetylcholine,,,T2,,,,LR
IN01A035,6,vnc_intrinsic,,BI,acetylcholine,,,T1,,,,LR
IN01A036,6,vnc_intrinsic,,CR,acetylcholine,,,T3,,,,LR
IN01A037,2,vnc_intrinsic,,BR,acetylcholine,,,T3,,,,LR
IN01A038,12,vnc_intrinsic,,BR,acetylcholine,,,T2,,,,LR
IN01A039,6,vnc_intrinsic,,CR,acetylcholine,,,T1,,,,LR
IN01A040,8,vnc_intrinsic,,BR,acetylcholine,,fru_high,T1,,,Cachero 2010: dPr-a,LR
IN01A041,6,vnc_intrinsic,,BR,acetylcholine,,fru_high,T1,,,Cachero 2010: dPr-a,LR
IN01A042,4,vnc_intrinsic,,BR,acetylcholine,,,T3,,,,LR
IN01A043,4,vnc_intrinsic,,BR,acetylcholine,,,A6,,,,LR
IN01A044,2,vnc_intrinsic,,BI,acetylcholine,,,A3,,,,LR
IN01A045,12,vnc_intrinsic,,BR,acetylcholine,,,A6,,,,LR
IN01A046,2,vnc_intrinsic,,BI,acetylcholine,,,A4,,,,LR
IN01A047,4,vnc_intrinsic,,BR,acetylcholine,,fru_high,T1,,,Cachero 2010: dPr-a,LR
IN01A048,6,vnc_intrinsic,,BI,acetylcholine,,,A3,,,,LR
IN01A050,10,vnc_intrinsic,,BI,acetylcholine,,,T2,,,,LR
IN01A051,4,vnc_intrinsic,,BR,acetylcholine,,,A6,,,,LR
IN01A052_a,2,vnc_intrinsic,,BR,acetylcholine,,,T1,,,,LR
IN01A052_b,2,vnc_intrinsic,,BR,acetylcholine,,,T1,,,,LR
IN01A053,4,vnc_intrinsic,,BI,acetylcholine,,,T2,,,,LR
IN01A054,7,vnc_intrinsic,,BR,acetylcholine,,,T2,,,,LR
IN01A056,4,vnc_intrinsic,,CR,acetylcholine,,,T2,,,,LR
IN01A057,2,vnc_intrinsic,,BR,acetylcholine,,,T3,,,,LR
IN01A058,6,vnc_intrinsic,,BI,acetylcholine,,,T2,,,,LR
IN01A059,8,vnc_intrinsic,,BI,acetylcholine,,,A5,,,,LR
IN01A060,2,vnc_intrinsic,,CI,acetylcholine,,,T2,,,,LR
IN01A061,8,vnc_intrinsic,,BI,acetylcholine,,,A5,,,,LR
IN01A062_a,4,vnc_intrinsic,,CI,acetylcholine,,,T2,,,,LR
IN01A062_b,2,vnc_intrinsic,,BI,acetylcholine,,,T2,,,,LR
IN01A062_c,6,vnc_intrinsic,,BI,acetylcholine,,,T2,,,,LR
IN01A063_a,2,vnc_intrinsic,,CR,acetylcholine,,,T1,,,,LR
IN01A063_b,3,vnc_intrinsic,,CR,acetylcholine,,,T1,,,,LR
IN01A063_c,2,vnc_intrinsic,,CR,acetylcholine,,,T1,,,,LR
IN01A064,4,vnc_intrinsic,,BR,acetylcholine,,,T3,,,,LR
IN01A065,4,vnc_intrinsic,,CR,acetylcholine,,,A7,,,,LR
IN01A066,6,vnc_intrinsic,,BR,acetylcholine,,,T3,,,,LR
IN01A067,4,vnc_intrinsic,,CR,acetylcholine,,,T2,,,,LR
IN01A068,4,vnc_intrinsic,,BR,acetylcholine,,,T3,,,,LR
IN01A069,6,vnc_intrinsic,,BI,acetylcholine,,,T1,,,,LR
IN01A070,9,vnc_intrinsic,,BI,acetylcholine,,,T2,,,,LR
IN01A071,6,vnc_intrinsic,,BR,acetylcholine,,,T3,,,,LR
IN01A072,2,vnc_intrinsic,,BR,acetylcholine,,fru_high,T1,,,,LR
IN01A073,9,vnc_intrinsic,,BR,acetylcholine,,,T2,,,,LR
IN01A074,4,vnc_intrinsic,,CR,acetylcholine,,,T1,,,,LR
IN01A075,4,vnc_intrinsic,,BI,acetylcholine,,,T1,,,,LR
IN01A076,8,vnc_intrinsic,,BR,acetylcholine,,,T2,,,,LR
IN01A077,6,vnc_intrinsic,,CR,acetylcholine,,,T2,,,,LR
IN01A078,6,vnc_intrinsic,,BI,acetylcholine,,,T1,,,,LR
IN01A079,10,vnc_intrinsic,,BI,acetylcholine,,,T2,,,,LR
IN01A080_a,2,vnc_intrinsic,,BR,acetylcholine,,,T3,,,,LR
IN01A080_b,2,vnc_intrinsic,,BR,acetylcholine,,,T3,,,,LR
IN01A080_c,2,vnc_intrinsic,,,acetylcholine,,,T1,,,,LR
IN01A081,6,vnc_intrinsic,,BI,acetylcholine,,,T1,,,,LR
IN01A082,11,vnc_intrinsic,,,acetylcholine,,,T3,,,,LR
IN01A083_a,2,vnc_intrinsic,,BR,acetylcholine,,,T1,,,,LR
IN01A083_b,4,vnc_intrinsic,,BR,acetylcholine,,,T1,,,,LR
IN01A084,2,vnc_intrinsic,,BR,acetylcholine,,,T3,,,,LR
IN01A085,2,vnc_intrinsic,,CR,acetylcholine,,,T1,,,,LR
IN01A087_a,2,vnc_intrinsic,,BI,acetylcholine,,,T3,,,,LR
IN01A087_b,2,vnc_intrinsic,,BI,acetylcholine,,,T3,,,,LR
IN01A088,7,vnc_intrinsic,,BI,acetylcholine,,,T3,,,,LR
IN01A089,1,vnc_intrinsic,,,acetylcholine,,,T3,,,,R
IN01B001,2,vnc_intrinsic,,II,gaba,,,A2,,,,LR
IN01B002,6,vnc_intrinsic,,BR,gaba,,,T3,,,,LR
IN01B003,6,vnc_intrinsic,,IR,gaba,,,T3,,,,LR
IN01B006,6,vnc_intrinsic,,IR,gaba,,,T2,,,,LR
IN01B007,6,vnc_intrinsic,,IR,gaba,,,A1,,,,LR
IN01B008,6,vnc_intrinsic,,IR,gaba,,,A1,,,,LR
IN01B010,6,vnc_intrinsic,,IR,gaba,,,A1,,,,LR
IN01B012,6,vnc_intrinsic,,IR,gaba,,,T3,,,,LR
IN01B014,4,vnc_intrinsic,,BI,gaba,,,T3,,,,LR
IN01B015,2,vnc_intrinsic,,IR,gaba,,,T3,,,,LR
IN01B016,4,vnc_intrinsic,,IR,gaba,,,A1,,,,LR
IN01B017,4,vnc_intrinsic,,IR,gaba,,,T3,,,,LR
IN01B019_a,3,vnc_intrinsic,,IR,gaba,,,T2,,,,LR
IN01B019_b,2,vnc_intrinsic,,IR,gaba,,,T2,,,,LR
IN01B020,9,vnc_intrinsic,,IR,gaba,,,A1,,,,LR
IN01B021,5,vnc_intrinsic,,IR,gaba,,,T2,,,,LR
IN01B022,6,vnc_intrinsic,,IR,gaba,,,T2,,,,LR
IN01B023_a,2,vnc_intrinsic,,IR,gaba,,,A1,,,,LR
IN01B023_b,2,vnc_intrinsic,,IR,gaba,,,A1,,,,LR
IN01B023_c,2,vnc_intrinsic,,IR,gaba,,,T3,,,,LR
IN01B023_d,2,vnc_intrinsic,,IR,gaba,,,T2,,,,LR
IN01B024,4,vnc_intrinsic,,IR,gaba,,,T3,,,,LR
IN01B025,6,vnc_intrinsic,,IR,gaba,,,T3,,,,LR
IN01B026,8,vnc_intrinsic,,IR,gaba,,,A1,,,,LR
IN01B027_a,4,vnc_intrinsic,,IR,gaba,,,A1,,,,LR
IN01B027_b,4,vnc_intrinsic,,IR,gaba,,,A1,,,,LR
IN01B027_c,2,vnc_intrinsic,,IR,gaba,,,T3,,,,LR
IN01B027_d,2,vnc_intrinsic,,IR,gaba,,,T3,,,,LR
IN01B027_e,2,vnc_intrinsic,,IR,gaba,,,T2,,,,LR
IN01B027_f,2,vnc_intrinsic,,IR,gaba,,,T2,,,,LR
IN01B029,2,vnc_intrinsic,,IR,gaba,,,T3,,,,LR
IN01B030,2,vnc_intrinsic,,IR,gaba,,,A1,,,,LR
IN01B031_a,2,vnc_intrinsic,,IR,gaba,,,A1,,,,LR
IN01B031_b,2,vnc_intrinsic,,IR,gaba,,,A1,,,,LR
IN01B032,2,vnc_intrinsic,,,gaba,,,T3,,,,LR
IN01B033,8,vnc_intrinsic,,IR,gaba,,,A1,,,,LR
IN01B034,3,vnc_intrinsic,,IR,gaba,,,A1,,,,LR
IN01B035,2,vnc_intrinsic,,IR,gaba,,,T2,,,,LR
IN01B036,2,vnc_intrinsic,,IR,gaba,,,A1,,,,LR
IN01B037_a,2,vnc_intrinsic,,IR,gaba,,,T3,,,,LR
IN01B037_b,3,vnc_intrinsic,,IR,gaba,,,T3,,,,LR
"IN01B038,IN01B056",4,vnc_intrinsic,,,gaba,,,T2,,,,LR
IN01B039,4,vnc_intrinsic,,IR,gaba,,,T3,,,,LR
IN01B040,3,vnc_intrinsic,,IR,gaba,,,T3,,,,LR
IN01B041,4,vnc_intrinsic,,IR,gaba,,,T2,,,,LR
IN01B042,8,vnc_intrinsic,,IR,gaba,,,A1,,,,LR
IN01B043,3,vnc_intrinsic,,IR,gaba,,,T3,,,,LR
IN01B044_a,2,vnc_intrinsic,,IR,gaba,,,T2,,,,LR
IN01B044_b,2,vnc_intrinsic,,IR,gaba,,,T2,,,,LR
IN01B045,2,vnc_intrinsic,,IR,gaba,,,T2,,,,LR
IN01B046_a,4,vnc_intrinsic,,IR,gaba,,,T3,,,,LR
IN01B046_b,4,vnc_intrinsic,,IR,gaba,,,T3,,,,LR
IN01B047,2,vnc_intrinsic,,IR,gaba,,,T2,,,,LR
IN01B048_a,2,vnc_intrinsic,,IR,gaba,,,T3,,,,LR
IN01B048_b,2,vnc_intrinsic,,IR,gaba,,,T3,,,,LR
IN01B049,6,vnc_intrinsic,,IR,gaba,,,T2,,,,LR
IN01B050_a,2,vnc_intrinsic,,IR,gaba,,,A1,,,,LR
IN01B050_b,2,vnc_intrinsic,,IR,gaba,,,A1,,,,LR
IN01B051_a,2,vnc_intrinsic,,IR,gaba,,,T2,,,,LR
IN01B051_b,2,vnc_intrinsic,,IR,gaba,,,T2,,,,LR
IN01B052,6,vnc_intrinsic,,IR,gaba,,,A1,,,,LR
IN01B053,5,vnc_intrinsic,,IR,gaba,,,T3,,,,LR
IN01B054,5,vnc_intrinsic,,IR,gaba,,,T3,,,,LR
IN01B055,2,vnc_intrinsic,,IR,gaba,,,T3,,,,LR
IN01B056,4,vnc_intrinsic,,IR,gaba,,,T3,,,,LR
IN01B057,2,vnc_intrinsic,,IR,gaba,,,T2,,,,LR
IN01B059_a,2,vnc_intrinsic,,IR,gaba,,,A1,,,,LR
IN01B059_b,4,vnc_intrinsic,,IR,gaba,,,A1,,,,LR
IN01B060,4,vnc_intrinsic,,IR,gaba,,,A1,,,,LR
IN01B061,7,vnc_intrinsic,,IR,gaba,,,A1,,,,LR
IN01B062,4,vnc_intrinsic,,IR,gaba,,,A1,,,,LR
IN01B063,2,vnc_intrinsic,,IR,gaba,,,T2,,,,LR
IN01B064,4,vnc_intrinsic,,,gaba,,,T2,,,,LR
IN01B065,20,vnc_intrinsic,,IR,gaba,,,A1,,,,LR
IN01B066,2,vnc_intrinsic,,IR,gaba,,,T2,,,,LR
IN01B067,6,vnc_intrinsic,,IR,gaba,,,T3,,,,LR
IN01B068,2,vnc_intrinsic,,IR,gaba,,,A1,,,,LR
IN01B069_a,2,vnc_intrinsic,,IR,gaba,,,T2,,,,LR
IN01B069_b,3,vnc_intrinsic,,IR,gaba,,,T2,,,,LR
IN01B070,2,vnc_intrinsic,,IR,gaba,,,T2,,,,LR
IN01B072,2,vnc_intrinsic,,IR,gaba,,,T3,,,,LR
IN01B073,7,vnc_intrinsic,,IR,gaba,,,T2,,,,LR
IN01B074,7,vnc_intrinsic,,IR,gaba,,,T3,,,,LR
IN01B075,3,vnc_intrinsic,,IR,gaba,,,T3,,,,LR
IN01B077_a,2,vnc_intrinsic,,IR,gaba,,,A1,,,,LR
IN01B077_b,2,vnc_intrinsic,,IR,gaba,,,A1,,,,LR
IN01B078,5,vnc_intrinsic,,IR,gaba,,,A1,,,,LR
IN01B079,5,vnc_intrinsic,,IR,gaba,,,T3,,,,LR
IN01B080,16,vnc_intrinsic,,,gaba,,,T3,,,,LR
IN01B081,5,vnc_intrinsic,,IR,gaba,,,A1,,,,LR
IN01B082,8,vnc_intrinsic,,IR,gaba,,,T2,,,,LR
IN01B083_a,2,vnc_intrinsic,,IR,gaba,,,T3,,,,LR
IN01B083_b,2,vnc_intrinsic,,IR,gaba,,,T3,,,,LR
IN01B083_c,4,vnc_intrinsic,,IR,gaba,,,T3,,,,LR
IN01B084,8,vnc_intrinsic,,,gaba,,,A1,,,,LR
IN01B085,2,vnc_intrinsic,,IR,gaba,,,T2,,,,LR
IN01B086,2,vnc_intrinsic,,,gaba,,,T2,,,,LR
IN01B087,2,vnc_intrinsic,,IR,gaba,,,T2,,,,LR
IN01B088,1,vnc_intrinsic,,,unclear,,,T2,,,,R
IN01B090,17,vnc_intrinsic,,II,gaba,,,T3,,,,LR
IN01B091,3,vnc_intrinsic,,,gaba,,,T2,,,,LR
IN01B092,3,vnc_intrinsic,,IR,gaba,,,T3,,,,LR
IN01B093,2,vnc_intrinsic,,IR,gaba,,,A1,,,,LR
IN01B094,2,vnc_intrinsic,,IR,gaba,,,A1,,,,LR
IN01B095,31,vnc_intrinsic,,,gaba,,,T2,,,,LR
IN01B097,5,vnc_intrinsic,,IR,gaba,,,T2,,,,LR
IN01B098,4,vnc_intrinsic,,IR,gaba,,,A1,,,,LR
IN01B099,4,vnc_intrinsic,,,gaba,,,T2,,,,LR
IN01B100,4,vnc_intrinsic,,IR,gaba,,,A1,,,,LR
IN01B101,1,vnc_intrinsic,,IR,gaba,,,A1,,,,L
IN01B102,1,vnc_intrinsic,,,gaba,,,T2,,,,R
IN02A003,4,vnc_intrinsic,,II,glutamate,,,T2,,,,LR
IN02A004,2,vnc_intrinsic,,BI,glutamate,,,A1,,,,LR
IN02A007,4,vnc_intrinsic,,II,glutamate,,,T2,,,,LR
IN02A008,2,vnc_intrinsic,,BI,glutamate,,,T2,,,,LR
IN02A010,6,vnc_intrinsic,,BI,glutamate,,,T2,,,,LR
IN02A011,2,vnc_intrinsic,,II,glutamate,,,T3,,,,LR
IN02A012,4,vnc_intrinsic,,II,glutamate,,,T2,,,,LR
IN02A013,2,vnc_intrinsic,,II,glutamate,,,T1,,,,LR
IN02A014,2,vnc_intrinsic,,IR,glutamate,,,T3,,,,LR
IN02A015,6,vnc_intrinsic,,BR,acetylcholine,,,T1,,,,LR
IN02A018,2,vnc_intrinsic,,II,glutamate,,,T2,,,,LR
IN02A019,4,vnc_intrinsic,,IR,glutamate,,,T3,,,,LR
IN02A020,6,vnc_intrinsic,,II,glutamate,,,T1,,,,LR
IN02A021,2,vnc_intrinsic,,II,glutamate,,,T2,,,,LR
IN02A023,8,vnc_intrinsic,,,glutamate,,,T2,,,,LR
IN02A024,2,vnc_intrinsic,,II,glutamate,,,T3,,,,LR
IN02A026,2,vnc_intrinsic,,BI,glutamate,,,T2,,,,LR
IN02A028,2,vnc_intrinsic,,BI,glutamate,,,A1,,,,LR
IN02A029,16,vnc_intrinsic,,II,glutamate,,,T1,,,,LR
IN02A030,14,vnc_intrinsic,,BR,glutamate,,,A1,,,,LR
IN02A031,2,vnc_intrinsic,,II,glutamate,,,T3,,,,LR
IN02A032,2,vnc_intrinsic,,IR,glutamate,,,T3,,,,LR
IN02A033,12,vnc_intrinsic,,IR,glutamate,,,T1,,,,LR
IN02A034,4,vnc_intrinsic,,II,glutamate,,,T2,,,,LR
IN02A035,4,vnc_intrinsic,,II,glutamate,,,T3,,,,LR
IN02A036,4,vnc_intrinsic,,II,glutamate,,,T2,,,,LR
IN02A037,2,vnc_intrinsic,,IR,glutamate,,,T2,,,,LR
IN02A038,4,vnc_intrinsic,,BI,glutamate,,,T3,,,,LR
IN02A040,4,vnc_intrinsic,,IR,glutamate,,,T2,,,,LR
IN02A041,2,vnc_intrinsic,,II,glutamate,,,T2,,,,LR
IN02A042,4,vnc_intrinsic,,IR,glutamate,,,T2,,,,LR
IN02A043,6,vnc_intrinsic,,,glutamate,,,T2,,,,LR
IN02A044,10,vnc_intrinsic,,BR,glutamate,,,A4,,,,LR
IN02A045,6,vnc_intrinsic,,,glutamate,,,T3,,,,LR
IN02A047,8,vnc_intrinsic,,,glutamate,,,T2,,,,LR
IN02A048,6,vnc_intrinsic,,II,glutamate,,,T1,,,,LR
IN02A049,9,vnc_intrinsic,,,glutamate,,,T2,,,,LR
IN02A050,4,vnc_intrinsic,,IR,glutamate,,,T1,,,,LR
IN02A051,2,vnc_intrinsic,,BI,glutamate,,,T3,,,,LR
IN02A052,6,vnc_intrinsic,,II,glutamate,,,T3,,,,LR
IN02A053,2,vnc_intrinsic,,II,glutamate,,,T1,,,,LR
IN02A054,14,vnc_intrinsic,,BR,glutamate,,,A1,,,,LR
IN02A055,5,vnc_intrinsic,,II,glutamate,,,T1,,,,LR
IN02A056_a,4,vnc_intrinsic,,BI,glutamate,,,T1,,,,LR
IN02A056_b,2,vnc_intrinsic,,BI,glutamate,,,T1,,,,LR
IN02A056_c,2,vnc_intrinsic,,,glutamate,,,T1,,,,LR
IN02A057,6,vnc_intrinsic,,IR,glutamate,,,T1,,,,LR
IN02A058,8,vnc_intrinsic,,,glutamate,,,T3,,,,LR
IN02A059,12,vnc_intrinsic,,BR,glutamate,,,A3,,,,LR
IN02A060,4,vnc_intrinsic,,II,glutamate,,,T1,,,,LR
IN02A061,2,vnc_intrinsic,,IR,glutamate,,,T2,,,,LR
IN02A062,8,vnc_intrinsic,,IR,glutamate,,,T3,,,,LR
IN02A063,4,vnc_intrinsic,,IR,glutamate,,,T2,,,,LR
IN02A064,6,vnc_intrinsic,,BR,glutamate,,,A2,,,,LR
IN02A065,2,vnc_intrinsic,,IR,glutamate,,,T3,,,,LR
IN02A066,11,vnc_intrinsic,,IR,glutamate,,,T3,,,,LR
IN02A067,3,vnc_intrinsic,,IR,glutamate,,,T1,,,,LR
IN03A001,4,vnc_intrinsic,,II,acetylcholine,,,T2,,,,LR
IN03A003,2,vnc_intrinsic,,II,acetylcholine,,,T3,,,,LR
IN03A004,6,vnc_intrinsic,,IR,acetylcholine,,,T3,,,,LR
IN03A005,2,vnc_intrinsic,,BI,acetylcholine,,,T2,,,,LR
IN03A006,6,vnc_intrinsic,,IR,acetylcholine,,,T2,,,,LR
IN03A007,6,vnc_intrinsic,,IR,acetylcholine,,,T2,,,,LR
IN03A009,4,vnc_intrinsic,,II,acetylcholine,,,T1,,,,LR
IN03A010,6,vnc_intrinsic,,IR,acetylcholine,,,T3,,,,LR
IN03A011,2,vnc_intrinsic,,II,acetylcholine,,,T3,,,,LR
IN03A012,2,vnc_intrinsic,,II,acetylcholine,,,T3,,,,LR
IN03A013,4,vnc_intrinsic,,IR,acetylcholine,,,T2,,,,LR
IN03A014,6,vnc_intrinsic,,IR,acetylcholine,,,T3,,,,LR
IN03A015,2,vnc_intrinsic,,BI,acetylcholine,,,T3,,,,LR
IN03A017,4,vnc_intrinsic,,IR,acetylcholine,,,T1,,,,LR
IN03A018,3,vnc_intrinsic,,BI,acetylcholine,,,T1,,,,LR
IN03A019,6,vnc_intrinsic,,IR,acetylcholine,,,T1,,,,LR
IN03A020,6,vnc_intrinsic,,IR,acetylcholine,,,T3,,,,LR
IN03A021,1,vnc_intrinsic,,IR,acetylcholine,,,T3,,,,L
IN03A022,4,vnc_intrinsic,,BR,acetylcholine,,,T1,,,,LR
IN03A023,2,vnc_intrinsic,,IR,acetylcholine,,,T1,,,,LR
IN03A024,4,vnc_intrinsic,,IR,acetylcholine,,,T1,,,,LR
IN03A025,2,vnc_intrinsic,,IR,acetylcholine,,,T3,,,,LR
IN03A026_a,2,vnc_intrinsic,,IR,acetylcholine,,,T3,,,,LR
IN03A026_b,2,vnc_intrinsic,,IR,acetylcholine,,,T3,,,,LR
IN03A026_c,4,vnc_intrinsic,,IR,acetylcholine,,,T3,,,,LR
IN03A026_d,2,vnc_intrinsic,,IR,acetylcholine,,,T3,,,,LR
IN03A027,6,vnc_intrinsic,,IR,acetylcholine,,,T1,,,,LR
IN03A028,3,vnc_intrinsic,,BI,acetylcholine,,,T1,,,,LR
IN03A029,6,vnc_intrinsic,,BI,acetylcholine,,,T1,,,,LR
IN03A030,11,vnc_intrinsic,,II,acetylcholine,,,T2,,,,LR
IN03A031,10,vnc_intrinsic,,IR,acetylcholine,,,T3,,,,LR
IN03A032,4,vnc_intrinsic,,,acetylcholine,,,T2,,,,LR
IN03A033,8,vnc_intrinsic,,,acetylcholine,,,T2,,,,LR
IN03A034,4,vnc_intrinsic,,,acetylcholine,,,T1,,,,LR
IN03A035,4,vnc_intrinsic,,II,acetylcholine,,,T1,,,,LR
IN03A036,7,vnc_intrinsic,,IR,acetylcholine,,,T3,,,,LR
IN03A037,10,vnc_intrinsic,,IR,acetylcholine,,,T3,,,,LR
IN03A038,4,vnc_intrinsic,,IR,acetylcholine,,,T2,,,,LR
IN03A039,11,vnc_intrinsic,,IR,acetylcholine,,,T1,,,,LR
IN03A040,6,vnc_intrinsic,,IR,acetylcholine,,,T3,,,,LR
IN03A041,4,vnc_intrinsic,,IR,acetylcholine,,,T3,,,,LR
IN03A042,2,vnc_intrinsic,,IR,acetylcholine,,,T3,,,,LR
IN03A043,2,vnc_intrinsic,,IR,acetylcholine,,,T2,,,,LR
IN03A044,5,vnc_intrinsic,,IR,acetylcholine,,,T2,,,,LR
IN03A045,15,vnc_intrinsic,,IR,acetylcholine,,,T1,,,,LR
IN03A046,14,vnc_intrinsic,,,acetylcholine,,,T1,,,,LR
IN03A047,6,vnc_intrinsic,,IR,acetylcholine,,,T2,,,,LR
IN03A048,3,vnc_intrinsic,,,acetylcholine,,,T3,,,,LR
IN03A049,2,vnc_intrinsic,,IR,acetylcholine,,,T1,,,,LR
IN03A050,2,vnc_intrinsic,,BR,acetylcholine,,,T3,,,,LR
IN03A051,10,vnc_intrinsic,,BR,acetylcholine,,,T1,,,,LR
IN03A052,10,vnc_intrinsic,,,acetylcholine,,,T2,,,,LR
IN03A053,6,vnc_intrinsic,,IR,acetylcholine,,,T3,,,,LR
IN03A054,6,vnc_intrinsic,,II,acetylcholine,,,T2,,,,LR
IN03A055,11,vnc_intrinsic,,IR,acetylcholine,,,T3,,,,LR
IN03A056,1,vnc_intrinsic,,IR,acetylcholine,,,T2,,,,L
IN03A057,6,vnc_intrinsic,,IR,acetylcholine,,,T2,,,,LR
IN03A058,5,vnc_intrinsic,,IR,acetylcholine,,,T2,,,,LR
IN03A059,10,vnc_intrinsic,,IR,acetylcholine,,,T3,,,,LR
IN03A060,9,vnc_intrinsic,,IR,acetylcholine,,,T2,,,,LR
IN03A061,1,vnc_intrinsic,,IR,acetylcholine,,,T1,,,,R
IN03A062_a,2,vnc_intrinsic,,IR,acetylcholine,,,T1,,,,LR
IN03A062_b,4,vnc_intrinsic,,IR,acetylcholine,,,T1,,,,LR
IN03A062_c,4,vnc_intrinsic,,IR,acetylcholine,,,T1,,,,LR
IN03A062_d,2,vnc_intrinsic,,IR,acetylcholine,,,T3,,,,LR
IN03A062_e,7,vnc_intrinsic,,IR,acetylcholine,,,T1,,,,LR
IN03A062_f,2,vnc_intrinsic,,IR,acetylcholine,,,T2,,,,LR
IN03A062_g,1,vnc_intrinsic,,IR,acetylcholine,,,T2,,,,R
IN03A062_h,2,vnc_intrinsic,,IR,acetylcholine,,,T2,,,,LR
IN03A063,2,vnc_intrinsic,,II,acetylcholine,,,T2,,,,LR
IN03A064,10,vnc_intrinsic,,,acetylcholine,,,T3,,,,LR
IN03A065,7,vnc_intrinsic,,,acetylcholine,,,T1,,,,LR
IN03A066,9,vnc_intrinsic,,IR,acetylcholine,,,T1,,,,LR
IN03A067,13,vnc_intrinsic,,IR,acetylcholine,,,T1,,,,LR
IN03A068,11,vnc_intrinsic,,,acetylcholine,,,T3,,,,LR
IN03A069,9,vnc_intrinsic,,,acetylcholine,,,T1,,,,LR
IN03A070,4,vnc_intrinsic,,IR,acetylcholine,,,T3,,,,LR
IN03A071,19,vnc_intrinsic,,IR,acetylcholine,,,T2,,,,LR
IN03A072,2,vnc_intrinsic,,IR,acetylcholine,,,T1,,,,LR
IN03A073,11,vnc_intrinsic,,IR,acetylcholine,,,T1,,,,LR
IN03A074,2,vnc_intrinsic,,IR,acetylcholine,,,T2,,,,LR
IN03A075,11,vnc_intrinsic,,IR,acetylcholine,,,T1,,,,LR
IN03A076,2,vnc_intrinsic,,IR,acetylcholine,,,T2,,,,LR
IN03A077,8,vnc_intrinsic,,IR,acetylcholine,,,T3,,,,LR
IN03A078,5,vnc_intrinsic,,IR,acetylcholine,,,T3,,,,LR
IN03A079,2,vnc_intrinsic,,BR,acetylcholine,,,T2,,,,LR
IN03A080,4,vnc_intrinsic,,IR,acetylcholine,,,T1,,,,LR
IN03A081,8,vnc_intrinsic,,IR,acetylcholine,,,T3,,,,LR
IN03A082,4,vnc_intrinsic,,II,acetylcholine,,,T3,,,,LR
IN03A083,3,vnc_intrinsic,,IR,acetylcholine,,,T3,,,,LR
IN03A084,6,vnc_intrinsic,,IR,acetylcholine,,,T1,,,,LR
IN03A085,6,vnc_intrinsic,,IR,acetylcholine,,,T1,,,,LR
IN03A087,5,vnc_intrinsic,,IR,acetylcholine,,,T1,,,,LR
"IN03A087,IN03A092",4,vnc_intrinsic,,,acetylcholine,,,T3,,,,LR
IN03A088,4,vnc_intrinsic,,IR,acetylcholine,,,T3,,,,LR
IN03A089,10,vnc_intrinsic,,IR,acetylcholine,,,T3,,,,LR
IN03A090,2,vnc_intrinsic,,IR,acetylcholine,,,T2,,,,LR
IN03A091,8,vnc_intrinsic,,,acetylcholine,,,T2,,,,LR
IN03A092,6,vnc_intrinsic,,IR,acetylcholine,,,T3,,,,LR
IN03A093,7,vnc_intrinsic,,IR,acetylcholine,,,T2,,,,LR
IN03A094,14,vnc_intrinsic,,,acetylcholine,,,T1,,,,LR
IN03A095,2,vnc_intrinsic,,IR,acetylcholine,,,T3,,,,LR
IN03A096,4,vnc_intrinsic,,,acetylcholine,,,T2,,,,LR
IN03A097,5,vnc_intrinsic,,IR,acetylcholine,,,T3,,,,LR
IN03B001,2,vnc_intrinsic,,BI,acetylcholine,,,T1,,,,LR
IN03B005,2,vnc_intrinsic,,BI,unclear,,,T1,,,,LR
IN03B008,2,vnc_intrinsic,,BI,unclear,,,T1,,,,LR
IN03B011,2,vnc_intrinsic,,BI,gaba,,,T1,,,,LR
IN03B012,4,vnc_intrinsic,,BI,unclear,,,T2,,,,LR
IN03B015,4,vnc_intrinsic,,II,gaba,,,T2,,,,LR
IN03B016,2,vnc_intrinsic,,II,gaba,,,T1,,,,LR
IN03B019,4,vnc_intrinsic,,BR,gaba,,,T1,,,,LR
IN03B020,4,vnc_intrinsic,,BI,gaba,,,T2,,,,LR
IN03B021,6,vnc_intrinsic,,II,gaba,,,T1,,,,LR
IN03B022,2,vnc_intrinsic,,II,gaba,,,T1,,,,LR
IN03B024,2,vnc_intrinsic,,BI,gaba,,,T1,,,,LR
IN03B025,2,vnc_intrinsic,,II,gaba,,,T3,,,,LR
IN03B028,2,vnc_intrinsic,,II,gaba,,,T2,,,,LR
IN03B029,2,vnc_intrinsic,,BI,gaba,,,T3,,,,LR
IN03B031,2,vnc_intrinsic,,IR,gaba,,,T3,,,,LR
IN03B032,4,vnc_intrinsic,,II,gaba,,,T1,,,,LR
IN03B034,2,vnc_intrinsic,,BI,gaba,,,T2,,,,LR
IN03B035,8,vnc_intrinsic,,IR,gaba,,,T1,,,,LR
IN03B036,2,vnc_intrinsic,,BI,gaba,,,T2,,,,LR
IN03B037,2,vnc_intrinsic,,BI,acetylcholine,,,T1,,,,LR
IN03B038,2,vnc_intrinsic,,BI,gaba,,,T1,,,,LR
IN03B042,6,vnc_intrinsic,,IR,gaba,,,T1,,,,LR
IN03B043,4,vnc_intrinsic,,II,gaba,,,T1,,,,LR
IN03B045,2,vnc_intrinsic,,II,unclear,,,T1,,,,LR
IN03B046,4,vnc_intrinsic,,,gaba,,,T2,,,,LR
IN03B049,4,vnc_intrinsic,,II,gaba,,,T3,,,,LR
IN03B051,2,vnc_intrinsic,,II,gaba,,,T2,,,,LR
IN03B052,6,vnc_intrinsic,,IR,gaba,,,T2,,,,LR
IN03B053,4,vnc_intrinsic,,BR,gaba,,,T2,,,,LR
IN03B054,6,vnc_intrinsic,,BI,gaba,,,T1,,,,LR
IN03B055,12,vnc_intrinsic,,,gaba,,,A1,,,,LR
IN03B056,6,vnc_intrinsic,,II,gaba,,,T3,,,,LR
IN03B057,4,vnc_intrinsic,,BI,gaba,,,T1,,,,LR
IN03B058,21,vnc_intrinsic,,BI,gaba,,,T2,,,,LR
IN03B059,4,vnc_intrinsic,,II,gaba,,,T2,,,,LR
IN03B060,30,vnc_intrinsic,,II,gaba,,,T2,,,,LR
IN03B061,12,vnc_intrinsic,,II,gaba,,,T2,,,,LR
IN03B062,4,vnc_intrinsic,,II,gaba,,,A1,,,,LR
IN03B063,6,vnc_intrinsic,,,gaba,,,A1,,,,LR
IN03B064,9,vnc_intrinsic,,,gaba,,,T1,,,,LR
IN03B065,4,vnc_intrinsic,,BI,gaba,,,T1,,,,LR
IN03B066,17,vnc_intrinsic,,,gaba,,,T2,,,,LR
IN03B067,4,vnc_intrinsic,,II,gaba,,,A1,,,,LR
IN03B068,1,vnc_intrinsic,,II,gaba,,,T2,,,,R
IN03B069,14,vnc_intrinsic,,,gaba,,,T2,,,,LR
IN03B070,9,vnc_intrinsic,,,gaba,,,T2,,,,LR
IN03B071,12,vnc_intrinsic,,II,gaba,,,T2,,,,LR
IN03B072,14,vnc_intrinsic,,,gaba,,,T2,,,,LR
IN03B073,2,vnc_intrinsic,,II,gaba,,,T2,,,,LR
IN03B074,8,vnc_intrinsic,,,gaba,,,T2,,,,LR
IN03B075,4,vnc_intrinsic,,,gaba,,,T1,,,,LR
IN03B076,2,vnc_intrinsic,,II,gaba,,,T1,,,,LR
IN03B077,8,vnc_intrinsic,,IR,gaba,,,T1,,,,LR
IN03B078,4,vnc_intrinsic,,BR,gaba,,,T1,,,,LR
IN03B079,8,vnc_intrinsic,,IR,gaba,,,T3,,,,LR
IN03B080,7,vnc_intrinsic,,,gaba,,,T1,,,,LR
IN03B081,6,vnc_intrinsic,,BI,gaba,,,T1,,,,LR
"IN03B082,IN03B093",4,vnc_intrinsic,,,gaba,,,A1,,,,LR
IN03B083,8,vnc_intrinsic,,,gaba,,,A1,,,,LR
IN03B084,6,vnc_intrinsic,,II,gaba,,,A1,,,,LR
IN03B085,3,vnc_intrinsic,,II,gaba,,,T1,,,,LR
IN03B086_a,3,vnc_intrinsic,,BI,gaba,,,T1,,,,LR
IN03B086_b,3,vnc_intrinsic,,BI,gaba,,,T1,,,,LR
IN03B086_c,2,vnc_intrinsic,,BI,gaba,,,T1,,,,LR
IN03B086_d,9,vnc_intrinsic,,,gaba,,,T1,,,,LR
IN03B086_e,3,vnc_intrinsic,,,gaba,,,T1,,,,LR
IN03B088,9,vnc_intrinsic,,II,gaba,,,A1,,,,LR
IN03B089,18,vnc_intrinsic,,,gaba,,,T1,,,,LR
IN03B090,6,vnc_intrinsic,,,gaba,,,T1,,,,LR
IN03B091,13,vnc_intrinsic,,,gaba,,,A1,,,,LR
IN03B092,5,vnc_intrinsic,,,gaba,,,T1,,,,LR
IN03B094,1,vnc_intrinsic,,,gaba,,,T1,,,,L
IN04A002,6,vnc_intrinsic,,BI,acetylcholine,,,T3,,,,LR
IN04B001,2,vnc_intrinsic,,II,acetylcholine,,,T3,,,,LR
IN04B002,2,vnc_intrinsic,,BI,acetylcholine,,,T1,,,,LR
IN04B004,2,vnc_intrinsic,,II,acetylcholine,,,T3,,,,LR
IN04B005,2,vnc_intrinsic,,BR,acetylcholine,,,T3,,,,LR
IN04B006,2,vnc_intrinsic,,II,acetylcholine,,,T2,,,,LR
IN04B007,2,vnc_intrinsic,,IR,acetylcholine,,,T3,,,,LR
IN04B008,6,vnc_intrinsic,,BR,acetylcholine,,,T2,,,,LR
IN04B009,5,vnc_intrinsic,,IR,acetylcholine,,fru_high,T1,,,Cachero 2010: vPr-g,LR
IN04B010,7,vnc_intrinsic,,,acetylcholine,,fru_high,T1,,,Cachero 2010: vPr-g,LR
IN04B011,5,vnc_intrinsic,,IR,acetylcholine,,,T2,,,,LR
IN04B012,3,vnc_intrinsic,,BR,acetylcholine,,,T2,,,,LR
IN04B013,9,vnc_intrinsic,,,acetylcholine,,fru_high,T1,,,Cachero 2010: vPr-g,LR
IN04B014,2,vnc_intrinsic,,IR,acetylcholine,,,T1,,,,LR
IN04B015,9,vnc_intrinsic,,IR,acetylcholine,,,T1,,,,LR
IN04B016,2,vnc_intrinsic,,BR,acetylcholine,,,T2,,,,LR
IN04B017,10,vnc_intrinsic,,,acetylcholine,,,T2,,,,LR
IN04B018,11,vnc_intrinsic,,BR,acetylcholine,,,T2,,,,LR
IN04B019,2,vnc_intrinsic,,BR,acetylcholine,,,T1,,,,LR
IN04B020,2,vnc_intrinsic,,BR,acetylcholine,,,T1,,,,LR
IN04B021,1,vnc_intrinsic,,BR,acetylcholine,,,T1,,,,R
IN04B022,4,vnc_intrinsic,,BR,acetylcholine,,,T3,,,,LR
IN04B024,5,vnc_intrinsic,,,acetylcholine,,fru_high,T1,,,Cachero 2010: vPr-g,LR
IN04B025,5,vnc_intrinsic,,IR,acetylcholine,,,T2,,,,LR
IN04B026,4,vnc_intrinsic,,IR,acetylcholine,,fru_high,T1,,,,LR
IN04B027,6,vnc_intrinsic,,IR,acetylcholine,,,T2,,,,LR
IN04B028,4,vnc_intrinsic,,,acetylcholine,,,T1,,,,LR
IN04B029,5,vnc_intrinsic,,BR,acetylcholine,,,T3,,,,LR
IN04B030,3,vnc_intrinsic,,,acetylcholine,,,T2,,,,LR
IN04B031,9,vnc_intrinsic,,IR,acetylcholine,,,T1,,,,LR
IN04B032,10,vnc_intrinsic,,BR,acetylcholine,,,T3,,,,LR
IN04B033,4,vnc_intrinsic,,BR,acetylcholine,,,T2,,,,LR
IN04B034,4,vnc_intrinsic,,IR,acetylcholine,,,T1,,,,LR
IN04B035,2,vnc_intrinsic,,BR,acetylcholine,,,T2,,,,LR
IN04B036,10,vnc_intrinsic,,BR,acetylcholine,,,T2,,,,LR
IN04B037,6,vnc_intrinsic,,IR,acetylcholine,,,T1,,,,LR
IN04B038,2,vnc_intrinsic,,IR,acetylcholine,,,T1,,,,LR
IN04B039,2,vnc_intrinsic,,BR,acetylcholine,,,T1,,,,LR
IN04B041,5,vnc_intrinsic,,BR,acetylcholine,,,T1,,,,LR
IN04B042,2,vnc_intrinsic,,IR,acetylcholine,,,T3,,,,LR
IN04B043_a,2,vnc_intrinsic,,IR,acetylcholine,,,T3,,,,LR
IN04B043_b,2,vnc_intrinsic,,,acetylcholine,,,T3,,,,LR
IN04B044,6,vnc_intrinsic,,IR,acetylcholine,,,T3,,,,LR
IN04B046,4,vnc_intrinsic,,,acetylcholine,,,T2,,,,LR
IN04B047,2,vnc_intrinsic,,BR,acetylcholine,,,T1,,,,LR
IN04B048,8,vnc_intrinsic,,BR,acetylcholine,,,T3,,,,LR
IN04B049_a,2,vnc_intrinsic,,IR,acetylcholine,,,T2,,,,LR
IN04B049_b,2,vnc_intrinsic,,IR,acetylcholine,,,T2,,,,LR
IN04B049_c,2,vnc_intrinsic,,IR,acetylcholine,,,T2,,,,LR
IN04B050,4,vnc_intrinsic,,BR,acetylcholine,,,T1,,,,LR
IN04B052,2,vnc_intrinsic,,IR,acetylcholine,,,T3,,,,LR
IN04B053,4,vnc_intrinsic,,IR,acetylcholine,,,T1,,,,LR
IN04B054_a,2,vnc_intrinsic,,BR,acetylcholine,,,T3,,,,LR
IN04B054_b,4,vnc_intrinsic,,BR,acetylcholine,,,T3,,,,LR
IN04B054_c,3,vnc_intrinsic,,BR,acetylcholine,,,T3,,,,LR
IN04B055,2,vnc_intrinsic,,II,acetylcholine,,,T2,,,,LR
IN04B056,2,vnc_intrinsic,,BR,acetylcholine,,,T2,,,,LR
IN04B057,3,vnc_intrinsic,,BR,acetylcholine,,,T2,,,,LR
IN04B058,2,vnc_intrinsic,,II,acetylcholine,,,T2,,,,LR
IN04B059,4,vnc_intrinsic,,IR,acetylcholine,,,T1,,,,LR
IN04B060,5,vnc_intrinsic,,,acetylcholine,,,T3,,,,LR
IN04B061,2,vnc_intrinsic,,IR,acetylcholine,,,T2,,,,LR
IN04B062,6,vnc_intrinsic,,IR,acetylcholine,,,T2,,,,LR
IN04B063,6,vnc_intrinsic,,,acetylcholine,,,T3,,,,LR
IN04B064,4,vnc_intrinsic,,BR,acetylcholine,,,T3,,,,LR
IN04B066,4,vnc_intrinsic,,IR,acetylcholine,,,T1,,,,LR
IN04B067,5,vnc_intrinsic,,BR,acetylcholine,,,T1,,,,LR
IN04B068,14,vnc_intrinsic,,IR,acetylcholine,,,T3,,,,LR
IN04B069,2,vnc_intrinsic,,IR,acetylcholine,,,T1,,,,LR
IN04B070,5,vnc_intrinsic,,IR,acetylcholine,,,T1,,,,LR
IN04B071,7,vnc_intrinsic,,IR,acetylcholine,,,T2,,,,LR
IN04B072,2,vnc_intrinsic,,IR,acetylcholine,,,T1,,,,LR
IN04B073,2,vnc_intrinsic,,BR,acetylcholine,,,T1,,,,LR
IN04B074,23,vnc_intrinsic,,IR,acetylcholine,,,T3,,,,LR
IN04B075,2,vnc_intrinsic,,IR,acetylcholine,,,T3,,,,LR
IN04B076,5,vnc_intrinsic,,,acetylcholine,,,T3,,,,LR
IN04B077,8,vnc_intrinsic,,,acetylcholine,,,T2,,,,LR
IN04B078,14,vnc_intrinsic,,IR,acetylcholine,,,T3,,,,LR
IN04B079,7,vnc_intrinsic,,BR,acetylcholine,,fru_high,T1,,,Cachero 2010: vPr-g,LR
IN04B080,4,vnc_intrinsic,,IR,acetylcholine,,,T3,,,,LR
IN04B081,16,vnc_intrinsic,,IR,acetylcholine,,,T2,,,,LR
IN04B082,1,vnc_intrinsic,,IR,acetylcholine,,,T2,,,,L
IN04B083,2,vnc_intrinsic,,IR,acetylcholine,,,T3,,,,LR
IN04B084,6,vnc_intrinsic,,IR,acetylcholine,,,T2,,,,LR
IN04B085,3,vnc_intrinsic,,BR,acetylcholine,,,T1,,,,LR
IN04B086,3,vnc_intrinsic,,BR,acetylcholine,,,T1,,,,LR
IN04B087,4,vnc_intrinsic,,,acetylcholine,,,T2,,,,LR
IN04B088,4,vnc_intrinsic,,IR,acetylcholine,,,T3,,,,LR
IN04B089,3,vnc_intrinsic,,IR,acetylcholine,,,T2,,,,LR
IN04B090,4,vnc_intrinsic,,IR,acetylcholine,,,T2,,,,LR
IN04B091,6,vnc_intrinsic,,IR,acetylcholine,,,T1,,,,LR
IN04B092,7,vnc_intrinsic,,IR,acetylcholine,,,T1,,,,LR
IN04B093,1,vnc_intrinsic,,IR,acetylcholine,,,T1,,,,R
IN04B094,4,vnc_intrinsic,,IR,acetylcholine,,,T1,,,,LR
IN04B095,4,vnc_intrinsic,,IR,acetylcholine,,,T3,,,,LR
IN04B096,4,vnc_intrinsic,,IR,acetylcholine,,,T3,,,,LR
IN04B097,3,vnc_intrinsic,,IR,acetylcholine,,,T1,,,,LR
IN04B098,4,vnc_intrinsic,,IR,acetylcholine,,,T1,,,,LR
IN04B099,2,vnc_intrinsic,,IR,acetylcholine,,,T2,,,,LR
IN04B100,16,vnc_intrinsic,,IR,acetylcholine,,,T1,,,,LR
IN04B101,7,vnc_intrinsic,,,acetylcholine,,,T1,,,,LR
IN04B102,13,vnc_intrinsic,,IR,acetylcholine,,,T1,,,,LR
IN04B103,7,vnc_intrinsic,,IR,acetylcholine,,,T2,,,,LR
IN04B104,7,vnc_intrinsic,,IR,acetylcholine,,,T2,,,,LR
IN04B105,8,vnc_intrinsic,,IR,acetylcholine,,,T3,,,,LR
IN04B106,3,vnc_intrinsic,,IR,acetylcholine,,,T2,,,,LR
IN04B107,5,vnc_intrinsic,,,acetylcholine,,,T3,,,,LR
IN04B108,8,vnc_intrinsic,,IR,acetylcholine,,,T2,,,,LR
IN04B109,1,vnc_intrinsic,,IR,acetylcholine,,,T2,,,,R
IN04B110,4,vnc_intrinsic,,,acetylcholine,,,T3,,,,LR
IN04B111,4,vnc_intrinsic,,,acetylcholine,,,T1,,,,LR
IN04B112,8,vnc_intrinsic,,IR,acetylcholine,,,T3,,,,LR
"IN04B113,IN04B114",5,vnc_intrinsic,,,acetylcholine,,,T3,,,,LR
IN04B115,2,vnc_intrinsic,,IR,acetylcholine,,,T1,,,,LR
IN05B001,2,vnc_intrinsic,,BI,gaba,,,T2,,,,LR
IN05B002,2,vnc_intrinsic,,BI,gaba,,,T1,,,,LR
IN05B003,2,vnc_intrinsic,,BI,gaba,,,T3,,,,LR
IN05B005,2,vnc_intrinsic,,BI,gaba,,,A1,,,,LR
IN05B008,2,vnc_intrinsic,,BI,gaba,,,A1,,,,LR
IN05B010,4,vnc_intrinsic,,BI,gaba,,,A2,,,,LR
IN05B011a,2,vnc_intrinsic,,BI,gaba,,,A6,,,,LR
IN05B011b,2,vnc_intrinsic,,BI,gaba,,,A7,,,,LR
IN05B012,2,vnc_intrinsic,,BI,gaba,,,T3,,,,LR
IN05B013,2,vnc_intrinsic,,BI,gaba,,,T3,,,,LR
IN05B016,4,vnc_intrinsic,,BI,gaba,,,T3,,,,LR
IN05B017,6,vnc_intrinsic,,BI,gaba,,,T2,,,,LR
IN05B018,2,vnc_intrinsic,,BI,gaba,,,T3,,,,LR
IN05B019,2,vnc_intrinsic,,BI,gaba,,,T3,,,,LR
IN05B020,2,vnc_intrinsic,,BI,gaba,,,T2,,,,LR
IN05B021,2,vnc_intrinsic,,BI,gaba,,,T3,,,,LR
IN05B022,4,vnc_intrinsic,,BI,gaba,,,T2,,,,LR
IN05B024,2,vnc_intrinsic,,BI,gaba,,,T2,,,,LR
IN05B028,6,vnc_intrinsic,,BI,gaba,,,A3,,,,LR
IN05B030,2,vnc_intrinsic,,BI,gaba,,,A1,,,,LR
IN05B031,2,vnc_intrinsic,,BI,gaba,,,A1,,,,LR
IN05B032,4,vnc_intrinsic,,BI,gaba,,,T3,,,,LR
IN05B033,4,vnc_intrinsic,,BI,gaba,,,T3,,,,LR
IN05B034,2,vnc_intrinsic,,BI,gaba,,,A2,,,,LR
IN05B036,2,vnc_intrinsic,,BI,gaba,,,T2,,,,LR
IN05B037,2,vnc_intrinsic,,BI,gaba,,,T3,,,,LR
IN05B038,2,vnc_intrinsic,,BI,gaba,,,A1,,,,LR
IN05B039,2,vnc_intrinsic,,BI,gaba,,,T3,,,,LR
IN05B041,2,vnc_intrinsic,,BI,gaba,potentially sexually dimorphic,,T3,,,,LR
IN05B042,4,vnc_intrinsic,,BI,gaba,,,A1,,,,LR
IN05B043,2,vnc_intrinsic,,BR,gaba,,,T3,,,,LR
IN05B051,2,vnc_intrinsic,,BI,gaba,,,T1,,,,L
IN05B055,1,vnc_intrinsic,,BI,gaba,,,T3,,,,L
IN05B057,3,vnc_intrinsic,,BI,gaba,,,T1,,,,L
IN05B061,3,vnc_intrinsic,,BI,gaba,,,T2,,,,LR
IN05B064_a,2,vnc_intrinsic,,BI,gaba,,,T2,,,,LR
IN05B064_b,4,vnc_intrinsic,,BI,gaba,,,T2,,,,LR
IN05B065,5,vnc_intrinsic,,BI,gaba,,,T2,,,,LR
IN05B066,4,vnc_intrinsic,,BI,gaba,,,T2,,,,LR
IN05B070,6,vnc_intrinsic,,BI,gaba,,,T3,,,,LR
IN05B072_a,3,vnc_intrinsic,,BR,gaba,,,T2,,,,LR
IN05B072_b,2,vnc_intrinsic,,BR,gaba,,,T2,,,,LR
IN05B072_c,1,vnc_intrinsic,,BI,gaba,,,T1,,,,L
IN05B073,2,vnc_intrinsic,,BI,gaba,,,T2,,,,LR
IN05B074,2,vnc_intrinsic,,BI,gaba,,,T2,,,,LR
IN05B075,3,vnc_intrinsic,,BI,gaba,,,T2,,,,LR
IN05B077,1,vnc_intrinsic,,BI,gaba,,,T1,,,,L
IN05B080,2,vnc_intrinsic,,BI,gaba,,,T1,,,,L
IN05B082,1,vnc_intrinsic,,BI,gaba,,,T1,,,,L
IN05B084,2,vnc_intrinsic,,BI,gaba,,,A1,,,,LR
IN05B085,4,vnc_intrinsic,,BI,gaba,,,T1,,,,L
IN05B086,2,vnc_intrinsic,,BI,gaba,,,T2,,,,LR
IN05B087,2,vnc_intrinsic,,BR,gaba,,,A1,,,,LR
IN05B088,6,vnc_intrinsic,,BR,gaba,,,T2,,,,LR
IN05B089,4,vnc_intrinsic,,BI,gaba,,,T2,,,,LR
IN05B090,14,vnc_intrinsic,,BR,gaba,,,T3,,,,LR
IN05B091,9,vnc_intrinsic,,BI,gaba,,,T3,,,,LR
IN05B092,2,vnc_intrinsic,,BI,gaba,,,T2,,,,LR
IN05B093,2,vnc_intrinsic,,BI,gaba,,,A1,,,,LR
IN05B094,2,vnc_intrinsic,,BI,acetylcholine,,,T1,,,,LR
IN06A002,2,vnc_intrinsic,,BI,gaba,,,T2,,,,LR
IN06A003,4,vnc_intrinsic,,BR,gaba,,,T2,,,,LR
IN06A004,2,vnc_intrinsic,,BI,glutamate,,,T1,,,,LR
IN06A005,2,vnc_intrinsic,,BI,gaba,,,T2,,,,LR
IN06A006,2,vnc_intrinsic,,BI,gaba,,,T1,,,,LR
IN06A008,2,vnc_intrinsic,,BI,gaba,,,T1,,,,LR
IN06A009,2,vnc_intrinsic,,BR,gaba,,,T3,,,,LR
IN06A011,6,vnc_intrinsic,,BI,gaba,,,T2,,,,LR
IN06A012,2,vnc_intrinsic,,BI,gaba,,,T2,,,,LR
IN06A013,2,vnc_intrinsic,,BI,gaba,,,T2,,,,LR
IN06A014,2,vnc_intrinsic,,BI,gaba,,,T3,,,,LR
IN06A016,2,vnc_intrinsic,,BI,gaba,,,T2,,,,LR
IN06A018,2,vnc_intrinsic,,BI,gaba,,,T2,,,,LR
IN06A019,8,vnc_intrinsic,,BI,gaba,,,T2,,,,LR
IN06A020,4,vnc_intrinsic,,BI,gaba,,,T3,,,,LR
IN06A021,2,vnc_intrinsic,,BR,gaba,,,T3,,,,LR
IN06A022,13,vnc_intrinsic,,BI,gaba,,,T2,,,,LR
IN06A023,2,vnc_intrinsic,,BI,gaba,,,T2,,,,LR
IN06A024,2,vnc_intrinsic,,BI,gaba,,,T1,,,,LR
IN06A025,2,vnc_intrinsic,,BI,gaba,,,A1,,,,LR
IN06A028,3,vnc_intrinsic,,BI,gaba,,,T2,,,,LR
IN06A031,2,vnc_intrinsic,,BR,gaba,,,A7,,,,LR
IN06A032,2,vnc_intrinsic,,BI,gaba,,,T2,,,,LR
IN06A033,4,vnc_intrinsic,,BI,gaba,,,T2,,,,LR
IN06A034,2,vnc_intrinsic,,BI,gaba,,,T1,,,,LR
IN06A035,2,vnc_intrinsic,,BR,gaba,,,A1,,,,LR
IN06A036,2,vnc_intrinsic,,BR,gaba,,,T3,,,,LR
IN06A037,2,vnc_intrinsic,,BI,gaba,,,T2,,,,LR
IN06A038,2,vnc_intrinsic,,BR,glutamate,,,T3,,,,LR
IN06A039,2,vnc_intrinsic,,BI,gaba,,,T1,,,,LR
IN06A040,2,vnc_intrinsic,,BI,gaba,,,T2,,,,LR
IN06A042,6,vnc_intrinsic,,BI,gaba,,,T2,,,,LR
IN06A043,2,vnc_intrinsic,,BI,gaba,,,T3,,,,LR
IN06A044,7,vnc_intrinsic,,BI,gaba,,,T2,,,,LR
IN06A045,2,vnc_intrinsic,,BI,gaba,,,T2,,,,LR
IN06A046,2,vnc_intrinsic,,BI,gaba,,,T2,,,,LR
IN06A047,2,vnc_intrinsic,,BI,gaba,,,T1,,,,LR
IN06A048,2,vnc_intrinsic,,BI,gaba,,,T2,,,,LR
IN06A049,2,vnc_intrinsic,,BR,gaba,,,A1,,,,LR
IN06A050,4,vnc_intrinsic,,BR,gaba,,,A1,,,,LR
IN06A051,2,vnc_intrinsic,,BR,gaba,,,T3,,,,LR
IN06A052,4,vnc_intrinsic,,BI,gaba,,,A1,,,,LR
IN06A054,4,vnc_intrinsic,,BI,gaba,,,T2,,,,LR
IN06A055,2,vnc_intrinsic,,BR,gaba,,,T3,,,,LR
IN06A056,2,vnc_intrinsic,,BR,gaba,,,T3,,,,LR
IN06A057,3,vnc_intrinsic,,,gaba,,,T2,,,,LR
IN06A058,2,vnc_intrinsic,,BI,gaba,,,T2,,,,LR
IN06A059,22,vnc_intrinsic,,,gaba,,,T1,,,,LR
IN06A061,5,vnc_intrinsic,,,gaba,,,T3,,,,LR
IN06A063,8,vnc_intrinsic,,BR,glutamate,,,A1,,,,LR
IN06A064,6,vnc_intrinsic,,BR,gaba,,,A7,,,,LR
IN06A065,4,vnc_intrinsic,,BI,gaba,,,T2,,,,LR
IN06A066,6,vnc_intrinsic,,BR,gaba,,,A2,,,,LR
IN06A067_a,2,vnc_intrinsic,,BI,gaba,,,T1,,,,LR
IN06A067_b,2,vnc_intrinsic,,BI,gaba,,,T1,,,,LR
IN06A067_c,2,vnc_intrinsic,,BI,gaba,,,T1,,,,LR
IN06A067_d,2,vnc_intrinsic,,BI,gaba,,,T1,,,,LR
IN06A067_e,2,vnc_intrinsic,,BI,gaba,,,T1,,,,LR
IN06A069,2,vnc_intrinsic,,BI,gaba,,,T3,,,,LR
IN06A070,6,vnc_intrinsic,,BI,gaba,,,T2,,,,LR
IN06A071,4,vnc_intrinsic,,BI,gaba,,,T3,,,,LR
IN06A072,6,vnc_intrinsic,,,gaba,,,A1,,,,LR
IN06A073,2,vnc_intrinsic,,BI,gaba,,,T3,,,,LR
IN06A074,2,vnc_intrinsic,,BR,gaba,,,A1,,,,LR
IN06A075,14,vnc_intrinsic,,BI,gaba,,,T1,,,,LR
IN06A076_a,2,vnc_intrinsic,,,gaba,,,T1,,,,LR
IN06A076_b,2,vnc_intrinsic,,BI,gaba,,,T1,,,,LR
IN06A076_c,2,vnc_intrinsic,,BI,gaba,,,T1,,,,LR
IN06A077,5,vnc_intrinsic,,BR,gaba,,,T3,,,,LR
IN06A078,2,vnc_intrinsic,,BR,gaba,,,T3,,,,LR
IN06A079,5,vnc_intrinsic,,,gaba,,,T3,,,,LR
IN06A081,2,vnc_intrinsic,,BI,gaba,,,T2,,,,LR
IN06A082,18,vnc_intrinsic,,,gaba,,,T1,,,,LR
IN06A083,8,vnc_intrinsic,,,gaba,,,T3,,,,LR
IN06A084,2,vnc_intrinsic,,BI,gaba,,,T1,,,,LR
IN06A085,2,vnc_intrinsic,,BI,gaba,,,T2,,,,LR
IN06A086,5,vnc_intrinsic,,,gaba,,,T2,,,,LR
IN06A087,4,vnc_intrinsic,,BI,gaba,,,T2,,,,LR
IN06A088,4,vnc_intrinsic,,BI,gaba,,,T2,,,,LR
IN06A089,2,vnc_intrinsic,,BI,gaba,,,T1,,,,LR
IN06A090,4,vnc_intrinsic,,BI,gaba,,,T1,,,,LR
IN06A091,4,vnc_intrinsic,,BI,gaba,,,A1,,,,LR
IN06A093,4,vnc_intrinsic,,,gaba,,,T3,,,,LR
IN06A094,8,vnc_intrinsic,,BI,gaba,,,T3,,,,LR
IN06A096,6,vnc_intrinsic,,BI,gaba,,,T2,,,,LR
IN06A097,4,vnc_intrinsic,,BR,gaba,,,T3,,,,LR
IN06A098,4,vnc_intrinsic,,BR,gaba,,,A6,,,,LR
IN06A099,7,vnc_intrinsic,,,gaba,,,A1,,,,LR
IN06A100,4,vnc_intrinsic,,BI,gaba,,,T1,,,,LR
IN06A101,2,vnc_intrinsic,,BI,gaba,,,A1,,,,LR
IN06A102,10,vnc_intrinsic,,BI,gaba,,,T1,,,,LR
IN06A103,6,vnc_intrinsic,,BI,gaba,,,T2,,,,LR
IN06A104,10,vnc_intrinsic,,BI,gaba,,,A1,,,,LR
IN06A105,2,vnc_intrinsic,,BI,gaba,,,A1,,,,LR
IN06A106,10,vnc_intrinsic,,BR,gaba,,,A1,,,,LR
IN06A107,2,vnc_intrinsic,,BI,gaba,,,A1,,,,LR
IN06A108,6,vnc_intrinsic,,BR,gaba,,,T3,,,,LR
IN06A109,6,vnc_intrinsic,,BR,gaba,,,A2,,,,LR
IN06A110,7,vnc_intrinsic,,,gaba,,,T3,,,,LR
IN06A111,4,vnc_intrinsic,,BR,gaba,,,A1,,,,LR
IN06A113,15,vnc_intrinsic,,,gaba,,,T1,,,,LR
IN06A114,2,vnc_intrinsic,,BR,gaba,,,A1,,,,LR
IN06A115,4,vnc_intrinsic,,BR,gaba,,,T3,,,,LR
IN06A116,11,vnc_intrinsic,,,gaba,,,T2,,,,LR
IN06A117,10,vnc_intrinsic,,BR,gaba,,,A5,,,,LR
IN06A119,4,vnc_intrinsic,,BR,gaba,,,A1,,,,LR
IN06A120_a,2,vnc_intrinsic,,BI,gaba,,,A1,,,,LR
IN06A120_b,2,vnc_intrinsic,,BI,gaba,,,A1,,,,LR
IN06A120_c,2,vnc_intrinsic,,BI,gaba,,,A1,,,,LR
IN06A121,2,vnc_intrinsic,,BI,gaba,,,T1,,,,LR
IN06A122,3,vnc_intrinsic,,BI,gaba,,,T2,,,,LR
IN06A123,2,vnc_intrinsic,,BI,gaba,,,A1,,,,LR
IN06A124,8,vnc_intrinsic,,,gaba,,,T3,,,,LR
IN06A125,6,vnc_intrinsic,,BI,gaba,,,T3,,,,LR
"IN06A126,IN06A137",8,vnc_intrinsic,,BI,gaba,,,T3,,,,LR
IN06A127,2,vnc_intrinsic,,BI,gaba,,,T2,,,,LR
IN06A128,2,vnc_intrinsic,,,gaba,,,T3,,,,LR
IN06A129,4,vnc_intrinsic,,,gaba,,,A1,,,,LR
IN06A132,13,vnc_intrinsic,,,gaba,,,T3,,,,LR
IN06A133,1,vnc_intrinsic,,,gaba,,,T3,,,,R
IN06A134,1,vnc_intrinsic,,,gaba,,,A4,,,,L
IN06A135,5,vnc_intrinsic,,,gaba,,,T3,,,,LR
IN06A136,8,vnc_intrinsic,,,gaba,,,T3,,,,LR
IN06A137,2,vnc_intrinsic,,,gaba,,,T3,,,,LR
IN06A138,7,vnc_intrinsic,,,gaba,,,T3,,,,LR
IN06A139,3,vnc_intrinsic,,BR,gaba,,,A3,,,,LR
IN06A140,6,vnc_intrinsic,,,gaba,,,A1,,,,LR
IN06B001,1,vnc_intrinsic,,BI,gaba,,,T1,,,,L
IN06B003,2,vnc_intrinsic,,BI,gaba,,,T2,,,,LR
IN06B006,2,vnc_intrinsic,,BI,gaba,,,T1,,,,LR
IN06B008,6,vnc_intrinsic,,BI,gaba,,,T1,,,,LR
IN06B012,2,vnc_intrinsic,,BI,gaba,,,T2,,,,LR
IN06B013,4,vnc_intrinsic,,BI,gaba,,,T2,,,,LR
IN06B014,2,vnc_intrinsic,,BI,gaba,,,T3,,,,LR
IN06B015,2,vnc_intrinsic,,BI,gaba,,,T2,,,,LR
IN06B016,4,vnc_intrinsic,,BI,gaba,,,T2,,,,LR
IN06B017,10,vnc_intrinsic,,BI,gaba,,,T2,,,,LR
IN06B018,2,vnc_intrinsic,,BI,gaba,,,T1,,,,LR
IN06B019,2,vnc_intrinsic,,BI,gaba,,,T2,,,,LR
IN06B020,2,vnc_intrinsic,,BI,gaba,,,T3,,,,LR
IN06B021,1,vnc_intrinsic,,BI,gaba,,,T1,,,,L
IN06B022,2,vnc_intrinsic,,II,gaba,,,T2,,,,LR
IN06B024,4,vnc_intrinsic,,BI,gaba,,,T2,,,,LR
IN06B025,2,vnc_intrinsic,,BI,gaba,,,T1,,,,LR
IN06B027,2,ascending_neuron,,BI,gaba,,,T3,,,,LR
IN06B028,4,vnc_intrinsic,,BI,gaba,,,T1,,,,LR
IN06B029,12,vnc_intrinsic,,BR,gaba,,,T1,,,,LR
IN06B030,4,vnc_intrinsic,,BI,gaba,,,T3,,,,LR
IN06B032,2,vnc_intrinsic,,BI,gaba,,,T2,,,,LR
IN06B033,4,vnc_intrinsic,,BI,gaba,,,T1,,,,LR
IN06B035,4,vnc_intrinsic,,BI,gaba,,,T2,,,,LR
IN06B036,5,vnc_intrinsic,,BI,gaba,,,T2,,,,LR
IN06B038,4,vnc_intrinsic,,BI,gaba,,,T3,,,,LR
IN06B040,6,vnc_intrinsic,,CI,gaba,,,T3,,,,LR
IN06B042,4,vnc_intrinsic,,BI,gaba,,,T2,,,,LR
IN06B043,7,vnc_intrinsic,,BI,gaba,,,T2,,,,LR
IN06B047,17,vnc_intrinsic,,CI,gaba,,,T3,,,,LR
IN06B049,2,vnc_intrinsic,,BI,gaba,,,T3,,,,LR
IN06B050,3,vnc_intrinsic,,BI,gaba,,,T3,,,,LR
IN06B052,5,vnc_intrinsic,,BI,gaba,,,T3,,,,LR
IN06B053,4,vnc_intrinsic,,BI,gaba,,,T3,,,,LR
IN06B054,2,vnc_intrinsic,,BI,gaba,,,T1,,,,LR
IN06B055,4,vnc_intrinsic,,,gaba,,,T2,,,,LR
IN06B056,9,vnc_intrinsic,,BI,gaba,,,T1,,,,LR
IN06B058,6,vnc_intrinsic,,BI,gaba,,,T2,,,,LR
IN06B059,14,vnc_intrinsic,,BI,gaba,,,T1,,,,LR
IN06B061,6,vnc_intrinsic,,BI,gaba,,,T2,,,,LR
IN06B062,2,vnc_intrinsic,,BI,gaba,,,T2,,,,LR
IN06B063,10,vnc_intrinsic,,BI,gaba,,,T1,,,,LR
IN06B064,9,vnc_intrinsic,,BI,gaba,,,T3,,,,LR
IN06B065,6,vnc_intrinsic,,BR,gaba,,,T2,,,,LR
IN06B066,25,vnc_intrinsic,,BR,gaba,,,T2,,,,LR
IN06B067,4,vnc_intrinsic,,,gaba,,,T1,,,,LR
IN06B069,9,vnc_intrinsic,,CI,gaba,,,T2,,,,LR
IN06B070,8,vnc_intrinsic,,CI,gaba,,,T3,,,,LR
IN06B071,6,vnc_intrinsic,,CI,gaba,,,T2,,,,LR
IN06B072,5,vnc_intrinsic,,,gaba,,,T1,,,,LR
IN06B073,12,vnc_intrinsic,,BR,gaba,,,A3,,,,LR
IN06B074,10,vnc_intrinsic,,CI,gaba,,,T2,,,,LR
IN06B076,6,vnc_intrinsic,,,gaba,,,T1,,,,LR
IN06B077,7,vnc_intrinsic,,BI,gaba,,,T2,,,,LR
IN06B078,9,vnc_intrinsic,,,gaba,,,T1,,,,LR
IN06B079,12,vnc_intrinsic,,,gaba,,,T2,,,,LR
IN06B080,9,vnc_intrinsic,,BI,gaba,,,T1,,,,LR
IN06B081,8,vnc_intrinsic,,,gaba,,,T1,,,,LR
IN06B082,6,vnc_intrinsic,,,gaba,,,T1,,,,LR
IN06B083,4,vnc_intrinsic,,BI,gaba,,,T3,,,,LR
IN06B085,8,vnc_intrinsic,,,gaba,,,T2,,,,LR
IN06B086,7,vnc_intrinsic,,,gaba,,,T1,,,,LR
IN06B087,6,vnc_intrinsic,,BI,gaba,,,T2,,,,LR
IN06B088,2,vnc_intrinsic,,BI,gaba,,,A1,,,,LR
IN07B001,4,vnc_intrinsic,,BI,acetylcholine,,,T1,,,,LR
IN07B002,6,vnc_intrinsic,,BI,acetylcholine,,,T1,,,,LR
IN07B006,6,vnc_intrinsic,,BI,acetylcholine,,fru_high,T1,,,,LR
IN07B007,6,vnc_intrinsic,,BI,glutamate,,,T1,,,,LR
IN07B008,2,vnc_intrinsic,,BI,glutamate,,,T2,,,,LR
IN07B009,4,vnc_intrinsic,,BI,glutamate,,,T3,,,,LR
IN07B010,2,vnc_intrinsic,,BI,acetylcholine,,,T2,,,,LR
IN07B012,4,vnc_intrinsic,,BI,acetylcholine,,,T1,,,,LR
IN07B013,2,vnc_intrinsic,,BI,glutamate,,,T3,,,,LR
IN07B014,2,vnc_intrinsic,,II,acetylcholine,,,T1,,,,LR
IN07B016,2,vnc_intrinsic,,BI,acetylcholine,,,T1,,,,LR
IN07B019,2,vnc_intrinsic,,BI,acetylcholine,,,A1,,,,LR
IN07B020,2,vnc_intrinsic,,BI,acetylcholine,,,T1,,,,LR
IN07B022,2,vnc_intrinsic,,BI,acetylcholine,,,T3,,,,LR
IN07B023,4,vnc_intrinsic,,BI,glutamate,,,T3,,,,LR
IN07B026,2,vnc_intrinsic,,II,acetylcholine,,,T1,,,,LR
IN07B027,4,vnc_intrinsic,,BI,acetylcholine,,,A1,,,,LR
IN07B028,2,vnc_intrinsic,,BI,acetylcholine,,,T2,,,,LR
IN07B029,6,vnc_intrinsic,,BI,acetylcholine,,fru_high,T1,,,,LR
IN07B030,4,vnc_intrinsic,,BI,glutamate,,,T1,,,,LR
IN07B031,4,vnc_intrinsic,,BI,glutamate,,,T1,,,,LR
IN07B032,2,vnc_intrinsic,,BI,acetylcholine,,,T3,,,,LR
IN07B033,4,vnc_intrinsic,,BI,acetylcholine,,,T2,,,,LR
IN07B034,2,vnc_intrinsic,,BR,glutamate,,,T3,,,,LR
IN07B038,4,vnc_intrinsic,,BI,acetylcholine,,,T3,,,,LR
IN07B039,4,vnc_intrinsic,,BI,acetylcholine,,,T3,,,,LR
IN07B044,6,vnc_intrinsic,,BI,acetylcholine,,,T2,,,,LR
IN07B045,2,vnc_intrinsic,,BI,acetylcholine,,,T2,,,,LR
IN07B047,2,vnc_intrinsic,,BI,acetylcholine,,,T2,,,,LR
IN07B048,6,vnc_intrinsic,,,acetylcholine,,,T2,,,,LR
IN07B051,2,vnc_intrinsic,,BI,acetylcholine,,,T3,,,,LR
IN07B053,2,vnc_intrinsic,,BR,acetylcholine,,,T3,,,,LR
IN07B054,9,vnc_intrinsic,,BI,acetylcholine,,,T2,,,,LR
IN07B055,9,vnc_intrinsic,,,acetylcholine,,,T2,,,,LR
IN07B058,4,vnc_intrinsic,,,acetylcholine,,,T2,,,,LR
IN07B059,2,vnc_intrinsic,,BI,acetylcholine,,,T3,,,,LR
IN07B061,10,vnc_intrinsic,,,glutamate,,,A5,,,,LR
IN07B063,4,ascending_neuron,,BI,acetylcholine,,,T2,,,,LR
IN07B064,4,vnc_intrinsic,,BI,acetylcholine,,,T3,,,,LR
IN07B065,11,vnc_intrinsic,,,acetylcholine,,,T2,,,,LR
IN07B066,9,vnc_intrinsic,,,acetylcholine,,,T2,,,,LR
IN07B067,4,vnc_intrinsic,,BR,acetylcholine,,,T3,,,,LR
IN07B068,6,vnc_intrinsic,,BI,acetylcholine,,,T3,,,,LR
IN07B073_a,5,vnc_intrinsic,,,acetylcholine,,,T2,,,,LR
IN07B073_b,5,vnc_intrinsic,,,acetylcholine,,,T2,,,,LR
IN07B073_c,4,vnc_intrinsic,,BI,acetylcholine,,,T2,,,,LR
IN07B073_d,3,vnc_intrinsic,,BI,acetylcholine,,,T2,,,,LR
IN07B073_e,5,vnc_intrinsic,,BI,acetylcholine,,,T2,,,,LR
IN07B073_f,1,vnc_intrinsic,,,acetylcholine,,,T2,,,,R
IN07B074,4,vnc_intrinsic,,,acetylcholine,,,T2,,,,LR
IN07B075,10,vnc_intrinsic,,,acetylcholine,,,T3,,,,LR
IN07B076_a,2,vnc_intrinsic,,,acetylcholine,,,T3,,,,LR
IN07B076_b,3,vnc_intrinsic,,BI,acetylcholine,,,T3,,,,LR
IN07B076_c,3,vnc_intrinsic,,BI,acetylcholine,,,T3,,,,LR
IN07B076_d,2,vnc_intrinsic,,BI,acetylcholine,,,T3,,,,LR
IN07B077,6,vnc_intrinsic,,BI,acetylcholine,,,T2,,,,LR
IN07B079,10,vnc_intrinsic,,,acetylcholine,,,T3,,,,LR
IN07B080,7,vnc_intrinsic,,BI,acetylcholine,,,T2,,,,LR
IN07B081,10,vnc_intrinsic,,BI,acetylcholine,,,T2,,,,LR
IN07B083_a,2,vnc_intrinsic,,BI,acetylcholine,,,A1,,,,LR
IN07B083_b,6,vnc_intrinsic,,BI,acetylcholine,,,A1,,,,LR
IN07B083_c,2,vnc_intrinsic,,BI,acetylcholine,,,T3,,,,LR
IN07B083_d,2,vnc_intrinsic,,,acetylcholine,,,T3,,,,LR
IN07B084,4,vnc_intrinsic,,BI,acetylcholine,,,T2,,,,LR
IN07B086,10,vnc_intrinsic,,BI,acetylcholine,,,A1,,,,LR
IN07B087,12,vnc_intrinsic,,BI,acetylcholine,,,A1,,,,LR
IN07B090,6,vnc_intrinsic,,,acetylcholine,,,A1,,,,LR
IN07B092_a,4,vnc_intrinsic,,BI,acetylcholine,,,A1,,,,LR
IN07B092_b,2,vnc_intrinsic,,BI,acetylcholine,,,A1,,,,LR
IN07B092_c,3,vnc_intrinsic,,BI,acetylcholine,,,A1,,,,LR
IN07B092_d,4,vnc_intrinsic,,BI,acetylcholine,,,A1,,,,LR
IN07B092_e,2,vnc_intrinsic,,,acetylcholine,,,A1,,,,LR
IN07B093,1,vnc_intrinsic,,BI,acetylcholine,,,A1,,,,R
IN07B094_a,3,vnc_intrinsic,,,acetylcholine,,,A1,,,,LR
IN07B094_b,6,vnc_intrinsic,,,acetylcholine,,,A1,,,,LR
IN07B094_c,1,vnc_intrinsic,,,acetylcholine,,,A1,,,,L
IN07B096_a,5,vnc_intrinsic,,,acetylcholine,,,A1,,,,LR
IN07B096_b,8,vnc_intrinsic,,,acetylcholine,,,A1,,,,LR
IN07B096_c,4,vnc_intrinsic,,,acetylcholine,,,A1,,,,LR
IN07B096_d,3,vnc_intrinsic,,,acetylcholine,,,A1,,,,LR
IN07B098,18,vnc_intrinsic,,,acetylcholine,,,T3,,,,LR
IN07B099,9,vnc_intrinsic,,BI,acetylcholine,,,T3,,,,LR
IN07B100,9,vnc_intrinsic,,BI,acetylcholine,,,A1,,,,LR
IN07B102,12,vnc_intrinsic,,,acetylcholine,,,A1,,,,LR
IN07B103,4,vnc_intrinsic,,BI,acetylcholine,,,T3,,,,LR
IN07B104,2,vnc_intrinsic,,BI,glutamate,,,T2,,,,LR
IN08A002,6,vnc_intrinsic,,IR,glutamate,,,T2,,,,LR
IN08A003,2,vnc_intrinsic,,BR,glutamate,potentially male-specific,,T1,,,,LR
IN08A005,6,vnc_intrinsic,,IR,glutamate,,,T3,,,,LR
IN08A006,6,vnc_intrinsic,,IR,gaba,,,T2,,,,LR
IN08A007,6,vnc_intrinsic,,IR,glutamate,,,T2,,,,LR
IN08A008,6,vnc_intrinsic,,IR,glutamate,,,T3,,,,LR
IN08A010,2,vnc_intrinsic,,IR,glutamate,,,T1,,,,LR
IN08A011,14,vnc_intrinsic,,BI,glutamate,,,T2,,,,LR
IN08A012,2,vnc_intrinsic,,IR,glutamate,,,T2,,,,LR
IN08A016,4,vnc_intrinsic,,II,glutamate,,,T2,,,,LR
IN08A017,4,vnc_intrinsic,,IR,glutamate,,,T3,,,,LR
IN08A019,12,vnc_intrinsic,,,glutamate,,,T1,,,,LR
IN08A021,4,vnc_intrinsic,,,glutamate,,,T1,,,,LR
IN08A022,6,vnc_intrinsic,,IR,glutamate,,,T3,,,,LR
IN08A023,7,vnc_intrinsic,,,glutamate,,,T2,,,,LR
IN08A024,6,vnc_intrinsic,,IR,glutamate,,,T3,,,,LR
IN08A025,2,vnc_intrinsic,,IR,glutamate,,,T1,,,,LR
IN08A026,24,vnc_intrinsic,,,glutamate,,,T2,,,,LR
"IN08A026,IN08A033",3,vnc_intrinsic,,IR,glutamate,,,T2,,,,LR
IN08A027,5,vnc_intrinsic,,IR,glutamate,,,T2,,,,LR
IN08A028,12,vnc_intrinsic,,IR,glutamate,,,T3,,,,LR
IN08A029,5,vnc_intrinsic,,,glutamate,,,T2,,,,LR
IN08A030,11,vnc_intrinsic,,,glutamate,,,T1,,,,LR
IN08A031,10,vnc_intrinsic,,IR,glutamate,,,T2,,,,LR
IN08A032,7,vnc_intrinsic,,,glutamate,,,T2,,,,LR
IN08A034,10,vnc_intrinsic,,,glutamate,,,T1,,,,LR
IN08A035,7,vnc_intrinsic,,,glutamate,,,T3,,,,LR
IN08A036,28,vnc_intrinsic,,IR,glutamate,,,T1,,,,LR
IN08A037,8,vnc_intrinsic,,,glutamate,,,T3,,,,LR
IN08A038,4,vnc_intrinsic,,,glutamate,,,T2,,,,LR
IN08A039,4,vnc_intrinsic,,IR,glutamate,,,T2,,,,LR
IN08A040,5,vnc_intrinsic,,BI,glutamate,,,T2,,,,LR
IN08A041,14,vnc_intrinsic,,IR,glutamate,,,T2,,,,LR
IN08A042,2,vnc_intrinsic,,,glutamate,,,T3,,,,LR
IN08A043,20,vnc_intrinsic,,IR,glutamate,,,T3,,,,LR
IN08A044,2,vnc_intrinsic,,IR,glutamate,,,T3,,,,LR
IN08A045,6,vnc_intrinsic,,IR,glutamate,,,T3,,,,LR
IN08A046,7,vnc_intrinsic,,IR,glutamate,,,T1,,,,LR
IN08A047,10,vnc_intrinsic,,,glutamate,,,T3,,,,LR
IN08A048,9,vnc_intrinsic,,IR,glutamate,,,T3,,,,LR
IN08A049,4,vnc_intrinsic,,IR,glutamate,,,T2,,,,LR
IN08A050,9,vnc_intrinsic,,BR,glutamate,,,T1,,,,LR
IN08B001,2,vnc_intrinsic,,BI,acetylcholine,,coexpress_high,T1,,,"Yu 2010, Lillvis 2024: dPr1",LR
IN08B003,2,vnc_intrinsic,,BI,gaba,,,T2,,,,LR
IN08B004,4,vnc_intrinsic,,BI,acetylcholine,,,T3,,,,LR
IN08B006,2,vnc_intrinsic,,BI,acetylcholine,,,T2,,,,LR
IN08B008,7,vnc_intrinsic,,BI,acetylcholine,,,T3,,,,LR
IN08B017,2,vnc_intrinsic,,BI,acetylcholine,,,T2,,,,LR
IN08B019,2,vnc_intrinsic,,BI,acetylcholine,,,T1,,,,LR
IN08B021,2,ascending_neuron,,BI,acetylcholine,,,T3,,,,LR
IN08B029,2,vnc_intrinsic,,BI,acetylcholine,,,T3,,,,LR
IN08B030,4,vnc_intrinsic,,BI,acetylcholine,,fru_high,T3,,,,LR
IN08B033,2,vnc_intrinsic,,BI,acetylcholine,,fru_high,T2,,,Cachero 2010: vPr-l,LR
IN08B035,2,vnc_intrinsic,,BI,acetylcholine,,,T2,,,,LR
IN08B036,8,vnc_intrinsic,,,acetylcholine,,,T3,,,,LR
IN08B037,6,vnc_intrinsic,,BI,acetylcholine,,,T2,,,,LR
IN08B038,2,vnc_intrinsic,,BI,acetylcholine,,fru_high,T2,,,Cachero 2010: vPr-l,LR
IN08B039,1,vnc_intrinsic,,BI,acetylcholine,,,T3,,,,R
IN08B040,6,vnc_intrinsic,,BI,acetylcholine,,fru_high,T2,,,Cachero 2010: vPr-l,LR
IN08B042,6,vnc_intrinsic,,BI,acetylcholine,,fru_high,T2,,,Cachero 2010: vPr-l,LR
IN08B045,2,vnc_intrinsic,,BI,acetylcholine,,,T3,,,,LR
IN08B046,4,vnc_intrinsic,,BI,acetylcholine,,fru_high,T2,,,Cachero 2010: vPr-l,LR
IN08B051_a,3,vnc_intrinsic,,BI,acetylcholine,,,T2,,,,LR
IN08B051_b,2,vnc_intrinsic,,BI,acetylcholine,,,T2,,,,LR
IN08B051_c,3,vnc_intrinsic,,BI,acetylcholine,,,T2,,,,LR
IN08B051_d,4,vnc_intrinsic,,,acetylcholine,,,T2,,,,LR
IN08B051_e,2,vnc_intrinsic,,,acetylcholine,,,T2,,,,LR
IN08B052,2,vnc_intrinsic,,BI,acetylcholine,,,T2,,,,LR
IN08B054,12,vnc_intrinsic,,BI,acetylcholine,,,T2,,,,LR
IN08B055,4,vnc_intrinsic,,BI,acetylcholine,,,T3,,,,LR
IN08B056,8,vnc_intrinsic,,BI,acetylcholine,,fru_high,T3,,,,LR
IN08B058,4,vnc_intrinsic,,BI,acetylcholine,,,T3,,,,LR
IN08B060,4,vnc_intrinsic,,BI,acetylcholine,,,T2,,,,LR
IN08B062,7,vnc_intrinsic,,BI,acetylcholine,,fru_high,T2,,,Cachero 2010: vPr-l,LR
IN08B063,5,vnc_intrinsic,,BI,acetylcholine,,,T3,,,,LR
IN08B064,4,vnc_intrinsic,,BI,acetylcholine,,,T2,,,,LR
IN08B065,6,vnc_intrinsic,,,acetylcholine,,,T3,,,,LR
IN08B067,4,vnc_intrinsic,,BI,acetylcholine,,fru_high,T2,,,Cachero 2010: vPr-l,LR
IN08B068,6,vnc_intrinsic,,BI,acetylcholine,,,T2,,,,LR
IN08B070_a,4,vnc_intrinsic,,,acetylcholine,,,T3,,,,LR
IN08B070_b,7,vnc_intrinsic,,BI,acetylcholine,,,T3,,,,LR
IN08B072,3,vnc_intrinsic,,BI,acetylcholine,,,T3,,,,LR
IN08B073,2,vnc_intrinsic,,BI,acetylcholine,,,T2,,,,LR
IN08B075,2,vnc_intrinsic,,BI,acetylcholine,,,T2,,,,LR
IN08B076,2,vnc_intrinsic,,BI,acetylcholine,,,T3,,,,LR
IN08B077,4,vnc_intrinsic,,BI,acetylcholine,,,T2,,,,LR
IN08B078,4,vnc_intrinsic,,,acetylcholine,,,T2,,,,LR
IN08B080,2,vnc_intrinsic,,BI,acetylcholine,,,T2,,,,LR
IN08B082,8,vnc_intrinsic,,BI,acetylcholine,,,T3,,,,LR
IN08B083_a,4,vnc_intrinsic,,BI,acetylcholine,,,T2,,,,LR
IN08B083_b,2,vnc_intrinsic,,BI,acetylcholine,,,T2,,,,LR
IN08B083_c,2,vnc_intrinsic,,BI,acetylcholine,,,T2,,,,LR
IN08B083_d,3,vnc_intrinsic,,,acetylcholine,,,T2,,,,LR
IN08B085_a,9,vnc_intrinsic,,BI,acetylcholine,,,T2,,,,LR
IN08B087,4,vnc_intrinsic,,,acetylcholine,,,T2,,,,LR
IN08B088,4,vnc_intrinsic,,,acetylcholine,,,T3,,,,LR
IN08B090,2,vnc_intrinsic,,BI,acetylcholine,,,T3,,,,LR
IN08B091,7,vnc_intrinsic,,BI,acetylcholine,,,T3,,,,LR
IN08B092,4,vnc_intrinsic,,BI,acetylcholine,,,T3,,,,LR
IN08B093,12,vnc_intrinsic,,BI,acetylcholine,,,T3,,,,LR
IN08B104,6,vnc_intrinsic,,BI,acetylcholine,,,T2,,,,LR
IN08B105,1,vnc_intrinsic,,BI,acetylcholine,,,T2,,,,R
IN08B108,5,vnc_intrinsic,,,acetylcholine,,,T3,,,,LR
IN09A001,6,vnc_intrinsic,,BR,gaba,,,T3,,,,LR
IN09A002,6,vnc_intrinsic,,IR,gaba,,,T2,,,,LR
IN09A003,6,vnc_intrinsic,,IR,gaba,,,T2,,,,LR
IN09A004,4,vnc_intrinsic,,II,gaba,,,T3,,,,LR
IN09A005,7,vnc_intrinsic,,BI,unclear,,,A8,,,,LR
IN09A006,8,vnc_intrinsic,,IR,gaba,,,T2,,,,LR
IN09A007,4,vnc_intrinsic,,BI,gaba,,,T3,,,,LR
IN09A009,4,vnc_intrinsic,,II,gaba,,,T2,,,,LR
IN09A010,6,vnc_intrinsic,,IR,gaba,,,T1,,,,LR
IN09A011,2,vnc_intrinsic,,BI,gaba,,,A1,,,,LR
IN09A012,6,vnc_intrinsic,,IR,gaba,,,T3,,,,LR
IN09A013,6,vnc_intrinsic,,II,gaba,,,T3,,,,LR
IN09A014,6,vnc_intrinsic,,IR,gaba,,,T1,,,,LR
IN09A015,2,vnc_intrinsic,,BI,gaba,,,A1,,,,LR
IN09A016,6,vnc_intrinsic,,BR,gaba,,,T3,,,,LR
IN09A017,6,vnc_intrinsic,,II,gaba,,,T2,,,,LR
IN09A018,6,vnc_intrinsic,,BR,gaba,,,T1,,,,LR
IN09A019,6,vnc_intrinsic,,BI,gaba,,,A1,,,,LR
IN09A020,6,vnc_intrinsic,,BI,gaba,,,T3,,,,LR
IN09A021,6,vnc_intrinsic,,IR,gaba,,,T3,,,,LR
IN09A022,12,vnc_intrinsic,,,gaba,,,T2,,,,LR
IN09A023,4,vnc_intrinsic,,BI,gaba,,,A1,,,,LR
IN09A024,7,vnc_intrinsic,,,gaba,,fru_high,T2,,,,LR
"IN09A025,IN09A026",4,vnc_intrinsic,,,gaba,,,T3,,,,LR
IN09A026,5,vnc_intrinsic,,IR,gaba,,fru_high,T2,,,,LR
IN09A027,6,vnc_intrinsic,,II,gaba,,fru_high,T3,,,,LR
IN09A028,2,vnc_intrinsic,,IR,gaba,,,T3,,,,LR
IN09A029,4,vnc_intrinsic,,II,gaba,,,A1,,,,LR
IN09A030,4,vnc_intrinsic,,IR,gaba,,,T2,,,,LR
IN09A031,6,vnc_intrinsic,,IR,gaba,,,T3,,,,LR
IN09A032,3,vnc_intrinsic,,II,gaba,,,A2,,,,LR
IN09A033,7,vnc_intrinsic,,IR,gaba,,fru_high,T1,,,,LR
IN09A034,4,vnc_intrinsic,,IR,gaba,,,T3,,,,LR
IN09A035,2,vnc_intrinsic,,IR,gaba,,,T3,,,,LR
IN09A037,4,vnc_intrinsic,,,gaba,,,T3,,,,LR
IN09A038,3,vnc_intrinsic,,,gaba,,,T1,,,,LR
IN09A039,18,vnc_intrinsic,,IR,gaba,,,T3,,,,LR
IN09A041,2,vnc_intrinsic,,II,gaba,,,T2,,,,LR
IN09A042,6,vnc_intrinsic,,BR,gaba,,,T3,,,,LR
IN09A043,18,vnc_intrinsic,,,gaba,,fru_high,T2,,,,LR
IN09A044,6,vnc_intrinsic,,BR,gaba,,,T2,,,,LR
IN09A045,6,vnc_intrinsic,,BI,gaba,,,T3,,,,LR
IN09A046,12,vnc_intrinsic,,IR,gaba,,,T2,,,,LR
IN09A047,9,vnc_intrinsic,,IR,gaba,,fru_high,T3,,,,LR
IN09A048,4,vnc_intrinsic,,II,gaba,,fru_high,T2,,,Cachero 2010: dMs-b,LR
IN09A049,6,vnc_intrinsic,,IR,gaba,,,T3,,,,LR
IN09A050,5,vnc_intrinsic,,,gaba,,,T3,,,,LR
IN09A051,2,vnc_intrinsic,,IR,gaba,,,T3,,,,LR
IN09A052,4,vnc_intrinsic,,IR,gaba,,,T1,,,,LR
IN09A053,4,vnc_intrinsic,,BR,gaba,,,T3,,,,LR
IN09A054,6,vnc_intrinsic,,BR,gaba,,fru_high,T3,,,,LR
IN09A055,10,vnc_intrinsic,,,gaba,,,T3,,,,LR
IN09A056,2,vnc_intrinsic,,,gaba,,,T3,,,,LR
"IN09A056,IN09A072",9,vnc_intrinsic,,,gaba,,,T3,,,,LR
IN09A057,6,vnc_intrinsic,,,gaba,,,T3,,,,LR
IN09A058,4,vnc_intrinsic,,II,gaba,,,T3,,,,LR
IN09A059,2,vnc_intrinsic,,IR,gaba,,,T2,,,,LR
IN09A060,12,vnc_intrinsic,,,gaba,,fru_high,T2,,,Cachero 2010: dMs-b,LR
IN09A061,2,vnc_intrinsic,,II,gaba,,,T1,,,,LR
IN09A062,2,vnc_intrinsic,,IR,gaba,,,T1,,,,LR
IN09A063,6,vnc_intrinsic,,IR,gaba,,,T2,,,,LR
IN09A064,13,vnc_intrinsic,,,gaba,,fru_high,T1,,,,LR
IN09A065,2,vnc_intrinsic,,II,gaba,,fru_high,T2,,,Cachero 2010: dMs-b,LR
IN09A066,6,vnc_intrinsic,,IR,gaba,,,T2,,,,LR
IN09A067,2,vnc_intrinsic,,,gaba,,fru_high,T2,,,,LR
IN09A068,2,vnc_intrinsic,,,gaba,,,T1,,,,LR
IN09A069,7,vnc_intrinsic,,,gaba,,,T1,,,,LR
IN09A070,6,vnc_intrinsic,,II,gaba,,,A1,,,,LR
IN09A071,9,vnc_intrinsic,,IR,gaba,,,T1,,,,LR
IN09A073,6,vnc_intrinsic,,II,gaba,,,T1,,,,LR
IN09A074,9,vnc_intrinsic,,,gaba,,fru_high,T1,,,,LR
IN09A075,2,vnc_intrinsic,,BR,gaba,,,T1,,,,LR
IN09A076,4,vnc_intrinsic,,IR,gaba,,,T2,,,,LR
IN09A077,4,vnc_intrinsic,,II,gaba,,,T1,,,,LR
IN09A078,6,vnc_intrinsic,,II,gaba,,fru_high,T3,,,,LR
IN09A079,11,vnc_intrinsic,,,gaba,,,T2,,,,LR
"IN09A080,IN09A085",7,vnc_intrinsic,,,gaba,,,T1,,,,LR
IN09A081,5,vnc_intrinsic,,IR,gaba,,,T2,,,,LR
IN09A082,3,vnc_intrinsic,,II,gaba,,,T3,,,,LR
IN09A083,7,vnc_intrinsic,,IR,gaba,,,T1,,,,LR
IN09A084,2,vnc_intrinsic,,IR,gaba,,,T3,,,,R
IN09A086,5,vnc_intrinsic,,IR,gaba,,,T3,,,,LR
IN09A087,3,vnc_intrinsic,,IR,gaba,,,T2,,,,LR
IN09A088,5,vnc_intrinsic,,IR,gaba,,,T3,,,,LR
IN09A089,2,vnc_intrinsic,,IR,gaba,,,T2,,,,LR
IN09A090,7,vnc_intrinsic,,IR,gaba,,,T3,,,,LR
IN09A091,6,vnc_intrinsic,,BR,gaba,,,T1,,,,LR
IN09A092,12,vnc_intrinsic,,IR,gaba,,,T2,,,,LR
IN09A093,11,vnc_intrinsic,,BR,gaba,,,T1,,,,LR
IN09A094,5,vnc_intrinsic,,BR,gaba,,,T3,,,,LR
IN09A095,8,vnc_intrinsic,,BR,gaba,,,T2,,,,LR
IN09A096,9,vnc_intrinsic,,IR,gaba,,,T1,,,,LR
IN09B005,6,vnc_intrinsic,,BR,glutamate,,,T1,,,,LR
IN09B006,4,vnc_intrinsic,,BI,acetylcholine,,,T3,,,,LR
IN09B008,6,vnc_intrinsic,,BR,glutamate,,,T3,,,,LR
IN09B014,2,vnc_intrinsic,,BI,acetylcholine,,,T3,,,,LR
IN09B018,2,vnc_intrinsic,,BI,glutamate,,,T3,,,,LR
IN09B022,4,vnc_intrinsic,,CI,glutamate,,,T3,,,,LR
IN09B038,12,vnc_intrinsic,,BI,acetylcholine,,,T2,,,,LR
IN09B043,6,vnc_intrinsic,,BI,glutamate,,,T2,,,,LR
IN09B044,4,vnc_intrinsic,,BI,glutamate,,,T1,,,,LR
IN09B045,6,vnc_intrinsic,,BI,glutamate,,,T3,,,,LR
IN09B046,6,vnc_intrinsic,,BI,glutamate,,,T1,,,,LR
IN09B047,6,vnc_intrinsic,,BI,glutamate,,,T2,,,,LR
IN09B048,2,vnc_intrinsic,,BI,glutamate,,,T3,,,,LR
IN09B049,6,vnc_intrinsic,,BI,glutamate,,,T2,,,,LR
IN09B050,4,vnc_intrinsic,,BI,glutamate,,,T2,,,,LR
IN09B052_a,2,vnc_intrinsic,,BR,glutamate,,,T3,,,,LR
IN09B052_b,2,vnc_intrinsic,,BR,glutamate,,,T3,,,,LR
IN09B053,4,vnc_intrinsic,,BI,glutamate,,,T1,,,,LR
IN09B054,5,vnc_intrinsic,,BI,glutamate,,,T2,,,,LR
IN09B055,2,vnc_intrinsic,,,glutamate,,,T2,,,,LR
IN09B058,2,vnc_intrinsic,,,glutamate,,,T2,,,,LR
IN10B001,2,vnc_intrinsic,,BI,acetylcholine,,,T2,,,,LR
IN10B002,2,vnc_intrinsic,,CI,acetylcholine,,,T2,,,,LR
IN10B003,2,vnc_intrinsic,,BI,acetylcholine,,,T2,,,,LR
IN10B004,2,vnc_intrinsic,,BI,acetylcholine,,,T1,,,,LR
IN10B006,2,vnc_intrinsic,,BI,acetylcholine,,,T2,,,,LR
IN10B007,4,ascending_neuron,,CI,acetylcholine,,,T2,,,,LR
IN10B010,2,vnc_intrinsic,,BI,acetylcholine,,,T3,,,,LR
IN10B011,4,vnc_intrinsic,,BI,acetylcholine,,,A1,,,,LR
IN10B012,4,vnc_intrinsic,,BR,acetylcholine,,,T3,,,,LR
IN10B013,2,vnc_intrinsic,,BI,acetylcholine,male-specific,coexpress_high,T2,,,"Yu 2010, von Philipsborn 2014: dMS1; Nojima 2021: Ms1",LR
IN10B014,6,vnc_intrinsic,,CI,acetylcholine,,,T2,,,,LR
IN10B016,2,vnc_intrinsic,,CI,acetylcholine,,,T3,,,,LR
IN10B023,4,vnc_intrinsic,,BI,acetylcholine,,,T2,,,,LR
IN10B028,9,vnc_intrinsic,,BI,acetylcholine,,,T3,,,,LR
IN10B030,7,vnc_intrinsic,,BI,acetylcholine,,,T3,,,,LR
IN10B031,4,vnc_intrinsic,,BI,acetylcholine,,,T3,,,,LR
IN10B032,19,vnc_intrinsic,,BI,acetylcholine,,,T1,,,,LR
IN10B033,6,vnc_intrinsic,,BI,acetylcholine,,,T2,,,,LR
IN10B034,1,vnc_intrinsic,,BI,acetylcholine,,,T1,,,,L
IN10B036,4,vnc_intrinsic,,BI,acetylcholine,,,T2,,,,LR
IN10B038,7,vnc_intrinsic,,BI,acetylcholine,,,T2,,,,LR
IN10B040,5,vnc_intrinsic,,,acetylcholine,,,T1,,,,LR
IN10B041,13,vnc_intrinsic,,,acetylcholine,,,T3,,,,LR
IN10B042,19,vnc_intrinsic,,,acetylcholine,,,T1,,,,LR
IN10B043,4,vnc_intrinsic,,BI,acetylcholine,,,T2,,,,LR
IN10B044,11,vnc_intrinsic,,,acetylcholine,,,T1,,,,LR
IN10B050,10,vnc_intrinsic,,BI,acetylcholine,,,T3,,,,LR
IN10B052,6,vnc_intrinsic,,BI,acetylcholine,,,T3,,,,LR
IN10B054,6,vnc_intrinsic,,,acetylcholine,,,T2,,,,LR
IN10B055,18,vnc_intrinsic,,BI,acetylcholine,,,T1,,,,LR
IN10B057,27,vnc_intrinsic,,,acetylcholine,,,T2,,,,LR
IN10B058,27,vnc_intrinsic,,,acetylcholine,,,T3,,,,LR
IN10B059,13,vnc_intrinsic,,,acetylcholine,,,T3,,,,LR
IN11A001,2,vnc_intrinsic,,BI,gaba,,,T1,,,,LR
IN11A002,4,vnc_intrinsic,,BI,acetylcholine,,,T1,,,,LR
IN11A003,8,vnc_intrinsic,,II,acetylcholine,,,T1,,,,LR
IN11A004,3,vnc_intrinsic,,BI,acetylcholine,,,T1,,,,LR
IN11A005,5,vnc_intrinsic,,,acetylcholine,,,T1,,,,LR
IN11A006,4,vnc_intrinsic,,BI,acetylcholine,,,T1,,,,LR
IN11A007,5,vnc_intrinsic,,BI,acetylcholine,,,T1,,,,LR
IN11A008,7,vnc_intrinsic,,,acetylcholine,,,T1,,,,LR
IN11A009,1,vnc_intrinsic,,,acetylcholine,,,T1,,,,R
IN11A010,4,vnc_intrinsic,,BI,acetylcholine,,,T1,,,,LR
IN11A011,4,vnc_intrinsic,,BI,acetylcholine,,,T1,,,,LR
IN11A012,3,vnc_intrinsic,,BI,acetylcholine,,,T2,,,,LR
IN11A013,2,vnc_intrinsic,,BI,acetylcholine,,,T2,,,,LR
IN11A014,6,vnc_intrinsic,,BI,acetylcholine,,,T1,,,,LR
"IN11A015,IN11A027",4,vnc_intrinsic,,,acetylcholine,,,T2,,,,LR
IN11A016,4,vnc_intrinsic,,BI,acetylcholine,,,T2,,,,LR
IN11A017,3,vnc_intrinsic,,BI,acetylcholine,,,T1,,,,LR
IN11A018,4,vnc_intrinsic,,BI,acetylcholine,,,T1,,,,LR
IN11A019,4,vnc_intrinsic,,,acetylcholine,,,T2,,,,LR
IN11A020,6,vnc_intrinsic,,BI,acetylcholine,,,T1,,,,LR
IN11A021,12,vnc_intrinsic,,BI,acetylcholine,,,T1,,,,LR
IN11A022,6,vnc_intrinsic,,II,acetylcholine,,,T2,,,,LR
IN11A025,6,vnc_intrinsic,,,acetylcholine,,,T2,,,,LR
IN11A026,2,vnc_intrinsic,,BI,acetylcholine,,,T2,,,,LR
IN11A027_a,2,vnc_intrinsic,,BI,acetylcholine,,,T2,,,,LR
IN11A027_b,2,vnc_intrinsic,,BI,acetylcholine,,,T2,,,,LR
IN11A027_c,2,vnc_intrinsic,,,acetylcholine,,,T2,,,,LR
IN11A028,6,vnc_intrinsic,,BI,acetylcholine,,,T2,,,,LR
IN11A030,4,vnc_intrinsic,,BI,acetylcholine,,,T1,,,,LR
IN11A031,4,vnc_intrinsic,,,acetylcholine,,,T2,,,,LR
IN11A032_a,3,vnc_intrinsic,,BI,acetylcholine,,,T2,,,,LR
IN11A032_b,2,vnc_intrinsic,,BI,acetylcholine,,,T2,,,,LR
IN11A032_c,2,vnc_intrinsic,,BI,acetylcholine,,,T2,,,,LR
IN11A032_d,4,vnc_intrinsic,,II,acetylcholine,,,T2,,,,LR
IN11A032_e,3,vnc_intrinsic,,BI,acetylcholine,,,T2,,,,LR
IN11A034,4,vnc_intrinsic,,II,acetylcholine,,,T1,,,,LR
IN11A035,2,vnc_intrinsic,,BI,acetylcholine,potentially sexually dimorphic,,T2,,,,LR
IN11A036,4,vnc_intrinsic,,BI,acetylcholine,,,T1,,,,LR
IN11A037_a,2,vnc_intrinsic,,II,acetylcholine,,,T2,,,,LR
IN11A037_b,2,vnc_intrinsic,,II,acetylcholine,,,T2,,,,LR
IN11A039,2,vnc_intrinsic,,,acetylcholine,,,T1,,,,LR
IN11A040,3,vnc_intrinsic,,BI,acetylcholine,,,T2,,,,LR
IN11A041,2,vnc_intrinsic,,BI,acetylcholine,,,T2,,,,LR
IN11A042,2,vnc_intrinsic,,,acetylcholine,,,T2,,,,LR
IN11A043,5,vnc_intrinsic,,BI,acetylcholine,,,T2,,,,LR
IN11A044,4,vnc_intrinsic,,BI,acetylcholine,,,T1,,,,LR
IN11A046,2,vnc_intrinsic,,BI,acetylcholine,,,T3,,,,LR
IN11A047,2,vnc_intrinsic,,BI,acetylcholine,,,T3,,,,LR
IN11A048,2,vnc_intrinsic,,BI,acetylcholine,,,T1,,,,LR
IN11A049,2,vnc_intrinsic,,BI,acetylcholine,,,T1,,,,LR
IN11B001,6,vnc_intrinsic,,BI,acetylcholine,,,T2,,,,LR
IN11B002,2,vnc_intrinsic,,BI,gaba,,,T1,,,,LR
IN11B003,4,vnc_intrinsic,,BI,acetylcholine,,,T2,,,,LR
IN11B004,2,vnc_intrinsic,,BI,gaba,,,T2,,,,LR
IN11B005,2,vnc_intrinsic,,II,gaba,,,T2,,,,LR
IN11B009,4,vnc_intrinsic,,BI,gaba,,,T1,,,,LR
IN11B011,2,vnc_intrinsic,,II,gaba,,,T1,,,,LR
IN11B012,2,vnc_intrinsic,,II,gaba,,,T2,,,,LR
IN11B013,10,vnc_intrinsic,,,gaba,,,T2,,,,LR
IN11B014,9,vnc_intrinsic,,,gaba,,,T2,,,,LR
IN11B015,8,vnc_intrinsic,,BI,gaba,,,T2,,,,LR
IN11B016_a,2,vnc_intrinsic,,,gaba,,,T2,,,,LR
IN11B016_b,4,vnc_intrinsic,,,gaba,,,T2,,,,LR
IN11B016_c,3,vnc_intrinsic,,,gaba,,,T2,,,,LR
IN11B017_a,4,vnc_intrinsic,,,gaba,,,T2,,,,LR
IN11B017_b,12,vnc_intrinsic,,,gaba,,,T2,,,,LR
IN11B018,11,vnc_intrinsic,,II,gaba,,,T2,,,,LR
IN11B019,8,vnc_intrinsic,,II,gaba,,,T2,,,,LR
IN11B020,10,vnc_intrinsic,,II,gaba,,,T2,,,,LR
IN11B021_a,3,vnc_intrinsic,,II,gaba,,,T2,,,,LR
IN11B021_b,5,vnc_intrinsic,,,gaba,,,T2,,,,LR
IN11B021_c,4,vnc_intrinsic,,,gaba,,,T2,,,,LR
IN11B021_d,2,vnc_intrinsic,,IR,gaba,,,T2,,,,LR
IN11B021_e,4,vnc_intrinsic,,,gaba,,,T2,,,,LR
IN11B022_a,4,vnc_intrinsic,,,gaba,,,T2,,,,LR
IN11B022_b,2,vnc_intrinsic,,,gaba,,,T2,,,,LR
IN11B022_c,8,vnc_intrinsic,,,gaba,,,T2,,,,LR
IN11B022_d,2,vnc_intrinsic,,,gaba,,,T2,,,,LR
IN11B022_e,2,vnc_intrinsic,,,gaba,,,T2,,,,LR
IN11B023,10,vnc_intrinsic,,II,gaba,,,T2,,,,LR
IN11B024_a,2,vnc_intrinsic,,BR,gaba,,,T2,,,,LR
IN11B024_b,4,vnc_intrinsic,,BI,gaba,,,T2,,,,LR
IN11B024_c,4,vnc_intrinsic,,BI,gaba,,,T2,,,,LR
IN11B025,8,vnc_intrinsic,,II,gaba,,,T2,,,,LR
IN12A001,4,vnc_intrinsic,,BI,acetylcholine,,,T1,,,,LR
IN12A002,4,vnc_intrinsic,,II,acetylcholine,sexually dimorphic,,T1,,,,LR
IN12A003,4,vnc_intrinsic,,II,acetylcholine,,,T1,,,,LR
IN12A004,2,vnc_intrinsic,,II,acetylcholine,,,T2,,,,LR
IN12A005,2,vnc_intrinsic,,II,acetylcholine,,,T2,,,,LR
IN12A006,2,vnc_intrinsic,,BI,acetylcholine,,,T2,,,,LR
IN12A007,2,vnc_intrinsic,,II,acetylcholine,,,T2,,,,LR
IN12A008,2,vnc_intrinsic,,BI,acetylcholine,,,T1,,,,LR
IN12A009,2,vnc_intrinsic,,BI,acetylcholine,,,A1,,,,LR
IN12A010,2,vnc_intrinsic,,II,acetylcholine,,,A1,,,,LR
IN12A011,4,vnc_intrinsic,,II,acetylcholine,,,T1,,,,LR
IN12A012,2,vnc_intrinsic,,II,gaba,,,T2,,,,LR
IN12A013,2,vnc_intrinsic,,BI,acetylcholine,,,T1,,,,LR
IN12A015,4,vnc_intrinsic,,BI,acetylcholine,,,T2,,,,LR
IN12A016,2,vnc_intrinsic,,BI,acetylcholine,,fru_high,T1,,,Cachero 2010: vPr-k,LR
IN12A018,4,vnc_intrinsic,,II,acetylcholine,,,T1,,,,LR
IN12A019_a,2,vnc_intrinsic,,BI,acetylcholine,,fru_high,T1,,,Cachero 2010: vPr-k,LR
IN12A019_b,2,vnc_intrinsic,,BI,acetylcholine,,fru_high,T1,,,Cachero 2010: vPr-k,LR
IN12A019_c,2,vnc_intrinsic,,BI,acetylcholine,,fru_high,T1,,,Cachero 2010: vPr-k,LR
IN12A021_a,2,vnc_intrinsic,,BI,acetylcholine,,fru_high,T1,,,Cachero 2010: vPr-k,LR
IN12A021_b,2,vnc_intrinsic,,BI,acetylcholine,,fru_high,T1,,,Cachero 2010: vPr-k,LR
IN12A021_c,2,vnc_intrinsic,,BI,acetylcholine,,fru_high,T1,,,,LR
IN12A024,2,vnc_intrinsic,,BI,acetylcholine,,,A1,,,,LR
IN12A025,4,vnc_intrinsic,,II,acetylcholine,,,A3,,,,LR
IN12A026,2,vnc_intrinsic,,BI,acetylcholine,,,A1,,,,LR
IN12A027,6,vnc_intrinsic,,BI,acetylcholine,,fru_high,T1,,,Cachero 2010: vPr-k,LR
IN12A029_a,2,vnc_intrinsic,,BI,acetylcholine,,fru_high,T1,,,Cachero 2010: vPr-k,LR
IN12A029_b,2,vnc_intrinsic,,BI,acetylcholine,,fru_high,T1,,,Cachero 2010: vPr-k,LR
IN12A030,5,vnc_intrinsic,,BI,acetylcholine,male-specific,coexpress_high;fru_high,T1,,,,LR
IN12A031,2,vnc_intrinsic,,BI,acetylcholine,,fru_high,T1,,,Cachero 2010: vPr-k,LR
IN12A034,2,vnc_intrinsic,,II,acetylcholine,,,T2,,,,LR
IN12A035,6,vnc_intrinsic,,BI,acetylcholine,,,T1,,,,LR
IN12A036,8,vnc_intrinsic,,,acetylcholine,,,T1,,,,LR
IN12A037,4,vnc_intrinsic,,BI,acetylcholine,potentially male-specific,fru_high,T1,,,,LR
IN12A039,4,vnc_intrinsic,,BI,acetylcholine,,,A1,,,,LR
IN12A041,4,vnc_intrinsic,,BI,acetylcholine,potentially male-specific,fru_high,T1,,,Cachero 2010: vPr-k,LR
IN12A042,8,vnc_intrinsic,,BI,acetylcholine,,fru_high,T1,,,Cachero 2010: vPr-k,LR
IN12A043_a,2,vnc_intrinsic,,BI,acetylcholine,,,T1,,,,LR
IN12A043_b,2,vnc_intrinsic,,BI,acetylcholine,,,T1,,,,LR
IN12A043_c,2,vnc_intrinsic,,BI,acetylcholine,,,T1,,,,LR
IN12A043_d,4,vnc_intrinsic,,,acetylcholine,,,T1,,,,LR
IN12A044,10,vnc_intrinsic,,BI,acetylcholine,,,T2,,,,LR
IN12A046_a,2,vnc_intrinsic,,BI,acetylcholine,,,T1,,,,LR
IN12A046_b,2,vnc_intrinsic,,BI,acetylcholine,,,T1,,,,LR
IN12A048,2,vnc_intrinsic,,IR,acetylcholine,,,A1,,,,LR
IN12A050_a,2,vnc_intrinsic,,II,acetylcholine,,,T1,,,,LR
IN12A050_b,4,vnc_intrinsic,,II,acetylcholine,,,T1,,,,LR
IN12A052_a,2,vnc_intrinsic,,BI,acetylcholine,,,T2,,,,LR
IN12A052_b,6,vnc_intrinsic,,,acetylcholine,,,T2,,,,LR
IN12A053_a,3,vnc_intrinsic,,BI,acetylcholine,,,T1,,,,LR
IN12A053_b,2,vnc_intrinsic,,BI,acetylcholine,,,T1,,,,LR
IN12A053_c,4,vnc_intrinsic,,BI,acetylcholine,,,T1,,,,LR
IN12A054,11,vnc_intrinsic,,II,acetylcholine,,,T2,,,,LR
IN12A055,2,vnc_intrinsic,,BI,acetylcholine,,,T1,,,,LR
IN12A056,3,vnc_intrinsic,,BI,acetylcholine,,fru_high,T1,,,Cachero 2010: vPr-k,LR
IN12A057_a,4,vnc_intrinsic,,BI,acetylcholine,,,T2,,,,LR
IN12A057_b,2,vnc_intrinsic,,BI,acetylcholine,,,T2,,,,LR
IN12A058,4,vnc_intrinsic,,BI,acetylcholine,,,T1,,,,LR
IN12A059_a,2,vnc_intrinsic,,BI,acetylcholine,,,T2,,,,LR
IN12A059_b,2,vnc_intrinsic,,BI,acetylcholine,,,T2,,,,LR
IN12A059_c,2,vnc_intrinsic,,BI,acetylcholine,,,T2,,,,LR
IN12A059_d,2,vnc_intrinsic,,BI,acetylcholine,,,T2,,,,LR
IN12A059_e,4,vnc_intrinsic,,,acetylcholine,,,T2,,,,LR
IN12A059_f,2,vnc_intrinsic,,BI,acetylcholine,,,T2,,,,LR
IN12A059_g,2,vnc_intrinsic,,BI,acetylcholine,,,T2,,,,LR
IN12A060_a,2,vnc_intrinsic,,II,acetylcholine,,,T2,,,,L
IN12A060_b,2,vnc_intrinsic,,II,acetylcholine,,,T2,,,,R
IN12A061_a,3,vnc_intrinsic,,II,acetylcholine,,,T2,,,,LR
IN12A061_c,4,vnc_intrinsic,,,acetylcholine,,,T2,,,,LR
IN12A061_d,3,vnc_intrinsic,,II,acetylcholine,,,T2,,,,LR
IN12A062,6,vnc_intrinsic,,BI,acetylcholine,,,T1,,,,LR
IN12A063_a,4,vnc_intrinsic,,BR,acetylcholine,,,T2,,,,LR
IN12A063_b,6,vnc_intrinsic,,,acetylcholine,,,T2,,,,LR
IN12A063_c,4,vnc_intrinsic,,,acetylcholine,,,T2,,,,LR
IN12A063_d,2,vnc_intrinsic,,BI,acetylcholine,,,T2,,,,LR
IN12A063_e,2,vnc_intrinsic,,BI,acetylcholine,,,T2,,,,LR
IN12A064,7,vnc_intrinsic,,BI,acetylcholine,,fru_high,T1,,,Cachero 2010: vPr-k,LR
IN12B002,6,vnc_intrinsic,,BI,gaba,,,T1,,,,LR
IN12B003,6,vnc_intrinsic,,BR,gaba,,,T3,,,,LR
IN12B004,2,vnc_intrinsic,,BI,gaba,,,T1,,,,LR
IN12B005,4,vnc_intrinsic,,BI,gaba,,,T2,,,,LR
IN12B007,6,vnc_intrinsic,,CR,gaba,,,T3,,,,LR
IN12B009,2,vnc_intrinsic,,BI,gaba,,,T3,,,,LR
IN12B010,2,vnc_intrinsic,,BI,gaba,,,T3,,,,LR
IN12B011,4,vnc_intrinsic,,BR,gaba,,,T2,,,,LR
IN12B012,6,vnc_intrinsic,,BR,gaba,,,T2,,,,LR
IN12B013,4,vnc_intrinsic,,BI,gaba,,,T2,,,,LR
IN12B014,4,vnc_intrinsic,,BI,gaba,,,T2,,,,LR
IN12B015,2,vnc_intrinsic,,BI,gaba,,,T1,,,,LR
IN12B016,2,vnc_intrinsic,,BI,gaba,,,T2,,,,LR
IN12B018,6,vnc_intrinsic,,BI,gaba,,,T1,,,,LR
IN12B020,8,vnc_intrinsic,,BR,gaba,,,T1,,,,LR
IN12B021,1,vnc_intrinsic,,BR,gaba,,,T1,,,,R
IN12B022,6,vnc_intrinsic,,CR,gaba,,,T2,,,,LR
IN12B023,8,vnc_intrinsic,,BR,gaba,,,T3,,,,LR
IN12B024_a,6,vnc_intrinsic,,BR,gaba,,,T2,,,,LR
IN12B024_b,6,vnc_intrinsic,,BR,gaba,,,T2,,,,LR
IN12B024_c,6,vnc_intrinsic,,BR,gaba,,,T2,,,,LR
IN12B025,12,vnc_intrinsic,,,gaba,,,T1,,,,LR
IN12B026,6,vnc_intrinsic,,CR,gaba,,,T2,,,,LR
IN12B027,11,vnc_intrinsic,,BR,gaba,,,T3,,,,LR
IN12B028,4,vnc_intrinsic,,BI,gaba,,,T1,,,,LR
IN12B029,5,vnc_intrinsic,,BR,gaba,,,T2,,,,LR
IN12B030,12,vnc_intrinsic,,CR,gaba,,,T3,,,,LR
IN12B031,7,vnc_intrinsic,,,gaba,,,T2,,,,LR
IN12B032,4,vnc_intrinsic,,,gaba,,,T3,,,,LR
IN12B033,5,vnc_intrinsic,,CR,gaba,,,T2,,,,LR
IN12B034,10,vnc_intrinsic,,CR,gaba,,,T2,,,,LR
IN12B035,8,vnc_intrinsic,,BR,gaba,,,T1,,,,LR
IN12B036,14,vnc_intrinsic,,CR,gaba,,,T3,,,,LR
IN12B037_a,2,vnc_intrinsic,,CR,gaba,,,T2,,,,LR
IN12B037_b,2,vnc_intrinsic,,CR,gaba,,,T2,,,,LR
IN12B037_c,2,vnc_intrinsic,,CR,gaba,,,T3,,,,LR
IN12B037_d,2,vnc_intrinsic,,CR,gaba,,,T1,,,,LR
IN12B037_e,2,vnc_intrinsic,,CR,gaba,,,T1,,,,LR
IN12B037_f,2,vnc_intrinsic,,CR,gaba,,,T3,,,,LR
IN12B038,8,vnc_intrinsic,,BR,gaba,,,T3,,,,LR
IN12B039,7,vnc_intrinsic,,CR,gaba,,,T2,,,,LR
IN12B040,5,vnc_intrinsic,,BR,gaba,,,T2,,,,LR
IN12B041,4,vnc_intrinsic,,CR,gaba,,,T3,,,,LR
IN12B042,4,vnc_intrinsic,,CI,gaba,,,T3,,,,LR
IN12B043,6,vnc_intrinsic,,CR,gaba,,,T1,,,,LR
IN12B044_a,2,vnc_intrinsic,,BI,gaba,,,T2,,,,LR
IN12B044_b,2,vnc_intrinsic,,BI,gaba,,,T2,,,,LR
IN12B044_c,2,vnc_intrinsic,,BI,gaba,,,T2,,,,LR
IN12B044_d,2,vnc_intrinsic,,,gaba,,,T2,,,,R
IN12B044_e,6,vnc_intrinsic,,,gaba,,,T2,,,,LR
IN12B045,4,vnc_intrinsic,,,gaba,,,T2,,,,LR
IN12B046,2,vnc_intrinsic,,,gaba,,,T2,,,,LR
IN12B047,4,vnc_intrinsic,,BR,gaba,,,T1,,,,LR
IN12B048,11,vnc_intrinsic,,BI,gaba,,,T3,,,,LR
IN12B049,5,vnc_intrinsic,,CR,gaba,,,T3,,,,LR
IN12B050,2,vnc_intrinsic,,,gaba,,,T2,,,,LR
IN12B051,4,vnc_intrinsic,,BI,gaba,,,T3,,,,LR
IN12B052,8,vnc_intrinsic,,CR,gaba,,,T2,,,,LR
IN12B053,8,vnc_intrinsic,,CR,gaba,,,T2,,,,LR
IN12B054,6,vnc_intrinsic,,BI,gaba,,,T3,,,,LR
IN12B056,10,vnc_intrinsic,,CR,gaba,,,T3,,,,LR
IN12B057,4,vnc_intrinsic,,BR,gaba,,,T3,,,,LR
IN12B058,8,vnc_intrinsic,,,gaba,,,T1,,,,LR
IN12B059,10,vnc_intrinsic,,CR,gaba,,,T2,,,,LR
IN12B060,2,vnc_intrinsic,,BI,gaba,,,T1,,,,LR
IN12B061,3,vnc_intrinsic,,BI,gaba,,,T2,,,,LR
IN12B062,4,vnc_intrinsic,,CR,gaba,,,T1,,,,LR
IN12B063_a,2,vnc_intrinsic,,BI,gaba,,,T2,,,,LR
IN12B063_b,2,vnc_intrinsic,,BI,gaba,,,T2,,,,LR
IN12B063_c,6,vnc_intrinsic,,BI,gaba,,,T2,,,,LR
IN12B064,2,vnc_intrinsic,,BI,gaba,,,T2,,,,LR
IN12B065,7,vnc_intrinsic,,CR,gaba,,,T1,,,,LR
IN12B066_a,2,vnc_intrinsic,,BI,gaba,,,T1,,,,LR
IN12B066_b,2,vnc_intrinsic,,BI,gaba,,,T1,,,,LR
IN12B066_c,3,vnc_intrinsic,,BR,gaba,,,T3,,,,LR
IN12B066_d,2,vnc_intrinsic,,BR,gaba,,,T3,,,,LR
IN12B066_e,2,vnc_intrinsic,,BI,gaba,,,T2,,,,LR
IN12B066_f,2,vnc_intrinsic,,,gaba,,,T2,,,,LR
IN12B066_g,1,vnc_intrinsic,,,gaba,,,T2,,,,L
IN12B068_a,6,vnc_intrinsic,,BR,gaba,,,T3,,,,LR
IN12B068_b,3,vnc_intrinsic,,BR,gaba,,,T3,,,,LR
IN12B068_c,1,vnc_intrinsic,,,gaba,,,T3,,,,L
IN12B069,6,vnc_intrinsic,,BI,gaba,,,T1,,,,LR
IN12B070,2,vnc_intrinsic,,BI,gaba,,,T1,,,,LR
IN12B071,8,vnc_intrinsic,,BR,gaba,,,T3,,,,LR
IN12B072,14,vnc_intrinsic,,BR,gaba,,,T1,,,,LR
IN12B073,4,vnc_intrinsic,,,gaba,,,T2,,,,LR
IN12B074,7,vnc_intrinsic,,CR,gaba,,,T2,,,,LR
IN12B075,8,vnc_intrinsic,,BI,gaba,,,T2,,,,LR
IN12B077,4,vnc_intrinsic,,CR,gaba,,,T3,,,,LR
IN12B078,4,vnc_intrinsic,,CR,gaba,,,T2,,,,LR
IN12B079_a,2,vnc_intrinsic,,CI,gaba,,,T3,,,,LR
IN12B079_b,2,vnc_intrinsic,,CI,gaba,,,T3,,,,LR
IN12B079_c,6,vnc_intrinsic,,,gaba,,,T2,,,,LR
IN12B079_d,2,vnc_intrinsic,,BI,gaba,,,T2,,,,LR
IN12B081,8,vnc_intrinsic,,BR,gaba,,,T1,,,,LR
IN12B082,2,vnc_intrinsic,,BR,gaba,,,T3,,,,LR
IN12B083,2,vnc_intrinsic,,BI,gaba,,,T1,,,,LR
IN12B084,3,vnc_intrinsic,,CR,gaba,,,T1,,,,LR
IN12B085,2,vnc_intrinsic,,BR,gaba,,,T3,,,,LR
IN12B086,6,vnc_intrinsic,,BI,gaba,,,T1,,,,LR
IN12B087,4,vnc_intrinsic,,BR,gaba,,,T3,,,,LR
IN12B088,6,vnc_intrinsic,,BI,gaba,,,T2,,,,LR
IN12B090,2,vnc_intrinsic,,BI,gaba,,,T1,,,,LR
IN12B091,2,vnc_intrinsic,,CR,gaba,,,T2,,,,LR
IN12B092,2,vnc_intrinsic,,CR,gaba,,,T1,,,,LR
IN13A001,6,vnc_intrinsic,,IR,gaba,,,T3,,,,LR
IN13A002,6,vnc_intrinsic,,IR,gaba,,,T3,,,,LR
IN13A003,6,vnc_intrinsic,,IR,gaba,,,T2,,,,LR
IN13A004,4,vnc_intrinsic,,II,gaba,,,T2,,,,LR
IN13A005,6,vnc_intrinsic,,IR,gaba,,,T3,,,,LR
IN13A006,6,vnc_intrinsic,,IR,gaba,,,T3,,,,LR
IN13A007,6,vnc_intrinsic,,IR,gaba,,,T3,,,,LR
IN13A008,6,vnc_intrinsic,,IR,gaba,,,T2,,,,LR
IN13A009,6,vnc_intrinsic,,IR,gaba,,,T3,,,,LR
IN13A010,6,vnc_intrinsic,,IR,gaba,,,T2,,,,LR
IN13A011,2,vnc_intrinsic,,BI,gaba,,,T1,,,,LR
IN13A012,6,vnc_intrinsic,,IR,gaba,,,T2,,,,LR
IN13A013,4,vnc_intrinsic,,BI,gaba,,,T2,,,,LR
IN13A014,6,vnc_intrinsic,,IR,gaba,,,T3,,,,LR
IN13A015,5,vnc_intrinsic,,IR,gaba,,,T2,,,,LR
IN13A017,2,vnc_intrinsic,,IR,gaba,,,T2,,,,LR
IN13A018,6,vnc_intrinsic,,IR,gaba,,,T1,,,,LR
IN13A019,6,vnc_intrinsic,,IR,gaba,,,T1,,,,LR
IN13A020,8,vnc_intrinsic,,IR,gaba,,,T2,,,,LR
IN13A021,6,vnc_intrinsic,,IR,gaba,,,T3,,,,LR
IN13A022,8,vnc_intrinsic,,II,gaba,,,T2,,,,LR
IN13A023,4,vnc_intrinsic,,IR,gaba,,,T2,,,,LR
IN13A024,6,vnc_intrinsic,,IR,gaba,,,T2,,,,LR
IN13A025,4,vnc_intrinsic,,IR,gaba,,,T2,,,,LR
IN13A026,2,vnc_intrinsic,,IR,gaba,,,T3,,,,LR
IN13A027,4,vnc_intrinsic,,IR,gaba,,,T1,,,,LR
IN13A028,7,vnc_intrinsic,,,gaba,,,T3,,,,LR
IN13A029,9,vnc_intrinsic,,IR,gaba,,,T3,,,,LR
IN13A030,9,vnc_intrinsic,,IR,gaba,,,T3,,,,LR
IN13A031,2,vnc_intrinsic,,IR,gaba,,,T3,,,,LR
IN13A032,4,vnc_intrinsic,,BI,gaba,,,T2,,,,LR
IN13A033,2,vnc_intrinsic,,IR,gaba,,,T2,,,,LR
IN13A034,8,vnc_intrinsic,,IR,gaba,,,T2,,,,LR
IN13A035,10,vnc_intrinsic,,,gaba,,,T1,,,,LR
IN13A036,7,vnc_intrinsic,,,gaba,,,T2,,,,LR
IN13A037,4,vnc_intrinsic,,IR,gaba,,,T1,,,,LR
IN13A038,13,vnc_intrinsic,,IR,gaba,,,T1,,,,LR
IN13A039,2,vnc_intrinsic,,IR,gaba,,,T2,,,,LR
IN13A040,8,vnc_intrinsic,,IR,gaba,,,T3,,,,LR
IN13A041,7,vnc_intrinsic,,IR,gaba,,,T1,,,,LR
IN13A042,6,vnc_intrinsic,,IR,gaba,,,T3,,,,LR
IN13A043,5,vnc_intrinsic,,IR,gaba,,,T1,,,,LR
IN13A044,6,vnc_intrinsic,,IR,gaba,,,T2,,,,LR
IN13A045,16,vnc_intrinsic,,IR,gaba,,,T3,,,,LR
IN13A046,7,vnc_intrinsic,,IR,gaba,,,T3,,,,LR
IN13A047,9,vnc_intrinsic,,IR,gaba,,,T1,,,,LR
IN13A049,8,vnc_intrinsic,,IR,gaba,,,T1,,,,LR
IN13A050,14,vnc_intrinsic,,IR,gaba,,,T3,,,,LR
IN13A051,12,vnc_intrinsic,,IR,gaba,,,T1,,,,LR
IN13A052,4,vnc_intrinsic,,IR,gaba,,,T2,,,,LR
IN13A053,4,vnc_intrinsic,,,gaba,,,T3,,,,LR
IN13A054,6,vnc_intrinsic,,IR,gaba,,,T2,,,,LR
IN13A055,8,vnc_intrinsic,,IR,gaba,,,T3,,,,LR
IN13A056,2,vnc_intrinsic,,IR,gaba,,,T1,,,,LR
IN13A057,10,vnc_intrinsic,,,gaba,,,T2,,,,LR
IN13A058,4,vnc_intrinsic,,IR,gaba,,,T1,,,,LR
IN13A059,13,vnc_intrinsic,,IR,gaba,,,T3,,,,LR
IN13A060,7,vnc_intrinsic,,IR,gaba,,,T1,,,,LR
IN13A061,6,vnc_intrinsic,,,gaba,,,T1,,,,LR
IN13A062,12,vnc_intrinsic,,IR,gaba,,,T2,,,,LR
IN13A063,3,vnc_intrinsic,,IR,gaba,,,T1,,,,LR
IN13A064,2,vnc_intrinsic,,IR,gaba,,,T2,,,,LR
IN13A065,2,vnc_intrinsic,,IR,gaba,,,T2,,,,LR
IN13A067,5,vnc_intrinsic,,IR,gaba,,,T3,,,,LR
IN13A068,13,vnc_intrinsic,,IR,gaba,,,T3,,,,LR
IN13A069,3,vnc_intrinsic,,IR,gaba,,,T3,,,,LR
IN13A071,4,vnc_intrinsic,,,gaba,,,T1,,,,LR
IN13A072,4,vnc_intrinsic,,IR,gaba,,,T2,,,,LR
IN13A073,1,vnc_intrinsic,,IR,unclear,,,T3,,,,L
IN13A074,2,vnc_intrinsic,,IR,gaba,,,T3,,,,LR
IN13A075,5,vnc_intrinsic,,,gaba,,,T2,,,,LR
IN13B001,6,vnc_intrinsic,,CR,gaba,,,T1,,,,LR
IN13B004,6,vnc_intrinsic,,CR,gaba,,,T1,,,,LR
IN13B005,6,vnc_intrinsic,,CR,gaba,,,T2,,,,LR
IN13B006,6,vnc_intrinsic,,CR,gaba,,,T2,,,,LR
IN13B007,2,vnc_intrinsic,,CR,gaba,,,T3,,,,LR
IN13B008,2,vnc_intrinsic,,CI,gaba,,,T2,,,,LR
IN13B009,6,vnc_intrinsic,,BR,gaba,,,T3,,,,LR
IN13B010,5,vnc_intrinsic,,CR,gaba,,,T2,,,,LR
IN13B011,6,vnc_intrinsic,,CR,gaba,,,T2,,,,LR
IN13B012,6,vnc_intrinsic,,CR,gaba,,,T3,,,,LR
IN13B013,6,vnc_intrinsic,,CR,gaba,,,T3,,,,LR
IN13B014,6,vnc_intrinsic,,CR,gaba,,,T2,,,,LR
IN13B015,2,vnc_intrinsic,,BR,gaba,,,T1,,,,LR
IN13B017,6,vnc_intrinsic,,CR,gaba,,,T2,,,,LR
IN13B018,6,vnc_intrinsic,,CR,gaba,,,T3,,,,LR
IN13B019,6,vnc_intrinsic,,CR,gaba,,,T1,,,,LR
IN13B020,2,vnc_intrinsic,,CR,gaba,,,T3,,,,LR
IN13B021,6,vnc_intrinsic,,BR,gaba,,,T3,,,,LR
IN13B022,11,vnc_intrinsic,,CR,gaba,,,T2,,,,LR
IN13B023,6,vnc_intrinsic,,CR,gaba,,,T1,,,,LR
IN13B024,2,vnc_intrinsic,,CR,gaba,,,T2,,,,LR
IN13B025,7,vnc_intrinsic,,CR,gaba,,,T1,,,,LR
IN13B026,9,vnc_intrinsic,,CR,gaba,,,T3,,,,LR
IN13B027,7,vnc_intrinsic,,CR,gaba,,,T3,,,,LR
IN13B028,5,vnc_intrinsic,,CR,gaba,,,T1,,,,LR
IN13B029,6,vnc_intrinsic,,CR,gaba,,,T3,,,,LR
IN13B030,4,vnc_intrinsic,,CR,gaba,,,T2,,,,LR
IN13B031,3,vnc_intrinsic,,CR,gaba,,,T3,,,,LR
IN13B032,7,vnc_intrinsic,,CR,gaba,,,T2,,,,LR
IN13B033,8,vnc_intrinsic,,CR,gaba,,,T2,,,,LR
IN13B034,4,vnc_intrinsic,,CR,gaba,,,T3,,,,LR
IN13B035,8,vnc_intrinsic,,CR,gaba,,,T1,,,,LR
IN13B036,6,vnc_intrinsic,,CR,gaba,,,T1,,,,LR
IN13B037,4,vnc_intrinsic,,CR,gaba,,,T3,,,,LR
IN13B038,2,vnc_intrinsic,,CR,gaba,,,T2,,,,LR
IN13B039,2,vnc_intrinsic,,CR,gaba,,,T2,,,,LR
IN13B040,2,vnc_intrinsic,,CR,gaba,,,T1,,,,LR
IN13B041,2,vnc_intrinsic,,CR,gaba,,,T3,,,,LR
IN13B042,5,vnc_intrinsic,,,gaba,,,T2,,,,LR
IN13B043,2,vnc_intrinsic,,BR,gaba,,,T3,,,,LR
IN13B044,9,vnc_intrinsic,,CR,gaba,,,T3,,,,LR
IN13B045,7,vnc_intrinsic,,CR,gaba,,,T2,,,,LR
IN13B046,4,vnc_intrinsic,,CR,gaba,,,T3,,,,LR
IN13B048,2,vnc_intrinsic,,CR,gaba,,,T3,,,,LR
IN13B049,2,vnc_intrinsic,,CR,gaba,,,T2,,,,LR
IN13B050,8,vnc_intrinsic,,CR,gaba,,,T2,,,,LR
IN13B051,2,vnc_intrinsic,,CR,gaba,,,T2,,,,LR
IN13B052,5,vnc_intrinsic,,CR,gaba,,,T1,,,,LR
IN13B053,2,vnc_intrinsic,,CR,gaba,,,T3,,,,LR
IN13B054,6,vnc_intrinsic,,CR,gaba,,,T3,,,,LR
IN13B055,5,vnc_intrinsic,,CR,gaba,,,T1,,,,LR
IN13B056,10,vnc_intrinsic,,CR,gaba,,,T3,,,,LR
IN13B057,6,vnc_intrinsic,,CR,gaba,,,T2,,,,LR
IN13B058,10,vnc_intrinsic,,CR,gaba,,,T2,,,,LR
IN13B059,2,vnc_intrinsic,,CR,gaba,,,T1,,,,LR
IN13B060,4,vnc_intrinsic,,CR,gaba,,,T2,,,,LR
IN13B061,2,vnc_intrinsic,,CR,gaba,,,T3,,,,LR
IN13B062,3,vnc_intrinsic,,CR,gaba,,,T3,,,,LR
IN13B063,2,vnc_intrinsic,,CR,gaba,,,T2,,,,LR
IN13B064,6,vnc_intrinsic,,CR,gaba,,,T3,,,,LR
IN13B065,8,vnc_intrinsic,,CR,gaba,,,T1,,,,LR
IN13B066,2,vnc_intrinsic,,CR,gaba,,,T1,,,,LR
IN13B067,2,vnc_intrinsic,,CR,gaba,,,T2,,,,LR
IN13B068,2,vnc_intrinsic,,CR,gaba,,,T1,,,,LR
IN13B069,3,vnc_intrinsic,,CR,gaba,,,T1,,,,LR
IN13B070,6,vnc_intrinsic,,CR,gaba,,,T2,,,,LR
IN13B071,1,vnc_intrinsic,,CR,gaba,,,T2,,,,L
IN13B072,2,vnc_intrinsic,,CR,gaba,,,T1,,,,LR
IN13B073,2,vnc_intrinsic,,CR,gaba,,,T2,,,,LR
IN13B074,6,vnc_intrinsic,,CR,gaba,,,T3,,,,LR
IN13B075,2,vnc_intrinsic,,CR,gaba,,,T1,,,,LR
IN13B076,6,vnc_intrinsic,,CR,gaba,,,T2,,,,LR
IN13B077,2,vnc_intrinsic,,CR,gaba,,,T3,,,,LR
IN13B078,11,vnc_intrinsic,,CR,gaba,,,T1,,,,LR
IN13B079,10,vnc_intrinsic,,CR,gaba,,,T1,,,,LR
IN13B080,4,vnc_intrinsic,,CR,gaba,,,T2,,,,LR
IN13B081,2,vnc_intrinsic,,CR,gaba,,,T1,,,,LR
IN13B082,2,vnc_intrinsic,,CR,gaba,,,T2,,,,LR
IN13B084,2,vnc_intrinsic,,CR,gaba,,,T2,,,,LR
IN13B085,2,vnc_intrinsic,,CR,gaba,,,T3,,,,LR
IN13B087,8,vnc_intrinsic,,CR,gaba,,,T1,,,,LR
IN13B088,4,vnc_intrinsic,,CR,gaba,,,T2,,,,LR
IN13B089,2,vnc_intrinsic,,CR,gaba,,,T3,,,,LR
IN13B090,12,vnc_intrinsic,,CR,gaba,,,T3,,,,LR
IN13B091,1,vnc_intrinsic,,CR,gaba,,,T1,,,,R
IN13B093,7,vnc_intrinsic,,CR,gaba,,,T1,,,,LR
IN13B094,1,vnc_intrinsic,,CR,gaba,,,T2,,,,L
IN13B096_a,4,vnc_intrinsic,,CR,gaba,,,T1,,,,LR
IN13B096_b,2,vnc_intrinsic,,CR,gaba,,,T1,,,,LR
IN13B097,6,vnc_intrinsic,,CR,gaba,,,T2,,,,LR
IN13B098,5,vnc_intrinsic,,CR,gaba,,,T2,,,,LR
IN13B099,2,vnc_intrinsic,,CR,gaba,,,T3,,,,LR
IN13B100,1,vnc_intrinsic,,CR,gaba,,,T3,,,,R
IN13B102,2,vnc_intrinsic,,CR,gaba,,,T2,,,,LR
IN13B103,2,vnc_intrinsic,,BI,gaba,,,A1,,,,LR
IN13B104,2,vnc_intrinsic,,BI,gaba,,,A1,,,,LR
IN13B105,1,vnc_intrinsic,,,gaba,,,T3,,,,R
IN14A001,6,vnc_intrinsic,,CR,gaba,,,T2,,,,LR
IN14A002,6,vnc_intrinsic,,CR,glutamate,,,T3,,,,LR
IN14A004,6,vnc_intrinsic,,CR,glutamate,,,T2,,,,LR
IN14A005,6,vnc_intrinsic,,CR,glutamate,,,T2,,,,LR
IN14A006,6,vnc_intrinsic,,BR,glutamate,male-specific,coexpress_high,T2,,,,LR
IN14A007,6,vnc_intrinsic,,BR,glutamate,,,T3,,,,LR
IN14A008,6,vnc_intrinsic,,CR,glutamate,,,T2,,,,LR
IN14A009,6,vnc_intrinsic,,CR,glutamate,,,T2,,,,LR
IN14A010,6,vnc_intrinsic,,CR,glutamate,,,T2,,,,LR
IN14A011,6,vnc_intrinsic,,CR,glutamate,,,T2,,,,LR
IN14A012,6,vnc_intrinsic,,BR,glutamate,,,T2,,,,LR
IN14A013,6,vnc_intrinsic,,CR,glutamate,,,T3,,,,LR
IN14A014,6,vnc_intrinsic,,CR,glutamate,,,T3,,,,LR
IN14A015,12,vnc_intrinsic,,CR,glutamate,,,T3,,,,LR
IN14A016,2,vnc_intrinsic,,CI,glutamate,,,A1,,,,LR
IN14A017,7,vnc_intrinsic,,CR,glutamate,,,T2,,,,LR
IN14A018,7,vnc_intrinsic,,,glutamate,,,T3,,,,LR
IN14A020,11,vnc_intrinsic,,CI,glutamate,,,A4,,,,LR
IN14A021,5,vnc_intrinsic,,CR,glutamate,,,T1,,,,LR
IN14A022,2,vnc_intrinsic,,CR,glutamate,,,T2,,,,LR
IN14A023,10,vnc_intrinsic,,BR,glutamate,,,T2,,,,LR
IN14A024,6,vnc_intrinsic,,CR,glutamate,,,T3,,,,LR
IN14A025,6,vnc_intrinsic,,BR,glutamate,,,T3,,,,LR
IN14A026,4,vnc_intrinsic,,CR,glutamate,,,T1,,,,LR
IN14A028,7,vnc_intrinsic,,CR,glutamate,,,T2,,,,LR
IN14A029,10,vnc_intrinsic,,BR,unclear,,,A3,,,,LR
IN14A030,2,vnc_intrinsic,,BR,glutamate,,,T1,,,,LR
IN14A031,3,vnc_intrinsic,,CR,glutamate,,,T2,,,,LR
IN14A032,4,vnc_intrinsic,,CR,glutamate,,,T3,,,,LR
IN14A033,2,vnc_intrinsic,,CR,glutamate,,,T1,,,,LR
IN14A034,5,vnc_intrinsic,,CR,glutamate,,,T2,,,,LR
IN14A035,4,vnc_intrinsic,,CR,glutamate,,,T1,,,,LR
IN14A036,3,vnc_intrinsic,,CR,glutamate,,,T1,,,,LR
IN14A037,6,vnc_intrinsic,,CR,glutamate,,,T3,,,,LR
IN14A038,7,vnc_intrinsic,,CR,glutamate,,,T2,,,,LR
IN14A039,4,vnc_intrinsic,,CR,glutamate,,,T3,,,,LR
IN14A040,2,vnc_intrinsic,,CR,glutamate,,,T3,,,,LR
IN14A041,1,vnc_intrinsic,,CR,glutamate,,,T1,,,,R
"IN14A042,IN14A047",14,vnc_intrinsic,,,glutamate,,,T1,,,,LR
IN14A043,5,vnc_intrinsic,,CR,glutamate,,,T2,,,,LR
IN14A044,6,vnc_intrinsic,,CI,glutamate,,,T2,,,,LR
IN14A045,3,vnc_intrinsic,,CR,glutamate,,,T3,,,,LR
IN14A046,4,vnc_intrinsic,,,glutamate,,,T2,,,,LR
IN14A047,2,vnc_intrinsic,,CR,glutamate,,,T2,,,,LR
"IN14A048,IN14A102",6,vnc_intrinsic,,,glutamate,,,T1,,,,LR
IN14A050,4,vnc_intrinsic,,CR,glutamate,,,T1,,,,LR
IN14A051,3,vnc_intrinsic,,CR,glutamate,,,T3,,,,LR
IN14A052,9,vnc_intrinsic,,CR,glutamate,,,T2,,,,LR
IN14A053,1,vnc_intrinsic,,,glutamate,,,T3,,,,R
IN14A054,1,vnc_intrinsic,,,glutamate,,,T2,,,,R
IN14A055,2,vnc_intrinsic,,CR,glutamate,,,T1,,,,LR
IN14A056,7,vnc_intrinsic,,CR,glutamate,,,T2,,,,LR
IN14A057,2,vnc_intrinsic,,CR,glutamate,,,T3,,,,LR
IN14A058,5,vnc_intrinsic,,CR,glutamate,,,T3,,,,LR
IN14A059,2,vnc_intrinsic,,CR,glutamate,,,T2,,,,LR
IN14A061,1,vnc_intrinsic,,CR,glutamate,,,T2,,,,L
IN14A062,2,vnc_intrinsic,,CR,glutamate,,,T3,,,,LR
IN14A063,2,vnc_intrinsic,,CR,glutamate,,,T2,,,,LR
IN14A064,2,vnc_intrinsic,,CR,glutamate,,,T1,,,,LR
IN14A065,2,vnc_intrinsic,,CR,glutamate,,,T3,,,,LR
IN14A066,4,vnc_intrinsic,,CR,glutamate,,,T1,,,,LR
IN14A068,4,vnc_intrinsic,,CR,glutamate,,,T3,,,,LR
IN14A069,2,vnc_intrinsic,,CR,glutamate,,,T1,,,,LR
IN14A070,2,vnc_intrinsic,,CR,glutamate,,,T2,,,,LR
IN14A072,4,vnc_intrinsic,,CR,glutamate,,,T3,,,,LR
IN14A074,7,vnc_intrinsic,,CR,glutamate,,,T1,,,,LR
IN14A075,2,vnc_intrinsic,,CR,glutamate,,,T1,,,,LR
IN14A076,5,vnc_intrinsic,,CR,glutamate,,,T1,,,,LR
IN14A077,8,vnc_intrinsic,,CR,glutamate,,,T2,,,,LR
IN14A078,14,vnc_intrinsic,,CR,glutamate,,,T1,,,,LR
IN14A079,2,vnc_intrinsic,,CR,glutamate,,,T2,,,,LR
IN14A080,3,vnc_intrinsic,,CR,glutamate,,,T2,,,,LR
IN14A081,4,vnc_intrinsic,,CR,glutamate,,,T1,,,,LR
IN14A082,3,vnc_intrinsic,,CR,glutamate,,,T3,,,,LR
IN14A084,1,vnc_intrinsic,,CR,glutamate,,,T3,,,,L
IN14A085_a,2,vnc_intrinsic,,CR,glutamate,,,T2,,,,LR
IN14A085_b,2,vnc_intrinsic,,CR,glutamate,,,T2,,,,LR
IN14A086,8,vnc_intrinsic,,CR,glutamate,,,T3,,,,LR
IN14A087,6,vnc_intrinsic,,CR,glutamate,,,T3,,,,LR
IN14A088,2,vnc_intrinsic,,CR,glutamate,,,T2,,,,LR
IN14A089,3,vnc_intrinsic,,CR,glutamate,,,T1,,,,LR
IN14A090,9,vnc_intrinsic,,CR,glutamate,,,T3,,,,LR
IN14A091,2,vnc_intrinsic,,CR,glutamate,,,T2,,,,LR
IN14A093,2,vnc_intrinsic,,CI,glutamate,,,T2,,,,LR
IN14A095,7,vnc_intrinsic,,CR,glutamate,,,T3,,,,LR
IN14A096,5,vnc_intrinsic,,CR,glutamate,,,T1,,,,LR
IN14A097,3,vnc_intrinsic,,CR,glutamate,,,T3,,,,LR
IN14A098,2,vnc_intrinsic,,CR,glutamate,,,T3,,,,LR
IN14A099,2,vnc_intrinsic,,CR,glutamate,,,T2,,,,LR
"IN14A100,IN14A113",5,vnc_intrinsic,,,glutamate,,,T1,,,,LR
IN14A101,2,vnc_intrinsic,,CR,glutamate,,,T1,,,,LR
IN14A102,1,vnc_intrinsic,,CR,glutamate,,,T1,,,,L
IN14A103,2,vnc_intrinsic,,CR,glutamate,,,T1,,,,LR
IN14A104,2,vnc_intrinsic,,CR,glutamate,,,T3,,,,LR
IN14A105,7,vnc_intrinsic,,CR,glutamate,,,T2,,,,LR
IN14A106,4,vnc_intrinsic,,CR,glutamate,,,T2,,,,LR
IN14A107,3,vnc_intrinsic,,CR,glutamate,,,T2,,,,LR
IN14A108,6,vnc_intrinsic,,CR,glutamate,,,T3,,,,LR
IN14A109,8,vnc_intrinsic,,CR,glutamate,,,T3,,,,LR
IN14A110,11,vnc_intrinsic,,CR,glutamate,,,T2,,,,LR
IN14A111,4,vnc_intrinsic,,CR,glutamate,,,T3,,,,LR
IN14A114,7,vnc_intrinsic,,CR,glutamate,,,T1,,,,LR
IN14A115,2,vnc_intrinsic,,CR,glutamate,,,T1,,,,L
IN14A116,2,vnc_intrinsic,,CR,glutamate,,,T1,,,,LR
IN14A117,2,vnc_intrinsic,,CR,glutamate,,,T2,,,,LR
IN14A118,6,vnc_intrinsic,,CR,glutamate,,,T2,,,,LR
IN14A119,4,vnc_intrinsic,,CR,glutamate,,,T2,,,,LR
IN14A120,7,vnc_intrinsic,,CR,glutamate,,,T2,,,,LR
IN14A121_a,2,vnc_intrinsic,,,glutamate,,,T3,,,,LR
IN14A121_b,2,vnc_intrinsic,,,glutamate,,,T3,,,,LR
IN14A123,1,vnc_intrinsic,,CR,glutamate,,,T1,,,,R
IN14B001,2,vnc_intrinsic,,BI,gaba,,,T2,,,,LR
IN14B002,2,vnc_intrinsic,,BI,gaba,,,T1,,,,LR
IN14B003,2,vnc_intrinsic,,BI,gaba,,,T3,,,,LR
IN14B004,2,vnc_intrinsic,,BI,glutamate,,,T1,,,,LR
IN14B005,4,vnc_intrinsic,,BR,glutamate,,,T3,,,,LR
IN14B006,2,vnc_intrinsic,,BR,gaba,,,T3,,,,LR
IN14B007,4,vnc_intrinsic,,BI,gaba,,,T2,,,,LR
IN14B008,2,vnc_intrinsic,,BI,glutamate,,,T3,,,,LR
IN14B009,2,vnc_intrinsic,,BI,glutamate,,,T2,,,,LR
IN14B010,6,vnc_intrinsic,,BR,glutamate,,,T1,,,,LR
IN14B011,5,vnc_intrinsic,,BR,glutamate,,,T1,,,,LR
IN14B012,4,vnc_intrinsic,,BI,gaba,,,T3,,,,LR
IN16B014,2,vnc_intrinsic,,BI,glutamate,,,T1,,,,LR
IN16B016,6,vnc_intrinsic,,IR,glutamate,,,T3,,,,LR
IN16B018,6,vnc_intrinsic,,IR,gaba,,,T2,,,,LR
IN16B020,6,vnc_intrinsic,,BR,glutamate,,,T2,,,,LR
IN16B022,4,vnc_intrinsic,,IR,glutamate,,,T1,,,,LR
IN16B024,2,vnc_intrinsic,,IR,glutamate,,,T3,,,,LR
IN16B029,6,vnc_intrinsic,,IR,glutamate,,,T3,,,,LR
IN16B030,6,vnc_intrinsic,,IR,glutamate,,,T2,,,,LR
IN16B032,6,vnc_intrinsic,,IR,glutamate,,,T3,,,,LR
IN16B033,6,vnc_intrinsic,,IR,glutamate,,,T1,,,,LR
IN16B034,2,vnc_intrinsic,,BR,glutamate,,,T1,,,,LR
IN16B036,6,vnc_intrinsic,,IR,glutamate,,,T3,,,,LR
IN16B037,6,vnc_intrinsic,,II,glutamate,,,T2,,,,LR
IN16B038,2,vnc_intrinsic,,IR,glutamate,,,T1,,,,LR
IN16B039,4,vnc_intrinsic,,IR,glutamate,,,T3,,,,LR
IN16B040,2,vnc_intrinsic,,IR,glutamate,,,T3,,,,LR
IN16B041,6,vnc_intrinsic,,IR,glutamate,,,T3,,,,LR
IN16B042,12,vnc_intrinsic,,IR,glutamate,,,T3,,,,LR
IN16B045,12,vnc_intrinsic,,,glutamate,,,T2,,,,LR
IN16B046,3,vnc_intrinsic,,,glutamate,,,T1,,,,LR
IN16B047,2,vnc_intrinsic,,II,glutamate,,,T3,,,,LR
IN16B048,2,vnc_intrinsic,,II,glutamate,,,T3,,,,LR
IN16B049,4,vnc_intrinsic,,BR,glutamate,,,A8,,,,LR
IN16B050,2,vnc_intrinsic,,BR,glutamate,,,T1,,,,LR
IN16B051,4,vnc_intrinsic,,,glutamate,,,T3,,,,LR
IN16B052,8,vnc_intrinsic,,IR,glutamate,,,T2,,,,LR
IN16B053,6,vnc_intrinsic,,IR,glutamate,,,T3,,,,LR
IN16B054,3,vnc_intrinsic,,,glutamate,,,T3,,,,LR
IN16B055,8,vnc_intrinsic,,BR,glutamate,,,T1,,,,LR
IN16B056,4,vnc_intrinsic,,BR,glutamate,,,T1,,,,LR
IN16B057,2,vnc_intrinsic,,IR,glutamate,,,T1,,,,LR
IN16B058,6,vnc_intrinsic,,BR,glutamate,,,T1,,,,LR
IN16B059,4,vnc_intrinsic,,II,glutamate,,,T3,,,,LR
IN16B060,4,vnc_intrinsic,,BR,glutamate,,,T1,,,,LR
IN16B061,9,vnc_intrinsic,,BR,glutamate,,,T1,,,,LR
IN16B062,4,vnc_intrinsic,,II,glutamate,,,T2,,,,LR
IN16B063,4,vnc_intrinsic,,II,glutamate,,,T2,,,,LR
IN16B064,4,vnc_intrinsic,,IR,glutamate,,,T1,,,,LR
IN16B065,1,vnc_intrinsic,,,glutamate,,,T2,,,,L
IN16B066,2,vnc_intrinsic,,IR,glutamate,,,T3,,,,LR
IN16B068_a,2,vnc_intrinsic,,II,glutamate,,,T2,,,,LR
IN16B068_b,2,vnc_intrinsic,,II,glutamate,,,T2,,,,LR
IN16B068_c,2,vnc_intrinsic,,II,glutamate,,,T2,,,,LR
IN16B069,6,vnc_intrinsic,,IR,glutamate,,,T2,,,,LR
IN16B070,6,vnc_intrinsic,,BR,glutamate,,,T1,,,,LR
IN16B071,6,vnc_intrinsic,,II,glutamate,,,T2,,,,LR
IN16B072,2,vnc_intrinsic,,II,glutamate,,,T2,,,,LR
IN16B073,8,vnc_intrinsic,,IR,glutamate,,,T2,,,,LR
IN16B074,6,vnc_intrinsic,,IR,glutamate,,,T3,,,,LR
IN16B075,2,vnc_intrinsic,,IR,glutamate,,,T1,,,,LR
IN16B075_a,2,vnc_intrinsic,,IR,glutamate,,,T2,,,,LR
IN16B075_b,2,vnc_intrinsic,,IR,glutamate,,,T2,,,,LR
IN16B075_c,2,vnc_intrinsic,,IR,glutamate,,,T2,,,,LR
IN16B075_d,2,vnc_intrinsic,,IR,glutamate,,,T2,,,,LR
IN16B075_e,2,vnc_intrinsic,,IR,glutamate,,,T2,,,,LR
IN16B075_f,3,vnc_intrinsic,,IR,glutamate,,,T2,,,,LR
IN16B075_g,2,vnc_intrinsic,,IR,glutamate,,,T2,,,,LR
IN16B075_h,2,vnc_intrinsic,,IR,glutamate,,,T1,,,,LR
IN16B075_i,2,vnc_intrinsic,,IR,glutamate,,,T1,,,,LR
IN16B076,2,vnc_intrinsic,,IR,glutamate,,,T1,,,,LR
IN16B077,10,vnc_intrinsic,,IR,glutamate,,,T1,,,,LR
IN16B079,5,vnc_intrinsic,,II,glutamate,,,T2,,,,LR
IN16B080,4,vnc_intrinsic,,IR,glutamate,,,T1,,,,LR
IN16B082,6,vnc_intrinsic,,IR,glutamate,,,T2,,,,LR
IN16B083,10,vnc_intrinsic,,IR,glutamate,,,T1,,,,LR
IN16B084,4,vnc_intrinsic,,IR,glutamate,,,T3,,,,LR
IN16B085,3,vnc_intrinsic,,IR,glutamate,,,T3,,,,LR
IN16B086,4,vnc_intrinsic,,IR,glutamate,,,T3,,,,LR
IN16B087,2,vnc_intrinsic,,IR,glutamate,,,T3,,,,LR
"IN16B088,IN16B109",4,vnc_intrinsic,,,glutamate,,,T3,,,,LR
IN16B089,6,vnc_intrinsic,,,glutamate,,,T3,,,,LR
IN16B090,6,vnc_intrinsic,,IR,glutamate,,,T2,,,,LR
IN16B091,5,vnc_intrinsic,,IR,glutamate,,,T1,,,,LR
IN16B092,4,vnc_intrinsic,,II,glutamate,,,T2,,,,LR
IN16B093,6,vnc_intrinsic,,IR,glutamate,,,T3,,,,LR
IN16B094,2,vnc_intrinsic,,IR,glutamate,,,T1,,,,LR
IN16B095,2,vnc_intrinsic,,IR,glutamate,,,T2,,,,LR
IN16B096,1,vnc_intrinsic,,IR,glutamate,,,T3,,,,L
IN16B097,6,vnc_intrinsic,,IR,glutamate,,,T2,,,,LR
IN16B098,6,vnc_intrinsic,,IR,glutamate,,,T2,,,,LR
IN16B099,10,vnc_intrinsic,,,glutamate,,,T2,,,,LR
IN16B100_a,3,vnc_intrinsic,,IR,glutamate,,,T1,,,,LR
IN16B100_b,2,vnc_intrinsic,,IR,glutamate,,,T1,,,,LR
IN16B100_c,4,vnc_intrinsic,,IR,glutamate,,,T1,,,,LR
IN16B101,4,vnc_intrinsic,,IR,glutamate,,,T3,,,,LR
IN16B104,2,vnc_intrinsic,,IR,glutamate,,,T3,,,,LR
IN16B105,5,vnc_intrinsic,,,glutamate,,,T3,,,,LR
IN16B106,8,vnc_intrinsic,,,glutamate,,,T3,,,,LR
IN16B107,3,vnc_intrinsic,,II,glutamate,,,T3,,,,LR
IN16B108,8,vnc_intrinsic,,,glutamate,,,T3,,,,LR
IN16B111,4,vnc_intrinsic,,IR,glutamate,,,T3,,,,LR
IN16B113,2,vnc_intrinsic,,IR,glutamate,,,T2,,,,LR
IN16B114,4,vnc_intrinsic,,,glutamate,,,T1,,,,LR
IN16B115,2,vnc_intrinsic,,IR,glutamate,,,T1,,,,LR
IN16B117,2,vnc_intrinsic,,IR,glutamate,,,T2,,,,LR
IN16B118,5,vnc_intrinsic,,IR,glutamate,,,T3,,,,LR
IN16B119,2,vnc_intrinsic,,,glutamate,,,T3,,,,LR
IN16B120,2,vnc_intrinsic,,IR,glutamate,,,T3,,,,LR
IN16B121,7,vnc_intrinsic,,IR,glutamate,,,T1,,,,LR
IN16B122,2,vnc_intrinsic,,IR,glutamate,,,T1,,,,LR
IN16B123,1,vnc_intrinsic,,IR,glutamate,,,T1,,,,R
IN16B124,2,vnc_intrinsic,,IR,glutamate,,,T1,,,,LR
IN16B125,6,vnc_intrinsic,,IR,glutamate,,,T2,,,,LR
IN17A001,6,vnc_intrinsic,,IR,acetylcholine,,,T3,,,,LR
IN17A007,6,vnc_intrinsic,,II,acetylcholine,,,T2,,,,LR
IN17A011,2,vnc_intrinsic,,II,acetylcholine,,,T3,,,,LR
IN17A013,2,vnc_intrinsic,,II,acetylcholine,,,T3,,,,LR
IN17A016,5,vnc_intrinsic,,BR,acetylcholine,,,T1,,,,LR
IN17A017,6,vnc_intrinsic,,IR,acetylcholine,,,T3,,,,LR
IN17A019,6,vnc_intrinsic,,IR,acetylcholine,,,T2,,,,LR
IN17A020,6,vnc_intrinsic,,II,acetylcholine,,,T2,,,,LR
IN17A022,6,vnc_intrinsic,,IR,acetylcholine,,,T1,,,,LR
IN17A023,2,vnc_intrinsic,,II,acetylcholine,,,T2,,,,LR
IN17A025,6,vnc_intrinsic,,IR,acetylcholine,,,T1,,,,LR
IN17A027,2,vnc_intrinsic,,BI,acetylcholine,,,T2,,,,LR
IN17A028,12,vnc_intrinsic,,IR,acetylcholine,,,T3,,,,LR
IN17A029,2,vnc_intrinsic,,BI,acetylcholine,,,T2,,,,LR
IN17A030,2,vnc_intrinsic,,BI,acetylcholine,,,T2,,,,LR
IN17A032,2,vnc_intrinsic,,BI,acetylcholine,,,T2,,,,LR
IN17A033,2,vnc_intrinsic,,II,acetylcholine,,,T2,,,,LR
IN17A034,2,vnc_intrinsic,,II,acetylcholine,,,T2,,,,LR
IN17A035,2,vnc_intrinsic,,II,acetylcholine,,,T2,,,,LR
IN17A037,4,vnc_intrinsic,,II,acetylcholine,,,T3,,,,LR
IN17A039,2,vnc_intrinsic,,II,acetylcholine,,,T2,,,,LR
IN17A040,2,vnc_intrinsic,,BI,acetylcholine,,,T2,,,,LR
IN17A041,6,vnc_intrinsic,,IR,glutamate,,,T2,,,,LR
IN17A042,2,vnc_intrinsic,,BI,acetylcholine,,,T2,,,,LR
"IN17A043,IN17A046",4,vnc_intrinsic,,,acetylcholine,,,A1,,,,LR
IN17A044,6,vnc_intrinsic,,IR,acetylcholine,,,T3,,,,LR
IN17A045,1,vnc_intrinsic,,BI,acetylcholine,,,T2,,,,L
IN17A048,3,vnc_intrinsic,,II,acetylcholine,,,T2,,,,LR
IN17A049,5,vnc_intrinsic,,II,acetylcholine,,,T2,,,,LR
IN17A051,2,ascending_neuron,,II,acetylcholine,,,T3,,,,LR
IN17A052,12,vnc_intrinsic,,,acetylcholine,,,T2,,,,LR
IN17A053,3,vnc_intrinsic,,BI,acetylcholine,,,T3,,,,LR
IN17A055,1,vnc_intrinsic,,II,acetylcholine,,,T2,,,,R
IN17A056,2,vnc_intrinsic,,II,acetylcholine,,,T2,,,,LR
IN17A057,2,vnc_intrinsic,,II,acetylcholine,,,T2,,,,LR
IN17A058,4,vnc_intrinsic,,IR,acetylcholine,,,T2,,,,LR
"IN17A059,IN17A063",4,vnc_intrinsic,,,acetylcholine,,,T2,,,,LR
IN17A060,4,vnc_intrinsic,,BI,glutamate,,,T2,,,,LR
IN17A061,11,vnc_intrinsic,,IR,acetylcholine,,,T2,,,,LR
IN17A064,7,vnc_intrinsic,,II,acetylcholine,,,T2,,,,LR
IN17A065,2,vnc_intrinsic,,IR,acetylcholine,,,T1,,,,LR
IN17A066,2,vnc_intrinsic,,II,acetylcholine,,,T3,,,,LR
IN17A067,2,vnc_intrinsic,,II,acetylcholine,,,T2,,,,LR
"IN17A071,IN17A081",5,vnc_intrinsic,,,acetylcholine,,,T2,,,,LR
IN17A072,2,vnc_intrinsic,,II,acetylcholine,,,T2,,,,LR
IN17A074,2,vnc_intrinsic,,BI,acetylcholine,,,T3,,,,LR
IN17A075,2,vnc_intrinsic,,II,acetylcholine,,,T2,,,,LR
IN17A077,2,vnc_intrinsic,,II,acetylcholine,,,T2,,,,LR
IN17A078,5,vnc_intrinsic,,II,acetylcholine,,,T2,,,,LR
IN17A079,4,vnc_intrinsic,,IR,acetylcholine,,,T2,,,,LR
"IN17A080,IN17A083",6,vnc_intrinsic,,,acetylcholine,,,T2,,,,LR
"IN17A082,IN17A086",5,vnc_intrinsic,,,acetylcholine,,,T3,,,,LR
IN17A084,2,vnc_intrinsic,,II,acetylcholine,,,T2,,,,LR
IN17A085,4,vnc_intrinsic,,II,acetylcholine,,,T2,,,,LR
IN17A087,1,vnc_intrinsic,,,acetylcholine,,,T2,,,,R
"IN17A088,IN17A089",6,vnc_intrinsic,,,acetylcholine,,,T2,,,,LR
IN17A090,4,vnc_intrinsic,,BI,acetylcholine,,,T2,,,,LR
IN17A091,1,vnc_intrinsic,,II,acetylcholine,,,T3,,,,L
IN17A092,2,vnc_intrinsic,,II,acetylcholine,,,T3,,,,LR
IN17A093,4,vnc_intrinsic,,II,acetylcholine,,,T2,,,,LR
IN17A094,5,vnc_intrinsic,,BI,acetylcholine,,,T2,,,,LR
IN17A095,2,vnc_intrinsic,,II,acetylcholine,,,T2,,,,LR
IN17A096,1,vnc_intrinsic,,BI,acetylcholine,,,T2,,,,R
IN17A097,2,vnc_intrinsic,,BI,acetylcholine,,,T2,,,,LR
IN17A098,2,vnc_intrinsic,,II,acetylcholine,,,T3,,,,LR
IN17A099,4,vnc_intrinsic,,II,acetylcholine,,,T2,,,,LR
IN17A100,2,vnc_intrinsic,,BI,acetylcholine,,,T2,,,,LR
IN17A101,4,vnc_intrinsic,,BI,acetylcholine,,,T2,,,,LR
IN17A102,1,vnc_intrinsic,,II,acetylcholine,,,T3,,,,L
IN17A103,2,vnc_intrinsic,,BI,acetylcholine,,,T3,,,,LR
IN17A104,2,vnc_intrinsic,,II,acetylcholine,,,T3,,,,LR
IN17A105,1,vnc_intrinsic,,II,acetylcholine,,,T3,,,,R
IN17A106_a,2,vnc_intrinsic,,II,acetylcholine,,,T2,,,,LR
IN17A106_b,1,vnc_intrinsic,,II,acetylcholine,,,T2,,,,L
IN17A107,2,vnc_intrinsic,,II,acetylcholine,,,T2,,,,LR
IN17A108,2,vnc_intrinsic,,II,acetylcholine,,,T3,,,,LR
IN17A109,1,vnc_intrinsic,,II,acetylcholine,,,T2,,,,R
"IN17A109,IN17A120",3,vnc_intrinsic,,,acetylcholine,,,T2,,,,LR
IN17A110,3,vnc_intrinsic,,II,acetylcholine,,,T3,,,,LR
IN17A111,6,vnc_intrinsic,,BI,acetylcholine,,,T2,,,,LR
IN17A112,3,vnc_intrinsic,,II,acetylcholine,,,T2,,,,LR
IN17A113,1,vnc_intrinsic,,BI,acetylcholine,,,T2,,,,R
"IN17A113,IN17A119",5,vnc_intrinsic,,,acetylcholine,,,T2,,,,LR
IN17A114,2,vnc_intrinsic,,II,acetylcholine,,,T2,,,,LR
IN17A115,1,vnc_intrinsic,,II,acetylcholine,,,T3,,,,L
IN17A116,3,vnc_intrinsic,,II,acetylcholine,,,T2,,,,LR
IN17A118,3,vnc_intrinsic,,II,acetylcholine,,,T2,,,,LR
IN17A119,1,vnc_intrinsic,,,acetylcholine,,,T2,,,,R
IN17B001,2,vnc_intrinsic,,BI,gaba,,,A2,,,,LR
IN17B003,2,vnc_intrinsic,,BI,gaba,,,A3,,,,LR
IN17B004,4,vnc_intrinsic,,II,gaba,,,T2,,,,LR
IN17B006,2,vnc_intrinsic,,II,gaba,,,A1,,,,LR
IN17B008,2,vnc_intrinsic,,BI,gaba,,,T3,,,,LR
IN17B010,2,vnc_intrinsic,,BI,gaba,,,A1,,,,LR
IN17B014,2,vnc_intrinsic,,BI,gaba,,,A1,,,,LR
IN17B015,4,vnc_intrinsic,,II,gaba,,,T2,,,,LR
IN17B017,2,vnc_intrinsic,,II,gaba,,,A1,,,,LR
IN18B005,4,vnc_intrinsic,,BI,acetylcholine,,,T3,,,,LR
IN18B006,2,vnc_intrinsic,,BR,acetylcholine,,,T3,,,,LR
IN18B008,2,vnc_intrinsic,,BI,acetylcholine,,,T3,,,,LR
IN18B009,2,vnc_intrinsic,,BI,acetylcholine,potentially male-specific,,A1,,,,LR
IN18B011,4,vnc_intrinsic,,BI,acetylcholine,,,T3,,,,LR
IN18B012,2,vnc_intrinsic,,BI,acetylcholine,,,T2,,,,LR
IN18B013,2,vnc_intrinsic,,BI,acetylcholine,,,T3,,,,LR
IN18B014,2,vnc_intrinsic,,BI,acetylcholine,,,T2,,,,LR
IN18B015,2,vnc_intrinsic,,BI,acetylcholine,,,T3,,,,LR
IN18B016,4,vnc_intrinsic,,BI,acetylcholine,,,T2,,,,LR
IN18B017,2,vnc_intrinsic,,BI,acetylcholine,,,T2,,,,LR
IN18B018,2,vnc_intrinsic,,BI,acetylcholine,,,T1,,,,LR
IN18B020,4,vnc_intrinsic,,BI,acetylcholine,,,T2,,,,LR
IN18B021,6,vnc_intrinsic,,BR,acetylcholine,,,A1,,,,LR
IN18B026,2,vnc_intrinsic,,BI,acetylcholine,,,T3,,,,LR
IN18B027,2,vnc_intrinsic,,BI,acetylcholine,,,T2,,,,LR
IN18B028,2,vnc_intrinsic,,BI,acetylcholine,,,A1,,,,LR
IN18B029,2,vnc_intrinsic,,BI,acetylcholine,,,A2,,,,LR
IN18B031,2,vnc_intrinsic,,BR,acetylcholine,,,T2,,,,LR
IN18B032,2,vnc_intrinsic,,BI,acetylcholine,,,T2,,,,LR
IN18B033,2,vnc_intrinsic,,BR,acetylcholine,,,A6,,,,LR
IN18B034,4,vnc_intrinsic,,BI,acetylcholine,,,T3,,,,LR
IN18B035,4,vnc_intrinsic,,BI,acetylcholine,,,T3,,,,LR
IN18B036,2,vnc_intrinsic,,BI,acetylcholine,,,A1,,,,LR
IN18B037,2,vnc_intrinsic,,BI,acetylcholine,,,T2,,,,LR
IN18B038,10,vnc_intrinsic,,BI,acetylcholine,,,T3,,,,LR
IN18B039,2,vnc_intrinsic,,BI,acetylcholine,,,T2,,,,LR
IN18B040,2,vnc_intrinsic,,BI,acetylcholine,,,T3,,,,LR
IN18B041,2,vnc_intrinsic,,BR,acetylcholine,,,T3,,,,LR
IN18B042,6,vnc_intrinsic,,BI,acetylcholine,,,A1,,,,LR
IN18B043,4,vnc_intrinsic,,BI,acetylcholine,,,T2,,,,LR
IN18B044,2,vnc_intrinsic,,BI,acetylcholine,,,T3,,,,LR
IN18B045_a,2,vnc_intrinsic,,BI,acetylcholine,,,T2,,,,LR
IN18B045_b,2,vnc_intrinsic,,BI,acetylcholine,,,T2,,,,LR
IN18B045_c,2,vnc_intrinsic,,BI,acetylcholine,,,T2,,,,LR
IN18B046,2,vnc_intrinsic,,BI,acetylcholine,,,T3,,,,LR
IN18B047,4,vnc_intrinsic,,CI,acetylcholine,,,T3,,,,LR
IN18B048,5,vnc_intrinsic,,BR,acetylcholine,,,T3,,,,LR
IN18B049,2,vnc_intrinsic,,BI,acetylcholine,,,A1,,,,LR
IN18B050,4,vnc_intrinsic,,BR,acetylcholine,,,T3,,,,LR
IN18B051,6,vnc_intrinsic,,,acetylcholine,,,T3,,,,LR
IN18B052,4,vnc_intrinsic,,BI,acetylcholine,,,A1,,,,LR
IN18B054,6,vnc_intrinsic,,BI,acetylcholine,,,T3,,,,LR
IN18B055,5,vnc_intrinsic,,BI,acetylcholine,,,T3,,,,LR
IN18B056,2,vnc_intrinsic,,BI,acetylcholine,,,T3,,,,LR
IN19A001,6,vnc_intrinsic,,IR,gaba,,,T3,,,,LR
IN19A002,6,vnc_intrinsic,,IR,gaba,,,T3,,,,LR
IN19A003,6,vnc_intrinsic,,IR,gaba,,,T2,,,,LR
IN19A004,6,vnc_intrinsic,,IR,gaba,,,T1,,,,LR
IN19A005,6,vnc_intrinsic,,IR,gaba,,,T2,,,,LR
IN19A006,4,vnc_intrinsic,,II,acetylcholine,,,T1,,,,LR
IN19A007,6,vnc_intrinsic,,IR,gaba,,,T2,,,,LR
IN19A008,8,vnc_intrinsic,,IR,gaba,,,T3,,,,LR
IN19A009,4,vnc_intrinsic,,II,acetylcholine,,,T1,,,,LR
IN19A010,4,vnc_intrinsic,,II,acetylcholine,,,T2,,,,LR
IN19A011,6,vnc_intrinsic,,IR,gaba,,,T1,,,,LR
IN19A012,4,vnc_intrinsic,,II,acetylcholine,,,T1,,,,LR
IN19A013,4,vnc_intrinsic,,IR,gaba,,,T1,,,,LR
IN19A014,4,vnc_intrinsic,,II,acetylcholine,,,T2,,,,LR
IN19A015,6,vnc_intrinsic,,IR,gaba,,,T1,,,,LR
IN19A016,12,vnc_intrinsic,,IR,gaba,,,T2,,,,LR
IN19A017,2,vnc_intrinsic,,II,acetylcholine,,,T1,,,,LR
IN19A018,2,vnc_intrinsic,,BI,acetylcholine,,,T3,,,,LR
IN19A019,4,vnc_intrinsic,,BI,acetylcholine,,,T2,,,,LR
IN19A020,6,vnc_intrinsic,,IR,gaba,,,T2,,,,LR
IN19A021,6,vnc_intrinsic,,IR,gaba,,,T3,,,,LR
IN19A022,6,vnc_intrinsic,,IR,gaba,,,T2,,,,LR
IN19A024,4,vnc_intrinsic,,BR,gaba,,,T2,,,,LR
IN19A026,4,vnc_intrinsic,,II,gaba,,,A1,,,,LR
IN19A027,4,vnc_intrinsic,,II,acetylcholine,,,T2,,,,LR
IN19A028,2,vnc_intrinsic,,BI,acetylcholine,,,T3,,,,LR
IN19A029,6,vnc_intrinsic,,IR,gaba,,,T1,,,,LR
IN19A030,6,vnc_intrinsic,,IR,gaba,,,T1,,,,LR
IN19A031,2,vnc_intrinsic,,IR,gaba,,,T3,,,,LR
IN19A032,6,vnc_intrinsic,,II,acetylcholine,,,T3,,,,LR
IN19A033,2,vnc_intrinsic,,IR,gaba,,,T3,,,,LR
IN19A034,2,vnc_intrinsic,,II,acetylcholine,,,T3,,,,LR
IN19A036,2,vnc_intrinsic,,IR,gaba,,,A1,,,,LR
IN19A037,2,vnc_intrinsic,,IR,gaba,,,T3,,,,LR
IN19A040,2,vnc_intrinsic,,II,acetylcholine,,,A1,,,,LR
IN19A041,16,vnc_intrinsic,,,gaba,,,T2,,,,LR
IN19A042,5,vnc_intrinsic,,BR,gaba,,,T2,,,,LR
IN19A043,4,vnc_intrinsic,,II,gaba,,,T2,,,,LR
IN19A044,4,vnc_intrinsic,,IR,gaba,,,T3,,,,LR
IN19A045,6,vnc_intrinsic,,IR,gaba,,,T3,,,,LR
IN19A046,6,vnc_intrinsic,,IR,gaba,,,T3,,,,LR
IN19A047,2,vnc_intrinsic,,IR,gaba,,,T3,,,,LR
IN19A048,5,vnc_intrinsic,,,gaba,,,T2,,,,LR
IN19A049,2,vnc_intrinsic,,II,gaba,,,T3,,,,LR
IN19A052,4,vnc_intrinsic,,BR,gaba,,,T3,,,,LR
IN19A054,6,vnc_intrinsic,,IR,gaba,,,T2,,,,LR
IN19A056,5,vnc_intrinsic,,BI,gaba,,,T2,,,,LR
IN19A057,5,vnc_intrinsic,,BI,gaba,,,T3,,,,LR
IN19A059,11,vnc_intrinsic,,,gaba,,,T1,,,,LR
IN19A060,1,vnc_intrinsic,,,gaba,,,T3,,,,R
IN19A060_a,2,vnc_intrinsic,,BR,gaba,,,T3,,,,LR
IN19A060_b,2,vnc_intrinsic,,BR,gaba,,,T3,,,,LR
IN19A060_c,7,vnc_intrinsic,,BR,gaba,,,T3,,,,LR
IN19A060_d,12,vnc_intrinsic,,BR,gaba,,,T3,,,,LR
IN19A060_e,1,vnc_intrinsic,,,gaba,,,T3,,,,R
IN19A061,6,vnc_intrinsic,,IR,gaba,,,T1,,,,LR
IN19A064,12,vnc_intrinsic,,IR,gaba,,,T3,,,,LR
IN19A065,5,vnc_intrinsic,,BR,gaba,,,T1,,,,LR
IN19A067,6,vnc_intrinsic,,BI,gaba,,,T1,,,,LR
IN19A069_a,2,vnc_intrinsic,,BI,gaba,,,T2,,,,LR
IN19A069_b,2,vnc_intrinsic,,BI,gaba,,,T2,,,,LR
IN19A069_c,2,vnc_intrinsic,,BI,gaba,,,T1,,,,LR
IN19A070,3,vnc_intrinsic,,IR,gaba,,,T3,,,,LR
IN19A071,2,vnc_intrinsic,,IR,gaba,,,T2,,,,LR
IN19A072,3,vnc_intrinsic,,IR,gaba,,,T2,,,,LR
IN19A073,10,vnc_intrinsic,,IR,gaba,,,T2,,,,LR
IN19A074,2,vnc_intrinsic,,IR,gaba,,,T3,,,,LR
IN19A076,1,vnc_intrinsic,,,gaba,,,T1,,,,L
IN19A079,1,vnc_intrinsic,,IR,gaba,,,T2,,,,L
IN19A080,2,vnc_intrinsic,,II,gaba,,,T1,,,,LR
IN19A082,5,vnc_intrinsic,,IR,gaba,,,T1,,,,LR
IN19A083,2,vnc_intrinsic,,BR,gaba,,,T2,,,,LR
IN19A084,6,vnc_intrinsic,,IR,gaba,,,T3,,,,LR
IN19A085,5,vnc_intrinsic,,,gaba,,,T2,,,,LR
IN19A086,4,vnc_intrinsic,,II,gaba,,,T2,,,,LR
IN19A087,2,vnc_intrinsic,,II,gaba,,,T1,,,,LR
IN19A088_a,2,vnc_intrinsic,,IR,gaba,,,T1,,,,LR
IN19A088_b,4,vnc_intrinsic,,IR,gaba,,,T1,,,,LR
IN19A088_c,6,vnc_intrinsic,,IR,gaba,,,T3,,,,LR
IN19A088_d,2,vnc_intrinsic,,IR,gaba,,,T2,,,,LR
IN19A088_e,3,vnc_intrinsic,,IR,gaba,,,T2,,,,LR
IN19A090,4,vnc_intrinsic,,BR,gaba,,,T2,,,,LR
IN19A091,2,vnc_intrinsic,,IR,gaba,,,T3,,,,LR
IN19A093,15,vnc_intrinsic,,II,gaba,,,T3,,,,LR
IN19A094,2,vnc_intrinsic,,IR,gaba,,,T2,,,,LR
"IN19A095,IN19A127",5,vnc_intrinsic,,,gaba,,,T2,,,,LR
IN19A096,8,vnc_intrinsic,,IR,gaba,,,T1,,,,LR
IN19A098,14,vnc_intrinsic,,BR,gaba,,,T1,,,,LR
IN19A099,8,vnc_intrinsic,,BR,gaba,,,A2,,,,LR
IN19A100,6,vnc_intrinsic,,BR,gaba,,,T3,,,,LR
IN19A101,1,vnc_intrinsic,,,gaba,,,T2,,,,L
IN19A102,5,vnc_intrinsic,,,gaba,,,T1,,,,LR
IN19A103,3,vnc_intrinsic,,BR,gaba,,,T1,,,,LR
IN19A104,2,vnc_intrinsic,,IR,gaba,,,T3,,,,LR
IN19A105,4,vnc_intrinsic,,BI,gaba,,,T2,,,,LR
IN19A106,11,vnc_intrinsic,,BR,gaba,,,T3,,,,LR
IN19A108,11,vnc_intrinsic,,IR,gaba,,,T3,,,,LR
IN19A109_a,2,vnc_intrinsic,,BI,gaba,,,T2,,,,LR
IN19A109_b,2,vnc_intrinsic,,BI,gaba,,,T2,,,,LR
IN19A110,4,vnc_intrinsic,,IR,gaba,,,T3,,,,LR
IN19A111,3,vnc_intrinsic,,II,gaba,,,T2,,,,LR
IN19A112,2,vnc_intrinsic,,IR,gaba,,,T1,,,,LR
IN19A113,5,vnc_intrinsic,,IR,gaba,,,T2,,,,LR
IN19A114,14,vnc_intrinsic,,,gaba,,,T1,,,,LR
IN19A115,1,vnc_intrinsic,,,gaba,,,T1,,,,R
IN19A117,21,vnc_intrinsic,,,gaba,,,T1,,,,LR
IN19A118,1,vnc_intrinsic,,,gaba,,,T1,,,,R
IN19A120,4,vnc_intrinsic,,BR,gaba,,,T1,,,,LR
IN19A121,3,vnc_intrinsic,,BR,gaba,,,T1,,,,LR
IN19A123,1,vnc_intrinsic,,,gaba,,,T1,,,,L
IN19A124,3,vnc_intrinsic,,IR,gaba,,,T1,,,,LR
IN19A126,1,vnc_intrinsic,,,gaba,,,T1,,,,L
IN19A129,1,vnc_intrinsic,,,gaba,,,T2,,,,L
IN19A133,3,vnc_intrinsic,,IR,gaba,,,T1,,,,LR
IN19A135,3,vnc_intrinsic,,IR,gaba,,,T2,,,,LR
IN19A142,2,vnc_intrinsic,,BI,gaba,,,T1,,,,LR
IN19B002,2,vnc_intrinsic,,BI,acetylcholine,,,A2,,,,LR
IN19B003,6,vnc_intrinsic,,BR,acetylcholine,,,T1,,,,LR
IN19B004,2,vnc_intrinsic,,BR,acetylcholine,,,T3,,,,LR
IN19B005,2,vnc_intrinsic,,BR,acetylcholine,,,T1,,,,LR
IN19B007,2,vnc_intrinsic,,BI,acetylcholine,,,A1,,,,LR
IN19B008,2,vnc_intrinsic,,BI,acetylcholine,,,T2,,,,LR
IN19B010,2,vnc_intrinsic,,BI,acetylcholine,,,T2,,,,LR
IN19B011,4,vnc_intrinsic,,BI,acetylcholine,,,T1,,,,LR
IN19B012,6,vnc_intrinsic,,BR,acetylcholine,,,T3,,,,LR
IN19B013,4,vnc_intrinsic,,BI,acetylcholine,,,A1,,,,LR
IN19B015,2,vnc_intrinsic,,BR,acetylcholine,,,T3,,,,LR
IN19B016,2,vnc_intrinsic,,BI,acetylcholine,,,T3,,,,LR
IN19B020,2,vnc_intrinsic,,BI,acetylcholine,,,T1,,,,LR
IN19B021,4,vnc_intrinsic,,BR,acetylcholine,,,T3,,,,LR
IN19B023,2,vnc_intrinsic,,BI,acetylcholine,,,T1,,,,LR
IN19B027,2,vnc_intrinsic,,BR,acetylcholine,,,T3,,,,LR
IN19B030,2,vnc_intrinsic,,BI,acetylcholine,,,A1,,,,LR
IN19B031,2,vnc_intrinsic,,BI,acetylcholine,,,T2,,,,LR
IN19B033,2,vnc_intrinsic,,BI,acetylcholine,,,T2,,,,LR
IN19B034,2,vnc_intrinsic,,BI,acetylcholine,,,T1,,,,LR
IN19B035,4,vnc_intrinsic,,BR,acetylcholine,,,T3,,,,LR
IN19B037,1,vnc_intrinsic,,BI,acetylcholine,,,T2,,,,R
IN19B038,4,vnc_intrinsic,,BR,acetylcholine,,,T2,,,,LR
IN19B040,4,vnc_intrinsic,,BI,acetylcholine,,,A1,,,,LR
IN19B041,2,vnc_intrinsic,,BI,acetylcholine,,,T2,,,,LR
IN19B043,9,vnc_intrinsic,,BI,acetylcholine,,,T2,,,,LR
IN19B045,4,vnc_intrinsic,,BI,acetylcholine,,,T2,,,,LR
"IN19B045,IN19B052",4,vnc_intrinsic,,,acetylcholine,,,T2,,,,LR
IN19B047,2,vnc_intrinsic,,BI,acetylcholine,,,A1,,,,LR
IN19B048,4,vnc_intrinsic,,BI,acetylcholine,,,T2,,,,LR
IN19B050,8,vnc_intrinsic,,BR,acetylcholine,,,T3,,,,LR
IN19B053,2,vnc_intrinsic,,BI,acetylcholine,,,A1,,,,LR
IN19B054,4,vnc_intrinsic,,BI,acetylcholine,,,T1,,,,LR
IN19B055,2,vnc_intrinsic,,BI,acetylcholine,,,T2,,,,LR
IN19B056,6,vnc_intrinsic,,,acetylcholine,,,T2,,,,LR
IN19B057,7,vnc_intrinsic,,BR,acetylcholine,,,T2,,,,LR
IN19B058,4,vnc_intrinsic,,BI,acetylcholine,,,T2,,,,LR
IN19B062,2,vnc_intrinsic,,CI,acetylcholine,,,T2,,,,LR
IN19B064,2,vnc_intrinsic,,CI,acetylcholine,,,T2,,,,LR
IN19B066,6,vnc_intrinsic,,BI,acetylcholine,,,T2,,,,LR
IN19B067,14,vnc_intrinsic,,BR,acetylcholine,,,T2,,,,LR
IN19B068,8,vnc_intrinsic,,BR,acetylcholine,,,A2,,,,LR
IN19B069,2,vnc_intrinsic,,BI,acetylcholine,,,T2,,,,LR
IN19B070,5,vnc_intrinsic,,BI,acetylcholine,,,T2,,,,LR
IN19B071,10,vnc_intrinsic,,BI,acetylcholine,,,T2,,,,LR
IN19B072,2,vnc_intrinsic,,CI,acetylcholine,,,T2,,,,LR
IN19B073,6,vnc_intrinsic,,BI,acetylcholine,,,T2,,,,LR
IN19B075,8,vnc_intrinsic,,BR,acetylcholine,,,T2,,,,LR
IN19B077,5,vnc_intrinsic,,BI,acetylcholine,,,T2,,,,LR
IN19B078,4,vnc_intrinsic,,BR,acetylcholine,,,A5,,,,LR
IN19B080,6,vnc_intrinsic,,BI,acetylcholine,,,T2,,,,LR
IN19B081,4,vnc_intrinsic,,BI,acetylcholine,,,T2,,,,LR
IN19B082,4,vnc_intrinsic,,BI,acetylcholine,,,A1,,,,LR
IN19B083,2,vnc_intrinsic,,CI,acetylcholine,,,T2,,,,LR
IN19B084,6,vnc_intrinsic,,BI,acetylcholine,,,A1,,,,LR
IN19B085,4,vnc_intrinsic,,BI,acetylcholine,,,T2,,,,LR
IN19B086,9,vnc_intrinsic,,BR,acetylcholine,,,T2,,,,LR
IN19B087,4,vnc_intrinsic,,BI,acetylcholine,,,T2,,,,LR
IN19B088,2,vnc_intrinsic,,BI,acetylcholine,,,T2,,,,LR
IN19B089,10,vnc_intrinsic,,BI,acetylcholine,,,A1,,,,LR
IN19B090,9,vnc_intrinsic,,,acetylcholine,,,T2,,,,LR
IN19B091,16,vnc_intrinsic,,BI,acetylcholine,,,A1,,,,LR
IN19B092,2,vnc_intrinsic,,BI,acetylcholine,,,T2,,,,LR
IN19B094,7,vnc_intrinsic,,BI,acetylcholine,,,A1,,,,LR
IN19B095,5,vnc_intrinsic,,BI,acetylcholine,,,A1,,,,LR
IN19B097,2,vnc_intrinsic,,BI,acetylcholine,,,A1,,,,LR
IN19B103,8,vnc_intrinsic,,,acetylcholine,,,T2,,,,LR
IN19B105,2,vnc_intrinsic,,BI,acetylcholine,,,T3,,,,LR
IN19B107,2,vnc_intrinsic,,BI,acetylcholine,,,T1,,,,LR
IN19B109,2,vnc_intrinsic,,BI,acetylcholine,,,T1,,,,LR
IN19B111,2,vnc_intrinsic,,BR,acetylcholine,,,T3,,,,LR
IN19B112,2,vnc_intrinsic,,BR,acetylcholine,,,T3,,,,LR
IN20A.22A001,12,vnc_intrinsic,,IR,acetylcholine,,,T3,,,,LR
IN20A.22A002,4,vnc_intrinsic,,IR,acetylcholine,,,T2,,,,LR
IN20A.22A003,4,vnc_intrinsic,,IR,acetylcholine,,,T2,,,,LR
IN20A.22A004,6,vnc_intrinsic,,IR,acetylcholine,,,T3,,,,LR
IN20A.22A005,6,vnc_intrinsic,,IR,acetylcholine,,,T3,,,,LR
IN20A.22A006,11,vnc_intrinsic,,IR,acetylcholine,,,T2,,,,LR
IN20A.22A007,12,vnc_intrinsic,,IR,acetylcholine,,,T2,,,,LR
IN20A.22A008,12,vnc_intrinsic,,IR,acetylcholine,,,T3,,,,LR
IN20A.22A009,18,vnc_intrinsic,,,acetylcholine,,,T2,,,,LR
IN20A.22A010,8,vnc_intrinsic,,,acetylcholine,,,T3,,,,LR
IN20A.22A011,4,vnc_intrinsic,,BR,acetylcholine,,fru_high,T1,,,Cachero 2010: vPR-e,LR
IN20A.22A012,11,vnc_intrinsic,,,acetylcholine,,fru_high,T1,,,Cachero 2010: vPR-e,LR
IN20A.22A013,5,vnc_intrinsic,,,acetylcholine,,fru_high,T1,,,Cachero 2010: vPR-e,LR
IN20A.22A015,10,vnc_intrinsic,,,acetylcholine,,,T1,,,,LR
IN20A.22A016,15,vnc_intrinsic,,IR,acetylcholine,,,T2,,,,LR
IN20A.22A017,16,vnc_intrinsic,,,acetylcholine,,,T1,,,,LR
IN20A.22A018,8,vnc_intrinsic,,,acetylcholine,,,T1,,,,LR
IN20A.22A019,9,vnc_intrinsic,,,acetylcholine,,,T3,,,,LR
IN20A.22A021,17,vnc_intrinsic,,,acetylcholine,,,T3,,,,LR
IN20A.22A022,8,vnc_intrinsic,,IR,acetylcholine,,,T2,,,,LR
IN20A.22A023,5,vnc_intrinsic,,IR,acetylcholine,,,T1,,,,LR
IN20A.22A024,20,vnc_intrinsic,,,acetylcholine,,,T2,,,,LR
IN20A.22A026,5,vnc_intrinsic,,,acetylcholine,,,T1,,,,LR
IN20A.22A027,2,vnc_intrinsic,,IR,acetylcholine,,,T3,,,,LR
IN20A.22A028,12,vnc_intrinsic,,IR,acetylcholine,,,T3,,,,LR
IN20A.22A029,2,vnc_intrinsic,,IR,acetylcholine,,,T1,,,,LR
IN20A.22A030,6,vnc_intrinsic,,,acetylcholine,,,T2,,,,LR
IN20A.22A033,4,vnc_intrinsic,,,acetylcholine,,,T2,,,,LR
IN20A.22A035,5,vnc_intrinsic,,,acetylcholine,,,T1,,,,LR
IN20A.22A036,15,vnc_intrinsic,,,acetylcholine,,,T2,,,,LR
"IN20A.22A036,IN20A.22A072",4,vnc_intrinsic,,,acetylcholine,,,T2,,,,LR
IN20A.22A037,3,vnc_intrinsic,,,acetylcholine,,,T3,,,,L
IN20A.22A038,7,vnc_intrinsic,,,acetylcholine,,,T1,,,,LR
IN20A.22A039,23,vnc_intrinsic,,IR,acetylcholine,,,T2,,,,LR
IN20A.22A040,2,vnc_intrinsic,,,acetylcholine,,,T1,,,,R
IN20A.22A041,12,vnc_intrinsic,,,acetylcholine,,,T1,,,,LR
IN20A.22A042,8,vnc_intrinsic,,IR,acetylcholine,,,T2,,,,LR
IN20A.22A043,10,vnc_intrinsic,,,acetylcholine,,,T2,,,,LR
IN20A.22A044,8,vnc_intrinsic,,,acetylcholine,,,T3,,,,LR
IN20A.22A045,10,vnc_intrinsic,,,acetylcholine,,,T2,,,,LR
IN20A.22A046,5,vnc_intrinsic,,,acetylcholine,,,T2,,,,LR
IN20A.22A047,9,vnc_intrinsic,,,acetylcholine,,,T3,,,,LR
IN20A.22A048,17,vnc_intrinsic,,IR,acetylcholine,,,T3,,,,LR
IN20A.22A049,16,vnc_intrinsic,,,acetylcholine,,,T2,,,,LR
"IN20A.22A049,IN20A.22A067",5,vnc_intrinsic,,,acetylcholine,,,T1,,,,LR
IN20A.22A050,9,vnc_intrinsic,,,acetylcholine,,,T2,,,,LR
IN20A.22A051,12,vnc_intrinsic,,,acetylcholine,,,T3,,,,LR
IN20A.22A052,7,vnc_intrinsic,,,acetylcholine,,,T1,,,,LR
IN20A.22A053,18,vnc_intrinsic,,,acetylcholine,,,T2,,,,LR
IN20A.22A054,6,vnc_intrinsic,,IR,acetylcholine,,,T3,,,,LR
IN20A.22A055,15,vnc_intrinsic,,,acetylcholine,,,T1,,,,LR
IN20A.22A056,6,vnc_intrinsic,,,acetylcholine,,,T1,,,,LR
IN20A.22A057,2,vnc_intrinsic,,IR,acetylcholine,,,T2,,,,LR
IN20A.22A058,11,vnc_intrinsic,,,acetylcholine,,,T2,,,,LR
IN20A.22A059,9,vnc_intrinsic,,IR,acetylcholine,,,T3,,,,LR
IN20A.22A060,11,vnc_intrinsic,,,acetylcholine,,,T3,,,,LR
"IN20A.22A061,IN20A.22A066",4,vnc_intrinsic,,,acetylcholine,,,T3,,,,LR
"IN20A.22A061,IN20A.22A068",5,vnc_intrinsic,,,acetylcholine,,,T2,,,,LR
IN20A.22A062,3,vnc_intrinsic,,,acetylcholine,,,T1,,,,LR
IN20A.22A063,2,vnc_intrinsic,,IR,acetylcholine,,,T2,,,,LR
IN20A.22A064,6,vnc_intrinsic,,,acetylcholine,,,T3,,,,LR
IN20A.22A065,9,vnc_intrinsic,,,acetylcholine,,,T2,,,,LR
IN20A.22A066,5,vnc_intrinsic,,,acetylcholine,,,T3,,,,LR
IN20A.22A067,13,vnc_intrinsic,,,acetylcholine,,,T3,,,,LR
IN20A.22A069,11,vnc_intrinsic,,,acetylcholine,,,T1,,,,LR
IN20A.22A070,4,vnc_intrinsic,,,acetylcholine,,,T2,,,,LR
"IN20A.22A070,IN20A.22A080",8,vnc_intrinsic,,,acetylcholine,,,T2,,,,LR
IN20A.22A071,12,vnc_intrinsic,,,acetylcholine,,,T1,,,,LR
IN20A.22A073,18,vnc_intrinsic,,,acetylcholine,,,T3,,,,LR
IN20A.22A074,7,vnc_intrinsic,,,acetylcholine,,,T3,,,,LR
IN20A.22A076,8,vnc_intrinsic,,,acetylcholine,,,T1,,,,LR
IN20A.22A077,12,vnc_intrinsic,,,acetylcholine,,,T1,,,,LR
IN20A.22A078,3,vnc_intrinsic,,,acetylcholine,,,T2,,,,LR
IN20A.22A079,4,vnc_intrinsic,,,acetylcholine,,,T3,,,,LR
IN20A.22A081,6,vnc_intrinsic,,IR,acetylcholine,,,T3,,,,LR
IN20A.22A082,4,vnc_intrinsic,,IR,acetylcholine,,,T1,,,,LR
IN20A.22A083,2,vnc_intrinsic,,IR,acetylcholine,,,T1,,,,LR
IN20A.22A084,12,vnc_intrinsic,,IR,acetylcholine,,,T2,,,,LR
IN20A.22A085,15,vnc_intrinsic,,,acetylcholine,,,T2,,,,LR
IN20A.22A086,9,vnc_intrinsic,,,acetylcholine,,,T3,,,,LR
IN20A.22A087,3,vnc_intrinsic,,IR,acetylcholine,,,T2,,,,LR
IN20A.22A088,5,vnc_intrinsic,,,acetylcholine,,,T3,,,,LR
IN20A.22A089,17,vnc_intrinsic,,,acetylcholine,,,T1,,,,LR
IN20A.22A090,21,vnc_intrinsic,,IR,acetylcholine,,,T3,,,,LR
IN20A.22A091,7,vnc_intrinsic,,,acetylcholine,,,T3,,,,LR
IN20A.22A092,25,vnc_intrinsic,,,acetylcholine,,,T1,,,,LR
IN21A001,6,vnc_intrinsic,,IR,glutamate,,,T2,,,,LR
IN21A002,6,vnc_intrinsic,,IR,glutamate,,,T1,,,,LR
IN21A003,6,vnc_intrinsic,,IR,glutamate,,,T2,,,,LR
IN21A004,6,vnc_intrinsic,,IR,acetylcholine,,,T1,,,,LR
IN21A005,4,vnc_intrinsic,,IR,acetylcholine,,,T1,,,,LR
IN21A006,6,vnc_intrinsic,,IR,glutamate,,,T2,,,,LR
IN21A007,6,vnc_intrinsic,,IR,glutamate,,,T1,,,,LR
IN21A008,6,vnc_intrinsic,,IR,glutamate,,,T3,,,,LR
IN21A009,6,vnc_intrinsic,,IR,glutamate,,,T3,,,,LR
IN21A010,6,vnc_intrinsic,,IR,acetylcholine,,,T2,,,,LR
IN21A011,6,vnc_intrinsic,,IR,glutamate,,,T2,,,,LR
IN21A012,6,vnc_intrinsic,,IR,acetylcholine,,,T1,,,,LR
IN21A013,6,vnc_intrinsic,,IR,glutamate,,,T3,,,,LR
IN21A014,6,vnc_intrinsic,,IR,glutamate,,,T3,,,,LR
IN21A015,6,vnc_intrinsic,,IR,glutamate,,,T2,,,,LR
IN21A016,6,vnc_intrinsic,,IR,glutamate,,,T1,,,,LR
IN21A017,8,vnc_intrinsic,,IR,acetylcholine,,,A1,,,,LR
IN21A018,6,vnc_intrinsic,,IR,acetylcholine,,,T3,,,,LR
IN21A019,6,vnc_intrinsic,,IR,glutamate,,,T1,,,,LR
IN21A020,6,vnc_intrinsic,,BR,acetylcholine,,,T3,,,,LR
IN21A021,2,vnc_intrinsic,,BI,acetylcholine,,,T3,,,,LR
IN21A022,6,vnc_intrinsic,,IR,acetylcholine,,,T3,,,,LR
"IN21A023,IN21A024",12,vnc_intrinsic,,,glutamate,,,T3,,,,LR
IN21A026,3,vnc_intrinsic,,II,glutamate,,,T2,,,,LR
IN21A027,2,vnc_intrinsic,,II,glutamate,,,T2,,,,LR
IN21A028,6,vnc_intrinsic,,BR,glutamate,,,T1,,,,LR
"IN21A029,IN21A030",4,vnc_intrinsic,,,glutamate,,,T2,,,,LR
IN21A031,2,vnc_intrinsic,,II,glutamate,,,T2,,,,LR
IN21A032,3,vnc_intrinsic,,BI,glutamate,,,T2,,,,LR
IN21A033,2,vnc_intrinsic,,BI,glutamate,,,T2,,,,LR
IN21A034,3,vnc_intrinsic,,BI,glutamate,,,T2,,,,LR
IN21A035,6,vnc_intrinsic,,IR,glutamate,,,T3,,,,LR
IN21A036,1,vnc_intrinsic,,IR,glutamate,,,T3,,,,R
IN21A037,12,vnc_intrinsic,,IR,glutamate,,,T1,,,,LR
IN21A038,6,vnc_intrinsic,,IR,glutamate,,,T2,,,,LR
IN21A039,2,vnc_intrinsic,,IR,glutamate,,,T3,,,,LR
IN21A040,2,vnc_intrinsic,,BR,glutamate,,,T2,,,,LR
IN21A041,4,vnc_intrinsic,,BR,glutamate,,,T3,,,,LR
IN21A042,6,vnc_intrinsic,,IR,glutamate,,,T1,,,,LR
IN21A043,2,vnc_intrinsic,,BI,glutamate,,,T3,,,,LR
IN21A044,6,vnc_intrinsic,,IR,glutamate,,,T2,,,,LR
"IN21A045,IN21A046",4,vnc_intrinsic,,,glutamate,,,T1,,,,LR
IN21A047_a,2,vnc_intrinsic,,IR,glutamate,,,T3,,,,LR
IN21A047_b,2,vnc_intrinsic,,IR,glutamate,,,T3,,,,LR
IN21A047_c,2,vnc_intrinsic,,IR,glutamate,,,T2,,,,LR
IN21A047_d,4,vnc_intrinsic,,IR,glutamate,,,T2,,,,LR
IN21A047_e,2,vnc_intrinsic,,IR,glutamate,,,T1,,,,LR
IN21A047_f,2,vnc_intrinsic,,IR,glutamate,,,T1,,,,LR
IN21A048,4,vnc_intrinsic,,IR,glutamate,,,T3,,,,LR
IN21A049,6,vnc_intrinsic,,IR,glutamate,,,T2,,,,LR
IN21A050,2,vnc_intrinsic,,II,glutamate,,,T2,,,,LR
IN21A051,8,vnc_intrinsic,,IR,glutamate,,,T3,,,,LR
IN21A052,2,vnc_intrinsic,,II,glutamate,,,T2,,,,LR
IN21A054,6,vnc_intrinsic,,IR,glutamate,,,T3,,,,LR
IN21A055,2,vnc_intrinsic,,IR,glutamate,,,T3,,,,LR
IN21A056,6,vnc_intrinsic,,IR,glutamate,,,T3,,,,LR
IN21A057,2,vnc_intrinsic,,BI,glutamate,,,T1,,,,LR
IN21A058,7,vnc_intrinsic,,IR,glutamate,,,T2,,,,LR
IN21A059,2,vnc_intrinsic,,IR,glutamate,,,T2,,,,L
IN21A060,2,vnc_intrinsic,,IR,glutamate,,,T1,,,,LR
IN21A061,6,vnc_intrinsic,,IR,glutamate,,,T3,,,,LR
IN21A062,2,vnc_intrinsic,,IR,glutamate,,,T3,,,,LR
IN21A063,5,vnc_intrinsic,,II,glutamate,,,T2,,,,LR
IN21A064,2,vnc_intrinsic,,BI,glutamate,,,T1,,,,LR
IN21A065,1,vnc_intrinsic,,,glutamate,,,T1,,,,L
IN21A066,2,vnc_intrinsic,,,glutamate,,,T3,,,,LR
IN21A070,2,vnc_intrinsic,,IR,glutamate,,,T1,,,,LR
IN21A071,1,vnc_intrinsic,,II,glutamate,,,T3,,,,L
IN21A072,2,vnc_intrinsic,,IR,unclear,,,T3,,,,LR
IN21A073,2,vnc_intrinsic,,BI,glutamate,,,T1,,,,LR
IN21A074,2,vnc_intrinsic,,IR,glutamate,,,T2,,,,LR
IN21A075,2,vnc_intrinsic,,IR,glutamate,,,T2,,,,LR
IN21A076,3,vnc_intrinsic,,IR,glutamate,,,T2,,,,LR
IN21A077,6,vnc_intrinsic,,IR,glutamate,,,T2,,,,LR
IN21A078,6,vnc_intrinsic,,IR,glutamate,,,T2,,,,LR
IN21A079,4,vnc_intrinsic,,,glutamate,,,T1,,,,LR
IN21A080,3,vnc_intrinsic,,IR,glutamate,,,T2,,,,LR
IN21A081,2,vnc_intrinsic,,IR,glutamate,,,T1,,,,LR
IN21A082,2,vnc_intrinsic,,IR,glutamate,,,T1,,,,LR
IN21A083,5,vnc_intrinsic,,,glutamate,,,T1,,,,LR
IN21A084,2,vnc_intrinsic,,BI,glutamate,,,T1,,,,LR
IN21A085,4,vnc_intrinsic,,IR,glutamate,,,T2,,,,LR
IN21A086,4,vnc_intrinsic,,,glutamate,,,T3,,,,LR
IN21A087,18,vnc_intrinsic,,,glutamate,,,T3,,,,LR
IN21A088,1,vnc_intrinsic,,,glutamate,,,T2,,,,L
IN21A090,2,vnc_intrinsic,,IR,glutamate,,,T1,,,,LR
"IN21A091,IN21A092",2,vnc_intrinsic,,,glutamate,,,T3,,,,LR
IN21A093,7,vnc_intrinsic,,BI,glutamate,,,T3,,,,LR
IN21A094,2,vnc_intrinsic,,,glutamate,,,T1,,,,LR
IN21A095,2,vnc_intrinsic,,BR,glutamate,,,T2,,,,LR
IN21A096,3,vnc_intrinsic,,IR,glutamate,,,T1,,,,LR
IN21A097,2,vnc_intrinsic,,IR,glutamate,,,T1,,,,LR
IN21A098,2,vnc_intrinsic,,IR,glutamate,,,T3,,,,LR
IN21A099,3,vnc_intrinsic,,BR,glutamate,,,T3,,,,LR
IN21A100,3,vnc_intrinsic,,IR,glutamate,,,T1,,,,LR
IN21A102,4,vnc_intrinsic,,,glutamate,,,T3,,,,LR
IN21A103,1,vnc_intrinsic,,,glutamate,,,T1,,,,L
IN21A109,2,vnc_intrinsic,,IR,glutamate,,,T1,,,,LR
IN21A111,2,vnc_intrinsic,,IR,glutamate,,,T3,,,,LR
IN21A116,4,vnc_intrinsic,,,glutamate,,,T1,,,,LR
IN23B001,2,vnc_intrinsic,,BI,acetylcholine,,,T1,,,,LR
IN23B005,4,vnc_intrinsic,,BI,acetylcholine,,,T2,,,,LR
IN23B006,4,vnc_intrinsic,,BI,acetylcholine,,,T3,,,,LR
IN23B007,7,vnc_intrinsic,,BI,acetylcholine,,,T2,,,,LR
IN23B008,8,vnc_intrinsic,,BI,acetylcholine,,,A1,,,,LR
IN23B009,8,vnc_intrinsic,,BI,acetylcholine,,,T2,,,,LR
IN23B011,2,vnc_intrinsic,,BI,acetylcholine,,,A1,,,,LR
IN23B012,2,vnc_intrinsic,,BI,acetylcholine,,,A1,,,,LR
IN23B013,6,vnc_intrinsic,,BI,acetylcholine,,,T3,,,,LR
IN23B014,6,vnc_intrinsic,,BR,acetylcholine,,,T3,,,,LR
IN23B016,2,vnc_intrinsic,,BI,acetylcholine,,,A1,,,,LR
IN23B017,4,vnc_intrinsic,,BI,acetylcholine,,,T3,,,,LR
IN23B018,14,vnc_intrinsic,,BR,acetylcholine,,,T2,,,,LR
IN23B020,7,vnc_intrinsic,,BR,acetylcholine,,,T2,,,,LR
IN23B021,4,vnc_intrinsic,,BI,acetylcholine,,,T1,,,,LR
IN23B022,6,vnc_intrinsic,,BI,acetylcholine,,,T1,,,,LR
IN23B023,16,vnc_intrinsic,,BI,acetylcholine,,,T2,,,,LR
IN23B024,6,vnc_intrinsic,,BR,acetylcholine,,,T3,,,,LR
IN23B025,6,vnc_intrinsic,,BI,acetylcholine,,,T3,,,,LR
IN23B027,1,vnc_intrinsic,,BR,acetylcholine,,,T1,,,,L
IN23B028,14,vnc_intrinsic,,BR,acetylcholine,,,T2,,,,LR
IN23B029,4,vnc_intrinsic,,BI,acetylcholine,,,T1,,,,LR
IN23B030,6,vnc_intrinsic,,BI,acetylcholine,,,T1,,,,LR
IN23B031,6,vnc_intrinsic,,,acetylcholine,,,T3,,,,LR
IN23B032,11,vnc_intrinsic,,BI,acetylcholine,,,T3,,,,LR
IN23B033,4,vnc_intrinsic,,BR,acetylcholine,,,T3,,,,LR
IN23B034,2,vnc_intrinsic,,BI,acetylcholine,,,T1,,,,LR
IN23B035,4,vnc_intrinsic,,BI,acetylcholine,,,A1,,,,LR
IN23B036,4,vnc_intrinsic,,BR,acetylcholine,,,T3,,,,LR
IN23B037,10,vnc_intrinsic,,BR,acetylcholine,,,T2,,,,LR
IN23B038,1,vnc_intrinsic,,BI,acetylcholine,,,T3,,,,L
IN23B039,5,vnc_intrinsic,,BR,acetylcholine,,,T2,,,,LR
IN23B040,8,vnc_intrinsic,,,acetylcholine,,,T1,,,,LR
IN23B041,5,vnc_intrinsic,,BI,acetylcholine,,,T1,,,,LR
IN23B042,2,vnc_intrinsic,,BI,acetylcholine,,,A1,,,,LR
IN23B043,9,vnc_intrinsic,,BR,acetylcholine,,,T1,,,,LR
IN23B044,2,vnc_intrinsic,,BR,acetylcholine,,,T2,,,,LR
"IN23B044,IN23B057",4,vnc_intrinsic,,,acetylcholine,,,T1,,,,LR
IN23B045,4,vnc_intrinsic,,BI,acetylcholine,,,T3,,,,LR
IN23B046,10,vnc_intrinsic,,BI,acetylcholine,,,T3,,,,LR
IN23B047,6,vnc_intrinsic,,BI,acetylcholine,,,T3,,,,LR
IN23B048,4,vnc_intrinsic,,BR,acetylcholine,,,T1,,,,LR
IN23B049,9,vnc_intrinsic,,BI,acetylcholine,,,T2,,,,LR
IN23B050,2,vnc_intrinsic,,BR,acetylcholine,,,T1,,,,LR
IN23B051,1,vnc_intrinsic,,BI,acetylcholine,,,T2,,,,L
IN23B053,3,vnc_intrinsic,,BI,acetylcholine,,,T3,,,,LR
IN23B054,6,vnc_intrinsic,,BR,acetylcholine,,,T3,,,,LR
IN23B055,2,vnc_intrinsic,,BI,acetylcholine,,,T3,,,,LR
IN23B056,10,vnc_intrinsic,,BI,acetylcholine,,,T1,,,,LR
IN23B057,5,vnc_intrinsic,,BR,acetylcholine,,,T3,,,,LR
IN23B058,4,vnc_intrinsic,,BI,acetylcholine,,,T3,,,,LR
IN23B059,3,vnc_intrinsic,,BI,acetylcholine,,,T2,,,,LR
IN23B060,10,vnc_intrinsic,,BI,acetylcholine,,,T3,,,,LR
IN23B061,3,vnc_intrinsic,,BI,acetylcholine,,,T2,,,,LR
IN23B062,4,vnc_intrinsic,,BI,acetylcholine,,,T2,,,,LR
IN23B063,6,vnc_intrinsic,,BI,acetylcholine,,,T3,,,,LR
IN23B064,3,vnc_intrinsic,,BR,acetylcholine,,,T3,,,,LR
IN23B065,4,vnc_intrinsic,,BR,acetylcholine,,,T1,,,,LR
IN23B066,5,vnc_intrinsic,,BR,acetylcholine,,,T2,,,,LR
IN23B067_a,2,vnc_intrinsic,,BI,acetylcholine,,,T3,,,,LR
IN23B067_b,2,vnc_intrinsic,,BI,acetylcholine,,,T3,,,,LR
IN23B067_c,2,vnc_intrinsic,,BI,acetylcholine,,,T2,,,,LR
IN23B067_d,2,vnc_intrinsic,,BI,acetylcholine,,,T1,,,,LR
IN23B067_e,2,vnc_intrinsic,,BR,acetylcholine,,,T2,,,,LR
IN23B068,3,vnc_intrinsic,,BI,acetylcholine,,,T3,,,,LR
"IN23B069,IN23B079",3,vnc_intrinsic,,,acetylcholine,,,T1,,,,LR
IN23B070,6,vnc_intrinsic,,BR,acetylcholine,,,T3,,,,LR
IN23B071,2,vnc_intrinsic,,BI,acetylcholine,,,T2,,,,LR
IN23B072,5,vnc_intrinsic,,BI,acetylcholine,,,T1,,,,LR
IN23B073,3,vnc_intrinsic,,BI,acetylcholine,,,T2,,,,LR
IN23B074,9,vnc_intrinsic,,BR,acetylcholine,,,T3,,,,LR
IN23B075,2,vnc_intrinsic,,BR,acetylcholine,,,T2,,,,LR
IN23B076,1,vnc_intrinsic,,BI,acetylcholine,,,A1,,,,R
IN23B078,6,vnc_intrinsic,,BI,acetylcholine,,,T1,,,,LR
IN23B079,2,vnc_intrinsic,,BI,acetylcholine,,,T1,,,,LR
IN23B080,2,vnc_intrinsic,,BI,acetylcholine,,,T2,,,,LR
IN23B081,8,vnc_intrinsic,,BI,acetylcholine,,,T3,,,,LR
IN23B082,1,vnc_intrinsic,,BI,acetylcholine,,,A1,,,,R
IN23B083,2,vnc_intrinsic,,BR,acetylcholine,,,T2,,,,LR
IN23B084,3,vnc_intrinsic,,BI,acetylcholine,,,T3,,,,LR
IN23B085,5,vnc_intrinsic,,BR,acetylcholine,,,T3,,,,LR
IN23B086,6,vnc_intrinsic,,BR,acetylcholine,,,T1,,,,LR
IN23B087,8,vnc_intrinsic,,BR,acetylcholine,,,T3,,,,LR
IN23B088,2,vnc_intrinsic,,BI,acetylcholine,,,T1,,,,LR
IN23B089,9,vnc_intrinsic,,BI,acetylcholine,,,T2,,,,LR
IN23B090,5,vnc_intrinsic,,BI,acetylcholine,,,T3,,,,LR
IN23B091,4,vnc_intrinsic,,BR,acetylcholine,,,T1,,,,LR
IN23B092,2,vnc_intrinsic,,BI,acetylcholine,,,T3,,,,LR
IN23B093,2,vnc_intrinsic,,BI,acetylcholine,,,T2,,,,LR
IN23B094,2,vnc_intrinsic,,IR,acetylcholine,,,T1,,,,LR
IN23B095,2,vnc_intrinsic,,BI,acetylcholine,,,T3,,,,LR
IN23B096,1,vnc_intrinsic,,,acetylcholine,,,A1,,,,L
IN26X001,6,vnc_intrinsic,,CR,gaba,,,T3,,,,LR
IN26X002,6,vnc_intrinsic,,CR,gaba,,,T3,,,,LR
IN26X003,4,vnc_intrinsic,,CR,gaba,,,T3,,,,LR
IN27X001,2,ascending_neuron,,BI,gaba,,fru_low,T1,,,"Yu 2010, Lillvis 2024: vMS17",LR
IN27X002,4,vnc_intrinsic,,BI,unclear,potentially male-specific,,T1,,,,LR
IN27X003,2,vnc_intrinsic,,BI,unclear,,,T3,,,,LR
IN27X004,2,vnc_intrinsic,,BI,histamine,,,A1,,,,LR
IN27X005,2,vnc_intrinsic,,BI,gaba,,,T1,,,,LR
IN27X007,2,vnc_intrinsic,,BI,unclear,,,T1,,,,LR
IN27X014,2,vnc_intrinsic,,BI,gaba,,,T1,,,,LR
IN27X023,2,vnc_intrinsic,,BI,gaba,,,A1,,,,LR
INXXX003,2,vnc_intrinsic,,BI,gaba,,,T1,,,,LR
INXXX004,2,vnc_intrinsic,,II,gaba,,,T2,,,,LR
INXXX007,2,vnc_intrinsic,,BI,gaba,,,A3,,,,LR
INXXX008,4,vnc_intrinsic,,BI,unclear,,,A1,,,,LR
INXXX011,2,vnc_intrinsic,,BI,acetylcholine,,,T2,,,,LR
INXXX022,2,vnc_intrinsic,,BI,acetylcholine,,,T3,,,,LR
INXXX023,2,vnc_intrinsic,,BI,acetylcholine,,,T2,,,,LR
INXXX025,2,vnc_intrinsic,,BI,acetylcholine,potentially male-specific,,A7,,,,LR
INXXX027,4,vnc_intrinsic,,BI,acetylcholine,,,A7,,,,LR
INXXX029,2,vnc_intrinsic,,BI,acetylcholine,,,T1,,,,LR
INXXX031,2,vnc_intrinsic,,BI,gaba,,,A1,,,,LR
INXXX032,6,vnc_intrinsic,,BI,acetylcholine,,,A3,,,,LR
INXXX034,1,vnc_intrinsic,,BA,unclear,,,T1,,,,M
INXXX035,2,vnc_intrinsic,,BR,gaba,,,A1,,,,LR
INXXX036,2,vnc_intrinsic,,BR,acetylcholine,,,T1,,,,LR
INXXX038,2,vnc_intrinsic,,II,acetylcholine,,,A2,,,,LR
INXXX039,2,vnc_intrinsic,,BI,acetylcholine,,,A2,,,,LR
INXXX042,2,vnc_intrinsic,,BI,acetylcholine,,,T2,,,,LR
INXXX044,8,vnc_intrinsic,,II,gaba,,,A1,,,,LR
INXXX045,10,vnc_intrinsic,,BI,unclear,,,T2,,,,LR
INXXX048,2,vnc_intrinsic,,BI,acetylcholine,,,A1,,,,LR
INXXX052,2,vnc_intrinsic,,BR,acetylcholine,,,A8,,,,LR
INXXX053,2,vnc_intrinsic,,IR,gaba,,,T3,,,,LR
INXXX054,2,vnc_intrinsic,,BI,acetylcholine,,,T3,,,,LR
INXXX056,2,vnc_intrinsic,,BI,unclear,,,T2,,,,LR
INXXX058,6,vnc_intrinsic,,BI,gaba,potentially male-specific,,A5,,,,LR
INXXX062,4,vnc_intrinsic,,BI,acetylcholine,potentially male-specific,,A3,,,,LR
INXXX063,2,ascending_neuron,,BI,gaba,,,T3,,,,LR
INXXX065,2,vnc_intrinsic,,BI,gaba,,,A1,,,,LR
INXXX066,2,vnc_intrinsic,,BI,acetylcholine,,,T3,,,,LR
INXXX073,2,vnc_intrinsic,,BI,acetylcholine,,,A1,,,,LR
INXXX076,2,vnc_intrinsic,,BI,acetylcholine,,,T2,,,,LR
INXXX077,2,vnc_intrinsic,,BR,acetylcholine,,,A9,,,,LR
INXXX083,2,vnc_intrinsic,,BR,acetylcholine,,,T2,,,,LR
INXXX084,2,vnc_intrinsic,,BI,acetylcholine,,,A6,,,,LR
INXXX087,2,vnc_intrinsic,,BI,acetylcholine,,,A6,,,,LR
INXXX089,2,vnc_intrinsic,,BI,acetylcholine,,,T1,,,,LR
INXXX091,2,vnc_intrinsic,,BI,acetylcholine,,,A1,,,,LR
INXXX095,4,vnc_intrinsic,,BI,acetylcholine,,,A1,,,,LR
INXXX096,4,vnc_intrinsic,,BI,acetylcholine,,,A3,,,,LR
INXXX100,6,vnc_intrinsic,,BI,acetylcholine,,,A5,,,,LR
INXXX101,2,vnc_intrinsic,,BI,acetylcholine,,,A1,,,,LR
INXXX104,2,vnc_intrinsic,,BI,acetylcholine,,,A1,,,,LR
INXXX107,2,vnc_intrinsic,,BI,acetylcholine,,,A1,,,,LR
INXXX110,4,vnc_intrinsic,,BI,gaba,male-specific,dsx_high,A2,,,Nojima 2021: Mt2,LR
INXXX111,2,vnc_intrinsic,,BI,acetylcholine,,,A2,,,,LR
INXXX114,2,vnc_intrinsic,,BI,acetylcholine,,,A3,,,,LR
INXXX115,2,vnc_intrinsic,,BI,acetylcholine,,,A1,,,,LR
INXXX119,2,vnc_intrinsic,,BI,gaba,,,A1,,,,LR
INXXX121,2,vnc_intrinsic,,BI,acetylcholine,potentially sexually dimorphic,,A1,,,,LR
INXXX122,4,vnc_intrinsic,,BI,acetylcholine,,,A2,,,,LR
INXXX124,2,vnc_intrinsic,,,gaba,,,A8,,,,LR
INXXX126,8,vnc_intrinsic,,II,acetylcholine,,,A5,,,,LR
INXXX129,2,vnc_intrinsic,,BI,acetylcholine,,,A2,,,,LR
INXXX133,2,vnc_intrinsic,,BI,acetylcholine,,,A1,,,,LR
INXXX134,2,vnc_intrinsic,,BI,acetylcholine,,,T2,,,,LR
INXXX135,2,vnc_intrinsic,,BR,gaba,,,T1,,,,LR
INXXX137,2,vnc_intrinsic,,BR,acetylcholine,,,A8,,,,LR
INXXX138,2,vnc_intrinsic,,BI,acetylcholine,,,A1,,,,LR
INXXX140,2,vnc_intrinsic,,IR,gaba,,,T3,,,,LR
INXXX142,2,vnc_intrinsic,,CI,acetylcholine,,,A2,,,,LR
INXXX143,2,vnc_intrinsic,,II,acetylcholine,,,A1,,,,LR
INXXX146,2,vnc_intrinsic,,BI,gaba,,,A1,,,,LR
INXXX147,2,vnc_intrinsic,,BR,acetylcholine,,,A1,,,,LR
INXXX149,6,vnc_intrinsic,,BR,acetylcholine,,,A9,,,,LR
INXXX153,2,vnc_intrinsic,,BI,acetylcholine,,,A1,,,,LR
INXXX158,2,vnc_intrinsic,,BR,gaba,,,A9,,,,LR
INXXX159,2,vnc_intrinsic,,BI,acetylcholine,,,A1,,,,LR
INXXX161,4,vnc_intrinsic,,BI,gaba,,,A3,,,,LR
INXXX167,2,vnc_intrinsic,,BR,acetylcholine,,,A9,,,,LR
INXXX173,2,vnc_intrinsic,,BI,acetylcholine,,,T2,,,,LR
INXXX179,2,vnc_intrinsic,,II,acetylcholine,,,T3,,,,LR
INXXX180,2,vnc_intrinsic,,BI,acetylcholine,,,A1,,,,LR
INXXX181,2,vnc_intrinsic,,BR,acetylcholine,,,A7,,,,LR
INXXX183,2,vnc_intrinsic,,BR,gaba,,,A9,,,,LR
INXXX184,2,vnc_intrinsic,,BR,acetylcholine,,,A8,,,,LR
INXXX188,2,vnc_intrinsic,,BR,gaba,,,A9,,,,LR
INXXX192,2,vnc_intrinsic,,BI,acetylcholine,,,A2,,,,LR
INXXX193,2,vnc_intrinsic,,BI,unclear,,,T3,,,,LR
INXXX194,2,vnc_intrinsic,,IR,glutamate,,,T1,,,,LR
INXXX197,4,vnc_intrinsic,,BR,gaba,,,A9,,,,LR
INXXX198,2,vnc_intrinsic,,CI,gaba,,,A2,,,,LR
INXXX199,2,vnc_intrinsic,,BI,gaba,,,A2,,,,LR
INXXX201,2,vnc_intrinsic,,CI,acetylcholine,,,A1,,,,LR
INXXX204,2,vnc_intrinsic,,BI,gaba,,,T1,,,,LR
INXXX206,2,vnc_intrinsic,,BI,acetylcholine,,,A1,,,,LR
INXXX209,4,vnc_intrinsic,,BR,unclear,,,A7,,,,LR
INXXX212,4,vnc_intrinsic,,BR,acetylcholine,,,A3,,,,LR
INXXX213,4,vnc_intrinsic,,BI,gaba,,,A1,,,,LR
INXXX215,4,vnc_intrinsic,,BI,acetylcholine,,,A4,,,,LR
INXXX216,2,vnc_intrinsic,,BI,acetylcholine,,,A1,,,,LR
INXXX217,10,vnc_intrinsic,,BR,gaba,male-specific,dsx_high,A4,,,,LR
INXXX219,2,vnc_intrinsic,,II,unclear,,,A1,,,,LR
INXXX220,2,vnc_intrinsic,,BI,acetylcholine,,,A1,,,,LR
INXXX221,4,vnc_intrinsic,,BR,unclear,,,A9,,,,LR
INXXX223,2,vnc_intrinsic,,BR,acetylcholine,,,A8,,,,LR
INXXX224,2,vnc_intrinsic,,BI,acetylcholine,,,A1,,,,LR
INXXX225,2,vnc_intrinsic,,IR,gaba,,,A9,,,,LR
INXXX227,2,vnc_intrinsic,,IR,acetylcholine,,,T3,,,,LR
INXXX228,7,vnc_intrinsic,,BR,acetylcholine,,,A8,,,,LR
INXXX230,9,vnc_intrinsic,,BR,gaba,,,A3,,,,LR
INXXX231,8,vnc_intrinsic,,BI,acetylcholine,,,A6,,,,LR
INXXX232,2,vnc_intrinsic,,II,acetylcholine,,,A2,,,,LR
INXXX235,2,vnc_intrinsic,,BI,gaba,,,T3,,,,LR
INXXX237,2,vnc_intrinsic,,BI,acetylcholine,,,A9,,,,LR
INXXX238,2,vnc_intrinsic,,BI,acetylcholine,,,A1,,,,LR
INXXX239,4,vnc_intrinsic,,BR,acetylcholine,,,A6,,,,LR
INXXX240,2,vnc_intrinsic,,BR,acetylcholine,,,A8,,,,LR
INXXX241,2,vnc_intrinsic,,BI,acetylcholine,,,A8,,,,LR
INXXX242,2,vnc_intrinsic,,BI,acetylcholine,,,T3,,,,LR
INXXX243,4,vnc_intrinsic,,,gaba,,,A7,,,,LR
INXXX244,2,vnc_intrinsic,,BR,unclear,,,A9,,,,LR
INXXX245,2,vnc_intrinsic,,BI,acetylcholine,,,A1,,,,LR
INXXX246,4,vnc_intrinsic,,BR,acetylcholine,,,A6,,,,LR
INXXX247,4,vnc_intrinsic,,BR,acetylcholine,,,A3,,,,LR
INXXX249,2,vnc_intrinsic,,BR,acetylcholine,,,A9,,,,LR
INXXX251,2,vnc_intrinsic,,BI,acetylcholine,,,A1,,,,LR
INXXX252,2,vnc_intrinsic,,BI,acetylcholine,,,A2,,,,LR
INXXX253,6,vnc_intrinsic,,BR,gaba,,,A3,,,,LR
INXXX256,2,vnc_intrinsic,,BR,gaba,,,A9,,,,LR
INXXX257,1,vnc_intrinsic,,BR,gaba,,,A8,,,,R
INXXX258,12,vnc_intrinsic,,BR,gaba,,,A8,,,,LR
INXXX260,4,vnc_intrinsic,,BR,acetylcholine,,,A2,,,,LR
INXXX261,4,vnc_intrinsic,,BR,glutamate,,,A2,,,,LR
INXXX262,4,vnc_intrinsic,,BR,acetylcholine,,,A9,,,,LR
INXXX263,4,vnc_intrinsic,,BR,gaba,,,A6,,,,LR
INXXX265,4,vnc_intrinsic,,BR,acetylcholine,,,A8,,,,LR
INXXX267,4,vnc_intrinsic,,BR,gaba,,,A8,,,,LR
INXXX268,3,vnc_intrinsic,,BR,gaba,,,A8,,,,LR
INXXX269,10,vnc_intrinsic,,BI,acetylcholine,,,A4,,,,LR
INXXX270,2,vnc_intrinsic,,BI,gaba,,,A2,,,,LR
INXXX271,4,vnc_intrinsic,,BR,glutamate,,,A8,,,,LR
INXXX273,4,vnc_intrinsic,,BR,acetylcholine,,,A9,,,,LR
INXXX275,2,vnc_intrinsic,,BR,acetylcholine,,,A7,,,,LR
INXXX276,2,vnc_intrinsic,,BI,gaba,,,A2,,,,LR
INXXX279,4,vnc_intrinsic,,BR,glutamate,,,A9,,,,LR
INXXX280,6,vnc_intrinsic,,BI,gaba,,,A2,,,,LR
INXXX281,6,vnc_intrinsic,,BR,acetylcholine,,,A5,,,,LR
INXXX282,2,vnc_intrinsic,,BR,gaba,,,A8,,,,LR
INXXX283,5,vnc_intrinsic,,BR,unclear,,,A8,,,,LR
INXXX284,2,vnc_intrinsic,,IR,gaba,,,A1,,,,LR
INXXX285,2,vnc_intrinsic,,BR,acetylcholine,,,A9,,,,LR
INXXX287,12,vnc_intrinsic,,BR,gaba,,,A1,,,,LR
INXXX288,2,vnc_intrinsic,,BR,acetylcholine,,,A9,,,,LR
INXXX290,13,vnc_intrinsic,,BR,unclear,,,A6,,,,LR
INXXX292,2,vnc_intrinsic,,BR,gaba,,,A9,,,,LR
INXXX293,4,vnc_intrinsic,,BR,unclear,,,A8,,,,LR
INXXX294,2,vnc_intrinsic,,BI,acetylcholine,,,A2,,,,LR
INXXX295,10,vnc_intrinsic,,BR,unclear,,,A1,,,,LR
INXXX297,8,vnc_intrinsic,,BR,acetylcholine,,,A5,,,,LR
INXXX299,1,vnc_intrinsic,,BR,acetylcholine,,,A6,,,,R
INXXX300,2,vnc_intrinsic,,BI,gaba,,,A8,,,,LR
INXXX301,4,vnc_intrinsic,,BR,acetylcholine,,,A2,,,,LR
INXXX302,3,vnc_intrinsic,,,acetylcholine,,,A8,,,,LR
INXXX303,3,vnc_intrinsic,,IR,gaba,,,A8,,,,LR
INXXX304,2,vnc_intrinsic,,BI,acetylcholine,,,A2,,,,LR
INXXX306,4,vnc_intrinsic,,BI,gaba,,,A4,,,,LR
INXXX307,4,vnc_intrinsic,,BI,acetylcholine,,,A2,,,,LR
INXXX309,3,vnc_intrinsic,,IR,gaba,,,A8,,,,LR
INXXX315,8,vnc_intrinsic,,BR,acetylcholine,,,A2,,,,LR
INXXX316,6,vnc_intrinsic,,BR,gaba,,,A5,,,,LR
INXXX317,2,vnc_intrinsic,,BR,glutamate,,,A8,,,,LR
INXXX319,2,vnc_intrinsic,,BR,gaba,,,A9,,,,LR
INXXX320,2,vnc_intrinsic,,BR,gaba,,,A8,,,,LR
INXXX321,8,vnc_intrinsic,,IR,acetylcholine,,,T1,,,,LR
INXXX322,4,vnc_intrinsic,,,acetylcholine,,,A8,,,,LR
INXXX324,2,vnc_intrinsic,,BR,glutamate,,,A8,,,,LR
INXXX326,5,vnc_intrinsic,,BR,unclear,,,A6,,,,LR
INXXX328,4,vnc_intrinsic,,,gaba,,,A9,,,,LR
INXXX329,4,vnc_intrinsic,,BR,glutamate,,,A9,,,,LR
INXXX331,6,vnc_intrinsic,,BR,acetylcholine,,,A2,,,,LR
INXXX332,8,vnc_intrinsic,,BR,gaba,,,A2,,,,LR
INXXX333,2,vnc_intrinsic,,BR,gaba,,,A7,,,,LR
INXXX334,4,vnc_intrinsic,,BR,gaba,,,A8,,,,LR
INXXX335,2,vnc_intrinsic,,BR,gaba,,,A2,,,,LR
INXXX336,2,vnc_intrinsic,,BR,gaba,,,A9,,,,LR
INXXX337,2,vnc_intrinsic,,BI,gaba,,,A2,,,,LR
INXXX339,2,vnc_intrinsic,,BI,acetylcholine,,,A4,,,,LR
INXXX340,2,vnc_intrinsic,,BR,gaba,,,A1,,,,LR
INXXX341,8,vnc_intrinsic,,BI,gaba,,,A2,,,,LR
INXXX343,2,vnc_intrinsic,,BR,gaba,,,A9,,,,LR
INXXX345,2,vnc_intrinsic,,BR,gaba,,,A9,,,,LR
INXXX346,4,vnc_intrinsic,,BR,gaba,,,A6,,,,LR
INXXX347,2,vnc_intrinsic,,II,gaba,,,A1,,,,LR
INXXX348,4,vnc_intrinsic,,IR,gaba,,,A8,,,,LR
INXXX349,2,vnc_intrinsic,,BR,acetylcholine,,,A7,,,,LR
INXXX350,4,vnc_intrinsic,,BR,acetylcholine,,,A5,,,,LR
INXXX351,2,vnc_intrinsic,,BR,gaba,,,A9,,,,LR
INXXX352,4,vnc_intrinsic,,,acetylcholine,,,A8,,,,LR
INXXX353,4,vnc_intrinsic,,BR,acetylcholine,,,A4,,,,LR
INXXX355,2,vnc_intrinsic,,BI,gaba,,,A1,,,,LR
INXXX357,2,vnc_intrinsic,,BR,acetylcholine,,,A9,,,,LR
INXXX359,2,vnc_intrinsic,,BI,gaba,,,A2,,,,LR
INXXX360,3,vnc_intrinsic,,IR,gaba,,,A9,,,,LR
INXXX363,10,vnc_intrinsic,,BR,gaba,,,A4,,,,LR
INXXX364,8,vnc_intrinsic,,BR,unclear,,,A3,,,,LR
INXXX365,4,vnc_intrinsic,,BI,acetylcholine,,,A2,,,,LR
INXXX369,7,vnc_intrinsic,,BR,gaba,,,A6,,,,LR
INXXX370,5,vnc_intrinsic,,BR,acetylcholine,,,A6,,,,LR
INXXX372,4,vnc_intrinsic,,BR,gaba,,,A3,,,,LR
INXXX373,4,vnc_intrinsic,,IR,acetylcholine,,,A2,,,,LR
INXXX374,2,vnc_intrinsic,,BR,gaba,,,A9,,,,LR
INXXX376,1,vnc_intrinsic,,BR,acetylcholine,,,A2,,,,L
INXXX377,6,vnc_intrinsic,,BR,glutamate,,,A1,,,,LR
INXXX378,4,vnc_intrinsic,,BR,glutamate,,,A8,,,,LR
INXXX379,2,vnc_intrinsic,,BR,acetylcholine,,,A9,,,,LR
INXXX381,2,vnc_intrinsic,,BR,acetylcholine,,,A7,,,,LR
INXXX382_b,4,vnc_intrinsic,,BR,gaba,,,A5,,,,LR
INXXX383,1,vnc_intrinsic,,BI,gaba,,,A1,,,,R
INXXX385,3,vnc_intrinsic,,BR,gaba,,,A9,,,,LR
INXXX386,6,vnc_intrinsic,,BR,glutamate,,,A5,,,,LR
INXXX387,4,vnc_intrinsic,,BI,acetylcholine,,,A1,,,,LR
INXXX388,2,vnc_intrinsic,,BR,gaba,,,A9,,,,LR
INXXX390,2,vnc_intrinsic,,BR,gaba,,,A2,,,,LR
INXXX391,2,vnc_intrinsic,,BI,gaba,,,A1,,,,LR
INXXX393,2,vnc_intrinsic,,BR,acetylcholine,,,A9,,,,LR
INXXX394,4,vnc_intrinsic,,BR,gaba,,,A6,,,,LR
INXXX395,4,vnc_intrinsic,,BR,gaba,,,A5,,,,LR
INXXX396,10,vnc_intrinsic,,BR,gaba,,,A5,,,,LR
INXXX397,4,vnc_intrinsic,,BR,gaba,,,A2,,,,LR
INXXX399,4,vnc_intrinsic,,BR,gaba,,,A4,,,,LR
INXXX400,4,vnc_intrinsic,,IR,acetylcholine,,,A3,,,,LR
INXXX401,2,vnc_intrinsic,,BR,gaba,,,A7,,,,LR
INXXX402,6,vnc_intrinsic,,BR,acetylcholine,,,A3,,,,LR
INXXX403,2,vnc_intrinsic,,BR,gaba,,,A7,,,,LR
INXXX405,6,vnc_intrinsic,,,acetylcholine,,,A9,,,,LR
INXXX406,4,vnc_intrinsic,,BR,gaba,,,A4,,,,LR
INXXX407,4,vnc_intrinsic,,BR,acetylcholine,,,A3,,,,LR
INXXX409,4,vnc_intrinsic,,,gaba,,,A9,,,,LR
INXXX411,4,vnc_intrinsic,,BR,gaba,,,A5,,,,LR
INXXX412,2,vnc_intrinsic,,BR,gaba,,,A2,,,,LR
INXXX414,4,vnc_intrinsic,,BR,acetylcholine,,,A2,,,,LR
INXXX415,6,vnc_intrinsic,,BR,gaba,,,A3,,,,LR
INXXX416,6,vnc_intrinsic,,BR,unclear,,,A5,,,,LR
INXXX417,6,vnc_intrinsic,,BR,gaba,,,A7,,,,LR
INXXX418,4,vnc_intrinsic,,BR,gaba,,,A9,,,,LR
INXXX419,2,vnc_intrinsic,,BI,gaba,,,A3,,,,LR
INXXX420,2,vnc_intrinsic,,BR,unclear,,,A2,,,,LR
INXXX421,3,vnc_intrinsic,,BR,acetylcholine,,,A8,,,,LR
INXXX423,2,vnc_intrinsic,,BI,acetylcholine,,,A2,,,,LR
INXXX424,4,vnc_intrinsic,,BR,gaba,,,A6,,,,LR
INXXX425,2,vnc_intrinsic,,BI,acetylcholine,,,A7,,,,LR
INXXX426,4,vnc_intrinsic,,BR,gaba,,,A3,,,,LR
INXXX427,4,vnc_intrinsic,,IR,acetylcholine,,,T3,,,,LR
INXXX428,4,vnc_intrinsic,,BR,gaba,,,A4,,,,LR
INXXX429,12,vnc_intrinsic,,BR,gaba,,,A3,,,,LR
INXXX431,12,vnc_intrinsic,,IR,acetylcholine,,,A8,,,,LR
INXXX436,10,vnc_intrinsic,,BR,gaba,,,A7,,,,LR
INXXX437,4,vnc_intrinsic,,BI,gaba,,,A1,,,,LR
INXXX438,4,vnc_intrinsic,,BR,gaba,,,A3,,,,LR
INXXX440,8,vnc_intrinsic,,BR,gaba,,,A5,,,,LR
INXXX441,4,vnc_intrinsic,,BR,unclear,,,A6,,,,LR
INXXX442,4,vnc_intrinsic,,BR,acetylcholine,,,A8,,,,LR
INXXX443,6,vnc_intrinsic,,BR,gaba,,,A4,,,,LR
INXXX444,2,vnc_intrinsic,,BR,glutamate,,,A3,,,,LR
INXXX446,23,vnc_intrinsic,,,acetylcholine,,,A8,,,,LR
"INXXX447,INXXX449",4,vnc_intrinsic,,,gaba,,,A2,,,,LR
INXXX448,19,vnc_intrinsic,,,gaba,,,A7,,,,LR
INXXX450,4,vnc_intrinsic,,BR,gaba,,,A3,,,,LR
INXXX452,7,vnc_intrinsic,,BR,gaba,,,A5,,,,LR
INXXX454,7,vnc_intrinsic,,,acetylcholine,,,A8,,,,LR
INXXX456,2,vnc_intrinsic,,BR,acetylcholine,,,A8,,,,LR
INXXX460,4,vnc_intrinsic,,BR,gaba,,,A2,,,,LR
INXXX464,6,vnc_intrinsic,,IR,acetylcholine,,,T2,,,,LR
INXXX466,6,vnc_intrinsic,,IR,acetylcholine,,,T1,,,,LR
INXXX468,12,vnc_intrinsic,,IR,acetylcholine,,,T1,,,,LR
INXXX471,4,vnc_intrinsic,,IR,gaba,,,T2,,,,LR
INXXX472,2,vnc_intrinsic,,BI,gaba,,,A1,,,,LR
INXXX473,4,vnc_intrinsic,,BR,gaba,,,A5,,,,LR
INXXX474,4,vnc_intrinsic,,BR,gaba,,,A3,,,,LR
IPC,16,cb_endocrine,,,unclear,,fru_high,,"PI1,PI2,PI3",IPC,,LR
IPS001,10,cb_intrinsic,,,gaba,,fru_low,LB,,"CB1438,CB1496,CB2949",Cachero 2010: pSG-a,LR
ISN,4,cb_intrinsic,,,acetylcholine,,,,,ISN,,LR
ITP,7,cb_endocrine,,,unclear,,,,,ITP,,LR
IbSpsP,31,cb_intrinsic,CX,,acetylcholine,,,,IbSpsP,IbSpsP,,LR
JO-A-unclear,24,cb_sensory,mechanosensory,auditory,,,,,,JO-A,,?
JO-A1,8,cb_sensory,mechanosensory,auditory,acetylcholine,,,,,JO-A1,,?
JO-A2,13,cb_sensory,mechanosensory,auditory,acetylcholine,,,,,JO-A2,,?
JO-A3,2,cb_sensory,mechanosensory,auditory,acetylcholine,,,,,JO-A3,,?
JO-A4,3,cb_sensory,mechanosensory,auditory,acetylcholine,,,,,JO-A4,,?
JO-B-unclear,13,cb_sensory,mechanosensory,auditory,unclear,,,,,JO-B,,?
JO-B1_a,17,cb_sensory,mechanosensory,auditory,acetylcholine,,,,,JO-B1_a,,?
JO-B1_b,12,cb_sensory,mechanosensory,auditory,acetylcholine,,,,,JO-B1_b,,?
JO-B1_c,10,cb_sensory,mechanosensory,auditory,acetylcholine,,,,,JO-B1_c,,?
JO-B2,9,cb_sensory,mechanosensory,wind_gravity,acetylcholine,,,,,JO-B2,,?
JO-B3,12,cb_sensory,mechanosensory,wind_gravity,acetylcholine,,,,,JO-B3,,?
JO-B4_a,3,cb_sensory,mechanosensory,wind_gravity,acetylcholine,,,,,JO-B4_a,,?
JO-B4_b,12,cb_sensory,mechanosensory,wind_gravity,acetylcholine,,,,,JO-B4_b,,?
JO-CA1,10,cb_sensory,mechanosensory,wind_gravity,acetylcholine,,,,,JO-CA1,,?
JO-CA2,9,cb_sensory,mechanosensory,auditory,acetylcholine,,,,,JO-CA2,,?
JO-CL,19,cb_sensory,mechanosensory,wind_gravity,acetylcholine,,,,,JO-CL,,?
JO-CM,30,cb_sensory,mechanosensory,wind_gravity,acetylcholine,,,,,JO-CM,,?
JO-DA,5,cb_sensory,mechanosensory,wind_gravity,acetylcholine,,,,,JO-DA,,?
JO-DP,3,cb_sensory,mechanosensory,wind_gravity,acetylcholine,,,,,JO-DP,,?
JO-ED1,18,cb_sensory,mechanosensory,wind_gravity,acetylcholine,,,,,JO-ED1,,?
JO-ED2_a,38,cb_sensory,mechanosensory,wind_gravity,acetylcholine,,,,,JO-ED2_a,,?
JO-ED2_b,21,cb_sensory,mechanosensory,wind_gravity,acetylcholine,,,,,JO-ED2_b,,?
JO-ED2_c,14,cb_sensory,mechanosensory,wind_gravity,acetylcholine,,,,,JO-ED2_c,,?
JO-EV1,50,cb_sensory,mechanosensory,wind_gravity,acetylcholine,,,,,JO-EV1,,?
JO-EV2,36,cb_sensory,mechanosensory,wind_gravity,acetylcholine,,,,,JO-EV2,,?
JO-EV3,45,cb_sensory,mechanosensory,wind_gravity,acetylcholine,,,,,JO-EV3,,?
JO-EV4,1,cb_sensory,mechanosensory,wind_gravity,acetylcholine,,,,,JO-EV4,,?
JO-EV5,23,cb_sensory,mechanosensory,wind_gravity,acetylcholine,,,,,JO-EV5,,?
JO-EV6,21,cb_sensory,mechanosensory,wind_gravity,acetylcholine,,,,,JO-EV6,,?
JO-FD1,4,cb_sensory,mechanosensory,grooming,acetylcholine,,,,,JO-FD1,,?
JO-FD2,4,cb_sensory,mechanosensory,wind_gravity,acetylcholine,,,,,JO-FD2,,?
JO-FV,70,cb_sensory,mechanosensory,grooming,acetylcholine,,,,,JO-FV,,?
JO-mz,11,cb_sensory,mechanosensory,,acetylcholine,,,,,JO-mz,,?
JO-unclear,102,cb_sensory,mechanosensory,wind_gravity,acetylcholine,,,,,,,?
KC,2,cb_intrinsic,Kenyon_Cell,,acetylcholine,,,,,,,LR
KCa'b'-ap1,199,cb_intrinsic,Kenyon_Cell,,acetylcholine,,,,KCa'b'-ap1,KCapbp-ap1,,LR
KCa'b'-ap2,291,cb_intrinsic,Kenyon_Cell,,acetylcholine,,,,KCa'b'-ap2,KCapbp-ap2,,LR
KCa'b'-m,205,cb_intrinsic,Kenyon_Cell,,acetylcholine,,,,KCa'b'-m,KCapbp-m,,LR
KCab-c,488,cb_intrinsic,Kenyon_Cell,,acetylcholine,,,,"KCab-m,KCab-c,KCab-s",KCab,,LR
KCab-m,536,cb_intrinsic,Kenyon_Cell,,acetylcholine,,,,"KCab-m,KCab-c,KCab-s",KCab,,LR
KCab-p,129,cb_intrinsic,Kenyon_Cell,,acetylcholine,,,,KCab-p,KCab-p,,LR
KCab-s,657,cb_intrinsic,Kenyon_Cell,,acetylcholine,,,,"KCab-m,KCab-c,KCab-s",KCab,,LR
KCg,1,cb_intrinsic,Kenyon_Cell,,acetylcholine,,,,,,,L
KCg-d,206,cb_intrinsic,Kenyon_Cell,,acetylcholine,,,,KCg-d,KCg-d,,LR
KCg-m,1342,cb_intrinsic,Kenyon_Cell,,acetylcholine,,,,KCg-m,KCg-m,,LR
KCg-s1,2,cb_intrinsic,Kenyon_Cell,,acetylcholine,,,,KCg-s1,KCg-s1,,LR
KCg-s2,2,cb_intrinsic,Kenyon_Cell,,acetylcholine,,,,KCg-s2,KCg-s2,,LR
KCg-s3,2,cb_intrinsic,Kenyon_Cell,,acetylcholine,,,,KCg-m,KCg-m,,LR
KCg-s4,2,cb_intrinsic,Kenyon_Cell,,acetylcholine,,,,KCg-m,KCg-m,,LR
L1,1776,ol_intrinsic,,,glutamate,,,,,L1,,LR
L2,1779,ol_intrinsic,,,acetylcholine,,,,,L2,,LR
L3,1772,ol_intrinsic,,,acetylcholine,,,,,L3,,LR
L4,1770,ol_intrinsic,,,acetylcholine,,,,,L4,,LR
L5,1787,ol_intrinsic,,,acetylcholine,,,,,L5,,LR
LAL001,2,cb_intrinsic,,,glutamate,,,,LAL001,LAL001,,LR
LAL002,2,cb_intrinsic,,,glutamate,,,,LAL002,LAL002,,LR
LAL003,4,cb_intrinsic,,,acetylcholine,,fru_high,,"LAL003,LAL044","LAL003,LAL044",Cachero 2010: aSP-j; Yu 2010: aSP12,LR
LAL004,1,cb_intrinsic,,,acetylcholine,,fru_high,,LAL004,LAL004,,L
LAL006,6,cb_intrinsic,,,acetylcholine,,,,LAL006,LAL006,,LR
LAL007,2,cb_intrinsic,,,acetylcholine,,,,LAL007,LAL007,,LR
LAL008,2,cb_intrinsic,,,glutamate,,,,LAL008,LAL008,,LR
LAL009,2,cb_intrinsic,,,acetylcholine,,,,LAL009,LAL009,,LR
LAL010,2,cb_intrinsic,,,acetylcholine,,,,LAL010,LAL010,,LR
LAL011,2,cb_intrinsic,,,acetylcholine,,,,LAL011,LAL011,,LR
LAL012,2,cb_intrinsic,,,acetylcholine,,,,LAL012,LAL012,,LR
LAL013,2,cb_intrinsic,,,acetylcholine,,,,LAL013,LAL013,,LR
LAL014,2,cb_intrinsic,,,acetylcholine,,,,LAL014,LAL014,,LR
LAL015,2,cb_intrinsic,,,acetylcholine,,,,LAL015,LAL015,,LR
LAL016,2,cb_intrinsic,,,acetylcholine,,,,LAL016,LAL016,,LR
LAL017,2,cb_intrinsic,,,acetylcholine,,,,LAL017,LAL017,,LR
LAL018,2,cb_intrinsic,,,acetylcholine,,,,LAL018,LAL018,,LR
LAL019,4,cb_intrinsic,,,acetylcholine,,,,LAL019,LAL019,,LR
LAL020,4,cb_intrinsic,,,acetylcholine,,,,LAL020,LAL020,,LR
LAL021,8,cb_intrinsic,,,acetylcholine,,,,LAL021,LAL021,,LR
LAL022,6,cb_intrinsic,,,acetylcholine,,,,LAL022,LAL022,,LR
LAL023,4,cb_intrinsic,,,acetylcholine,,fru_low,,LAL023,LAL023,Cachero 2010: aSP-d; Yu 2010: aSP13,LR
LAL024,2,cb_intrinsic,,,acetylcholine,,fru_low,,LAL024,LAL024,Cachero 2010: aSP-d; Yu 2010: aSP13,LR
LAL025,5,cb_intrinsic,,,acetylcholine,,,,LAL025,LAL025,,LR
LAL026_a,2,cb_intrinsic,,,acetylcholine,,,,LAL026,"CB2418,LAL026",,LR
LAL026_b,2,cb_intrinsic,,,acetylcholine,,,,LAL026,"CB2418,LAL026",,LR
LAL027,2,cb_intrinsic,,,acetylcholine,,fru_low,,LAL027,"AOTU015b,LAL027",Cachero 2010: aSP-d; Yu 2010: aSP13,LR
LAL028,3,cb_intrinsic,,,acetylcholine,,fru_low,,LAL028,"LAL028,LAL029",Cachero 2010: aSP-d; Yu 2010: aSP13,LR
LAL029_a,2,cb_intrinsic,,,acetylcholine,,fru_low,,LAL029,"LAL028,LAL029",Cachero 2010: aSP-d; Yu 2010: aSP13,LR
LAL029_b,2,cb_intrinsic,,,acetylcholine,,fru_low,,LAL029,"LAL028,LAL029",Cachero 2010: aSP-d; Yu 2010: aSP13,LR
LAL029_c,2,cb_intrinsic,,,acetylcholine,,fru_low,,LAL029,"LAL028,LAL029",Cachero 2010: aSP-d; Yu 2010: aSP13,LR
LAL029_d,2,cb_intrinsic,,,acetylcholine,,fru_low,,LAL029,"LAL028,LAL029",Cachero 2010: aSP-d; Yu 2010: aSP13,LR
LAL029_e,2,cb_intrinsic,,,acetylcholine,,fru_low,,LAL029,"LAL028,LAL029",Cachero 2010: aSP-d; Yu 2010: aSP13,LR
LAL030_a,6,cb_intrinsic,,,acetylcholine,,,,LAL030_a,LAL030b,,LR
LAL030_b,6,cb_intrinsic,,,acetylcholine,,,,LAL030_b,LAL030d,,LR
LAL030d,2,cb_intrinsic,,,acetylcholine,,fru_low,,,LAL030d,Cachero 2010: aSP-d; Yu 2010: aSP13,LR
LAL031,4,cb_intrinsic,,,acetylcholine,,,,LAL031,LAL031,,LR
LAL032,2,cb_intrinsic,,,acetylcholine,,fru_low,,LAL032,"LAL034,CB2120",Cachero 2010: aSP-d; Yu 2010: aSP13,LR
LAL034,8,cb_intrinsic,,,acetylcholine,,fru_low,,LAL034,"LAL034,CB2120",Cachero 2010: aSP-d; Yu 2010: aSP13,LR
LAL035,4,cb_intrinsic,,,acetylcholine,,fru_low,,LAL035,LAL035,Cachero 2010: aSP-d; Yu 2010: aSP13,LR
LAL037,4,cb_intrinsic,,,acetylcholine,,fru_low,,LAL037,LAL037,Cachero 2010: aSP-d; Yu 2010: aSP13,LR
LAL040,2,cb_intrinsic,,,gaba,,,,LAL040,LAL040,,LR
LAL042,2,cb_intrinsic,,,glutamate,,,,LAL042,LAL042,,LR
LAL043_a,4,cb_intrinsic,,,unclear,,,,LAL043,LAL043a,,LR
LAL043_b,2,cb_intrinsic,,,unclear,,,,LAL043,LAL043a,,LR
LAL043_c,2,cb_intrinsic,,,gaba,,,,LAL043,LAL043c,,LR
LAL043_d,2,cb_intrinsic,,,gaba,,,,LAL043,LAL043c,,LR
LAL043_e,2,cb_intrinsic,,,gaba,,,,LAL043,LAL043b,,LR
LAL045,2,cb_intrinsic,,,gaba,,fru_low,,LAL045,LAL045,fru-M-700017,LR
LAL046,2,cb_intrinsic,,,gaba,,,,LAL046,LAL046,,LR
LAL047,2,cb_intrinsic,,,gaba,,,,LAL047,LAL047,,LR
LAL048,10,cb_intrinsic,,,gaba,,,,LAL048,LAL048,,LR
LAL049,2,cb_intrinsic,,,gaba,,,,LAL049,LAL049,,LR
LAL050,8,cb_intrinsic,,,gaba,,fru_low,,"LAL050,LAL062",CB3033,,LR
LAL051,2,cb_intrinsic,,,glutamate,,,,LAL051,LAL051,,LR
LAL052,2,cb_intrinsic,,,glutamate,,,,LAL052,LAL052,,LR
LAL053,2,cb_intrinsic,,,glutamate,,,,LAL053,LAL053,,LR
LAL054,2,cb_intrinsic,,,glutamate,,,,LAL054,LAL054,,LR
LAL055,2,cb_intrinsic,,,acetylcholine,,,,LAL055,LAL055,,LR
LAL056,6,cb_intrinsic,,,gaba,,,,LAL056,LAL056b,,LR
LAL059,6,cb_intrinsic,,,gaba,,fru_high,,LAL059,LAL059b,Cachero 2010: aIP-h,LR
LAL060_a,7,cb_intrinsic,,,gaba,,fru_low,,LAL060,CB1750,,LR
LAL060_b,6,cb_intrinsic,,,gaba,,,,LAL060,CB2460,,LR
LAL061,7,cb_intrinsic,,,gaba,,,,LAL061,CB2002,,LR
LAL063,2,cb_intrinsic,,,gaba,,fru_high,,LAL063,CB2675,Cachero 2010: aIP-h,LR
LAL064,4,cb_intrinsic,,,acetylcholine,,,,WEDPN7C,LAL064,,LR
LAL067,8,cb_intrinsic,,,gaba,,fru_low,,LAL067,"CB1761,CB2741",,LR
LAL071,8,cb_intrinsic,,,gaba,,fru_low,,LAL071,"CB1587,CB2683",,LR
LAL072,2,cb_intrinsic,,,glutamate,,,,LAL072,LAL072,,LR
LAL073,2,cb_intrinsic,,,glutamate,,fru_low,,LAL073,LAL073,"fru-M-300269,fru-M-400076",LR
LAL074,2,cb_intrinsic,,,glutamate,,fru_high,,LAL074,"LAL074,LAL084",fru-M-000206,LR
LAL075,2,cb_intrinsic,,,glutamate,,fru_high,,LAL075,LAL075,"fru-M-000163,fru-M-100145,fru-M-200245",LR
LAL076,2,cb_intrinsic,,,glutamate,,,,LAL076,LAL076,,LR
LAL081,2,cb_intrinsic,,,acetylcholine,,,,LAL081,LAL081,,LR
LAL082,2,cb_intrinsic,,,unclear,,,,LAL082,LAL082,,LR
LAL083,4,cb_intrinsic,,,glutamate,,,,LAL083,CB0757,,LR
LAL084,2,cb_intrinsic,,,glutamate,,fru_low,,LAL084,"LAL074,LAL084","fru-M-000011,fru-M-100094,fru-M-100172",LR
LAL085,4,cb_intrinsic,,,glutamate,,,,LAL085,LAL085,,LR
LAL086,4,cb_intrinsic,,,glutamate,,,,LAL086,LAL086,,LR
LAL087,10,cb_intrinsic,,,glutamate,,,,LAL087,LAL087,,LR
LAL088,3,cb_intrinsic,,,glutamate,,,,LAL088,LAL088,,LR
LAL089,6,cb_intrinsic,,,glutamate,,,,LAL089,LAL089,,LR
LAL090,10,cb_intrinsic,,,glutamate,,,,LAL090,LAL090c,,LR
LAL093,4,cb_intrinsic,,,glutamate,,,,LAL093,LAL093a,,LR
LAL094,19,cb_intrinsic,,,glutamate,,,,LAL094,LAL094a,,LR
LAL096,16,cb_intrinsic,,,glutamate,,fru_low,,"LAL096,LAL097","LAL096,LAL097",Cachero 2010: aSP-i; Yu 2010: aSP11,LR
LAL098,2,cb_intrinsic,,,gaba,,,,LAL098,LAL098,,LR
LAL099,2,cb_intrinsic,,,gaba,,,,LAL099,LAL099,,LR
LAL100,2,cb_intrinsic,,,gaba,,,,LAL100,LAL100,,LR
LAL101,2,cb_intrinsic,,,gaba,,,,LAL101,LAL101,,LR
LAL102,2,cb_intrinsic,,,gaba,,,,LAL102,LAL102,,LR
LAL104,4,cb_intrinsic,,,gaba,,,,"LAL104,LAL105","LAL104,LAL105",,LR
LAL108,2,cb_intrinsic,,,glutamate,,,,LAL108,"LAL125,LAL108",,LR
LAL109,4,cb_intrinsic,,,gaba,,,,LAL109,"LAL103,LAL109",,LR
LAL110,10,cb_intrinsic,,,acetylcholine,,,,LAL110,LAL110,,LR
LAL111,2,cb_intrinsic,,,gaba,,,,LAL111,"LAL111,PS060",,LR
LAL112,4,cb_intrinsic,,,gaba,,,,LAL112,LAL112,,LR
LAL113,4,cb_intrinsic,,,gaba,,,,LAL113,LAL113,,LR
LAL114,2,cb_intrinsic,,,acetylcholine,,,,LAL114,LAL114,,LR
LAL115,2,cb_intrinsic,,,acetylcholine,,,,LAL115,LAL115,,LR
LAL116,2,cb_intrinsic,,,acetylcholine,,,,LAL116,LAL116,,LR
LAL117,4,cb_intrinsic,,,acetylcholine,,fru_low,,LAL117,LAL117,fru-M-800090,LR
LAL119,2,cb_intrinsic,,,acetylcholine,,,,LAL119,LAL119,,LR
LAL120_a,2,cb_intrinsic,,,glutamate,,fru_low,,LAL120,LAL120,,LR
LAL120_b,2,cb_intrinsic,,,glutamate,,fru_high,,LAL120,LAL120,fru-M-500125,LR
LAL121,2,cb_intrinsic,,,glutamate,,,,LAL121,LAL121,,LR
LAL122,2,cb_intrinsic,,,glutamate,,,,LAL122,LAL122,,LR
LAL123,2,cb_intrinsic,,,unclear,,,,LAL123,LAL123,,LR
LAL124,2,cb_intrinsic,,,glutamate,,,,LAL124,LAL124,,LR
LAL125,2,cb_intrinsic,,,glutamate,,,,LAL125,"LAL125,LAL108",,LR
LAL126,4,cb_intrinsic,,,glutamate,,fru_low,,LAL126,LAL126,fru-M-200330,LR
LAL127,4,cb_intrinsic,,,gaba,,,,LAL127,LAL127,,LR
LAL128,2,cb_intrinsic,,,dopamine,,,CG,LAL128,LAL128,,LR
LAL129,2,cb_intrinsic,,,acetylcholine,,,,LAL129,LAL129,,LR
LAL130,2,cb_intrinsic,,,acetylcholine,,fru_low,,LAL130,LAL130,Cachero 2010: pMP-a; Yu 2010: pMP5,LR
LAL131,4,cb_intrinsic,,,glutamate,,,CG,LAL131,LAL131b,,LR
LAL132_a,2,cb_intrinsic,,,glutamate,,,CG,LAL132,LAL132a,,LR
LAL132_b,2,cb_intrinsic,,,glutamate,,,CG,LAL132,LAL132b,,LR
LAL133_a,2,cb_intrinsic,,,glutamate,,,CG,LAL133,LAL133a,,LR
LAL133_b,2,cb_intrinsic,,,glutamate,,,CG,LAL133,LAL133a,,LR
LAL133_c,2,cb_intrinsic,,,glutamate,,,CG,LAL133,LAL133b,,LR
LAL133_d,2,cb_intrinsic,,,glutamate,,,CG,LAL133,LAL133b,,LR
LAL133_e,2,cb_intrinsic,,,glutamate,,,CG,LAL133,LAL133a,,LR
LAL134,2,cb_intrinsic,,,gaba,,,,LAL134,"SMP544,LAL134",,LR
LAL135,2,cb_intrinsic,,,acetylcholine,,,,LAL135,LAL135,,LR
LAL136_a,5,cb_intrinsic,,,acetylcholine,,,,LAL136_a,CB2341,,LR
LAL136_b,7,cb_intrinsic,,,acetylcholine,,,,LAL136_b,CB1355,,LR
LAL137,2,cb_intrinsic,,,acetylcholine,,,,LAL137,LAL137,,LR
LAL138,2,cb_intrinsic,,,gaba,,fru_low,,LAL138,LAL138,fru-M-100201,LR
LAL139,2,cb_intrinsic,,,gaba,,,CG,LAL139,LAL139,,LR
LAL140,2,cb_intrinsic,,,gaba,,,,LAL140,LAL140,,LR
LAL141,2,cb_intrinsic,,,acetylcholine,,,,LAL141,LAL141,,LR
LAL142,2,cb_intrinsic,,,gaba,,,,LAL142,LAL142,,LR
LAL143,2,cb_intrinsic,,,gaba,,,CG,LAL143,LAL143,,LR
LAL144,6,cb_intrinsic,,,acetylcholine,,dsx_low,CG,LAL144,LAL144b,"Lee 2002, Rideout 2010: pC2; Robinett 2010, Nojima 2021: pC2m",LR
LAL145,4,cb_intrinsic,,,acetylcholine,,,,LAL145,LAL145,,LR
LAL146,2,cb_intrinsic,,,glutamate,,,,LAL146,LAL146,,LR
LAL147_a,4,cb_intrinsic,,,glutamate,,,,LAL147,"LAL147a,LAL147b",,LR
LAL147_b,2,cb_intrinsic,,,glutamate,,,,LAL147,LAL147c,,LR
LAL147_c,2,cb_intrinsic,,,glutamate,,,,LAL147,"LAL147a,LAL147b",,LR
LAL148,2,cb_intrinsic,,,glutamate,,,,LAL148,LAL148,,LR
LAL149,4,cb_intrinsic,,,glutamate,,,,LAL149,LAL149,,LR
LAL150,10,cb_intrinsic,,,glutamate,,,,LAL150,LAL150a,,LR
LAL151,2,cb_intrinsic,,,glutamate,,,,LAL151,LAL151,,LR
LAL152,2,cb_intrinsic,,,acetylcholine,,,CG,LAL152,LAL152,,LR
LAL153,2,cb_intrinsic,,,acetylcholine,,fru_low,CG,LAL153,LAL153,,LR
LAL154,2,cb_intrinsic,,,acetylcholine,,,,LAL154,LAL154,,LR
LAL155,4,cb_intrinsic,,,acetylcholine,,,,LAL155,LAL155,,LR
LAL156_a,2,cb_intrinsic,,,acetylcholine,,,,LAL156,LAL156a,,LR
LAL156_b,2,cb_intrinsic,,,acetylcholine,,,,LAL156,LAL156b,,LR
LAL157,2,cb_intrinsic,,,acetylcholine,,,,LAL157,LAL157,,LR
LAL158,2,cb_intrinsic,,,acetylcholine,,,,LAL158,LAL158,,LR
LAL159,2,cb_intrinsic,,,acetylcholine,,,,LAL159,LAL159,,LR
LAL160,2,cb_intrinsic,,,acetylcholine,,,,LAL160,"LAL160,LAL161",,LR
LAL161,2,cb_intrinsic,,,acetylcholine,,,,LAL161,"LAL160,LAL161",,LR
LAL162,2,cb_intrinsic,,,acetylcholine,,,,LAL162,LAL162,,LR
LAL163,2,cb_intrinsic,,,acetylcholine,,,,LAL163,"LAL163,LAL164",,LR
LAL164,2,cb_intrinsic,,,acetylcholine,,,,LAL164,"LAL163,LAL164",,LR
LAL165,2,cb_intrinsic,,,acetylcholine,,,,LAL165,LAL165,,LR
LAL166,2,cb_intrinsic,,,acetylcholine,,fru_low,,LAL166,LAL168a,,LR
LAL167,4,cb_intrinsic,,,acetylcholine,,fru_low,,LAL167,LAL167a,,LR
LAL168,2,cb_intrinsic,,,acetylcholine,,fru_low,,LAL168,LAL168b,,LR
LAL169,2,cb_intrinsic,,,acetylcholine,,fru_high,,LAL169,LAL169,"fru-M-100041,fru-M-100119,fru-M-100124,fru-M-200012,fru-M-300055,fru-M-300166,fru-M-400088,fru-M-800081,fru-M-900052",LR
LAL170,2,cb_intrinsic,,,acetylcholine,,,,LAL170,LAL170,,LR
LAL171,2,cb_intrinsic,,,acetylcholine,,,,LAL171,"LAL171,LAL172",,LR
LAL172,2,cb_intrinsic,,,acetylcholine,,,,LAL172,"LAL171,LAL172",,LR
LAL173,4,cb_intrinsic,,,acetylcholine,,,,"LAL173,LAL174","LAL173,LAL174",,LR
LAL175,4,cb_intrinsic,,,acetylcholine,,,,LAL175,LAL175,,LR
LAL176,2,cb_intrinsic,,,acetylcholine,,,,LAL176,"LAL176,LAL177",,LR
LAL177,2,cb_intrinsic,,,acetylcholine,,,,LAL177,"LAL176,LAL177",,LR
LAL179,6,cb_intrinsic,,,acetylcholine,,fru_high,,LAL179,LAL179a,Cachero 2010: pIP-g,LR
LAL180,4,cb_intrinsic,,,acetylcholine,,fru_low,,LAL180,"CB0220,LAL179b",Cachero 2010: pIP-g,LR
LAL181,2,cb_intrinsic,,,acetylcholine,,,,LAL181,LAL181,,LR
LAL182,2,cb_intrinsic,,,acetylcholine,,,,LAL182,LAL182,,LR
LAL183,2,cb_intrinsic,,,acetylcholine,,,,LAL183,LAL183,,LR
LAL184,2,cb_intrinsic,,,acetylcholine,,,,LAL184,LAL184,,LR
LAL185,4,cb_intrinsic,,,acetylcholine,,,,LAL185,LAL185,,LR
LAL186,2,cb_intrinsic,,,acetylcholine,,fru_high,,LAL186,LAL186,Cachero 2010: pIP-i,LR
LAL187,2,cb_intrinsic,,,acetylcholine,,,,LAL187,LAL187,,LR
LAL188_a,4,cb_intrinsic,,,acetylcholine,,,,LAL188,LAL188_a,,LR
LAL188_b,4,cb_intrinsic,,,acetylcholine,,,,LAL188,LAL188_b,,LR
LAL189,6,cb_intrinsic,,,acetylcholine,,,,LAL189,CB1292,,LR
LAL190,2,cb_intrinsic,,,acetylcholine,,,,LAL190,LAL190,,LR
LAL191,2,cb_intrinsic,,,acetylcholine,,,,LAL191,LAL191,,LR
LAL192,2,cb_intrinsic,,,acetylcholine,,,,LAL192,LAL192,,LR
LAL193,2,cb_intrinsic,,,acetylcholine,,,,LAL193,LAL193,,LR
LAL194,4,cb_intrinsic,,,acetylcholine,,,,LAL194,LAL194,,LR
LAL195,2,cb_intrinsic,,,acetylcholine,,fru_low,,LAL195,LAL195,,LR
LAL196,6,cb_intrinsic,,,acetylcholine,,,,LAL196,LAL196,,LR
LAL197,2,cb_intrinsic,,,acetylcholine,,fru_high,,LAL197,LAL197,,LR
LAL198,2,cb_intrinsic,,,acetylcholine,,,,LAL198,LAL198,,LR
LAL199,2,cb_intrinsic,,,acetylcholine,,,,LAL199,LAL199,,LR
LAL200,2,cb_intrinsic,,,acetylcholine,,,,LAL200,LAL200,,LR
LAL203,4,cb_intrinsic,,,acetylcholine,,,,LAL203,LAL203,,LR
LAL204,2,cb_intrinsic,,,acetylcholine,,,,LAL204,CB0100,,LR
LAL205,2,cb_intrinsic,,,gaba,,,,(hb5813054853),CB0688,,LR
LAL206,4,cb_intrinsic,,,glutamate,,,,,"CB0149,CB0663",,LR
LAL207,2,cb_intrinsic,,,gaba,,,,,CB0689,,LR
LAL208,2,cb_intrinsic,,,glutamate,,,,,CB0448,,LR
LAL300m,4,cb_intrinsic,,,acetylcholine,male-specific,dsx_high,CG,,,"Lee 2002, Rideout 2010: pC2; Robinett 2010, Nojima 2021: pC2m",LR
LAL301m,4,cb_intrinsic,,,acetylcholine,male-specific,dsx_high,CG,,,"Lee 2002, Rideout 2010: pC2; Robinett 2010, Nojima 2021: pC2m",LR
LAL302m,8,cb_intrinsic,,,acetylcholine,male-specific,dsx_high,CG,,,"Lee 2002, Rideout 2010: pC2; Robinett 2010, Nojima 2021: pC2m",LR
LAL303m,5,cb_intrinsic,,,acetylcholine,male-specific,dsx_high,CG,,,"Lee 2002, Rideout 2010: pC2; Robinett 2010, Nojima 2021: pC2m",LR
LAL304m,5,cb_intrinsic,,,acetylcholine,male-specific,fru_high,,,,,LR
LA_ME_unclear,3,ol_intrinsic,,,acetylcholine,,,,,,,R
LB1a,11,cb_sensory,gustatory,labellar bristle,acetylcholine,,,,,"LB1a,LB1d",,?
LB1b,6,cb_sensory,gustatory,labellar bristle,unclear,,,,,LB1b,,?
LB1c,16,cb_sensory,gustatory,labellar bristle,acetylcholine,,,,,LB1c,,?
LB1d,5,cb_sensory,gustatory,labellar bristle,acetylcholine,,,,,"LB1a,LB1d",,?
LB1e,19,cb_sensory,gustatory,labellar bristle,acetylcholine,,,,,LB1e,,?
LB2a,4,cb_sensory,gustatory,labellar bristle,acetylcholine,,,,,LB2a-b,,?
LB2b,3,cb_sensory,gustatory,labellar bristle,unclear,,,,,LB2a-b,,?
LB2c,6,cb_sensory,gustatory,labellar bristle,acetylcholine,,,,,LB2c,,?
LB2d,5,cb_sensory,gustatory,labellar bristle,unclear,,,,,LB2d,,?
LB3,1,cb_sensory,gustatory,labellar bristle,unclear,,,,,LB3,,?
LB3a,17,cb_sensory,gustatory,labellar bristle,acetylcholine,,,,,LB3,,?
LB3b,11,cb_sensory,gustatory,labellar bristle,acetylcholine,,,,,LB3,,?
LB3c,23,cb_sensory,gustatory,labellar bristle,acetylcholine,,,,,LB3,,?
LB3d,26,cb_sensory,gustatory,labellar bristle,acetylcholine,,,,,LB3,,?
LB4a,4,cb_sensory,gustatory,labellar bristle,acetylcholine,,,,,LB4a,,?
LB4b,8,cb_sensory,gustatory,labellar bristle,acetylcholine,,,,,LB3,,?
LBL40,2,vnc_intrinsic,,BR,acetylcholine,,,T3,,,,LR
LC10_unclear,11,visual_projection,,,acetylcholine,,,,,,,LR
LC10a,275,visual_projection,,,acetylcholine,,fru_high,,,LC10a,,LR
LC10b,95,visual_projection,,,acetylcholine,,,,,LC10b,,LR
LC10c-1,130,visual_projection,,,acetylcholine,,,,,LC10c,,LR
LC10c-2,125,visual_projection,,,acetylcholine,,,,,LC10c,,LR
LC10d,214,visual_projection,,,acetylcholine,,,,,LC10d,,LR
LC10e,110,visual_projection,,,acetylcholine,,,,,LC10e,,LR
LC11,143,visual_projection,,,acetylcholine,,,,LC11,LC11,,LR
LC12,498,visual_projection,,,acetylcholine,,,,LC12,LC12,,LR
LC13,177,visual_projection,,,acetylcholine,,,,LC13,LC13,,LR
LC14a-1,30,ol_intrinsic,ol_bilateral,,acetylcholine,,,,,LC14a1,,LR
LC14a-2,15,ol_intrinsic,ol_bilateral,,acetylcholine,,fru_low,,,LC14a2,Cachero 2010: pIP-b; Yu 2010: pIP8,LR
LC14b,43,ol_intrinsic,ol_bilateral,,acetylcholine,,,,,LC14b,,LR
LC15,126,visual_projection,,,acetylcholine,,,,LC15,LC15,,LR
LC16,182,visual_projection,,,acetylcholine,,,,LC16,LC16,,LR
LC17,353,visual_projection,,,acetylcholine,,,,LC17,LC17,,LR
LC18,208,visual_projection,,,acetylcholine,,,,LC18,LC18,,LR
LC19,14,visual_projection,,,acetylcholine,,fru_low,,,LC19,Cachero 2010: pIP-b; Yu 2010: pIP8,LR
LC20a,62,visual_projection,,,acetylcholine,,,,,LC20a,,LR
LC20b,79,visual_projection,,,glutamate,,,,,LC20b,,LR
LC21,153,visual_projection,,,acetylcholine,,,,LC21,LC21,,LR
LC22,73,visual_projection,,,acetylcholine,,,,LC22,LC22,,LR
LC23,11,visual_projection,,,acetylcholine,,,,,LCe07,,LR
LC24,94,visual_projection,,,acetylcholine,,,,LC24,LC24,,LR
LC25,56,visual_projection,,,glutamate,,,,LC25,LC25,,LR
LC26,75,visual_projection,,,acetylcholine,,,,LC26,LC26,,LR
LC27,46,visual_projection,,,acetylcholine,,,,LC27,LC27,,LR
LC28,62,visual_projection,,,acetylcholine,,,,"LC28a,LC28b",LC28a,,LR
LC29,40,visual_projection,,,acetylcholine,,,,LC29,LC29,,LR
LC30,57,visual_projection,,,glutamate,,,,"LC25,LC26,LC26,LC25,LC24",LCe02,,LR
LC31a,32,visual_projection,,,acetylcholine,,,,,LC31a,,LR
LC31b,10,visual_projection,,,acetylcholine,,,,,"LC31b,LC31c",,LR
LC33,32,visual_projection,,,glutamate,,fru_low,,,LC33,Cachero 2010: aSP-m,LR
LC34,10,visual_projection,,,acetylcholine,,,,LC34,LC34,,LR
LC35a,10,visual_projection,,,acetylcholine,,,,,LC35,,LR
LC35b,2,visual_projection,,,acetylcholine,,,,,LC35,,LR
LC36,32,visual_projection,,,acetylcholine,,,,,LC36,,LR
LC37,15,visual_projection,,,glutamate,,,,,LC37,,LR
LC39a,6,visual_projection,,,glutamate,,,,,LC39,,LR
LC39b,2,visual_projection,,,glutamate,,,,,LC39,,LR
LC4,126,visual_projection,,,acetylcholine,,,,LC4,LC4,,LR
LC40,34,visual_projection,,,acetylcholine,,,,LC40a,LC40,,LR
LC41,13,visual_projection,,,acetylcholine,,,,,LC41,,LR
LC43,14,visual_projection,,,acetylcholine,,,,LC43,LC43,,LR
LC44,5,visual_projection,,,acetylcholine,,,,LC44,LC44,,LR
LC46b,10,visual_projection,,,acetylcholine,,,,LC46b,LC46,,LR
LC6,124,visual_projection,,,acetylcholine,,,,LC6,LC6,,LR
LC9,219,visual_projection,,,acetylcholine,,,,LC9,LC9,,LR
LCNOp,2,cb_intrinsic,CX,,glutamate,,,CG,LCNOp,LCNOp,,LR
LCNOpm,2,cb_intrinsic,CX,,glutamate,,,CG,LCNOpm,LCNOpm,,LR
LH001m,4,cb_intrinsic,,,acetylcholine,male-specific,fru_high,,,,Cachero 2010: aSP-f; Yu 2010: aSP5; Ruta 2010: DC1,LR
LH002m,9,cb_intrinsic,,,acetylcholine,male-specific,fru_high,,,,Cachero 2010: aSP-f; Yu 2010: aSP5; Ruta 2010: DC1,LR
LH003m,6,cb_intrinsic,,,acetylcholine,male-specific,fru_high,,,,Cachero 2010: aSP-f; Yu 2010: aSP5; Ruta 2010: DC1,LR
LH004m,6,cb_intrinsic,,,gaba,male-specific,fru_high,,,,Ruta 2010: LC1; fru-M-500251,LR
LH005m,2,cb_intrinsic,,,gaba,male-specific,,,LHAV4a1_c,,,LR
LH006m,7,cb_intrinsic,,,acetylcholine,male-specific,fru_high,,,,Cachero 2010: aSP-f; Yu 2010: aSP5; Ruta 2010: DC1,LR
LH007m,8,cb_intrinsic,,,gaba,male-specific,fru_high,,,,Ruta 2010: LC1; fru-M-300124,LR
LH008m,11,cb_intrinsic,,,acetylcholine,male-specific,fru_high,,,,Cachero 2010: aSP-f; Yu 2010: aSP5; Ruta 2010: DC1,LR
LHAD1a1,6,cb_intrinsic,,,acetylcholine,,,,LHAD1a1,LHAD1a1,,LR
LHAD1a2,14,cb_intrinsic,,,acetylcholine,,,,LHAD1a2,LHAD1a2,,LR
LHAD1a3,2,cb_intrinsic,,,acetylcholine,,,,LHAD1a3,"LHAD1a3,LHAD1f5",,LR
LHAD1a4_a,4,cb_intrinsic,,,acetylcholine,,,,LHAD1a4,LHAD1a4a,,LR
LHAD1a4_b,5,cb_intrinsic,,,acetylcholine,,,,LHAD1a4,LHAD1a4b,,LR
LHAD1b1_b,8,cb_intrinsic,,,acetylcholine,,,,LHAD1b1_b,LHAD1b1_b,,LR
LHAD1b2,8,cb_intrinsic,,,acetylcholine,,,,LHAD1b2,CB1245,,LR
LHAD1b2_b,6,cb_intrinsic,,,acetylcholine,,,,LHAD1b2_b,CB1244,,LR
LHAD1b2_d,5,cb_intrinsic,,,acetylcholine,,,,LHAD1b2_d,CB3369,,LR
LHAD1b3,4,cb_intrinsic,,,acetylcholine,,,,LHAD1b3,LHAD1b3,,LR
LHAD1b4,5,cb_intrinsic,,,acetylcholine,,,,LHAD1b4,LHAD1b4,,LR
LHAD1b5,12,cb_intrinsic,,,acetylcholine,,,,LHAD1b5,LHAD1b5,,LR
LHAD1c2,11,cb_intrinsic,,,acetylcholine,,,,LHAD1c2,LHAD1c2c,,LR
LHAD1c2b,2,cb_intrinsic,,,acetylcholine,,,,,LHAD1c2b,,LR
LHAD1c3,5,cb_intrinsic,,,acetylcholine,,,,LHAD1c3,LHAD1c3,,LR
LHAD1d1,8,cb_intrinsic,,,acetylcholine,,,,LHAD1d1,LHAD1d1,,LR
LHAD1d2,4,cb_intrinsic,,,acetylcholine,,,,LHAD1d2,LHAD1d2,,LR
LHAD1f1,7,cb_intrinsic,,,glutamate,,,,LHAD1f1,LHAD1f1a,,LR
LHAD1f2,2,cb_intrinsic,,,glutamate,,,,LHAD1f2,LHAD1f2,,LR
LHAD1f3_a,4,cb_intrinsic,,,glutamate,,,,LHAD1f3_a,"LHAD1f3a,LHAD1f3b",,LR
LHAD1f3_b,5,cb_intrinsic,,,glutamate,,,,LHAD1f3_b,LHAD1f3d,,LR
LHAD1f4,9,cb_intrinsic,,,glutamate,,,,LHAD1f4,LHAD1f4b,,LR
LHAD1f5,4,cb_intrinsic,,,acetylcholine,,,,LHAD1f5,"LHAD1a3,LHAD1f5",,LR
LHAD1g1,2,cb_intrinsic,,,gaba,,,,LHAD1g1,LHAD1g1,,LR
LHAD1h1,2,cb_intrinsic,,,gaba,,,,LHAD1h1,LHAD1h1,,LR
LHAD1i1,6,cb_intrinsic,,,acetylcholine,,,,LHAD1i1,LHAD1i1,,LR
LHAD1i2_b,7,cb_intrinsic,,,acetylcholine,,,,LHAD1i2_b,CB0938,,LR
LHAD1j1,2,cb_intrinsic,,,acetylcholine,,,,LHAD1j1,LHAD1j1,,LR
LHAD1k1,2,cb_intrinsic,,,acetylcholine,,,,LHAD1k1,LHAD1k1,,LR
LHAD2b1,2,cb_intrinsic,,,acetylcholine,,,,LHAD2b1,LHAD2b1,,LR
LHAD2c1,3,cb_intrinsic,,,acetylcholine,,,,LHAD2c1,LHAD2c1,,LR
LHAD2c2,4,cb_intrinsic,,,acetylcholine,,,,LHAD2c2,LHAD2c2,,LR
LHAD2c3,6,cb_intrinsic,,,acetylcholine,,,,LHAD2c3,"LHAD2c3b,LHAD2c3c",,LR
LHAD2d1,2,cb_intrinsic,,,glutamate,,,,LHAD2d1,LHAD2d1,,LR
LHAD2e1,2,cb_intrinsic,,,acetylcholine,,,,LHAD2e1,LHAD2e1,,LR
LHAD2e3,2,cb_intrinsic,,,acetylcholine,,,,LHAD2e3,LHAD2e3,,LR
LHAD3a1,4,cb_intrinsic,,,acetylcholine,,,,LHAD3a1,CB2019,,LR
LHAD3a10,2,cb_intrinsic,,,acetylcholine,,,,LHAD3a10,LHAD3a10,,LR
LHAD3a8,4,cb_intrinsic,,,acetylcholine,,,,LHAD3a8,LHAD3a8,,LR
LHAD3b1_a,2,cb_intrinsic,,,acetylcholine,,,,LHAD3b1_a,CB2980,,LR
LHAD3d4,2,cb_intrinsic,,,acetylcholine,,,,LHAD3d4,LHAD3d4,,LR
LHAD3d5,2,cb_intrinsic,,,acetylcholine,,,,LHAD3d5,CB1864,,LR
LHAD3e1_a,4,cb_intrinsic,,,acetylcholine,,,,LHAD3e1_a,CB2279,,LR
LHAD3f1_a,6,cb_intrinsic,,,acetylcholine,,,,LHAD3f1_a,CB3299,,LR
LHAD3f1_b,4,cb_intrinsic,,,acetylcholine,,,,LHAD3f1_b,CB2552,,LR
LHAD3g1,4,cb_intrinsic,,,glutamate,,,,LHAD3g1,LHAD3g1,,LR
LHAD4a1,2,cb_intrinsic,ALIN,,glutamate,,,,LHAD4a1,LHAD4a1,,LR
LHAV1a1,8,cb_intrinsic,,,acetylcholine,,,CG,LHAV1a1,LHAV1a1,,LR
LHAV1a3,12,cb_intrinsic,,,acetylcholine,,,CG,LHAV1a3,LHAV1a3,,LR
LHAV1a4,7,cb_intrinsic,,,acetylcholine,,,CG,LHAV1a4,CB1667,,LR
LHAV1b1,4,cb_intrinsic,,,acetylcholine,,,CG,LHAV1b1,LHAV1b1,,LR
LHAV1b3,2,cb_intrinsic,,,acetylcholine,,,CG,LHAV1b3,LHAV1b3,,LR
LHAV1d1,4,cb_intrinsic,,,acetylcholine,,,,LHAV1d1,LHAV1d1,,LR
LHAV1d2,10,cb_intrinsic,,,acetylcholine,,,,LHAV1d2,LHAV1d2,,LR
LHAV1e1,2,cb_intrinsic,,,gaba,,,,LHAV1e1,LHAV1e1,,LR
LHAV1f1,9,cb_intrinsic,,,acetylcholine,,,CG,LHAV1f1,CB1491,,LR
LHAV2a2,9,cb_intrinsic,,,acetylcholine,,,,LHAV2a2,CB0997,,LR
LHAV2a3,9,cb_intrinsic,,,acetylcholine,,,,LHAV2a3,LHAV2a3c,,LR
LHAV2a5,3,cb_intrinsic,,,acetylcholine,,,,LHAV2a5,"CB1354,CB2747",,LR
LHAV2b1,8,cb_intrinsic,,,acetylcholine,,,,LHAV2b1,LHAV2b1,,LR
LHAV2b10,7,cb_intrinsic,,,acetylcholine,,,,LHAV2b10,LHAV2b10,,LR
LHAV2b11,4,cb_intrinsic,,,acetylcholine,,,,LHAV2b11,LHAV2b11,,LR
LHAV2b2_a,9,cb_intrinsic,,,acetylcholine,sexually dimorphic,fru_high,,LHAV2b2_a,LHAV2b2a,Cachero 2010: aIP-e; Yu 2010: aSP9; Ruta 2010: LC2,LR
LHAV2b2_b,4,cb_intrinsic,,,acetylcholine,sexually dimorphic,fru_high,,LHAV2b2_b,LHAV2b2a,Cachero 2010: aIP-e; Yu 2010: aSP9; Ruta 2010: LC2,LR
LHAV2b2_c,2,cb_intrinsic,,,acetylcholine,potentially sexually dimorphic,,,LHAV2b2_c,LHAV2b2b,,LR
LHAV2b2_d,2,cb_intrinsic,,,acetylcholine,sexually dimorphic,fru_high,,LHAV2b2,LHAV2b2a,Cachero 2010: aIP-e; Yu 2010: aSP9; Ruta 2010: LC2,LR
LHAV2b3,5,cb_intrinsic,,,acetylcholine,,,,LHAV2b3,CB1182,,LR
LHAV2b4,10,cb_intrinsic,,,acetylcholine,,,,LHAV2b4,"CB2791,CB3092",,LR
LHAV2b5,4,cb_intrinsic,,,acetylcholine,sexually dimorphic,fru_low,,LHAV2b5,CB1843,Cachero 2010: aIP-e; Yu 2010: aSP9; Ruta 2010: LC2,LR
LHAV2b6,6,cb_intrinsic,,,acetylcholine,,,,LHAV2b6,LHAV2b6,,LR
LHAV2b7_a,4,cb_intrinsic,,,acetylcholine,,,,LHAV2b7_a,LHAV2b7_a,,LR
LHAV2b7_b,4,cb_intrinsic,,,acetylcholine,,,,LHAV2b7_b,LHAV2b7_b,,LR
LHAV2b8,2,cb_intrinsic,,,acetylcholine,,,,LHAV2b8,CB1933,,LR
LHAV2b9,2,cb_intrinsic,,,acetylcholine,,,,LHAV2b9,LHAV2b9,,LR
LHAV2c1,17,cb_intrinsic,,,acetylcholine,,,,LHAV2c1,CB2534,,LR
LHAV2d1,2,cb_intrinsic,,,acetylcholine,,,,LHAV2d1,LHAV2d1,,LR
LHAV2e4_b,2,cb_intrinsic,,,acetylcholine,,,,LHAV2e4_b,CB1992,,LR
LHAV2f2_a,1,cb_intrinsic,,,gaba,,,,LHAV2f2_a,LHAV2f2_a,,L
LHAV2f2_b,6,cb_intrinsic,,,gaba,,,,LHAV2f2_b,LHAV2f2_b,,LR
LHAV2g1,4,cb_intrinsic,,,acetylcholine,,,,LHAV2g1,LHAV2g1a,,LR
LHAV2g2_a,7,cb_intrinsic,,,acetylcholine,,,,LHAV2g2_a,LHAV2g2_a,,LR
LHAV2g2_b,3,cb_intrinsic,,,acetylcholine,,,,LHAV2g2_b,LHAV2g2_b,,LR
LHAV2g3,6,cb_intrinsic,,,acetylcholine,,,,LHAV2g3,LHAV2g3,,LR
LHAV2g5,4,cb_intrinsic,,,acetylcholine,,,,LHAV2g5,LHAV2g5,,LR
LHAV2g6,3,cb_intrinsic,,,acetylcholine,,,,LHAV2g6,CB0379,,LR
LHAV2h1,13,cb_intrinsic,,,acetylcholine,,,,LHAV2h1,CB1100,,LR
LHAV2i4,5,cb_intrinsic,,,acetylcholine,,,,LHAV2i4,CB2129,,LR
LHAV2j1,2,cb_intrinsic,,,acetylcholine,,,,LHAV2j1,CB2650,,LR
LHAV2k1,6,cb_intrinsic,,,acetylcholine,,,,LHAV2k1,CB1437,,LR
LHAV2k10,2,cb_intrinsic,,,acetylcholine,,,,LHAV2k10,LHAV2k10,,LR
LHAV2k11_a,2,cb_intrinsic,,,acetylcholine,,,,LHAV2k11_a,CB1663,,LR
LHAV2k12_a,4,cb_intrinsic,,,acetylcholine,,,,LHAV2k12_a,CB1531,,LR
LHAV2k12_b,2,cb_intrinsic,,,acetylcholine,,,,LHAV2k12_b,CB1113,,LR
LHAV2k13,2,cb_intrinsic,,,acetylcholine,,,,LHAV2k13,LHAV2k13,,LR
LHAV2k5,5,cb_intrinsic,,,acetylcholine,,,,LHAV2k5,CB1305,,LR
LHAV2k6,2,cb_intrinsic,,,acetylcholine,,,,LHAV2k6,LHAV2k6,,LR
LHAV2k8,2,cb_intrinsic,,,acetylcholine,,,,LHAV2k8,LHAV2k8,,LR
LHAV2k9,8,cb_intrinsic,,,acetylcholine,,,,LHAV2k9,CB1106,,LR
LHAV2m1,4,cb_intrinsic,,,gaba,,fru_low,,LHAV2m1,LHAV2m1,Cachero 2010: pSP-f,LR
LHAV2n1,2,cb_intrinsic,,,gaba,,,,LHAV2n1,LHAV2n1,,LR
LHAV2o1,2,cb_intrinsic,,,acetylcholine,,,,LHAV2o1,LHAV2o1,,LR
LHAV2p1,2,cb_intrinsic,,,acetylcholine,,,,LHAV2p1,LHAV2p1,,LR
LHAV3a1_b,4,cb_intrinsic,,,acetylcholine,,,CG,LHAV3a1_b,LHAV3a1,,LR
LHAV3a1_c,2,cb_intrinsic,,,acetylcholine,,,,LHAV3a1_c,LHAV3a1_c,,LR
LHAV3b1,7,cb_intrinsic,,,acetylcholine,,,CG,LHAV3b1,CB1665,,LR
LHAV3b12,2,cb_intrinsic,,,acetylcholine,,,CG,LHAV3b12,LHAV3b12,,LR
LHAV3b13,4,cb_intrinsic,,,acetylcholine,,,CG,LHAV3b13,"CB1240,CB3467",,LR
LHAV3b2_a,4,cb_intrinsic,,,acetylcholine,,,CG,LHAV3b2_a,CB2759,,LR
LHAV3b2_b,4,cb_intrinsic,,,acetylcholine,,,CG,LHAV3b2_b,CB2887,,LR
LHAV3b2_c,4,cb_intrinsic,,,acetylcholine,,,CG,LHAV3b2_c,CB1184a,,LR
LHAV3b6_b,4,cb_intrinsic,,,acetylcholine,,,CG,,CB1512,,LR
LHAV3b8,6,cb_intrinsic,,,acetylcholine,,,CG,LHAV3b8,"CB2240,CB3251",,LR
LHAV3d1,2,cb_intrinsic,,,glutamate,,,,LHAV3d1,LHAV3d1,,LR
LHAV3e1,4,cb_intrinsic,,,acetylcholine,,,,LHAV3e1,CB2436,,LR
LHAV3e2,4,cb_intrinsic,,,acetylcholine,,,,LHAV3e2,LHAV3e2,,LR
LHAV3e3_a,2,cb_intrinsic,,,acetylcholine,,,,LHAV3e3,LHAV3e3a,,LR
LHAV3e3_b,2,cb_intrinsic,,,acetylcholine,,,,LHAV3e3,LHAV3e3b,,LR
LHAV3e4_a,4,cb_intrinsic,,,acetylcholine,,,,LHAV3e4_a,CB1524,,LR
LHAV3e4_b,2,cb_intrinsic,,,acetylcholine,,,,LHAV3e4_b,CB2419,,LR
LHAV3e5,3,cb_intrinsic,,,acetylcholine,,,,LHAV3e5,CB2419,,LR
LHAV3e6,3,cb_intrinsic,,,acetylcholine,,,,LHAV3e6,LHAV3e6,,LR
LHAV3f1,2,cb_intrinsic,,,glutamate,,,,LHAV3f1,LHAV3f1,,LR
LHAV3g1,4,cb_intrinsic,,,glutamate,,,CG,LHAV3g1,LHAV3g1,,LR
LHAV3g2,4,cb_intrinsic,,,acetylcholine,,,,LHAV3g2,LHAV3g2,,LR
LHAV3h1,2,cb_intrinsic,,,acetylcholine,,,CG,LHAV3h1,LHAV3h1,,LR
LHAV3i1,2,cb_intrinsic,,,acetylcholine,,,,LHAV3i1,LHAV3i1,,LR
LHAV3j1,3,cb_intrinsic,,,acetylcholine,,,,LHAV3j1,LHAV3j1,,LR
LHAV3k1,2,cb_intrinsic,,,acetylcholine,,,,LHAV3k1,LHAV3k1,,LR
LHAV3k2,2,cb_intrinsic,,,acetylcholine,,fru_low,,LHAV3k2,LHAV3k2,,LR
LHAV3k3,2,cb_intrinsic,,,acetylcholine,,fru_low,,LHAV3k3,LHAV3k3,,LR
LHAV3k4,2,cb_intrinsic,,,acetylcholine,,,CG,LHAV3k4,LHAV3k4,,LR
LHAV3k5,2,cb_intrinsic,,,glutamate,,,,LHAV3k5,LHAV3k5,,LR
LHAV3k6,2,cb_intrinsic,,,acetylcholine,,,,LHAV3k6,LHAV3k6,,LR
LHAV3m1,2,cb_intrinsic,,,gaba,,,,LHAV3m1,LHAV3m1,,LR
LHAV3n1,12,cb_intrinsic,,,acetylcholine,,,CG,LHAV3n1,CB2336,,LR
LHAV3o1,6,cb_intrinsic,,,acetylcholine,,,CG,LHAV3o1,LHAV3o1,,LR
LHAV3p1,2,cb_intrinsic,,,glutamate,,,,LHAV3p1,LHAV3p1,,LR
LHAV3q1,2,cb_intrinsic,,,acetylcholine,,,,LHAV3q1,LHAV3q1,,LR
LHAV4a1_a,2,cb_intrinsic,,,gaba,,,,LHAV4a1_a,CB2798,,LR
LHAV4a1_b,8,cb_intrinsic,,,gaba,,,,LHAV4a1_b,LHAV4a1_b,,LR
LHAV4a2,2,cb_intrinsic,,,gaba,,,,LHAV4a2,LHAV4a2,,LR
LHAV4a4,17,cb_intrinsic,,,gaba,,,,LHAV4a4,LHAV4a4,,LR
LHAV4a5,8,cb_intrinsic,,,gaba,,,,LHAV4a5,CB2854,,LR
LHAV4a6,2,cb_intrinsic,,,gaba,,,,LHAV4a6,"LHAV4a6,CB3730",,LR
LHAV4a7,8,cb_intrinsic,,,gaba,,,,LHAV4a7,"CB1630,CB1860",,LR
LHAV4b1,5,cb_intrinsic,,,gaba,,,,LHAV4b1,LHAV4b1,,LR
LHAV4b2,10,cb_intrinsic,,,gaba,,,,LHAV4b2,LHAV4b2,,LR
LHAV4b4,6,cb_intrinsic,,,gaba,,,,LHAV4b4,CB1664,,LR
LHAV4c1,6,cb_intrinsic,,,gaba,,,,LHAV4c1,LHAV4c1,,LR
LHAV4c2,9,cb_intrinsic,,,gaba,sexually dimorphic,fru_high,,LHAV4c2,LHAV4c2,Cachero 2010: aSP-k; Yu 2010: aSP8,LR
LHAV4d1,16,cb_intrinsic,,,unclear,,,,LHAV4d1,LHAV4d1,,LR
LHAV4d4,4,cb_intrinsic,,,gaba,,,,LHAV4d4,CB1293,,LR
LHAV4d5,9,cb_intrinsic,,,gaba,,,,LHAV4d5,CB1401,,LR
LHAV4e1_a,2,cb_intrinsic,,,unclear,,,,LHAV4e1_a,LHAV4e1_a,,LR
LHAV4e1_b,4,cb_intrinsic,,,unclear,,,,LHAV4e1_b,CB1003,,LR
LHAV4e2_b1,7,cb_intrinsic,,,gaba,,,,LHAV4e2_b,"CB2973,CB2965",,LR
LHAV4e2_b2,6,cb_intrinsic,,,glutamate,,,,LHAV4e2_b,CB2750,,LR
LHAV4e4,4,cb_intrinsic,,,unclear,,,,LHAV4e4,CB3094,,LR
LHAV4e7_b,3,cb_intrinsic,,,glutamate,,,,LHAV4e7_b,CB3726,,LR
LHAV4g1,10,cb_intrinsic,,,gaba,,,,LHAV4g1_a,LHAV4g1c,,LR
LHAV4g12,4,cb_intrinsic,,,gaba,,,,LHAV4g12,CB1381,,LR
LHAV4g13,4,cb_intrinsic,,,gaba,,,,LHAV4g13,CB1943,,LR
LHAV4g14,2,cb_intrinsic,,,gaba,,,,LHAV4g14,CB1797,,LR
LHAV4g17,2,cb_intrinsic,,,gaba,,,,LHAV4g17,LHAV4g17,,LR
LHAV4g4_b,6,cb_intrinsic,,,unclear,,,,LHAV4g4_b,CB2387,,LR
LHAV4g6_a,5,cb_intrinsic,,,gaba,,,,LHAV4g6_a,CB2731,,LR
LHAV4g7_a,4,cb_intrinsic,,,gaba,,,,LHAV4g7_a,CB1217,,LR
LHAV4g7_b,7,cb_intrinsic,,,gaba,,,,LHAV4g7_b,CB2757,,LR
LHAV4i1,4,cb_intrinsic,,,gaba,,,,LHAV4i1,LHAV4i1,,LR
LHAV4j1,2,cb_intrinsic,,,gaba,,,,LHAV4j1,LHAV4j1,,LR
LHAV4l1,2,cb_intrinsic,,,gaba,,,,LHAV4l1,LHAV4l1,,LR
LHAV5a1,4,cb_intrinsic,,,acetylcholine,,,,LHAV5a1,LHAV5a1,,LR
LHAV5a10_b,2,cb_intrinsic,,,acetylcholine,,,,LHAV5a10_b,LHAV5a10_b,,LR
LHAV5a2_a1,9,cb_intrinsic,,,acetylcholine,,,,LHAV5a2_a,LHAV5a2_a1,,LR
LHAV5a2_a2,8,cb_intrinsic,,,acetylcholine,,,,LHAV5a2_a,LHAV5a2_a2,,LR
LHAV5a2_a3,11,cb_intrinsic,,,acetylcholine,,,,LHAV5a2_a,LHAV5a2_a3,,LR
LHAV5a2_a4,10,cb_intrinsic,,,acetylcholine,,,,LHAV5a2_a,LHAV5a2_a4,,LR
LHAV5a2_b,6,cb_intrinsic,,,acetylcholine,,,,LHAV5a2_b,LHAV5a2_b,,LR
LHAV5a2_d,2,cb_intrinsic,,,acetylcholine,,,,LHAV5a2_d,LHAV5a2_d,,LR
LHAV5a4_a,3,cb_intrinsic,,,acetylcholine,,,,LHAV5a4_a,CB2096,,LR
LHAV5a4_c,4,cb_intrinsic,,,acetylcholine,,,,LHAV5a4_c,CB2744,,LR
LHAV5a6_a,4,cb_intrinsic,,,acetylcholine,,,,LHAV5a6_a,CB2715,,LR
LHAV5a6_b,6,cb_intrinsic,,,acetylcholine,,,,LHAV5a6_b,CB2476,,LR
LHAV5a8,6,cb_intrinsic,,,acetylcholine,,,,LHAV5a8,CB3160,,LR
LHAV5a9_a,4,cb_intrinsic,,,acetylcholine,,,,LHAV5a9_a,CB1739,,LR
LHAV5b1,4,cb_intrinsic,,,acetylcholine,,,,LHAV5b1,CB1167,,LR
LHAV5b2,4,cb_intrinsic,,,acetylcholine,,,,LHAV5b2,CB2296,,LR
LHAV5c1,4,cb_intrinsic,,,acetylcholine,,,,LHAV5c1,CB1912,,LR
LHAV5d1,2,cb_intrinsic,,,acetylcholine,,,,LHAV5d1,LHAV5d1,,LR
LHAV5e1,2,cb_intrinsic,,,glutamate,,,,LHAV5e1,LHAV5e1,,LR
LHAV6a1,4,cb_intrinsic,,,acetylcholine,,,,LHAV6a1,LHAV6a1,,LR
LHAV6a3,11,cb_intrinsic,,,acetylcholine,,,,LHAV6a3,LHAV6a3,,LR
LHAV6a4,4,cb_intrinsic,,,acetylcholine,,,,LHAV6a4,CB2097,,LR
LHAV6a5,6,cb_intrinsic,,,acetylcholine,,,,LHAV6a5,CB3304,,LR
LHAV6a7,8,cb_intrinsic,,,acetylcholine,,,,LHAV6a7,CB1799,,LR
LHAV6a8,2,cb_intrinsic,,,glutamate,,,,LHAV6a8,CB3408,,LR
LHAV6b1,2,cb_intrinsic,,,acetylcholine,,,,LHAV6b1,LHAV6b1,,LR
LHAV6b3,11,cb_intrinsic,,,acetylcholine,,,,LHAV6b3,CB3085,,LR
LHAV6b4,2,cb_intrinsic,,,acetylcholine,,,,LHAV6b4,LHAV6b4,,LR
LHAV6c1,9,cb_intrinsic,,,glutamate,,,,LHAV6c1,LHAV6c1,,LR
LHAV6e1,2,cb_intrinsic,,,acetylcholine,,,,LHAV6e1,LHAV6e1,,LR
LHAV6g1,2,cb_intrinsic,,,glutamate,,,,LHAV6g1,LHAV6g1,,LR
LHAV6h1,2,cb_intrinsic,,,glutamate,,,,LHAV6h1,LHAV6h1,,LR
LHAV6i2_b,2,cb_intrinsic,,,acetylcholine,,,,LHAV6i2_b,CB3665,,LR
LHAV7a1,5,cb_intrinsic,,,glutamate,,,,LHAV7a1,LHAV7a1c,,LR
LHAV7a1_a,4,cb_intrinsic,,,glutamate,,,,LHAV7a1_a,LHAV7a1a,,LR
LHAV7a1_b,3,cb_intrinsic,,,glutamate,,,,LHAV7a1_b,LHAV7a1b,,LR
LHAV7a3,8,cb_intrinsic,,,glutamate,,,,LHAV7a3,LHAV7a3,,LR
LHAV7a4,9,cb_intrinsic,,,glutamate,,,,LHAV7a4,LHAV7a4a,,LR
LHAV7a5,6,cb_intrinsic,,,glutamate,,,,LHAV7a5,LHAV7a5,,LR
LHAV7a6,2,cb_intrinsic,,,glutamate,,,,LHAV7a6,LHAV7a6,,LR
LHAV7a7,6,cb_intrinsic,,,glutamate,,,,LHAV7a7,LHAV7a7,,LR
LHAV7b1,11,cb_intrinsic,,,acetylcholine,,fru_low,,LHAV7b1,CB1640,,LR
LHAV8a1,2,cb_intrinsic,,,glutamate,,,,LHAV8a1,LHAV8a1,,LR
LHAV9a1_a,4,cb_intrinsic,,,acetylcholine,,,,LHAV9a1_a,LHAV9a1_a,,LR
LHAV9a1_b,6,cb_intrinsic,,,acetylcholine,,,,LHAV9a1_b,LHAV9a1_b,,LR
LHAV9a1_c,6,cb_intrinsic,,,acetylcholine,,,,LHAV9a1_c,LHAV9a1_c,,LR
LHCENT1,2,cb_intrinsic,,,gaba,,,,LHCENT1,LHCENT1,,LR
LHCENT10,4,cb_intrinsic,,,gaba,,,,LHCENT10,LHCENT10,,LR
LHCENT11,2,cb_intrinsic,,,acetylcholine,,,,LHCENT11,LHCENT11,,LR
LHCENT12_a,2,cb_intrinsic,,,glutamate,,,,,LHCENT12a,,LR
LHCENT12_b,4,cb_intrinsic,,,glutamate,,,,,LHCENT12b,,LR
LHCENT13_a,4,cb_intrinsic,,,gaba,,,,LHCENT13_a,LHCENT13_a,,LR
LHCENT13_b,3,cb_intrinsic,,,gaba,,,,LHCENT13_b,LHCENT13_b,,LR
LHCENT13_c,3,cb_intrinsic,,,gaba,,,,LHCENT13_c,LHCENT13_c,,LR
LHCENT13_d,2,cb_intrinsic,,,gaba,,,,LHCENT13_d,LHCENT13_d,,LR
LHCENT14,2,cb_intrinsic,,,glutamate,,,,LHCENT14,LHCENT14,,LR
LHCENT2,2,cb_intrinsic,,,gaba,,,,LHCENT2,LHCENT2,,LR
LHCENT3,2,cb_intrinsic,,,gaba,,,,LHCENT3,LHCENT3,,LR
LHCENT4,2,cb_intrinsic,,,glutamate,,,,LHCENT4,LHCENT4,,LR
LHCENT5,2,cb_intrinsic,,,gaba,,,,LHCENT5,LHCENT5,,LR
LHCENT6,2,cb_intrinsic,,,gaba,,,,LHCENT6,LHCENT6,,LR
LHCENT8,4,cb_intrinsic,,,gaba,,,,LHCENT8,LHCENT8,,LR
LHCENT9,2,cb_intrinsic,,,gaba,,,,LHCENT9,LHCENT9,,LR
LHMB1,2,cb_intrinsic,,,glutamate,,,,LHMB1,LHMB1,,LR
LHPD1b1,2,cb_intrinsic,,,glutamate,,,,LHPD1b1,LHPD1b1,,LR
LHPD2a1,9,cb_intrinsic,,,acetylcholine,,,,LHPD2a1,"CB2842,CB3009,CB3205",,LR
LHPD2a2,10,cb_intrinsic,,,acetylcholine,,,,LHPD2a2,CB3110,,LR
LHPD2a4_a,8,cb_intrinsic,,,acetylcholine,,,,LHPD2a4_a,"CB2031,CB3231",,LR
LHPD2a4_b,4,cb_intrinsic,,,acetylcholine,,,,LHPD2a4_b,CB3331,,LR
LHPD2a5_b,2,cb_intrinsic,,,glutamate,,,,LHPD2a5_b,CB3185,,LR
LHPD2a6,8,cb_intrinsic,,,glutamate,,,,LHPD2a6,CB2945,,LR
LHPD2b1,4,cb_intrinsic,,,acetylcholine,potentially sexually dimorphic,,,LHPD2b1,"CB3198,CB2977",,LR
LHPD2c1,2,cb_intrinsic,,,acetylcholine,,,,LHPD2c1,LHPD2c1,,LR
LHPD2c2,10,cb_intrinsic,,,acetylcholine,,,,LHPD2c2,CB3458,,LR
LHPD2c6,4,cb_intrinsic,,,glutamate,,,,LHPD2c6,CB2244,,LR
LHPD2c7,4,cb_intrinsic,,,glutamate,,,,LHPD2c7,LHPD2c7,,LR
LHPD2d1,2,cb_intrinsic,,,glutamate,,,,LHPD2d1,LHPD2d1,,LR
LHPD2d2,2,cb_intrinsic,,,glutamate,,,,LHPD2d2,LHPD2d2,,LR
LHPD3a2_a,8,cb_intrinsic,,,glutamate,,,,LHPD3a2_a,"CB0286,CB1757,CB2765",,LR
LHPD3a2_b,8,cb_intrinsic,,,glutamate,,,,LHPD3a2_b,CB2739,,LR
LHPD3a2_c,4,cb_intrinsic,,,glutamate,,,,LHPD3a2_c,CB2677,,LR
LHPD3a4_b,9,cb_intrinsic,,,glutamate,,,,LHPD3a4_b,"CB2914,CB2984",,LR
LHPD3a4_c,9,cb_intrinsic,,,glutamate,,,,LHPD3a4_c,CB1939,,LR
LHPD3a5,8,cb_intrinsic,,,glutamate,,,,LHPD3a5,LHPD3a5,,LR
LHPD3c1,3,cb_intrinsic,,,glutamate,,,,LHPD3c1,"LHPD3c1,CB2629",,LR
LHPD4a1,8,cb_intrinsic,,,glutamate,,,,LHPD4a1,LHPD4a1,,LR
LHPD4a2,4,cb_intrinsic,,,glutamate,,,,LHPD4a2,CB1134,,LR
LHPD4b1,8,cb_intrinsic,,,glutamate,,,,LHPD4b1,LHPD4b1a,,LR
LHPD4c1,2,cb_intrinsic,,,acetylcholine,,,,LHPD4c1,LHPD4c1,,LR
LHPD4d1,2,cb_intrinsic,,,glutamate,,,,LHPD4d1,LHPD4d1,,LR
LHPD4d2_b,2,cb_intrinsic,,,glutamate,,,,LHPD4d2_b,CB1134,,LR
LHPD4e1_b,3,cb_intrinsic,,,glutamate,,,,LHPD4e1_b,CB3191,,LR
LHPD5a1,2,cb_intrinsic,,,glutamate,,,,LHPD5a1,LHPD5a1,,LR
LHPD5b1,2,cb_intrinsic,,,acetylcholine,,,,LHPD5b1,SLPpm3_P01,,LR
LHPD5c1,2,cb_intrinsic,,,glutamate,,,,LHPD5c1,LHPD5c1,,LR
LHPD5d1,4,cb_intrinsic,,,acetylcholine,,,,LHPD5d1,LHPD5d1,,LR
LHPD5e1,4,cb_intrinsic,,,acetylcholine,,,,LHPD5e1,CB1016,,LR
LHPD5f1,2,cb_intrinsic,,,glutamate,,,,LHPD5f1,SMPp&v1A_P03,,LR
LHPV10a1a,2,cb_intrinsic,,,acetylcholine,,,,,LHPV10a1a,,LR
LHPV10a1b,2,cb_intrinsic,,,acetylcholine,,,,,LHPV10a1b,,LR
LHPV10b1,2,cb_intrinsic,,,acetylcholine,,,,LHPV10b1,LHPV10b1,,LR
LHPV10c1,2,cb_intrinsic,,,gaba,,,,LHPV10c1,LHPV10c1,,LR
LHPV10d1,2,cb_intrinsic,,,acetylcholine,,,,LHPV10d1,LHPV10d1,,LR
LHPV11a1,4,cb_intrinsic,,,acetylcholine,,,CG,LHPV11a1,LHPV11a1,,LR
LHPV12a1,2,cb_intrinsic,,,gaba,,,,LHPV12a1,LHPV12a1,,LR
LHPV1c1,3,cb_intrinsic,,,acetylcholine,,,,LHPV1c1,LHPV1c1,,LR
LHPV1c2,2,cb_intrinsic,,,acetylcholine,,,,LHPV1c2,LHPV1c2,,LR
LHPV1d1,2,cb_intrinsic,,,gaba,,,,LHPV1d1,LHPV1d1,,LR
LHPV2a1_a,6,cb_intrinsic,,,gaba,,,,LHPV2a1_a,LHPV2a1_a,,LR
LHPV2a1_c,8,cb_intrinsic,,,gaba,,,,LHPV2a1_c,LHPV2a1_c,,LR
LHPV2a1_d,5,cb_intrinsic,,,gaba,,,,LHPV2a1_d,LHPV2a1_d,,LR
LHPV2a1_e,3,cb_intrinsic,,,gaba,,,,LHPV2a1_e,LHPV2a1_c,,LR
LHPV2a2,2,cb_intrinsic,,,gaba,,,,LHPV2a2,CB2141,,LR
LHPV2a3,5,cb_intrinsic,,,gaba,,,,LHPV2a3,CB1195,,LR
LHPV2a4,6,cb_intrinsic,,,gaba,,,,LHPV2a4,LHPV2a4,,LR
LHPV2a5,5,cb_intrinsic,,,gaba,,,,LHPV2a5,LHPV2a5,,LR
LHPV2b1,5,cb_intrinsic,,,gaba,,,,LHPV2b1,CB1067,,LR
LHPV2b2_a,10,cb_intrinsic,,,gaba,,,,LHPV2b2_a,"CB1490,CB2201",,LR
LHPV2b3,14,cb_intrinsic,,,gaba,,,,LHPV2b3,CB1258,,LR
LHPV2b4,6,cb_intrinsic,,,gaba,,,,LHPV2b4,CB1375,,LR
LHPV2b5,5,cb_intrinsic,,,gaba,,,,LHPV2b5,"LHPV2b5,CB3282,CB3161",,LR
LHPV2c1_a,4,cb_intrinsic,,,gaba,,,,LHPV2c1_a,CB2828,,LR
LHPV2c2,7,cb_intrinsic,,,unclear,,,,LHPV2c2,"LHPV2c2a,LHPV2c2b",,LR
LHPV2c4,4,cb_intrinsic,,,gaba,,,,LHPV2c4,CB3294,,LR
LHPV2c5,7,cb_intrinsic,,,unclear,,,,LHPV2c5,CB3061,,LR
LHPV2d1,4,cb_intrinsic,,,gaba,,,,LHPV2d1,LHPV2d1,,LR
LHPV2e1_a,10,cb_intrinsic,,,gaba,,,,LHPV2e1_a,LHPV2e1_a,,LR
LHPV2g1,4,cb_intrinsic,,,acetylcholine,,,,LHPV2g1,LHPV2g1,,LR
LHPV2h1,2,cb_intrinsic,,,acetylcholine,,,,LHPV2h1,LHPV2h1,,LR
LHPV2i1,3,cb_intrinsic,,,acetylcholine,,,,LHPV2i1,LHPV2i1b,,LR
LHPV2i2_a,2,cb_intrinsic,,,acetylcholine,,,,LHPV2i2,LHPV2i2a,,LR
LHPV2i2_b,2,cb_intrinsic,,,acetylcholine,,,,LHPV2i2,LHPV2i2b,,LR
LHPV3a1,4,cb_intrinsic,,,acetylcholine,,,,LHPV3a1,LHPV3a1_b,,LR
LHPV3a2,5,cb_intrinsic,,,acetylcholine,,,,LHPV3a2,LHPV3a2,,LR
LHPV3a3_b,9,cb_intrinsic,,,acetylcholine,,,,LHPV3a3_b,CB0952,,LR
LHPV3b1_a,5,cb_intrinsic,,,acetylcholine,,,,LHPV3b1_a,"CB1961,CB2796",,LR
LHPV3b1_b,6,cb_intrinsic,,,acetylcholine,,,,LHPV3b1_b,LHPV3b1_b,,LR
LHPV3c1,2,cb_intrinsic,,,acetylcholine,,,,LHPV3c1,LHPV3c1,,LR
LHPV4a1,6,cb_intrinsic,,,glutamate,,,CG,LHPV4a1,LHPV4a1,,LR
LHPV4a10,12,cb_intrinsic,,,glutamate,,,CG,LHPV4a10,LHPV4a10,,LR
LHPV4a11,2,cb_intrinsic,,,glutamate,,,CG,LHPV4a11,LHPV4a11,,LR
LHPV4a2,6,cb_intrinsic,,,glutamate,,,CG,LHPV4a2,LHPV4a2,,LR
LHPV4a3,4,cb_intrinsic,,,glutamate,,,CG,LHPV4a3,"LHPV4a5,LHPV4k1",,LR
LHPV4a5,12,cb_intrinsic,,,glutamate,,,CG,LHPV4a5,CB2707,,LR
LHPV4a7,3,cb_intrinsic,,,glutamate,,,CG,LHPV4a7,LHPV4a7a,,LR
LHPV4a7_d,2,cb_intrinsic,,,glutamate,,,CG,LHPV4a7_d,CB3131,,LR
LHPV4a8,5,cb_intrinsic,,,glutamate,,,CG,LHPV4a8,LHPV4a8,,LR
LHPV4a9,4,cb_intrinsic,,,glutamate,,,CG,LHPV4a9,LHPV4a9,,LR
LHPV4b1,6,cb_intrinsic,,,glutamate,,,,LHPV4b1,LHPV4b1,,LR
LHPV4b2,8,cb_intrinsic,,,glutamate,,,,LHPV4b2,CB2923,,LR
LHPV4b3,7,cb_intrinsic,,,glutamate,,,,LHPV4b3,LHPV4b3,,LR
LHPV4b4,10,cb_intrinsic,,,glutamate,,,,LHPV4b4,CB1515,,LR
LHPV4b5,2,cb_intrinsic,,,glutamate,,,,LHPV4b5,CB3047,,LR
LHPV4b7,2,cb_intrinsic,,,glutamate,,,,LHPV4b7,CB2060,,LR
LHPV4b9,2,cb_intrinsic,,,glutamate,,,,LHPV4b9,LHPV4b9,,LR
LHPV4c1_a,2,cb_intrinsic,,,glutamate,,,,LHPV4c1_a,CB1218,,LR
LHPV4c1_b,8,cb_intrinsic,,,glutamate,,,,LHPV4c1_b,CB1511,,LR
LHPV4c1_c,8,cb_intrinsic,,,glutamate,,,,LHPV4c1_c,CB2022,,LR
LHPV4c2,4,cb_intrinsic,,,glutamate,,,,LHPV4c2,CB2452,,LR
LHPV4c3,4,cb_intrinsic,,,glutamate,,,,LHPV4c3,"LHPV4c3,LHPV4c4",,LR
LHPV4c4,4,cb_intrinsic,,,glutamate,,,,LHPV4c4,LHPV4c4,,LR
LHPV4d10,6,cb_intrinsic,,,glutamate,,,CG,LHPV4d10,CB1661,,LR
LHPV4d3,6,cb_intrinsic,,,glutamate,,,CG,LHPV4d3,LHPV4d3,,LR
LHPV4d4,4,cb_intrinsic,,,glutamate,,,CG,LHPV4d4,CB3073,,LR
LHPV4d7,2,cb_intrinsic,,,glutamate,,,CG,LHPV4d7,CB2290,,LR
LHPV4e1,2,cb_intrinsic,,,glutamate,,,,LHPV4e1,LHPV4e1,,LR
LHPV4g1,12,cb_intrinsic,,,glutamate,,,,LHPV4g1,LHPV4g1,,LR
LHPV4g2,8,cb_intrinsic,,,glutamate,,,,LHPV4g2,CB1646,,LR
LHPV4h1,9,cb_intrinsic,,,glutamate,,,CG,LHPV4h1,LHPV4h1,,LR
LHPV4h3,2,cb_intrinsic,,,glutamate,,,CG,LHPV4h3,LHPV4h3,,LR
LHPV4i1,6,cb_intrinsic,,,glutamate,,,CG,LHPV4i1,CB2135,,LR
LHPV4i3,8,cb_intrinsic,,,glutamate,,,CG,LHPV4i3,CB2211,,LR
LHPV4i4,2,cb_intrinsic,,,glutamate,,,CG,LHPV4i4,CB3341,,LR
LHPV4j2,2,cb_intrinsic,,,glutamate,,,CG,LHPV4j2,CB1518,,LR
LHPV4j3,2,cb_intrinsic,,,glutamate,,,CG,LHPV4j3,LHPV4j3,,LR
LHPV4j4,2,cb_intrinsic,,,glutamate,,,CG,LHPV4j4,LHPV4j4,,LR
LHPV4k1,3,cb_intrinsic,,,glutamate,,,CG,LHPV4k1,"LHPV4a5,LHPV4k1",,LR
LHPV4l1,2,cb_intrinsic,,,glutamate,,,,LHPV4l1,LHPV4l1,,LR
LHPV4m1,2,cb_intrinsic,,,acetylcholine,,,,LHPV4m1,LHPV4m1,,LR
LHPV5a1,12,cb_intrinsic,,,acetylcholine,,,CG,LHPV5a1,LHPV5a1,,LR
LHPV5a2,8,cb_intrinsic,,,acetylcholine,potentially sexually dimorphic,,CG,LHPV5a2,CB2524,,LR
LHPV5a3,6,cb_intrinsic,,,acetylcholine,,,CG,LHPV5a3,CB4107,,LR
LHPV5a5,1,cb_intrinsic,,,acetylcholine,,,CG,LHPV5a5,LHPV5a5,,L
LHPV5b1,20,cb_intrinsic,,,acetylcholine,,,,LHPV5b1,LHPV5b1,,LR
LHPV5b2,17,cb_intrinsic,,,acetylcholine,,,,LHPV5b2,LHPV5b2,,LR
LHPV5b3,14,cb_intrinsic,,,acetylcholine,,,,LHPV5b3,LHPV5b3,,LR
LHPV5b4,4,cb_intrinsic,,,acetylcholine,,,,LHPV5b4,LHPV5b4,,LR
LHPV5b6,6,cb_intrinsic,,,acetylcholine,,,,LHPV5b6,LHPV5b6,,LR
LHPV5c1,12,cb_intrinsic,,,acetylcholine,,,,LHPV5c1,LHPV5c1,,LR
LHPV5c1_a,8,cb_intrinsic,,,acetylcholine,,,,LHPV5c1_a,CB3972,,LR
LHPV5c1_c,2,cb_intrinsic,,,acetylcholine,,,,LHPV5c1_c,CB3973,,LR
LHPV5c1_d,8,cb_intrinsic,,,acetylcholine,,,,LHPV5c1_d,CB3973,,LR
LHPV5c2,2,cb_intrinsic,,,acetylcholine,,,,LHPV5c2,CB3974,,LR
LHPV5c3,12,cb_intrinsic,,,acetylcholine,,,,LHPV5c3,LHPV5c3,,LR
LHPV5d1,9,cb_intrinsic,,,acetylcholine,,,CG,LHPV5d1,LHPV5d1,,LR
LHPV5d3,2,cb_intrinsic,,,acetylcholine,,,CG,LHPV5d3,CB3138,,LR
LHPV5e1,2,cb_intrinsic,,,acetylcholine,,,CG,LHPV5e1,LHPV5e1,,LR
LHPV5e2,2,cb_intrinsic,,,acetylcholine,,,,LHPV5e2,LHPV5e2,,LR
LHPV5e3,2,cb_intrinsic,,,acetylcholine,,,,LHPV5e3,LHPV5e3,,LR
LHPV5g1_a,5,cb_intrinsic,,,acetylcholine,,,CG,LHPV5g1_a,"LHPV5g1_a,SMP270",,LR
LHPV5g1_b,7,cb_intrinsic,,,acetylcholine,,,CG,LHPV5g1_b,LHPV5g1_b,,LR
LHPV5g2,6,cb_intrinsic,,,acetylcholine,,,CG,LHPV5g2,LHPV5g2,,LR
LHPV5h2_a,4,cb_intrinsic,,,acetylcholine,,,,LHPV5h2,CB1348,,LR
LHPV5h2_b,3,cb_intrinsic,,,acetylcholine,,,,LHPV5h2,CB3148,,LR
LHPV5h2_c,2,cb_intrinsic,,,acetylcholine,,,,LHPV5h2,"CB3418,CB3468",,LR
LHPV5h4,8,cb_intrinsic,,,acetylcholine,,,,LHPV5h4,CB2159,,LR
LHPV5i1,2,cb_intrinsic,,,acetylcholine,,,,LHPV5i1,LHPV5i1,,LR
LHPV5j1,4,cb_intrinsic,,,acetylcholine,,,,LHPV5j1,CB2079,,LR
LHPV5l1,2,cb_intrinsic,,,acetylcholine,,,,LHPV5l1,LHPV5l1,,LR
LHPV5m1,4,cb_intrinsic,,,acetylcholine,,,,LHPV5m1,CB2810,,LR
LHPV6a1,23,cb_intrinsic,,,acetylcholine,,,,LHPV6a1,LHPV6a1,,LR
LHPV6a10,2,cb_intrinsic,,,acetylcholine,,,,LHPV6a10,LHPV6a10,,LR
LHPV6a3,6,cb_intrinsic,,,acetylcholine,,,,LHPV6a3,LHPV6a3,,LR
LHPV6a9_b,7,cb_intrinsic,,,acetylcholine,,,,LHPV6a9_b,CB1737,,LR
LHPV6c1,2,cb_intrinsic,,,acetylcholine,,,,LHPV6c1,LHPV6c1,,LR
LHPV6c2,2,cb_intrinsic,,,acetylcholine,,,,LHPV6c2,LHPV6c2,,LR
LHPV6d1,10,cb_intrinsic,,,acetylcholine,,,,LHPV6d1,LHPV6d1,,LR
LHPV6f1,11,cb_intrinsic,,,acetylcholine,,,,LHPV6f1,LHPV6f1,,LR
LHPV6f3_b,4,cb_intrinsic,,,acetylcholine,,,,LHPV6f3_b,CB3119,,LR
LHPV6f5,5,cb_intrinsic,,,acetylcholine,,,,LHPV6f5,CB3735,,LR
LHPV6g1,2,cb_intrinsic,,,glutamate,,,,LHPV6g1,LHPV6g1,,LR
LHPV6h1,7,cb_intrinsic,,,acetylcholine,,,,LHPV6h1,LHPV6h1,,LR
LHPV6h1_b,6,cb_intrinsic,,,acetylcholine,,,,LHPV6h1_b,CB3248,,LR
LHPV6h2,7,cb_intrinsic,,,acetylcholine,,,,LHPV6h2,LHPV6h2,,LR
"LHPV6h3,SLP276",6,cb_intrinsic,,,acetylcholine,,,,"LHPV6h3,SLP276",CB1953,,LR
LHPV6i1_a,4,cb_intrinsic,,,acetylcholine,,,,LHPV6i1_a,"CB3260,CB3723",,LR
LHPV6i2_a,2,cb_intrinsic,,,acetylcholine,,,,LHPV6i2_a,CB3781,,LR
LHPV6j1,2,cb_intrinsic,,,acetylcholine,,,,LHPV6j1,LHPV6j1,,LR
LHPV6k1,6,cb_intrinsic,,,glutamate,,,,LHPV6k1,CB3290,,LR
LHPV6k2,4,cb_intrinsic,,,glutamate,,,,LHPV6k2,LHPV6k2,,LR
LHPV6l1,2,cb_intrinsic,,,glutamate,,,,LHPV6l1,LHPV6l1,,LR
LHPV6l2,2,cb_intrinsic,,,glutamate,,,,LHPV6l2,LHPV6l2,,LR
LHPV6m1,2,cb_intrinsic,,,glutamate,,,,LHPV6m1,LHPV6m1,,LR
LHPV6o1,2,cb_intrinsic,,,acetylcholine,,,,LHPV6o1,LHPV6o1,,LR
LHPV6p1,2,cb_intrinsic,,,glutamate,,,,LHPV6p1,LHPV6p1,,LR
LHPV6q1,2,cb_intrinsic,,,unclear,,fru_high,,LHPV6q1,LHPV6q1,Cachero 2010: pSP-e; Wu 2024: FMRFa-WED; fru-M-000116,LR
LHPV7a1,4,cb_intrinsic,,,acetylcholine,,,,LHPV7a1,LHPV7a1b,,LR
LHPV7a2,4,cb_intrinsic,,,acetylcholine,,,,LHPV7a2,LHPV7a2,,LR
LHPV7b1,2,cb_intrinsic,,,acetylcholine,,,,LHPV7b1,LHPV7b1,,LR
LHPV7c1,2,cb_intrinsic,,,acetylcholine,,,,LHPV7c1,LHPV7c1,,LR
LHPV8a1,2,cb_intrinsic,,,acetylcholine,,,CG,LHPV8a1,LHPV8a1,,LR
LHPV8c1,2,cb_intrinsic,,,acetylcholine,,,CG,LHPV8c1,LHPV8c1,,LR
LHPV9b1,2,cb_intrinsic,,,glutamate,,,,LHPV9b1,LHPV9b1,,LR
LK,12,vnc_endocrine,,ad,unclear,,,A2,,,Zandawala 2017: VNC-NSC^LK,LR
LLPC1,285,visual_projection,,,acetylcholine,,,,LLPC1,LLPC1,,LR
LLPC2,250,visual_projection,,,acetylcholine,,,,"LLPC2a,LLPC2b,LLPC2c,LLPC2d",LLPC2,,LR
LLPC3,219,visual_projection,,,acetylcholine,,,,LLPC3,LLPC3,,LR
LLPC4,6,visual_projection,,,acetylcholine,,,,,LLPC4,,LR
LLPC_unclear,1,visual_projection,,,acetylcholine,,,,,,,R
LN-DN1,2,sensory_descending,unknown_sensory,,acetylcholine,potentially sexually dimorphic,,,,LN-DN1,,?
LN-DN2,4,sensory_descending,unknown_sensory,,unclear,potentially sexually dimorphic,,,,LN-DN2,,?
LN60,4,cb_intrinsic,ALLN,,gaba,,,DC,,"LN60a,LN60b",,LR
LNO1,4,cb_intrinsic,CX,,gaba,,,,LNO1,LNO1,,LR
LNO2,2,cb_intrinsic,CX,,glutamate,,,CG,LNO2,LNO2,,LR
LNOa,2,cb_intrinsic,CX,,glutamate,,,CG,LNOa,LNOa,,LR
LNd_b,4,cb_intrinsic,,,acetylcholine,,fru_high,,,LNd_b,Cachero 2010: aSP-l,LR
LNd_c,6,cb_intrinsic,,,acetylcholine,,fru_high,,,LNd_c,Cachero 2010: aSP-l,LR
LOLP1,69,ol_intrinsic,,,gaba,,,,,LLPt,,LR
LOP_LO_unclear,2,ol_intrinsic,,,glutamate,,,,,,,LR
LOP_ME_unclear,4,ol_intrinsic,,,glutamate,,,,,,,L
LOP_unclear,4,ol_intrinsic,,,glutamate,,,,,,,LR
LO_LOP_unclear,1,ol_intrinsic,,,acetylcholine,,,,,,,L
LO_ME_unclear,2,ol_intrinsic,,,glutamate,,,,,,,L
LO_unclear,14,ol_intrinsic,,,glutamate,,,,,,,LR
LPC1,224,visual_projection,,,acetylcholine,,,,LPC1,LPC1,,LR
LPC2,154,visual_projection,,,acetylcholine,,,,LPC2,LPC2,,LR
LPC_unclear,2,visual_projection,,,acetylcholine,,,,,,,R
LPLC1,134,visual_projection,,,acetylcholine,,,,LPLC1,LPLC1,,LR
LPLC2,185,visual_projection,,,acetylcholine,,,,LPLC2,LPLC2,,LR
LPLC4,97,visual_projection,,,acetylcholine,,,,LPLC4,LPLC4,,LR
LPLC_unclear,1,visual_projection,,,acetylcholine,,,,,,,R
LPN_a,4,cb_intrinsic,,,acetylcholine,,,CG,LPN,CB1215,,LR
LPN_b,2,cb_intrinsic,,,acetylcholine,sexually dimorphic,,CG,LPN,PV7c11,,LR
LPT100,40,visual_projection,,,acetylcholine,,,,,LPTe01,,LR
LPT101,11,visual_projection,,,acetylcholine,,,,PLP207,LPTe02,,LR
LPT110,2,visual_centrifugal,,,acetylcholine,,,,PS301,cLP04,,LR
LPT111,101,visual_centrifugal,,,gaba,,,,LT71,cLP02,,LR
LPT112,39,visual_centrifugal,,,gaba,,,,,cLP01,,LR
LPT113,22,visual_centrifugal,,,gaba,,,,,cLP01,,LR
LPT114,22,visual_centrifugal,,,gaba,,,,,cLP03,,LR
LPT115,6,visual_centrifugal,,,gaba,,,,,cLP03,,LR
LPT116,11,visual_centrifugal,,,gaba,,,,,cLP03,,LR
LPT21,2,visual_projection,,,acetylcholine,,,,,LPT21,,LR
LPT22,2,visual_projection,,,gaba,,,,,LPT22,,LR
LPT23,6,visual_projection,,,acetylcholine,,,,,LPT23,,LR
LPT26,2,visual_projection,,,acetylcholine,,,,,LPT26,,LR
LPT27,2,visual_projection,,,acetylcholine,,,,,LPT27,,LR
LPT28,2,visual_projection,,,acetylcholine,,,,,LPT28,,LR
LPT29,2,visual_projection,,,acetylcholine,,,,,LPT29,,LR
LPT30,2,visual_projection,,,acetylcholine,,,,,LPT30,,LR
LPT31,8,visual_projection,,,acetylcholine,,,,WED068,LPT31,,LR
LPT49,2,visual_projection,,,acetylcholine,,,,,LPT49,,LR
LPT50,2,visual_projection,,,gaba,,,,,LPT50,,LR
LPT51,4,visual_projection,,,glutamate,,,,,LPT51,,LR
LPT52,2,visual_projection,,,acetylcholine,,,,,LPT52,,LR
LPT53,2,visual_centrifugal,,,gaba,,,,,LPT53,,LR
LPT54,2,visual_projection,,,acetylcholine,,,,PLP179,LPT54,,LR
LPT57,2,visual_centrifugal,,,acetylcholine,,,,,LPT57,,LR
LPT59,2,visual_centrifugal,,,glutamate,,,,PS277,cLP05,,LR
LPT60,2,cb_intrinsic,,,acetylcholine,,,,AVLP151,AVLP151,,LR
LPi12,4,ol_intrinsic,,,gaba,,,,,LPi14,,LR
LPi14,33,ol_intrinsic,,,glutamate,,,,,LPi01,,LR
LPi21,2,ol_intrinsic,,,gaba,,,,,LPi15,,LR
LPi2b,2,ol_intrinsic,,,gaba,,,,,LPi12,,LR
LPi2c,54,ol_intrinsic,,,glutamate,,,,,LPi10,,LR
LPi2d,61,ol_intrinsic,,,glutamate,,,,,LPi02,,LR
LPi2e,95,ol_intrinsic,,,glutamate,,,,,LPi05,,LR
LPi34,119,ol_intrinsic,,,glutamate,,,,,LPi09,,LR
LPi3412,104,ol_intrinsic,,,glutamate,,,,,LPi07,,LR
LPi3a,123,ol_intrinsic,,,glutamate,,,,,LPi04,,LR
LPi3b,46,ol_intrinsic,,,glutamate,,,,,LPi08,,LR
LPi3c,11,ol_intrinsic,,,glutamate,,,,,LPi03,,LR
LPi43,61,ol_intrinsic,,,glutamate,,,,,LPi11,,LR
LPi4a,34,ol_intrinsic,,,glutamate,,,,,LPi06,,LR
LPi4b,2,ol_intrinsic,,,gaba,,,,,LPi13,,LR
LPi_unclear,4,ol_intrinsic,,,glutamate,,,,,,,L
LPsP,2,cb_intrinsic,CX,,acetylcholine,,,,LPsP,LPsP,,LR
LT11,2,visual_projection,,,gaba,,,,LT11,LT11,,LR
LT1a,2,visual_projection,,,acetylcholine,,,,,LT1a,,LR
LT1b,2,visual_projection,,,acetylcholine,,,,,LT1b,,LR
LT1c,2,visual_projection,,,acetylcholine,,,,,LT1c,,LR
LT1d,2,visual_projection,,,acetylcholine,,,,,LT1d,,LR
LT33,2,ol_intrinsic,,,gaba,,,,LT33,LT33,,LR
LT34,2,visual_centrifugal,,,gaba,,,,LT34,LT34,,LR
LT35,2,visual_centrifugal,,,gaba,,,,LT35,cL08,,LR
LT36,2,visual_centrifugal,,,gaba,,fru_high,,LT36,LT36,"fru-M-000177,fru-M-200077,fru-M-200332,fru-M-800062",LR
LT37,2,visual_centrifugal,,,gaba,,,,LT37,LT37,,LR
LT39,2,visual_centrifugal,,,gaba,,,,LT39,LT39,,LR
LT40,2,visual_centrifugal,,,gaba,,,,LT40,LT40,,LR
LT41,2,visual_centrifugal,,,gaba,,,,LT41,LT41,,LR
LT42,2,visual_centrifugal,,,gaba,,,,LT42,LT42,,LR
LT43,4,visual_projection,,,gaba,,,,LT43,LT43,,LR
LT46,2,visual_centrifugal,,,gaba,,,,LT46,cL05,,LR
LT47,2,visual_projection,,,acetylcholine,,,,LT47,LT47,,LR
LT51,22,visual_projection,,,glutamate,,,,LT51,LT51,,LR
LT52,34,visual_projection,,,glutamate,,,,LT52,LT52,,LR
LT54,2,ol_intrinsic,ol_bilateral,,glutamate,,,,LT54,LT54,,LR
LT55,2,visual_projection,,,glutamate,,,,LT55,LT55,,LR
LT56,2,visual_centrifugal,,,glutamate,,,,LT56,LT56,,LR
LT58,2,ol_intrinsic,,,glutamate,,,,LT58,LT58,,LR
LT59,2,visual_projection,,,acetylcholine,,,,LT59,LT59,,LR
LT60,2,visual_projection,,,acetylcholine,,,,LT60,LT60,,LR
LT61a,2,visual_projection,,,acetylcholine,,,,,LT61a,,LR
LT61b,2,visual_projection,,,acetylcholine,,,,,LT61b,,LR
LT62,2,visual_projection,,,acetylcholine,,,,LT62,LT62,,LR
LT63,4,visual_projection,,,acetylcholine,,,,LT63,LT63,,LR
LT64,2,visual_projection,,,acetylcholine,,,,,LT64,,LR
LT65,2,visual_projection,,,acetylcholine,,,,LT65,LT65,,LR
LT66,2,visual_projection,,,acetylcholine,,,,LT66,LT66,,LR
LT67,2,visual_projection,,,acetylcholine,,,,LT67,LT67,,LR
LT68,4,visual_projection,,,glutamate,,,,LT68,LT68,,LR
LT69,2,visual_projection,,,acetylcholine,,,,LT69,LT69,,LR
LT70,11,visual_centrifugal,,,gaba,,,,LT70,LT70,,LR
LT72,2,visual_projection,,,acetylcholine,,,,LT72,LT72,,LR
LT73,3,visual_projection,,,glutamate,,,,LT73,LT73,,LR
LT74,6,visual_projection,,,glutamate,,,,LT74,LT74,,LR
LT75,2,visual_projection,,,acetylcholine,,,,LT75,LT75,,LR
LT76,2,visual_projection,,,acetylcholine,,,,LT76,LT76,,LR
LT77,6,visual_projection,,,glutamate,,,,LT77,LT77,,LR
LT78,8,visual_projection,,,glutamate,,,,LT78,LT78,,LR
LT79,2,visual_projection,,,acetylcholine,,,,LT79,LT79,,LR
LT80,4,visual_projection,,,acetylcholine,,,,,LT80,,LR
LT81,11,visual_projection,,,acetylcholine,,,,,LT81,,LR
LT82a,4,visual_projection,,,acetylcholine,,,,LT82a,LT82,,LR
LT82b,2,visual_projection,,,acetylcholine,,,,LT82b,LT82,,LR
LT83,2,visual_projection,,,acetylcholine,,,,LT83,LT83,,LR
LT84,2,visual_projection,,,acetylcholine,,,,LT84,LT84,,LR
LT85,2,visual_projection,,,acetylcholine,,,,,LT85,,LR
LT86,2,visual_projection,,,acetylcholine,,,,LT86,LT86,,LR
LT87,2,visual_projection,,,acetylcholine,,,,LT87,LT87,,LR
LT88,2,visual_centrifugal,,,glutamate,,,,,cM10,,LR
Lai,86,ol_intrinsic,,,glutamate,,,,,Lai,,?LR
Lat1,8,visual_centrifugal,,,unclear,,,,,Lat,,LR
Lat2,4,visual_centrifugal,,,unclear,,,,,Lat,,LR
Lat3,8,ol_intrinsic,,,unclear,,,,,5-HT-IR Tan,,LR
Lat4,2,ol_intrinsic,,,unclear,,,,,5-HT-IR Tan,,LR
Lat5,2,visual_centrifugal,,,unclear,,,,,Lat,,LR
Lawf1,361,ol_intrinsic,,,acetylcholine,,,,,Lawf1,,LR
Lawf2,383,ol_intrinsic,,,acetylcholine,,,,,Lawf2,,LR
LgAG1,25,sensory_ascending,gustatory,leg bristle,acetylcholine,,,,,,,?
LgAG2,11,sensory_ascending,gustatory,leg bristle,acetylcholine,,,,,,,?
LgAG3,7,sensory_ascending,gustatory,leg bristle,acetylcholine,,,,,,,?
LgAG4,8,sensory_ascending,gustatory,leg bristle,acetylcholine,,,,,,,?
LgAG5,4,sensory_ascending,gustatory,leg bristle,acetylcholine,,,,,,,?
LgAG6,4,sensory_ascending,gustatory,leg bristle,acetylcholine,,,,,,,?
LgAG7,5,sensory_ascending,gustatory,leg bristle,acetylcholine,,,,,,,?
LgAG8,9,sensory_ascending,gustatory,leg bristle,glutamate,,,,,,,?
LgAG9,3,sensory_ascending,gustatory,leg bristle,glutamate,,,,,,,?
LgLG1a,136,vnc_sensory,gustatory,leg bristle,acetylcholine,,,,,,,?
LgLG1b,134,vnc_sensory,gustatory,leg bristle,unclear,,,,,,,?
LgLG2,130,vnc_sensory,gustatory,leg bristle,acetylcholine,,,,,,,?
LgLG3,162,vnc_sensory,gustatory,leg bristle,acetylcholine,,,,,,,?
LgLG4,43,vnc_sensory,gustatory,leg bristle,acetylcholine,,,,,,,?
LgLG5,13,vnc_sensory,gustatory,leg bristle,glutamate,,,,,,,?
LgLG6,16,vnc_sensory,gustatory,leg bristle,acetylcholine,,,,,,,?
LgLG7,21,vnc_sensory,gustatory,leg bristle,acetylcholine,,,,,,,?
LgLG8,14,vnc_sensory,gustatory,leg bristle,unclear,,,,,,,?
Li11a,4,ol_intrinsic,,,gaba,,,,Li11,Li25,,LR
Li11b,4,ol_intrinsic,,,gaba,,,,Li11,Li19,,LR
Li12,4,ol_intrinsic,,,glutamate,,,,Li12,Li27,,LR
Li13,65,ol_intrinsic,,,gaba,,,,Li13,Li13,,LR
Li14,217,ol_intrinsic,,,glutamate,,,,Li14,Li10,,LR
Li15,41,ol_intrinsic,,,gaba,,,,Li15,Li15,,LR
Li16,4,ol_intrinsic,,,glutamate,,,,Li16,Li28,,LR
Li17,22,ol_intrinsic,,,gaba,,,,,Li21,,LR
Li18a,49,ol_intrinsic,,,gaba,,,,,Li08,,LR
Li18b,31,ol_intrinsic,,,gaba,,,,Li13,Li04,,LR
Li19,51,ol_intrinsic,,,gaba,,,,Li19,Li18,,LR
Li20,40,ol_intrinsic,,,glutamate,,,,Li20,Li12,,LR
Li21,207,ol_intrinsic,,,acetylcholine,,,,,Li05,,LR
Li22,232,ol_intrinsic,,,gaba,,,,,Li01,,LR
Li23,119,ol_intrinsic,,,acetylcholine,,,,,Li02,,LR
Li25,117,ol_intrinsic,,,gaba,,,,,Li17,,LR
Li26,38,ol_intrinsic,,,gaba,,,,,Li16,,LR
Li27,113,ol_intrinsic,,,gaba,,,,Li13,Li03,,LR
Li28,13,ol_intrinsic,,,gaba,,,,,Li22,,LR
Li29,8,ol_intrinsic,,,gaba,,,,,Li26,,LR
Li30,10,ol_intrinsic,,,gaba,,,,,Li24,,LR
Li31,2,ol_intrinsic,,,glutamate,,,,mALC1,Li29,,LR
Li32,2,ol_intrinsic,,,gaba,,,,,Li32,,LR
Li33,2,ol_intrinsic,,,acetylcholine,,,,1343403608,Li30,,LR
Li34a,68,ol_intrinsic,,,gaba,,,,,Li11,,LR
Li34b,60,ol_intrinsic,,,gaba,,,,,Li09,,LR
Li35,27,ol_intrinsic,,,gaba,,,,,Li07,,LR
Li36,2,ol_intrinsic,,,glutamate,,,,,Li23,,LR
Li37,2,ol_intrinsic,,,glutamate,,,,,,,LR
Li38,2,ol_intrinsic,,,gaba,,,,mALC1,Li31,,LR
Li39,2,ol_intrinsic,,,gaba,,,,mALC2,Li33,,LR
Li_unclear,3,ol_intrinsic,,,unclear,,,,,,,L
LoVC1,2,visual_centrifugal,,,glutamate,,,,IB112,cL14,,LR
LoVC11,2,visual_centrifugal,,,gaba,,,,VES015,cL22b,,LR
LoVC12,2,visual_centrifugal,,,gaba,,,,VES026,cL22c,,LR
LoVC13,2,visual_centrifugal,,,gaba,,,MX,,cL09,,LR
LoVC14,2,visual_centrifugal,,,gaba,,,,mALC4,mALC4,,LR
LoVC15,6,visual_centrifugal,,,gaba,,,,PLP195,cL18,,LR
LoVC16,4,visual_centrifugal,,,glutamate,,,,PVLP132,cL21,,LR
LoVC17,5,visual_centrifugal,,,gaba,,,,,LT38,,LR
LoVC18,4,visual_centrifugal,,,dopamine,,,,PLP030,cL16,,LR
LoVC19,4,visual_centrifugal,,,acetylcholine,,fru_low,,,cL04,fru-M-100113,LR
LoVC2,2,visual_centrifugal,,,gaba,,fru_high,,IB006,cL11,fru-M-200085,LR
LoVC20,2,cb_intrinsic,,,gaba,,,,mALD2,mALD2,,LR
LoVC21,2,visual_centrifugal,,,gaba,,,,mALC3,mALC3,,LR
LoVC22,4,visual_centrifugal,,,dopamine,,,,CL033,cLLP02,,LR
LoVC23,4,cb_intrinsic,,,gaba,,,,mALC6,mALC6,,LR
LoVC24,10,visual_centrifugal,,,gaba,,,,,cL03,,LR
LoVC25,22,visual_centrifugal,,,acetylcholine,,,MX,,cL01,,LR
LoVC26,6,visual_centrifugal,,,glutamate,,,,,cL02a,,LR
LoVC27,10,visual_centrifugal,,,glutamate,,,,,cL02b,,LR
LoVC28,3,visual_centrifugal,,,glutamate,,,,,cL02c,,LR
LoVC29,4,visual_centrifugal,,,glutamate,,,,,cL02c,,LR
LoVC3,2,visual_centrifugal,,,gaba,potentially sexually dimorphic,,,IB011,cL12,,LR
LoVC4,2,visual_centrifugal,,,gaba,,,,IB013,cL22a,,LR
LoVC5,2,visual_centrifugal,,,gaba,,,,IB043,cL13,,LR
LoVC6,2,visual_centrifugal,,,gaba,,,,PLP014,cL15,,LR
LoVC7,2,visual_centrifugal,,,gaba,,,,PS155,cL20,,LR
LoVC9,2,visual_centrifugal,,,gaba,,,,LAL118,cL06,,LR
LoVCLo1,2,visual_centrifugal,,,acetylcholine,,,,PLP090,cL17,,LR
LoVCLo2,2,visual_centrifugal,,,unclear,,,,PLP210,cL19,,LR
LoVCLo3,2,visual_centrifugal,,,octopamine,,,,PLP244,OA-AL2b1,,LR
LoVP1,52,visual_projection,,,glutamate,,,,"LC25,LC26,LC25,LC24",LCe01b,,LR
LoVP10,15,visual_projection,,,acetylcholine,,,,,LC45,,LR
LoVP100,2,visual_projection,,,acetylcholine,,,,PLP091,LTe51,,LR
LoVP101,2,visual_projection,,,acetylcholine,,,,,LTe21,,LR
LoVP102,2,visual_projection,,,acetylcholine,,,,,LTe26,,LR
LoVP103,2,visual_projection,,,acetylcholine,,,,,LTe14,,LR
LoVP105,2,cb_intrinsic,,,acetylcholine,potentially sexually dimorphic,,,PLP068,PLP068,,LR
LoVP106,2,visual_projection,,,acetylcholine,,,,,LTe08,,LR
LoVP107,2,visual_projection,,,acetylcholine,,,,,LTe16,,LR
LoVP108,3,visual_projection,,,gaba,,,,,cL07,,LR
LoVP109,1,visual_projection,,,acetylcholine,,,,,LTe12,,L
LoVP11,8,visual_projection,,,acetylcholine,,,,"LC45a,LC45b",LC45,,LR
LoVP12,42,visual_projection,,,acetylcholine,,,,LC9,LCe04,,LR
LoVP13,51,visual_projection,,,glutamate,,,,,LCe03,,LR
LoVP14,19,visual_projection,,,acetylcholine,,,,LT57,LT57,,LR
LoVP16,11,visual_projection,,,acetylcholine,,,,PLP153,LTe58,,LR
LoVP17,8,visual_projection,,,acetylcholine,,,,PLP152,LTe38a,,LR
LoVP18,12,visual_projection,,,acetylcholine,,,,PS105,LTe64,,LR
LoVP19,2,visual_projection,,,acetylcholine,,,,LC46a,LC46,,LR
LoVP2,44,visual_projection,,,glutamate,,,,"LC25,LC26,LC24",LCe01a,,LR
LoVP20,2,visual_projection,,,acetylcholine,,,,"PLP240,PLP241","LTe49a,LTe49b,LTe49d,LTe49e,LTe49f",,LR
LoVP21,4,visual_projection,,,acetylcholine,,,,IB088,"LTe49a,LTe49b,LTe49d,LTe49e,LTe49f",,LR
LoVP22,4,visual_projection,,,acetylcholine,,,,IB091,"LTe49a,LTe49b,LTe49d,LTe49e,LTe49f",,LR
LoVP23,6,visual_projection,,,acetylcholine,,,,IB085,"LTe49a,LTe49b,LTe49d,LTe49e,LTe49f",,LR
LoVP24,8,visual_projection,,,acetylcholine,,,,"PLP240,IB089","LTe61,LTe49c",,LR
LoVP25,6,visual_projection,,,acetylcholine,,,,PS273,LTe66,,LR
LoVP26,12,visual_projection,,,acetylcholine,,,,PS273,LTe65,,LR
LoVP27,10,visual_projection,,,acetylcholine,,,,,"LTe49a,LTe49b,LTe49d,LTe49e,LTe49f",,LR
LoVP28,2,visual_projection,,,acetylcholine,,,,IB019,LTe48,,LR
LoVP29,2,visual_projection,,,gaba,,,,,LTe27,,LR
LoVP3,12,visual_projection,,,glutamate,,,,,LCe08,,LR
LoVP30,2,visual_projection,,,glutamate,,,,,LTe07,,LR
LoVP31,1,visual_projection,,,acetylcholine,,,,,,,R
LoVP32,6,visual_projection,,,acetylcholine,,,,,LTe01,,LR
LoVP33,6,visual_projection,,,gaba,,,,PS104,LTe63,,LR
LoVP34,2,visual_projection,,,acetylcholine,,,,,LTe28,,LR
LoVP35,2,visual_projection,,,acetylcholine,,,,,LTe05,,LR
LoVP36,2,visual_projection,,,glutamate,,,,PLP118,LTe53,,LR
LoVP37,2,cb_intrinsic,,,glutamate,,,,PLP215,PLP215,,LR
LoVP38,4,visual_projection,,,glutamate,,,,PLP070,LTe50,,LR
LoVP39,4,visual_projection,,,acetylcholine,,,,PLP125,LTe54,,LR
LoVP4,12,visual_projection,,,acetylcholine,,,,"LC28a,LC28b",LC28b,,LR
LoVP40,2,visual_projection,,,glutamate,,,,CL284,LTe46,,LR
LoVP41,2,visual_projection,,,acetylcholine,,,,,LTe04,,LR
LoVP42,2,visual_projection,,,acetylcholine,,fru_high,,,LTe25,fru-M-100235,LR
LoVP43,2,visual_projection,,,acetylcholine,,,,PLP126,LTe55,,LR
LoVP44,2,visual_projection,,,acetylcholine,,,,PLP147,LTe57,,LR
LoVP45,2,visual_projection,,,glutamate,,,,PLP212,LTe60,,LR
LoVP46,2,visual_projection,,,glutamate,,,,,LTe22,,LR
LoVP47,2,visual_projection,,,glutamate,,,,,LTe17,,LR
LoVP48,2,visual_projection,,,acetylcholine,,,,,LTe31,,LR
LoVP49,2,visual_projection,,,acetylcholine,,,,,LTe15,,LR
LoVP5,27,visual_projection,,,acetylcholine,,,,"LC28a,LC28b",LC28b,,LR
LoVP50,7,visual_projection,,,acetylcholine,,,,PLP098,"LT53,PLP098",,LR
LoVP51,2,visual_projection,,,acetylcholine,,,,SLP357,LTe41,,LR
LoVP52,2,visual_projection,,,acetylcholine,,,,,LT57,,LR
LoVP53,2,visual_projection,,,acetylcholine,,,,,LTe13,,LR
LoVP54,2,visual_projection,,,acetylcholine,,,,,LTe20,,LR
LoVP55,4,visual_projection,,,acetylcholine,,,,PLP167,CB3089,,LR
LoVP56,2,visual_projection,,,glutamate,,,,CL281,LTe45,,LR
LoVP57,2,visual_projection,,,acetylcholine,,,,,LTe06,,LR
LoVP58,2,visual_projection,,,acetylcholine,,,,,LTe35,,LR
LoVP59,2,visual_projection,,,acetylcholine,,,,,LTe24,,LR
LoVP6,22,visual_projection,,,acetylcholine,,,,"LC28a,LC28b",LC28b,,LR
LoVP60,2,visual_projection,,,acetylcholine,,,,PLP146,LTe56,,LR
LoVP61,4,visual_projection,,,glutamate,,,,CL285,LTe47,,LR
LoVP62,4,visual_projection,,,acetylcholine,,,,,LTe33,,LR
LoVP63,2,visual_projection,,,acetylcholine,,,,SLP219,LTe69,,LR
LoVP64,2,visual_projection,,,glutamate,,,,SLP233,LTe70,,LR
LoVP65,2,visual_projection,,,acetylcholine,,,,SLP448,LTe72,,LR
LoVP66,2,visual_projection,,,acetylcholine,,,,SLP449,LTe73,,LR
LoVP67,2,visual_projection,,,acetylcholine,,,,SLP453,LTe74,,LR
LoVP68,2,visual_projection,,,acetylcholine,,,,,LTe36,,LR
LoVP69,2,visual_projection,,,acetylcholine,,,,,LTe10,,LR
LoVP7,20,visual_projection,,,glutamate,,,,,LCe05,,LR
LoVP70,2,visual_projection,,,acetylcholine,,,,SLP357,LTe40,,LR
LoVP71,4,visual_projection,,,acetylcholine,,,,,LTe02,,LR
LoVP72,2,visual_projection,,,acetylcholine,,,,,LTe30,,LR
LoVP73,2,visual_projection,,,acetylcholine,,,,,LTe23,,LR
LoVP74,4,visual_projection,,,acetylcholine,,,,PLP011,LTe37,,LR
LoVP75,5,visual_projection,,,acetylcholine,,,,,LTe38b,,LR
LoVP76,4,visual_projection,,,glutamate,,,,LC10,LC10f,,LR
LoVP77,2,visual_projection,,,acetylcholine,,,,AOTU044,LTe43,,LR
LoVP78,3,visual_projection,,,acetylcholine,,,,,LTe11,,LR
LoVP79,2,visual_projection,,,acetylcholine,,,,SMP241,LTe75,,LR
LoVP8,22,visual_projection,,,acetylcholine,,,,,LTe09,,LR
LoVP80,4,visual_projection,,,acetylcholine,,,,"SIP062,SIP063",LTe68,,LR
LoVP81,4,cb_intrinsic,,,acetylcholine,,,,SIP060,CB3790,,LR
LoVP82,4,visual_projection,,,acetylcholine,,,,SIP058,LTe67,,LR
LoVP83,7,visual_projection,,,acetylcholine,,,,AOTU044,LTe43,,LR
LoVP84,7,visual_projection,,,acetylcholine,,,,"SIP062,SIP063",LTe68,,LR
LoVP85,2,visual_projection,,,acetylcholine,,,,,LTe18,,LR
LoVP86,2,visual_projection,,,acetylcholine,,,,,LTe19,,LR
LoVP88,2,visual_projection,,,acetylcholine,,,,VES080,LTe76,,LR
LoVP89,5,visual_projection,,,acetylcholine,,,,,LTe03,,LR
LoVP9,13,visual_projection,,,acetylcholine,,,,,LCe09,,LR
LoVP90a,2,visual_projection,,,acetylcholine,,,,VES044,LTe42a,,LR
LoVP90b,2,visual_projection,,,acetylcholine,,,,VES044,LTe42b,,LR
LoVP90c,2,visual_projection,,,acetylcholine,,,,VES044,LTe42c,,LR
LoVP91,2,cb_intrinsic,,,gaba,,,,PLP051,PLP051,,LR
LoVP92,13,visual_projection,,,acetylcholine,male-specific,fru_high,,,,Cachero 2010: pIP-b; Yu 2010: pIP8,LR
LoVP93,12,visual_projection,,,acetylcholine,,fru_low,,,LCe06,Cachero 2010: pIP-b; Yu 2010: pIP8,LR
LoVP94,2,cb_intrinsic,,,glutamate,potentially sexually dimorphic,,,,"PLP185,PLP186",,LR
LoVP95,2,visual_projection,,,glutamate,,,,PLP183,LTe59a,,LR
LoVP96,2,visual_centrifugal,,,glutamate,,,,,cL10,,LR
LoVP97,2,cb_intrinsic,,,acetylcholine,,,,PLP251,PLP251,,LR
LoVP98,2,visual_projection,,,acetylcholine,,,,PLP255,LTe62,,LR
LoVP99,2,visual_projection,,,glutamate,,,,,LTe29,,LR
LoVP_unclear,12,visual_projection,,,acetylcholine,,,,,,,LR
LopVC_unclear,1,visual_centrifugal,,,glutamate,,,,,,,R
LpMe_unclear,2,ol_intrinsic,,,glutamate,,,,,,,R
MB-C1,5,cb_intrinsic,,,gaba,,,,MB-C1,MB-C1,,LR
MBON01,2,cb_intrinsic,MBON,,glutamate,,,,MBON01,MBON01,,LR
MBON02,2,cb_intrinsic,MBON,,glutamate,,,,MBON02,MBON02,,LR
MBON03,2,cb_intrinsic,MBON,,glutamate,,,,MBON03,MBON03,,LR
MBON04,2,cb_intrinsic,MBON,,glutamate,,,,MBON04,MBON04,,LR
MBON05,2,cb_intrinsic,MBON,,glutamate,,,,MBON05,MBON05,,LR
MBON06,2,cb_intrinsic,MBON,,glutamate,,,,MBON06,MBON06,,LR
MBON07,4,cb_intrinsic,MBON,,glutamate,,,,MBON07,MBON07,,LR
MBON09,4,cb_intrinsic,MBON,,gaba,,fru_low,,MBON09,MBON09,fru-M-100018,LR
MBON10,9,cb_intrinsic,MBON,,gaba,,,,MBON10,MBON10,,LR
MBON11,2,cb_intrinsic,MBON,,gaba,,,,MBON11,MBON11,,LR
MBON12,4,cb_intrinsic,MBON,,acetylcholine,,,,MBON12,MBON12,,LR
MBON13,2,cb_intrinsic,MBON,,acetylcholine,,,,MBON13,MBON13,,LR
MBON14,4,cb_intrinsic,MBON,,acetylcholine,,,,MBON14,MBON14,,LR
MBON15,4,cb_intrinsic,MBON,,acetylcholine,,,,MBON15,MBON15,,LR
MBON15-like,4,cb_intrinsic,MBON,,acetylcholine,,,,MBON15-like,MBON15-like,,LR
MBON16,2,cb_intrinsic,MBON,,acetylcholine,,,,MBON16,MBON16,,LR
MBON17,2,cb_intrinsic,MBON,,acetylcholine,,,,MBON17,MBON17,,LR
MBON17-like,2,cb_intrinsic,MBON,,acetylcholine,,,,MBON17-like,MBON17-like,,LR
MBON18,2,cb_intrinsic,MBON,,acetylcholine,,,,MBON18,MBON18,,LR
MBON19,4,cb_intrinsic,MBON,,acetylcholine,,,,MBON19,MBON19,,LR
MBON20,2,cb_intrinsic,MBON,,gaba,,,,MBON20,MBON20,,LR
MBON21,2,cb_intrinsic,MBON,,acetylcholine,,,,MBON21,MBON21,,LR
MBON22,2,cb_intrinsic,MBON,,acetylcholine,,,,MBON22,MBON22,,LR
MBON23,2,cb_intrinsic,MBON,,acetylcholine,,,,MBON23,MBON23,,LR
MBON24,2,cb_intrinsic,MBON,,acetylcholine,,,,MBON24,MBON24,,LR
MBON25,2,cb_intrinsic,MBON,,glutamate,,,,MBON25,"MBON25,MBON34",,LR
MBON25-like,4,cb_intrinsic,MBON,,glutamate,,,,,"MBON25,MBON34",,LR
MBON26,2,cb_intrinsic,MBON,,acetylcholine,,,,MBON26,MBON26,,LR
MBON27,2,cb_intrinsic,MBON,,acetylcholine,,,,MBON27,MBON27,,LR
MBON28,2,cb_intrinsic,MBON,,acetylcholine,,,,MBON28,MBON28,,LR
MBON29,2,cb_intrinsic,MBON,,acetylcholine,,,,MBON29,MBON29,,LR
MBON30,2,cb_intrinsic,MBON,,glutamate,,,,MBON30,MBON30,,LR
MBON31,2,cb_intrinsic,MBON,,gaba,,,,MBON31,MBON31,,LR
MBON32,2,cb_intrinsic,MBON,,gaba,,,,MBON32,MBON32,,LR
MBON33,2,cb_intrinsic,MBON,,acetylcholine,,,,MBON33,MBON33,,LR
MBON34,2,cb_intrinsic,MBON,,glutamate,,,,MBON34,"MBON25,MBON34",,LR
MBON35,2,cb_intrinsic,MBON,,acetylcholine,,,,MBON35,MBON35,,LR
MDN,4,descending_neuron,,xn,acetylcholine,,,,MDN,MDN,Carreira-Rosario 2018: DNp50,LR
ME_LOP_unclear,1,ol_intrinsic,,,glutamate,,,,,,,R
ME_LO_unclear,4,ol_intrinsic,,,unclear,,,,,,,L
ME_unclear,26,ol_intrinsic,,,glutamate,,,,,,,LR
MN1,4,cb_motor,,pm,acetylcholine,,,GNG,,CB0720,,LR
MN10,3,cb_motor,,pm,unclear,,,,,MN10,,LR
MN11D,3,cb_motor,,pm,acetylcholine,,,,,CB0700,,LR
MN11V,2,cb_motor,,pm,acetylcholine,,,,,CB0708,,LR
MN12D,4,cb_motor,,pm,unclear,,,,,CB0914/CB0915,,LR
MN13,2,cb_motor,,pm,unclear,,fru_low,,,CB0836,fru-M-100018,LR
MN2Da,2,cb_motor,,pm,unclear,,,,,CB0789,,LR
MN2Db,2,cb_motor,,pm,unclear,,,,,CB0861,,LR
MN2V,2,cb_motor,,pm,unclear,,,,,CB0783,,LR
MN3L,4,cb_motor,,pm,acetylcholine,,,,,CB0875/CB0882,,LR
MN3M,2,cb_motor,,pm,unclear,,,,,CB0703,,LR
MN4a,4,cb_motor,,pm,acetylcholine,,,,,CB0845,,LR
MN4b,2,cb_motor,,pm,unclear,,,,,CB0871,,LR
MN5,2,cb_motor,,pm,unclear,,,,,CB0728,,LR
MN6,2,cb_motor,,pm,acetylcholine,,,,,CB0858,,LR
MN7,4,cb_motor,,pm,unclear,,,,,CB0762,,LR
MN8,2,cb_motor,,pm,acetylcholine,,,,,CB0911,,LR
MN9,2,cb_motor,,pm,acetylcholine,,,,,CB0701,,LR
MNad01,8,vnc_motor,,ad,unclear,,,A3,,,,LR
MNad02,12,vnc_motor,,ad,unclear,,,A2,,,,LR
MNad03,6,vnc_motor,,ad,unclear,,,A4,,,,LR
"MNad04,MNad48",5,vnc_motor,,ad,unclear,,,A10,,,,LR
MNad05,6,vnc_motor,,ad,unclear,,,A2,,,,LR
MNad06,8,vnc_motor,,ad,unclear,,,A3,,,,LR
MNad07,6,vnc_motor,,ad,unclear,,,A4,,,,LR
MNad08,6,vnc_motor,,ad,unclear,,,A5,,,,LR
MNad09,8,vnc_motor,,ad,unclear,,,A7,,,,LR
MNad10,6,vnc_motor,,ad,unclear,,,A3,,,,LR
MNad11,8,vnc_motor,,ad,unclear,,,A4,,,,LR
MNad12,4,vnc_motor,,ad,unclear,,,A9,,,,LR
MNad14,8,vnc_motor,,ad,unclear,,,A5,,,,LR
MNad15,4,vnc_motor,,ad,unclear,,,A8,,,,LR
MNad16,8,vnc_motor,,ad,unclear,,,A4,,,,LR
MNad17,8,vnc_motor,,ad,acetylcholine,,,A10,,,,LR
"MNad18,MNad27",8,vnc_motor,,ad,unclear,,,A2,,,,LR
MNad19,4,vnc_motor,,ad,unclear,,,A4,,,,LR
MNad20,4,vnc_motor,,ad,unclear,,,A9,,,,LR
MNad21,4,vnc_motor,,ad,unclear,,,A1,,,,LR
MNad22,4,vnc_motor,,ad,unclear,,,A7,,,,LR
MNad23,2,vnc_motor,,ad,unclear,,,A7,,,,LR
MNad24,2,vnc_motor,,ad,unclear,,,A1,,,,LR
MNad25,4,vnc_motor,,ad,unclear,,,A2,,,,LR
MNad26,2,vnc_motor,,ad,unclear,,,T3,,,,LR
MNad28,2,vnc_motor,,ad,glutamate,,,T3,,,,LR
MNad29,2,vnc_motor,,ad,unclear,,,T3,,,,LR
MNad30,2,vnc_motor,,ad,unclear,,,A1,,,,LR
MNad31,2,vnc_motor,,ad,unclear,,,A1,,,,LR
MNad32,2,vnc_motor,,ad,unclear,,,A1,,,,LR
MNad33,2,vnc_motor,,ad,unclear,,,A1,,,,LR
MNad34,2,vnc_motor,,ad,unclear,,,A1,,,,LR
MNad35,2,vnc_motor,,ad,unclear,,,A1,,,,LR
MNad36,2,vnc_motor,,ad,unclear,,,A1,,,,LR
MNad40,2,vnc_motor,,ad,unclear,,,A1,,,,LR
MNad41,2,vnc_motor,,ad,unclear,,,A1,,,,LR
MNad42,2,vnc_motor,,ad,unclear,,,A1,,,,LR
MNad43,2,vnc_motor,,ad,unclear,,,A1,,,,LR
MNad44,2,vnc_motor,,ad,unclear,,,A2,,,,LR
MNad45,2,vnc_motor,,ad,unclear,,,A1,,,,LR
MNad46,2,vnc_motor,,ad,unclear,,,A1,,,,LR
MNad47,2,vnc_motor,,ad,unclear,,,A1,,,,LR
MNad49,2,vnc_motor,,ad,unclear,,,A9,,,,LR
MNad50,1,vnc_motor,,ad,unclear,,,,,,,R
MNad53,4,vnc_motor,,ad,unclear,,,A9,,,,LR
MNad54,4,vnc_motor,,ad,unclear,,,A1,,,,LR
MNad55,2,vnc_motor,,ad,unclear,,,A9,,,,LR
MNad56,2,vnc_motor,,ad,unclear,,,A1,,,,LR
MNad57,2,vnc_motor,,ad,unclear,,,A8,,,,LR
MNad61,2,vnc_motor,,ad,unclear,,,A8,,,,LR
MNad62,2,vnc_motor,,ad,unclear,,,A8,,,,LR
MNad63,2,vnc_motor,,ad,unclear,,,A1,,,,LR
MNad64,2,vnc_motor,,ad,gaba,,,A9,,,,LR
MNad65,2,vnc_motor,,ad,unclear,,,A9,,,,LR
MNad66,2,vnc_motor,,ad,unclear,,,A8,,,,LR
MNad67,2,vnc_motor,,ad,unclear,,,A8,,,,LR
MNad68,2,vnc_motor,,ad,unclear,,,A9,,,,LR
MNad69,2,vnc_motor,,ad,unclear,,,A10,,,,LR
MNhl01,2,vnc_motor,,hl,unclear,,,T3,,,,LR
MNhl02,2,vnc_motor,,hl,unclear,,,T3,,,,LR
MNhl29,2,vnc_motor,,hl,glutamate,,,T3,,,,LR
MNhl59,2,vnc_motor,,hl,unclear,,,T3,,,,LR
MNhl60,2,vnc_motor,,hl,unclear,,,T3,,,,LR
MNhl62,2,vnc_motor,,hl,unclear,,,T3,,,,LR
MNhl64,2,vnc_motor,,hl,unclear,,,T3,,,,LR
MNhl65,3,vnc_motor,,hl,glutamate,,,T3,,,,LR
MNhl87,2,vnc_motor,,hl,unclear,,,T3,,,,LR
MNhl88,2,vnc_motor,,hl,unclear,,,T3,,,,LR
MNhm03,2,vnc_motor,,hm,glutamate,,,T3,,,,LR
MNhm42,2,vnc_motor,,hm,glutamate,,,T3,,,,LR
MNhm43,2,vnc_motor,,hm,glutamate,,,T3,,,,LR
MNml29,2,vnc_motor,,ml,glutamate,,,T2,,,,LR
MNml76,1,vnc_motor,,ml,glutamate,,,T2,,,,R
MNml77,2,vnc_motor,,ml,glutamate,,,T2,,,,LR
MNml78,6,vnc_motor,,ml,glutamate,,,T2,,,,LR
MNml79,2,vnc_motor,,ml,glutamate,,,T2,,,,LR
MNml80,6,vnc_motor,,ml,glutamate,,,T2,,,,LR
MNml81,2,vnc_motor,,ml,unclear,,,T2,,,,LR
MNml82,2,vnc_motor,,ml,glutamate,,,T2,,,,LR
MNml83,1,vnc_motor,,ml,glutamate,,,T2,,,,R
MNnm03,2,vnc_motor,,nm,glutamate,,,T1,,,,LR
"MNnm07,MNnm12",4,vnc_motor,,nm,glutamate,,,T1,,,,LR
MNnm08,2,vnc_motor,,nm,glutamate,,,T1,,,,LR
MNnm09,2,vnc_motor,,nm,glutamate,,,T1,,,,LR
MNnm10,2,vnc_motor,,nm,glutamate,,,T1,,,,LR
MNnm11,2,vnc_motor,,nm,glutamate,,,T1,,,,LR
MNnm13,2,vnc_motor,,nm,glutamate,,,T1,,,,LR
MNnm14,2,vnc_motor,,nm,glutamate,,,T1,,,,LR
MNwm35,2,vnc_motor,,wm,unclear,,,T2,,,,LR
MNwm36,2,vnc_motor,,wm,glutamate,,,T2,,,,LR
MNx01,4,cb_motor,,pm,glutamate,,,,,MNx01,,LR
MNx02,2,cb_motor,,pm,unclear,,,,,CB0904,,LR
MNx03,3,cb_motor,,pm,unclear,,,,,MNx03,,LR
MNx04,2,cb_motor,,pm,unclear,,,,,CB0715,,LR
MNx05,2,cb_motor,,pm,unclear,,,,,CB0769,,LR
MNxm01,2,vnc_motor,,xm,unclear,,,T1,,,,LR
MNxm02,2,vnc_motor,,xm,unclear,,,T2,,,,LR
MNxm03,2,vnc_motor,,xm,unclear,,,T2,,,,LR
MZ_lv2PN,2,cb_intrinsic,ALPN,,gaba,sexually dimorphic,,,MZ_lv2PN,MZ_lv2PN,Tanaka 2012: lPN4,LR
M_VPNml66,6,cb_intrinsic,ALPN,,gaba,,fru_low,,M_VPNml66,M_VPNml66,Cachero 2010: aDT-f,LR
M_adPNm3,2,cb_intrinsic,ALPN,,acetylcholine,,,,M_adPNm3,M_adPNm3,,LR
M_adPNm4,2,cb_intrinsic,ALPN,,acetylcholine,,,,M_adPNm4,M_adPNm4,,LR
M_adPNm5,9,cb_intrinsic,ALPN,,acetylcholine,,,,M_adPNm5,M_adPNm5,,LR
M_adPNm7,3,cb_intrinsic,ALPN,,acetylcholine,,,,M_adPNm7,M_adPNm7,,LR
M_adPNm8,6,cb_intrinsic,ALPN,,acetylcholine,,,,M_adPNm8,M_adPNm8,,LR
M_ilPNm90,2,cb_intrinsic,ALPN,BI,acetylcholine,,,,"M_ilPNm90,M_ilPN8t91","M_ilPNm90,M_ilPN8t91",,LR
M_imPNl92,2,cb_intrinsic,ALPN,BI,acetylcholine,,,,M_imPNl92,M_imPNl92,,LR
M_l2PN10t19,4,cb_intrinsic,ALPN,BI,acetylcholine,,,DC,M_l2PN10t19,M_l2PN10t19b,,LR
M_l2PN3t18,4,cb_intrinsic,ALPN,,acetylcholine,,,DC,M_l2PN3t18,M_l2PN3t18,,LR
M_l2PNl20,2,cb_intrinsic,ALPN,BI,acetylcholine,,,DC,M_l2PNl20,M_l2PNl20,,LR
M_l2PNl21,2,cb_intrinsic,ALPN,BI,acetylcholine,,,DC,M_l2PNl21,M_l2PNl21,,LR
M_l2PNl22,2,cb_intrinsic,ALPN,,acetylcholine,,,DC,M_l2PNl22,M_l2PNl22,,LR
M_l2PNl23,2,cb_intrinsic,ALPN,,acetylcholine,,,DC,M_l2PNl23,M_l2PNl23,,LR
M_l2PNm14,2,cb_intrinsic,ALPN,,acetylcholine,,,DC,M_l2PNm14,M_l2PNm14,,LR
M_l2PNm15,2,cb_intrinsic,ALPN,,acetylcholine,,,DC,M_l2PNm15,M_l2PNm15,,LR
M_l2PNm16,4,cb_intrinsic,ALPN,,acetylcholine,,,DC,M_l2PNm16,M_l2PNm16,,LR
M_l2PNm17,2,cb_intrinsic,ALPN,,acetylcholine,,,DC,M_l2PNm17,M_l2PNm17,,LR
M_lPNm11A,6,cb_intrinsic,ALPN,BI,acetylcholine,,,DC,M_lPNm11A,M_lPNm11A,,LR
M_lPNm11B,2,cb_intrinsic,ALPN,,acetylcholine,,,DC,M_lPNm11B,M_lPNm11B,,LR
M_lPNm11C,2,cb_intrinsic,ALPN,,acetylcholine,,,DC,M_lPNm11C,M_lPNm11C,,LR
M_lPNm11D,12,cb_intrinsic,ALPN,,acetylcholine,,,DC,M_lPNm11D,M_lPNm11D,,LR
M_lPNm12,2,cb_intrinsic,ALPN,,acetylcholine,,,DC,M_lPNm12,CB4218,,LR
M_lPNm13,7,cb_intrinsic,ALPN,,acetylcholine,,,DC,M_lPNm13,CB4219,,LR
M_lv2PN9t49_a,2,cb_intrinsic,ALPN,,gaba,,,,M_lv2PN9t49,M_lv2PN9t49,,LR
M_lv2PN9t49_b,2,cb_intrinsic,ALPN,,gaba,,,,M_lv2PN9t49,M_lv2PN9t49,,LR
M_lvPNm24,4,cb_intrinsic,ALPN,,acetylcholine,,,TC,M_lvPNm24,M_lvPNm24,,LR
M_lvPNm25,4,cb_intrinsic,ALPN,,acetylcholine,,,TC,M_lvPNm25,M_lvPNm25,,LR
M_lvPNm26,4,cb_intrinsic,ALPN,,acetylcholine,,,TC,M_lvPNm26,M_lvPNm26,,LR
M_lvPNm27,1,cb_intrinsic,ALPN,BI,acetylcholine,,,TC,M_lvPNm27,M_lvPNm27,,L
M_lvPNm28,2,cb_intrinsic,ALPN,,acetylcholine,,,TC,M_lvPNm28,M_lvPNm28,,LR
M_lvPNm29,2,cb_intrinsic,ALPN,,acetylcholine,,,TC,M_lvPNm29,M_lvPNm29,,LR
M_lvPNm30,2,cb_intrinsic,ALPN,,acetylcholine,,,TC,M_lvPNm30,CB2161,,LR
M_lvPNm31,2,cb_intrinsic,ALPN,,acetylcholine,,,TC,M_lvPNm31,M_lvPNm31,,LR
M_lvPNm32,2,cb_intrinsic,ALPN,,acetylcholine,,,TC,M_lvPNm32,CB1461,,LR
M_lvPNm33,5,cb_intrinsic,ALPN,,acetylcholine,,,TC,M_lvPNm33,CB1988,,LR
M_lvPNm35,5,cb_intrinsic,ALPN,,acetylcholine,,,TC,M_lvPNm35,M_lvPNm35,,LR
M_lvPNm37,5,cb_intrinsic,ALPN,,acetylcholine,,,TC,M_lvPNm37,M_lvPNm37,,LR
M_lvPNm38,2,cb_intrinsic,ALPN,,acetylcholine,,,TC,M_lvPNm38,CB3383,,LR
M_lvPNm39,2,cb_intrinsic,ALPN,,acetylcholine,,,TC,M_lvPNm39,M_lvPNm39,,LR
M_lvPNm40,4,cb_intrinsic,ALPN,,acetylcholine,,,TC,M_lvPNm40,M_lvPNm40,,LR
M_lvPNm41,5,cb_intrinsic,ALPN,,acetylcholine,,,TC,M_lvPNm41,M_lvPNm41,,LR
M_lvPNm42,3,cb_intrinsic,ALPN,,acetylcholine,,,TC,M_lvPNm42,M_lvPNm42,,LR
M_lvPNm43,4,cb_intrinsic,ALPN,,acetylcholine,,fru_high,TC,M_lvPNm43,M_lvPNm43,Taisz 2023: DA1 lvPN,LR
M_lvPNm44,2,cb_intrinsic,ALPN,,acetylcholine,,,TC,M_lvPNm44,M_lvPNm44,,LR
M_lvPNm45,7,cb_intrinsic,ALPN,,acetylcholine,,fru_high,TC,M_lvPNm45,M_lvPNm45,Taisz 2023: DA1 lvPN,LR
M_lvPNm46,4,cb_intrinsic,ALPN,,acetylcholine,,,TC,M_lvPNm46,M_lvPNm46,,LR
M_lvPNm47,4,cb_intrinsic,ALPN,,acetylcholine,,,TC,M_lvPNm47,M_lvPNm47,,LR
M_lvPNm48,8,cb_intrinsic,ALPN,,acetylcholine,,,TC,M_lvPNm48,M_lvPNm48,,LR
M_smPN6t2,2,cb_intrinsic,ALPN,BI,gaba,,,,M_smPN6t2,M_smPN6t2,,LR
M_smPNm1,2,cb_intrinsic,ALPN,,gaba,,,,M_smPNm1,M_smPNm1,,LR
M_spPN4t9,2,cb_intrinsic,ALPN,BI,acetylcholine,,,DC,M_spPN4t9,M_spPN4t9,,LR
M_spPN5t10,2,cb_intrinsic,ALPN,BI,acetylcholine,,,,M_spPN5t10,M_spPN5t10,,LR
M_vPNml50,4,cb_intrinsic,ALPN,,gaba,,,,M_vPNml50,M_vPNml50,,LR
M_vPNml51,2,cb_intrinsic,ALPN,,gaba,,fru_low,,M_vPNml51,"M_vPNml51,CB3597",,LR
M_vPNml52,2,cb_intrinsic,ALPN,,gaba,,fru_low,,M_vPNml52,M_vPNml52,,LR
M_vPNml53,12,cb_intrinsic,ALPN,,gaba,,,,M_vPNml53,M_vPNml53,,LR
M_vPNml54,2,cb_intrinsic,ALPN,,gaba,,,,M_vPNml54,M_vPNml54,,LR
M_vPNml55,2,cb_intrinsic,ALPN,,gaba,,,,M_vPNml55,M_vPNml55,,LR
M_vPNml57,2,cb_intrinsic,ALPN,,gaba,potentially sexually dimorphic,,,M_vPNml57,M_vPNml57,,LR
M_vPNml60,5,cb_intrinsic,ALPN,,gaba,,fru_low,,M_vPNml60,M_vPNml60,Cachero 2010: aDT-f,LR
M_vPNml63,7,cb_intrinsic,ALPN,,gaba,,fru_low,,M_vPNml63,M_vPNml63,Cachero 2010: aDT-f,LR
M_vPNml65,6,cb_intrinsic,ALPN,,gaba,,fru_low,,M_vPNml65,M_vPNml65,Cachero 2010: aDT-f,LR
M_vPNml67,4,cb_intrinsic,ALPN,,gaba,,fru_low,,M_vPNml67,M_vPNml67,Cachero 2010: aDT-f,LR
M_vPNml68,5,cb_intrinsic,ALPN,,gaba,,,,M_vPNml68,CB3457,,LR
M_vPNml69,4,cb_intrinsic,ALPN,,gaba,,,,M_vPNml69,M_vPNml69,,LR
M_vPNml72,4,cb_intrinsic,ALPN,,gaba,,fru_low,,M_vPNml72,M_vPNml72,Cachero 2010: aDT-f,LR
M_vPNml73,2,cb_intrinsic,ALPN,,gaba,,,,M_vPNml73,,,LR
M_vPNml75,4,cb_intrinsic,ALPN,,gaba,,,,M_vPNml75,M_vPNml75,,LR
M_vPNml76,6,cb_intrinsic,ALPN,,gaba,,,,M_vPNml76,CB2372,,LR
M_vPNml77,4,cb_intrinsic,ALPN,,gaba,,,,M_vPNml77,M_vPNml77,,LR
M_vPNml78,1,cb_intrinsic,ALPN,,gaba,,,,M_vPNml78,CB2589,,R
M_vPNml79,2,cb_intrinsic,ALPN,,gaba,,,,M_vPNml79,M_vPNml79,,LR
M_vPNml80,4,cb_intrinsic,ALPN,,gaba,,,,M_vPNml80,M_vPNml80,,LR
M_vPNml83,8,cb_intrinsic,ALPN,,gaba,,,,M_vPNml83,M_vPNml83,,LR
M_vPNml84,8,cb_intrinsic,ALPN,,gaba,,,,M_vPNml84,M_vPNml84,,LR
M_vPNml86,3,cb_intrinsic,ALPN,,gaba,,,,M_vPNml86,M_vPNml86,,LR
M_vPNml87,6,cb_intrinsic,ALPN,,gaba,,,,M_vPNml87,M_vPNml87,,LR
M_vPNml88,2,cb_intrinsic,ALPN,,gaba,,,,M_vPNml88,CB1296,,LR
MeLo1,123,ol_intrinsic,,,acetylcholine,,,,,MLt1,,LR
MeLo10,61,ol_intrinsic,,,glutamate,,,,,LMt2,,LR
MeLo11,50,ol_intrinsic,,,glutamate,,,,,LMt4,,LR
MeLo12,50,ol_intrinsic,,,glutamate,,,,,LMt1,,LR
MeLo13,73,ol_intrinsic,,,glutamate,,,,,LMa1,,LR
MeLo14,39,ol_intrinsic,,,glutamate,,,,,LMt3,,LR
MeLo2,145,ol_intrinsic,,,acetylcholine,,,,,MLt3,,LR
MeLo3a,107,ol_intrinsic,,,acetylcholine,,,,,MLt2,,LR
MeLo3b,81,ol_intrinsic,,,acetylcholine,,,,,MLt5,,LR
MeLo4,68,ol_intrinsic,,,acetylcholine,,,,,MLt6,,LR
MeLo5,37,ol_intrinsic,,,acetylcholine,,,,,MLt8,,LR
MeLo6,62,ol_intrinsic,,,acetylcholine,,,,,MLt7,,LR
MeLo7,96,ol_intrinsic,,,acetylcholine,,,,,MLt4,,LR
MeLo8,47,ol_intrinsic,,,gaba,,,,,LMa2,,LR
MeLo9,82,ol_intrinsic,,,glutamate,,,,,LMa5,,LR
MeTu1,250,visual_projection,,,acetylcholine,,,,"MC61,MC64",MeTu1,,LR
MeTu2a,70,visual_projection,,,acetylcholine,,,,"MC61,MC64",MeTu2a,,LR
MeTu2b,31,visual_projection,,,acetylcholine,,,,"MC61,MC64",MeTu2b,,LR
MeTu3a,42,visual_projection,,,acetylcholine,,,,"MC61,MC64",MeTu3a,,LR
MeTu3b,80,visual_projection,,,acetylcholine,,,,"MC61,MC64",MeTu3b,,LR
MeTu3c,173,visual_projection,,,acetylcholine,,,,"MC61,MC64",MeTu3c,,LR
MeTu4_unclear,2,visual_projection,,,acetylcholine,,,,,,,R
MeTu4a,95,visual_projection,,,acetylcholine,,,,"MC61,MC64",MeTu4a,,LR
MeTu4b,32,visual_projection,,,acetylcholine,,,,"MC61,MC64",MeTu4b,,LR
MeTu4c,87,visual_projection,,,acetylcholine,,,,"MC61,MC64",MeTu4c,,LR
MeTu4d,40,visual_projection,,,acetylcholine,,,,"MC61,MC64",MeTu4d,,LR
MeTu4e,51,visual_projection,,,acetylcholine,,,,,MeTu4a,,LR
MeTu4f,56,visual_projection,,,acetylcholine,,,,,MeTu4c,,LR
MeVC1,2,visual_centrifugal,,,acetylcholine,,,,,cM05,,LR
MeVC10,2,visual_centrifugal,,,acetylcholine,,,,IB030,cM13,,LR
MeVC11,2,visual_centrifugal,,,acetylcholine,,,,PS125,cM15,,LR
MeVC12,2,visual_centrifugal,,,acetylcholine,,,,,cM06,,LR
MeVC2,2,visual_centrifugal,,,acetylcholine,,,,PS123,cM14,,LR
MeVC20,4,visual_centrifugal,,,glutamate,,,,,cM08c,,LR
MeVC21,6,visual_centrifugal,,,glutamate,,,,,cM08a,,LR
MeVC22,4,visual_centrifugal,,,glutamate,,,,,cM08b,,LR
MeVC23,2,visual_centrifugal,,,glutamate,,,,,cM07,,LR
MeVC24,2,visual_centrifugal,,,glutamate,,,,,cM08c,,LR
MeVC25,2,visual_centrifugal,,,glutamate,,,,,cML01,,LR
MeVC26,2,visual_centrifugal,,,acetylcholine,,,,,cML02,,LR
MeVC27,6,visual_centrifugal,,,unclear,,,CG,,cM03,,LR
MeVC3,2,visual_centrifugal,,,acetylcholine,,,,PS134,cM18,,LR
MeVC4a,2,visual_centrifugal,,,acetylcholine,,,,PS130,cM17,,LR
MeVC4b,2,visual_centrifugal,,,acetylcholine,,,,PS129,cM16,,LR
MeVC5,2,visual_centrifugal,,,acetylcholine,,,,,cM02a,,LR
MeVC6,2,visual_centrifugal,,,acetylcholine,,,,PS132,cM02b,,LR
MeVC7a,2,visual_centrifugal,,,acetylcholine,,,,PS131,cM01b,,LR
MeVC7b,2,visual_centrifugal,,,acetylcholine,,,,PS131,cM01c,,LR
MeVC8,2,visual_centrifugal,,,acetylcholine,,,,,cM01a,,LR
MeVC9,2,visual_centrifugal,,,acetylcholine,,,,IB029,cM12,,LR
MeVCMe1,4,visual_centrifugal,,,acetylcholine,,,,aMe14b,OA-AL2b2,,LR
MeVC_unclear,1,visual_centrifugal,,,glutamate,,,,,,,R
MeVP1,122,visual_projection,,,acetylcholine,,,,MC62,MTe51,,LR
MeVP10,61,visual_projection,,,acetylcholine,,,,,MTe03,,LR
MeVP11,55,visual_projection,,,acetylcholine,,,,,MTe50,,LR
MeVP12,27,visual_projection,,,acetylcholine,,,,,MTe04,,LR
MeVP14,33,visual_projection,,,acetylcholine,,,,,MTe05,,LR
MeVP15,24,visual_projection,,,acetylcholine,,,,,MTe06,,LR
MeVP16,8,visual_projection,,,glutamate,,,,,MTe09,,LR
MeVP17,14,visual_projection,,,glutamate,,,,,MTe08,,LR
MeVP18,6,visual_projection,,,glutamate,,,,,MTe13,,LR
MeVP2,76,visual_projection,,,acetylcholine,,,,,MTe02,,LR
MeVP20,4,visual_projection,,,glutamate,,,,,MTe04,,LR
MeVP21,6,visual_projection,,,acetylcholine,,,,,MTe12,,LR
MeVP22,3,visual_projection,,,gaba,,,,,MTe14,,LR
MeVP23,2,visual_projection,,,glutamate,,,,,MTe18,,LR
MeVP24,2,visual_projection,,,acetylcholine,,,,,MTe44,,LR
MeVP25,2,visual_projection,,,acetylcholine,,,,,MTe38,,LR
MeVP26,2,visual_projection,,,glutamate,,,,,MTe42,,LR
MeVP27,2,visual_projection,,,acetylcholine,,,,,MTe49,,LR
MeVP28,2,visual_projection,,,acetylcholine,,,,,MTe27,,LR
MeVP29,2,visual_projection,,,acetylcholine,,,,,MTe28,,LR
MeVP3,69,visual_projection,,,acetylcholine,,,,MC62,MTe54,,LR
MeVP30,2,visual_projection,,,acetylcholine,,,,,MTe22,,LR
MeVP31,2,visual_projection,,,acetylcholine,,,,,MTe21,,LR
MeVP32,2,visual_projection,,,acetylcholine,,,,,MTe25,,LR
MeVP33,2,visual_projection,,,acetylcholine,,,,,MTe26,,LR
MeVP34,4,visual_projection,,,acetylcholine,,,,,MTe15,,LR
MeVP35,2,visual_projection,,,glutamate,,,,,MTe24,,LR
MeVP36,2,visual_projection,,,acetylcholine,,,,,MTe32,,LR
MeVP38,2,visual_projection,,,acetylcholine,,,,,MTe45,,LR
MeVP39,2,visual_projection,,,gaba,,,,,MTe20,,LR
MeVP4,40,visual_projection,,,acetylcholine,,,,MC62,MTe52,,LR
MeVP40,2,visual_projection,,,acetylcholine,,,,,MTe17,,LR
MeVP41,2,visual_projection,,,acetylcholine,,,,,MTe30,,LR
MeVP42,2,visual_projection,,,acetylcholine,,,,,MTe17,,LR
MeVP43,2,visual_projection,,,acetylcholine,,,,,MTe40,,LR
MeVP45,2,visual_projection,,,acetylcholine,,,,,MTe37,,LR
MeVP46,4,visual_projection,,,glutamate,,,,,MTe16,,LR
MeVP47,2,visual_projection,,,acetylcholine,,,,,MTe33,,LR
MeVP48,2,visual_projection,,,glutamate,,,,,MTe31,,LR
MeVP49,2,visual_projection,,,glutamate,,,,,MTe23,,LR
MeVP5,17,visual_projection,,,acetylcholine,,,,MC62,MTe53,,LR
MeVP50,2,visual_projection,,,acetylcholine,,,,,MTe34,,LR
MeVP51,2,visual_projection,,,glutamate,,,,,MTe43,,LR
MeVP52,2,visual_projection,,,acetylcholine,,,,,MTe35,,LR
MeVP53,2,visual_projection,,,gaba,,,,,MTe41,,LR
MeVP54,4,visual_projection,,,glutamate,,fru_low,CG,,MTe10,Cachero 2010: aIP-f; Yu 2010: pMP7,LR
MeVP55,4,visual_projection,,,glutamate,,fru_low,CG,,MTe10,Cachero 2010: aIP-f; Yu 2010: pMP7,LR
MeVP56,2,visual_projection,,,glutamate,,,,,MTe29,,LR
MeVP57,1,visual_projection,,,glutamate,,,,,MTe19,,R
MeVP58,6,visual_projection,,,glutamate,,,,,MTe11,,LR
MeVP59,4,visual_projection,,,acetylcholine,,,,MC66,MTe01b,,LR
MeVP6,99,visual_projection,,,glutamate,,,,MC66,MTe01a,,LR
MeVP60,2,visual_projection,,,glutamate,,,,,MTe39,,LR
MeVP61,2,visual_projection,,,glutamate,,,,,MTe36,,LR
MeVP62,6,visual_projection,,,acetylcholine,,,,MC65,MC65,,LR
MeVP63,2,visual_projection,,,gaba,,,,,MTe48,,LR
MeVP64,1,visual_projection,,,glutamate,,,,,,,R
MeVP6_unclear,2,visual_projection,,,glutamate,,,,,,,R
MeVP7,23,visual_projection,,,acetylcholine,,,,MC66,MTe01b,,LR
MeVP8,13,visual_projection,,,acetylcholine,,,,MC66,MTe01b,,LR
MeVP9,12,visual_projection,,,acetylcholine,,,,MC66,MTe01b,,LR
MeVPLo1,4,visual_projection,,,glutamate,,,,,MTe47,,LR
MeVPLo2,14,visual_projection,,,acetylcholine,,,,,MTe07,,LR
MeVPLp1,2,visual_projection,,,acetylcholine,,,,,MeLp1,,LR
MeVPLp2,2,ol_intrinsic,ol_bilateral,,glutamate,,,,,MeLp2,,LR
MeVPMe1,12,visual_projection,,,glutamate,,fru_low,CG,,MeMe_e08,Cachero 2010: aIP-f; Yu 2010: pMP7,LR
MeVPMe10,4,ol_intrinsic,ol_bilateral,,glutamate,,fru_low,CG,,MeMe_e10,Cachero 2010: aIP-f; Yu 2010: pMP7,LR
MeVPMe11,2,visual_projection,,,glutamate,,,,aMe19b,aMe19b,,LR
MeVPMe12,4,ol_intrinsic,ol_bilateral,,acetylcholine,,,,,MeMe_e11,,LR
MeVPMe13,2,ol_intrinsic,ol_bilateral,,acetylcholine,,,,,MeMe_e12,,LR
MeVPMe2,10,visual_projection,,,glutamate,,fru_low,CG,,MeMe_e07,Cachero 2010: aIP-f; Yu 2010: pMP7,LR
MeVPMe3,2,visual_projection,,,glutamate,,,,,MeMe_e05,,LR
MeVPMe4,3,visual_projection,,,glutamate,,,,,MeMe_e06,,LR
MeVPMe5,19,ol_intrinsic,,,glutamate,,fru_low,CG,,MeMe_e02,Cachero 2010: aIP-f; Yu 2010: pMP7,LR
MeVPMe6,2,visual_projection,,,glutamate,,,,,MeMe_e03,,LR
MeVPMe7,2,ol_intrinsic,ol_bilateral,,glutamate,,fru_low,CG,,MeMe_e09,Cachero 2010: aIP-f; Yu 2010: pMP7,LR
MeVPMe8,4,visual_projection,,,glutamate,,fru_low,CG,,MeMe_e04,Cachero 2010: aIP-f; Yu 2010: pMP7,LR
MeVPMe9,12,visual_projection,,,glutamate,,fru_low,CG,,MeMe_e01,Cachero 2010: aIP-f; Yu 2010: pMP7,LR
MeVPOL1,2,ol_intrinsic,ol_bilateral,,acetylcholine,,,,,MeMe_e13,,LR
MeVP_unclear,1,visual_projection,,,glutamate,,,,,,,L
MeVPaMe1,2,visual_projection,,,acetylcholine,,,,,MTe46,,LR
MeVPaMe2,2,visual_projection,,,glutamate,,,,aMe19a,aMe19a,,LR
Mi1,1773,ol_intrinsic,,,acetylcholine,,,,,Mi1,,LR
Mi10,444,ol_intrinsic,,,acetylcholine,,,,,Mi10,,LR
Mi13,910,ol_intrinsic,,,glutamate,,,,,Mi13,,LR
Mi14,315,ol_intrinsic,,,glutamate,,,,,Mi14,,LR
Mi15,1151,ol_intrinsic,,,acetylcholine,,,,,Mi15,,LR
Mi16,191,ol_intrinsic,,,gaba,,,,,Sm05,,LR
Mi17,189,ol_intrinsic,,,gaba,,,,,Sm04,,LR
Mi18,69,ol_intrinsic,,,gaba,,,,,Sm32,,LR
Mi19,12,ol_intrinsic,,,unclear,,,,,PDt1,,LR
Mi2,986,ol_intrinsic,,,glutamate,,,,,Mi2,,LR
Mi20,2,ol_intrinsic,,,glutamate,male-specific,,,,,,LR
Mi4,1772,ol_intrinsic,,,gaba,,,,,Mi4,,LR
Mi9,1775,ol_intrinsic,,,glutamate,,,,,Mi9,,LR
NPFL1-I,2,cb_intrinsic,,,unclear,,fru_low,,NPFL1-I,NPFL1-I,,LR
Nod1,4,visual_projection,,,acetylcholine,,,,,Nod1,,LR
Nod2,2,visual_projection,,,gaba,,,,(hb1315529069),Nod2,,LR
Nod3,2,visual_projection,,,acetylcholine,,,,,Nod3,,LR
Nod4,2,visual_projection,,,acetylcholine,,,,,LPT42_Nod4,,LR
Nod5,2,visual_projection,,,acetylcholine,,,,,Nod5,,LR
OA-AL2i1,2,visual_centrifugal,,,unclear,,,,P1-9,OA-AL2i1,,LR
OA-AL2i2,4,visual_centrifugal,,,octopamine,,,,,OA-AL2i2,,LR
OA-AL2i3,4,visual_centrifugal,,,octopamine,,,,aMe14a,OA-AL2i3,,LR
OA-AL2i4,2,visual_centrifugal,,,octopamine,,,,,OA-AL2i4,,LR
OA-ASM1,4,visual_centrifugal,,,octopamine,,,,OA-ASM1,OA-ASM1,,LR
OA-ASM2,2,cb_intrinsic,,,unclear,,,,OA-ASM2,OA-ASM2,,LR
OA-ASM3,2,cb_intrinsic,,,unclear,,fru_low,,OA-ASM3,OA-ASM3,fru-M-500095,LR
OA-VPM3,2,cb_intrinsic,,,octopamine,,,,OA-VPM3,OA-VPM3,,LR
OA-VPM4,2,cb_intrinsic,,,octopamine,,,,OA-VPM4,OA-VPM4,,LR
OA-VUMa1,2,cb_intrinsic,,,octopamine,,,MX,OA-VUMa1,OA-VUMa1,,M
OA-VUMa2,2,cb_intrinsic,,,octopamine,,,MX,OA-VUMa2,OA-VUMa2,,M
OA-VUMa3,2,cb_intrinsic,,,octopamine,,,MD,,OA-VUMa3,,M
OA-VUMa4,2,cb_intrinsic,,,octopamine,,,MX,,OA-VUMa4,,M
OA-VUMa5,2,cb_intrinsic,ALLN,,octopamine,,,MD,OA-VUMa5,OA-VUMa5,,M
OA-VUMa6,2,cb_intrinsic,,,octopamine,,,MD,"OA-VUMa6,OA-VUMa7",OA-VUMa6,,M
OA-VUMa8,1,cb_intrinsic,,,octopamine,,,MX,,OA-VUMa8,,M
OCC01b,2,visual_centrifugal,,,acetylcholine,,,,OCG05,OCC01b,,LR
OCC02a,6,visual_centrifugal,,,unclear,,,,OCG07,OCC02a,,LR
OCC02b,16,visual_centrifugal,,,unclear,,,,OCG08,OCC02b,,LR
OCG01a,2,visual_projection,,,glutamate,,,,OCG01,OCG01a,,LR
OCG01b,2,visual_projection,,,acetylcholine,,,,OCG01,OCG01b,,LR
OCG01c,2,visual_projection,,,glutamate,,,,OCG01,OCG01c,"OCG01c (FAFB, GJ)",LR
OCG01d,2,visual_projection,,,acetylcholine,,,,OCG01,OCG01d,,LR
OCG01e,2,visual_projection,,,acetylcholine,,,,OCG01,OCG01e,,LR
OCG01f,2,visual_projection,,,glutamate,,,,OCG01,OCG01f,,LR
OCG02b,2,visual_projection,,,acetylcholine,,,,OCG02,OCG02b,,LR
OCG02c,4,visual_projection,,,acetylcholine,,,,OCG04,OCG02c,,LR
OCG03,2,visual_projection,,,acetylcholine,,,,OCG03,OCG02a,,LR
OCG06,2,visual_centrifugal,,,acetylcholine,,,,OCG06,OCC01a,,LR
OLVC1,2,visual_centrifugal,,,acetylcholine,,,,PLP033,cLLPM02,,LR
OLVC2,2,visual_centrifugal,,,gaba,,,,mALC5,mALC5,,LR
OLVC3,2,visual_centrifugal,,,acetylcholine,,,,PS136,cMLLP02,,LR
OLVC4,2,visual_centrifugal,,,unclear,,,CG,CL358,cLM01,,LR
OLVC5,2,visual_centrifugal,,,acetylcholine,,,,PS064,cMLLP01,,LR
OLVC6,2,visual_centrifugal,,,glutamate,,,,,cLPL01,,LR
OLVC7,6,visual_centrifugal,,,glutamate,,,,,cLLPM01,,LR
OLVp_unclear,1,visual_projection,,,acetylcholine,,,,,,,L
ORN_D,28,cb_sensory,olfactory,,acetylcholine,,,,ORN_D,ORN_D,,?
ORN_DA1,204,cb_sensory,olfactory,,acetylcholine,,fru_high,,ORN_DA1,ORN_DA1,,?
ORN_DA2,48,cb_sensory,olfactory,,acetylcholine,,,,ORN_DA2,ORN_DA2,,?
ORN_DA3,34,cb_sensory,olfactory,,acetylcholine,,,,ORN_DA3,ORN_DA3,,?
ORN_DA4l,33,cb_sensory,olfactory,,acetylcholine,,,,ORN_DA4l,ORN_DA4l,,?
ORN_DA4m,35,cb_sensory,olfactory,,acetylcholine,,,,ORN_DA4m,ORN_DA4m,,?
ORN_DC1,32,cb_sensory,olfactory,,acetylcholine,,,,ORN_DC1,ORN_DC1,,?
ORN_DC2,22,cb_sensory,olfactory,,acetylcholine,,,,ORN_DC2,ORN_DC2,,?
ORN_DC3,35,cb_sensory,olfactory,,acetylcholine,,,,ORN_DC3,ORN_DC3,,?
ORN_DC4,23,cb_sensory,olfactory,,acetylcholine,,,,ORN_DC4,ORN_DC4,,?
ORN_DL1,83,cb_sensory,olfactory,,acetylcholine,,,,ORN_DL1,ORN_DL1,,?
ORN_DL2d,15,cb_sensory,olfactory,,acetylcholine,,,,ORN_DL2d,ORN_DL2d,,?
ORN_DL2v,23,cb_sensory,olfactory,,acetylcholine,,,,ORN_DL2v,ORN_DL2v,,?
ORN_DL3,103,cb_sensory,olfactory,,acetylcholine,,,,ORN_DL3,ORN_DL3,,?
ORN_DL4,62,cb_sensory,olfactory,,acetylcholine,,,,ORN_DL4,ORN_DL4,,?
ORN_DL5,43,cb_sensory,olfactory,,acetylcholine,,,,ORN_DL5,ORN_DL5,,?
ORN_DM1,74,cb_sensory,olfactory,,acetylcholine,,,,ORN_DM1,ORN_DM1,,?
ORN_DM2,54,cb_sensory,olfactory,,acetylcholine,,,,ORN_DM2,ORN_DM2,,?
ORN_DM3,63,cb_sensory,olfactory,,acetylcholine,,,,ORN_DM3,ORN_DM3,,?
ORN_DM4,32,cb_sensory,olfactory,,acetylcholine,,,,ORN_DM4,ORN_DM4,,?
ORN_DM5,35,cb_sensory,olfactory,,acetylcholine,,,,ORN_DM5,ORN_DM5,,?
ORN_DM6,58,cb_sensory,olfactory,,acetylcholine,,,,ORN_DM6,ORN_DM6,,?
ORN_DP1l,33,cb_sensory,olfactory,,acetylcholine,,,,ORN_DP1l,ORN_DP1l,,?
ORN_DP1m,31,cb_sensory,olfactory,,acetylcholine,,,,ORN_DP1m,ORN_DP1m,,?
ORN_V,55,cb_sensory,olfactory,,acetylcholine,,,,ORN_V,ORN_V,,?
ORN_VA1d,132,cb_sensory,olfactory,,acetylcholine,,,,ORN_VA1d,ORN_VA1d,,?
ORN_VA1v,130,cb_sensory,olfactory,,acetylcholine,,fru_high,,ORN_VA1v,ORN_VA1v,,?
ORN_VA2,83,cb_sensory,olfactory,,acetylcholine,,,,ORN_VA2,ORN_VA2,,?
ORN_VA3,30,cb_sensory,olfactory,,acetylcholine,,,,ORN_VA3,ORN_VA3,,?
ORN_VA4,34,cb_sensory,olfactory,,acetylcholine,,,,ORN_VA4,ORN_VA4,,?
ORN_VA5,16,cb_sensory,olfactory,,acetylcholine,,,,ORN_VA5,ORN_VA5,,?
ORN_VA6,63,cb_sensory,olfactory,,acetylcholine,,,,ORN_VA6,ORN_VA6,,?
ORN_VA7l,29,cb_sensory,olfactory,,acetylcholine,,,,ORN_VA7l,ORN_VA7l,,?
ORN_VA7m,24,cb_sensory,olfactory,,acetylcholine,,,,ORN_VA7m,ORN_VA7m,,?
ORN_VC1,29,cb_sensory,olfactory,,acetylcholine,,,,ORN_VC1,ORN_VC1,,?
ORN_VC2,32,cb_sensory,olfactory,,acetylcholine,,,,ORN_VC2,ORN_VC2,,?
ORN_VC3,34,cb_sensory,olfactory,,acetylcholine,,,,ORN_VC3l,ORN_VC3,,?
ORN_VC4,38,cb_sensory,olfactory,,acetylcholine,,,,ORN_VC4,ORN_VC4,,?
ORN_VC5,31,cb_sensory,olfactory,,acetylcholine,,,,ORN_VC3m,ORN_VC5,,?
ORN_VL1,82,cb_sensory,olfactory,,acetylcholine,,,,ORN_VL1,ORN_VL1,,?
ORN_VL2a,98,cb_sensory,olfactory,,acetylcholine,,fru_high,,ORN_VL2a,ORN_VL2a,,?
ORN_VL2p,45,cb_sensory,olfactory,,acetylcholine,,,,ORN_VL2p,ORN_VL2p,,?
ORN_VM1,33,cb_sensory,olfactory,,acetylcholine,,,,ORN_VM1,ORN_VM1,,?
ORN_VM2,41,cb_sensory,olfactory,,acetylcholine,,,,ORN_VM2,ORN_VM2,,?
ORN_VM3,43,cb_sensory,olfactory,,acetylcholine,,,,ORN_VM3,ORN_VM3,,?
ORN_VM4,78,cb_sensory,olfactory,,acetylcholine,,,,ORN_VM4,ORN_VM4,,?
ORN_VM5d,84,cb_sensory,olfactory,,acetylcholine,,,,ORN_VM5d,ORN_VM5d,,?
ORN_VM5v,34,cb_sensory,olfactory,,acetylcholine,,,,ORN_VM5v,ORN_VM5v,,?
ORN_VM6l,14,cb_sensory,olfactory,,acetylcholine,,,,ORN_VC5,ORN_VM6l,,?
ORN_VM6m,25,cb_sensory,olfactory,,acetylcholine,,,,ORN_VC5,ORN_VM6m,,?
ORN_VM6v,34,cb_sensory,olfactory,,acetylcholine,,,,ORN_VC5,ORN_VM6v,,?
ORN_VM7d,36,cb_sensory,olfactory,,acetylcholine,,,,ORN_VM7d,ORN_VM7d,,?
ORN_VM7v,25,cb_sensory,olfactory,,acetylcholine,,,,ORN_VM7v,ORN_VM7v,,?
P6-8P9,4,cb_intrinsic,CX,,glutamate,,,,P6-8P9,P6-8P9,,LR
PAL01,2,cb_intrinsic,,,unclear,,,,PAL01,PAL01,,LR
PAL03,2,cb_intrinsic,,,unclear,,,,PAL03,PAL03,,LR
PAM01,44,cb_intrinsic,DAN,,dopamine,,fru_low,,PAM01,PAM01,Cachero 2010: aSP-d; Yu 2010: aSP13,LR
PAM02,17,cb_intrinsic,DAN,,dopamine,,fru_low,,PAM02,PAM02,Cachero 2010: aSP-d; Yu 2010: aSP13,LR
PAM03,12,cb_intrinsic,DAN,,dopamine,,fru_low,,PAM03,PAM03,Cachero 2010: aSP-d; Yu 2010: aSP13,LR
PAM04,32,cb_intrinsic,DAN,,dopamine,,,,PAM04,PAM04,,LR
PAM05,20,cb_intrinsic,DAN,,dopamine,,fru_low,,PAM05,PAM05,Cachero 2010: aSP-d; Yu 2010: aSP13,LR
PAM06,28,cb_intrinsic,DAN,,dopamine,,fru_low,,PAM06,PAM06,Cachero 2010: aDT-b; Yu 2010: aDT2,LR
PAM07,14,cb_intrinsic,DAN,,dopamine,,fru_low,,PAM07,PAM07,Cachero 2010: aDT-b; Yu 2010: aDT2,LR
PAM08,50,cb_intrinsic,DAN,,dopamine,,fru_low,,PAM08,PAM08,Cachero 2010: aSP-d; Yu 2010: aSP13,LR
PAM09,9,cb_intrinsic,DAN,,dopamine,,,,PAM09,PAM09,,LR
PAM10,15,cb_intrinsic,DAN,,dopamine,,,,PAM10,PAM10,,LR
PAM11,15,cb_intrinsic,DAN,,dopamine,,,,PAM11,PAM11,,LR
PAM12,22,cb_intrinsic,DAN,,dopamine,,fru_low,,PAM12,PAM12,Cachero 2010: aSP-d; Yu 2010: aSP13,LR
PAM13,16,cb_intrinsic,DAN,,dopamine,,fru_low,,PAM13,PAM13,Cachero 2010: aSP-d; Yu 2010: aSP13,LR
PAM14,18,cb_intrinsic,DAN,,dopamine,,fru_low,,PAM14,PAM14,Cachero 2010: aDT-b; Yu 2010: aDT2,LR
PAM15,4,cb_intrinsic,DAN,,dopamine,,fru_low,,PAM15,PAM15,Cachero 2010: aDT-b; Yu 2010: aDT2,LR
PEG,18,cb_intrinsic,CX,,acetylcholine,,,,PEG,PEG,,LR
PEN_a(PEN1),20,cb_intrinsic,CX,,acetylcholine,,,,PEN_a(PEN1),PEN_a(PEN1),,LR
PEN_b(PEN2),22,cb_intrinsic,CX,,acetylcholine,,,,PEN_b(PEN2),PEN_b(PEN2),,LR
PFGs,18,cb_intrinsic,CX,,unclear,,,,PFGs,PFGs,,LR
PFL1,14,cb_intrinsic,CX,,acetylcholine,,,,PFL1,PFL1,,LR
PFL2,12,cb_intrinsic,CX,,acetylcholine,,,,PFL2,PFL2,,LR
PFL3,24,cb_intrinsic,CX,,acetylcholine,,,,PFL3,PFL3,,LR
PFNa,58,cb_intrinsic,CX,,acetylcholine,,,,PFNa,PFNa,,LR
PFNd,40,cb_intrinsic,CX,,acetylcholine,,,,PFNd,PFNd,,LR
PFNm_a,21,cb_intrinsic,CX,,acetylcholine,,,,PFNm_a,PFNm,,LR
PFNm_b,26,cb_intrinsic,CX,,acetylcholine,,,,PFNm_b,PFNm,,LR
PFNp_a,64,cb_intrinsic,CX,,acetylcholine,,,,PFNp_a,PFNp,,LR
PFNp_b,136,cb_intrinsic,CX,,acetylcholine,,,,PFNp_b,PFNp,,LR
PFNp_c,40,cb_intrinsic,CX,,acetylcholine,,,,PFNp_c,PFNp,,LR
PFNp_d,28,cb_intrinsic,CX,,acetylcholine,,,,PFNp_d,PFNp,,LR
PFNp_e,23,cb_intrinsic,CX,,acetylcholine,,,,PFNp_e,PFNp,,LR
PFNv,20,cb_intrinsic,CX,,acetylcholine,,,,PFNv,PFNv,,LR
PFR_a,28,cb_intrinsic,CX,,unclear,,,,PFR_a,PFR_a,,LR
PFR_b,16,cb_intrinsic,CX,,acetylcholine,,,,PFR_b,PFR_b,,LR
PI3,8,cb_endocrine,,,unclear,,,,"PI1,PI2,PI3",mNSC_unknown,,LR
PLP001,3,cb_intrinsic,,,gaba,,,,PLP001,PLP001,,LR
PLP002,2,cb_intrinsic,,,gaba,,,,PLP002,CB1412,,LR
PLP003,3,cb_intrinsic,,,gaba,,,,PLP003,PLP003,,LR
PLP004,2,cb_intrinsic,,,glutamate,,,,PLP004,PLP004,,LR
PLP005,2,cb_intrinsic,,,glutamate,,,,PLP005,PLP005,,LR
PLP006,2,cb_intrinsic,,,glutamate,,,,PLP006,PLP006,,LR
PLP007,2,cb_intrinsic,,,glutamate,,,,PLP007,PLP007,,LR
PLP008,2,cb_intrinsic,,,glutamate,,,,PLP008,PLP008,,LR
PLP009,6,cb_intrinsic,,,glutamate,,,,PLP009,PLP009,,LR
PLP010,2,cb_intrinsic,,,glutamate,,,,PLP010,PLP010,,LR
PLP012,2,cb_intrinsic,,,acetylcholine,,,,PLP012,PLP012,,LR
PLP013,4,cb_intrinsic,,,acetylcholine,,,,PLP013,PLP013,,LR
PLP015,4,cb_intrinsic,,,gaba,,,,PLP015,PLP015,,LR
PLP016,2,cb_intrinsic,,,gaba,,,,PLP016,PLP016,,LR
PLP017,4,cb_intrinsic,,,gaba,,,,PLP017,PLP017,,LR
PLP018,4,cb_intrinsic,,,gaba,,,,PLP018,PLP018,,LR
PLP019,2,cb_intrinsic,,,gaba,,,,PLP019,PLP019,,LR
PLP020,2,cb_intrinsic,,,gaba,,,,PLP020,PLP020,,LR
PLP021,4,cb_intrinsic,,,acetylcholine,,,,PLP021,PLP021,,LR
PLP022,2,cb_intrinsic,,,gaba,,,,PLP022,PLP022,,LR
PLP023,4,cb_intrinsic,,,gaba,,,,PLP023,PLP023,,LR
PLP025,12,cb_intrinsic,,,gaba,,,,PLP025,PLP025b,,LR
PLP026,8,cb_intrinsic,,,gaba,,,,"PLP026,PLP027","PLP026,PLP027",,LR
PLP028,8,cb_intrinsic,,,unclear,,,,PLP028,PLP028,,LR
PLP029,2,cb_intrinsic,,,glutamate,,,,PLP029,PLP029,,LR
PLP032,2,cb_intrinsic,,,acetylcholine,,,,PLP032,PLP032,,LR
PLP034,2,cb_intrinsic,,,glutamate,,,,PLP034,PLP034,,LR
PLP035,2,cb_intrinsic,,,glutamate,,,,PLP035,PLP035,,LR
PLP036,2,cb_intrinsic,,,glutamate,,,,PLP036,PLP036,,LR
PLP037,9,cb_intrinsic,,,glutamate,,,,PLP037,PLP037b,,LR
PLP038,4,cb_intrinsic,,,glutamate,,,,PLP038,PLP038,,LR
PLP039,6,cb_intrinsic,,,glutamate,,,,PLP039,PLP039,,LR
PLP041,2,cb_intrinsic,,,glutamate,,,,PLP041,"PLP041,PLP043",,LR
PLP042_a,5,cb_intrinsic,,,glutamate,,,,PLP042_a,PLP042c,,LR
PLP042_b,8,cb_intrinsic,,,glutamate,,,,PLP042_b,PLP042c,,LR
PLP042_c,6,cb_intrinsic,,,unclear,,,,PLP042_c,PLP042b,,LR
PLP042a,2,cb_intrinsic,,,glutamate,,,,,PLP042a,,LR
PLP043,4,cb_intrinsic,,,glutamate,,,,PLP043,"PLP041,PLP043",,LR
PLP044,6,cb_intrinsic,,,glutamate,,,,PLP044,PLP044,,LR
PLP046,12,cb_intrinsic,,,glutamate,,,,PLP046,PLP046c,,LR
PLP048,8,cb_intrinsic,,,glutamate,,,,PLP048,PLP048,,LR
PLP052,7,cb_intrinsic,,,acetylcholine,,,,PLP052,CB3896,,LR
PLP053,6,cb_intrinsic,,,acetylcholine,,,,PLP053,PLP053,,LR
PLP054,8,cb_intrinsic,,,acetylcholine,,,,PLP054,CB3937,,LR
PLP055,4,cb_intrinsic,,,acetylcholine,,,,PLP055,PLP055,,LR
PLP056,3,cb_intrinsic,,,acetylcholine,,,,PLP056,,,LR
PLP057,3,cb_intrinsic,,,acetylcholine,,,,PLP057,PLP057,,LR
PLP058,2,cb_intrinsic,,,acetylcholine,,,,PLP058,PLP058,,LR
PLP059,6,cb_intrinsic,,,acetylcholine,,,,PLP059,PLP059b,,LR
PLP060,2,cb_intrinsic,,,gaba,,,,PLP060,PLP060,,LR
PLP063,3,cb_intrinsic,,,acetylcholine,,,,PLP063,CB2320,,LR
PLP064_a,7,cb_intrinsic,,,acetylcholine,,,,PLP064_a,PLP064_a,,LR
PLP064_b,6,cb_intrinsic,,,acetylcholine,,,,PLP064_b,PLP064_b,,LR
PLP065,6,cb_intrinsic,,,acetylcholine,,,,PLP065,PLP065a,,LR
PLP066,2,cb_intrinsic,,,acetylcholine,,,,PLP066,CB4018,,LR
PLP067,6,cb_intrinsic,,,acetylcholine,,,,PLP067,PLP067b,,LR
PLP069,4,cb_intrinsic,,,glutamate,,,,PLP069,PLP069,,LR
PLP071,4,cb_intrinsic,,,acetylcholine,,,,PLP071,PLP071,,LR
PLP073,4,cb_intrinsic,,,acetylcholine,,,,PLP073,PLP073,,LR
PLP074,2,cb_intrinsic,,,gaba,,,,PLP074,VESa2_H02,,LR
PLP075,2,cb_intrinsic,,,gaba,,,,PLP075,PLP075,,LR
PLP076,2,cb_intrinsic,,,gaba,,,,PLP076,H03,,LR
PLP078,2,cb_intrinsic,,,glutamate,,,,PLP078,PLP078,,LR
PLP079,2,cb_intrinsic,,,glutamate,,,,PLP079,PLP079,,LR
PLP080,2,cb_intrinsic,,,glutamate,,fru_low,,PLP080,PLP080,Cachero 2010: pSP-b; Yu 2010: pSP2/3,LR
PLP081,4,cb_intrinsic,,,glutamate,,,,PLP081,PLP081,,LR
PLP084,2,cb_intrinsic,,,gaba,,,,PLP084,"PLP084,PLP085",,LR
PLP085,4,cb_intrinsic,,,gaba,,,,PLP085,"PLP084,PLP085",,LR
PLP086,9,cb_intrinsic,,,gaba,,,,PLP086,PLP086b,,LR
PLP087,4,cb_intrinsic,,,gaba,,,,PLP087,PLP087b,,LR
PLP089,7,cb_intrinsic,,,gaba,,,,PLP089,PLP089b,,LR
PLP092,2,cb_intrinsic,,,acetylcholine,,,,PLP092,PLP092,,LR
PLP093,2,cb_intrinsic,,,acetylcholine,,,,PLP093,PLP093,,LR
PLP094,2,cb_intrinsic,,,acetylcholine,,,,PLP094,PLP094,,LR
PLP095,4,cb_intrinsic,,,acetylcholine,,,,PLP095,PLP095,,LR
PLP096,2,cb_intrinsic,,,acetylcholine,,,,PLP096,PLP096,,LR
PLP097,2,cb_intrinsic,,,acetylcholine,,,,PLP097,PLP097,,LR
PLP099,7,cb_intrinsic,,,acetylcholine,,,,PLP099,PLP099,,LR
PLP100,3,cb_intrinsic,,,acetylcholine,,,,PLP100,PLP100,,LR
PLP101,7,cb_intrinsic,,,acetylcholine,,,,PLP101,"PLP101,PLP102",,LR
PLP102,4,cb_intrinsic,,,acetylcholine,,,,PLP102,"PLP101,PLP102",,LR
PLP103,9,cb_intrinsic,,,acetylcholine,,,,PLP103,PLP103,,LR
PLP106,6,cb_intrinsic,,,acetylcholine,,,,PLP106,PLP106,,LR
PLP108,9,cb_intrinsic,,,acetylcholine,,,,PLP108,PLP108,,LR
PLP109,4,cb_intrinsic,,,acetylcholine,,,,PLP109,"PLP109,PLP112",,LR
PLP111,5,cb_intrinsic,,,acetylcholine,,,,PLP111,CB2183,,LR
PLP113,4,cb_intrinsic,,,acetylcholine,,,,PLP113,PLP113,,LR
PLP114,2,cb_intrinsic,,,acetylcholine,,,,PLP114,PLP114,,LR
PLP115_a,10,cb_intrinsic,,,acetylcholine,,,,PLP115_a,PLP115_b,,LR
PLP115_b,16,cb_intrinsic,,,acetylcholine,,,,PLP115_b,PLP115_b,,LR
PLP116,2,cb_intrinsic,,,glutamate,,,,PLP116,PLP116,,LR
PLP119,2,cb_intrinsic,,,glutamate,,,,PLP119,PLP119,,LR
PLP120,2,cb_intrinsic,,,acetylcholine,,,,PLP120,"PLP120,PLP145",,LR
PLP121,2,cb_intrinsic,,,acetylcholine,,,,PLP121,PLP121,,LR
PLP122_a,2,cb_intrinsic,,,acetylcholine,,,,PLP122,PLP122,,LR
PLP122_b,2,cb_intrinsic,,,acetylcholine,,,,PLP122,CB4237,,LR
PLP123,2,cb_intrinsic,,,acetylcholine,,,,PLP123,PLP123,,LR
PLP124,2,cb_intrinsic,,,acetylcholine,,,,PLP124,PLP124,,LR
PLP128,2,cb_intrinsic,,,acetylcholine,,,,PLP128,PLP128,,LR
PLP129,2,cb_intrinsic,,,gaba,,,,PLP129,PLP129,,LR
PLP130,2,cb_intrinsic,,,acetylcholine,,,,PLP130,PLP130,,LR
PLP131,2,cb_intrinsic,,,gaba,,,,PLP131,PLP131,,LR
PLP132,2,cb_intrinsic,,,acetylcholine,,,,PLP132,PLP132,,LR
PLP134,2,cb_intrinsic,,,acetylcholine,,,,PLP134,CB4072,,LR
PLP139,4,cb_intrinsic,,,glutamate,,,,"PLP139,PLP140","PLP139,PLP140",,LR
PLP141,2,cb_intrinsic,,,gaba,,,,PLP141,PLP141,,LR
PLP142,4,cb_intrinsic,,,gaba,,,,PLP142,PLP142,,LR
PLP143,2,cb_intrinsic,,,gaba,,,,PLP143,PLP143,,LR
PLP144,2,cb_intrinsic,,,gaba,,,,PLP144,PLP144,,LR
PLP145,2,cb_intrinsic,,,acetylcholine,,,,PLP145,"PLP120,PLP145",,LR
PLP148,2,cb_intrinsic,,,acetylcholine,,,,PLP148,PLP148,,LR
PLP149,4,cb_intrinsic,,,gaba,,,,PLP149,PLP149,,LR
PLP150,11,cb_intrinsic,,,acetylcholine,,,,PLP150,PLP150,,LR
PLP154,2,cb_intrinsic,,,acetylcholine,,,,PLP154,PLP154,,LR
PLP155,6,cb_intrinsic,,,acetylcholine,,,,PLP155,PLP155,,LR
PLP156,4,cb_intrinsic,,,acetylcholine,,,,PLP156,PLP156,,LR
PLP157,6,cb_intrinsic,,,glutamate,,,,PLP157,PLP157,,LR
PLP158,10,cb_intrinsic,,,gaba,,,,PLP158,PLP158,,LR
PLP159,4,cb_intrinsic,,,gaba,,,,PLP159,PLP159,,LR
PLP160,7,cb_intrinsic,,,gaba,,,,PLP160,PLP160,,LR
PLP161,4,cb_intrinsic,,,acetylcholine,,,,PLP161,PLP161,,LR
PLP162,4,cb_intrinsic,,,acetylcholine,,,,PLP162,PLP162,,LR
PLP163,2,cb_intrinsic,,,acetylcholine,,,,PLP163,PLP163,,LR
PLP164,4,cb_intrinsic,,,acetylcholine,,,,PLP164,PLP164,,LR
PLP165,5,cb_intrinsic,,,acetylcholine,,,,PLP165,PLP165,,LR
PLP169,2,cb_intrinsic,,,acetylcholine,,,,PLP169,PLP169,,LR
PLP170,2,cb_intrinsic,,,glutamate,,,,PLP170,PLP170,,LR
PLP171,2,cb_intrinsic,,,gaba,,,,PLP171,PLP171,,LR
PLP172,9,cb_intrinsic,,,gaba,,,,PLP172,PLP172,,LR
PLP173,3,cb_intrinsic,,,gaba,,,,PLP173,PLP173,,LR
PLP174,5,cb_intrinsic,,,acetylcholine,,,CG,PLP174,PLP174,,LR
PLP175,2,cb_intrinsic,,,acetylcholine,,,CG,PLP175,PLP175,,LR
PLP177,2,cb_intrinsic,,,acetylcholine,,,,PLP177,PLP177,,LR
PLP178,2,cb_intrinsic,,,glutamate,,,,PLP178,PLP178,,LR
PLP180,6,cb_intrinsic,,,glutamate,,,,PLP180,PLP180,,LR
PLP181,6,cb_intrinsic,,,glutamate,,,,PLP181,PLP181,,LR
PLP182,12,cb_intrinsic,,,glutamate,,,,PLP182,PLP182b,,LR
PLP184,2,cb_intrinsic,,,glutamate,,,,PLP184,PLP184,,LR
PLP185,4,cb_intrinsic,,,glutamate,,,,PLP185,"PLP185,PLP186",,LR
PLP186,4,cb_intrinsic,,,glutamate,,,,PLP186,"PLP185,PLP186",,LR
PLP187,6,cb_intrinsic,,,acetylcholine,,,,PLP187,PLP187,,LR
PLP188,10,cb_intrinsic,,,acetylcholine,,,,PLP188,"PLP188,PLP189",,LR
PLP189,6,cb_intrinsic,,,acetylcholine,,,,PLP189,"PLP188,PLP189",,LR
PLP190,6,cb_intrinsic,,,acetylcholine,,,,PLP190,PLP190,,LR
PLP191,6,cb_intrinsic,,,acetylcholine,,,,PLP191,PLP191,,LR
PLP192,8,cb_intrinsic,,,acetylcholine,,,,PLP192,PLP192,,LR
PLP196,2,cb_intrinsic,,,acetylcholine,,,CG,PLP196,PLP196,,LR
PLP197,2,cb_intrinsic,,,gaba,,,CG,PLP197,PLP197,,LR
PLP199,4,cb_intrinsic,,,gaba,,,CG,PLP199,PLP199,,LR
PLP208,2,cb_intrinsic,,,acetylcholine,,,CG,PLP208,PLP208,,LR
PLP209,2,cb_intrinsic,,,acetylcholine,,,CG,PLP209,PLP209,,LR
PLP211,2,cb_intrinsic,,,unclear,,,,PLP211,PLP211,,LR
PLP213,2,cb_intrinsic,,,gaba,,,,PLP213,PLP213,,LR
PLP214,2,cb_intrinsic,,,glutamate,,,,PLP214,PLP214,,LR
PLP216,2,cb_intrinsic,,,gaba,,,,PLP216,PLP216,,LR
PLP217,2,cb_intrinsic,,,acetylcholine,,,,PLP217,PLP217,,LR
PLP218,4,cb_intrinsic,,,glutamate,,,,PLP218,PLP218,,LR
PLP219,4,cb_intrinsic,,,acetylcholine,,,CG,,"CB2102,CB2712",,LR
PLP221,2,cb_intrinsic,,,acetylcholine,,,,PLP221,PLP221,,LR
PLP222,2,cb_intrinsic,,,acetylcholine,,,CG,PLP222,PLP222,,LR
PLP225,2,cb_intrinsic,,,acetylcholine,,,CG,PLP225,CB3164,,LR
PLP228,2,cb_intrinsic,,,acetylcholine,,,,PLP228,PLP228,,LR
PLP229,2,cb_intrinsic,,,acetylcholine,,,,PLP229,PLP229,,LR
PLP230,2,cb_intrinsic,,,acetylcholine,,,,PLP230,PLP230,,LR
PLP231,4,cb_intrinsic,,,acetylcholine,,,,PLP231,PLP231,,LR
PLP232,2,cb_intrinsic,,,acetylcholine,,,,PLP232,PLP232,,LR
PLP239,2,cb_intrinsic,,,acetylcholine,,,,PLP239,PLP239,,LR
PLP241,5,cb_intrinsic,,,acetylcholine,,,,PLP241,PLP241a,,LR
PLP243,2,cb_intrinsic,,,acetylcholine,,,,PLP243,PLP243,,LR
PLP245,2,cb_intrinsic,,,acetylcholine,,,,PLP245,PLP245,,LR
PLP246,2,cb_intrinsic,,,acetylcholine,,,,PLP246,PLP246,,LR
PLP247,2,cb_intrinsic,,,glutamate,,,,PLP247,PLP247,,LR
PLP248,2,cb_intrinsic,,,glutamate,,,,PLP248,PLP248,,LR
PLP249,2,cb_intrinsic,,,gaba,,,,PLP249,PLP249,,LR
PLP250,2,cb_intrinsic,,,gaba,,,,PLP250,PLP250,,LR
PLP252,2,cb_intrinsic,,,glutamate,,,,PLP252,PLP252,,LR
PLP254,4,cb_intrinsic,,,acetylcholine,,,,PLP254,PLP254,,LR
PLP256,2,cb_intrinsic,,,glutamate,,,,(hb1221457679),CB0143,,LR
PLP257,2,cb_intrinsic,,,gaba,,,,,CB0196,,LR
PLP258,2,cb_intrinsic,,,glutamate,,,,(hb540001084),CB0424,,LR
PLP259,2,cb_intrinsic,,,unclear,,,,,CB0053,,LR
PLP260,2,cb_intrinsic,,,unclear,,,,,CB0452,,LR
PLP261,2,cb_intrinsic,,,glutamate,,,,,CB0668,,LR
PLP262,2,cb_intrinsic,,,acetylcholine,,,,,CB0654,,LR
PLP300m,4,cb_intrinsic,,,acetylcholine,male-specific,fru_high,,,,,LR
PLP301m,4,cb_intrinsic,,,acetylcholine,potentially male-specific,fru_high,,,,fru-M-000216,LR
PLP_TBD1,1,cb_intrinsic,,,glutamate,,,,,,,R
PLVP059,9,cb_intrinsic,,,acetylcholine,,fru_low,,PLVP059,CB2218,Cachero 2010: aIP-e; Yu 2010: aSP9; Ruta 2010: LC2,LR
PPL101,2,cb_intrinsic,DAN,,dopamine,,,,PPL101,PPL101,,LR
PPL102,2,cb_intrinsic,DAN,,dopamine,,,,PPL102,PPL102,,LR
PPL103,2,cb_intrinsic,DAN,,dopamine,,,,PPL103,PPL103,,LR
PPL104,2,cb_intrinsic,DAN,,dopamine,,,,PPL104,PPL104,,LR
PPL105,2,cb_intrinsic,DAN,,dopamine,,,,PPL105,PPL105,,LR
PPL106,2,cb_intrinsic,DAN,,dopamine,,,,PPL106,PPL106,,LR
PPL107,2,cb_intrinsic,DAN,,dopamine,,,,PPL107,PPL107,,LR
PPL108,2,cb_intrinsic,DAN,,dopamine,,,,PPL108,PPL108,,LR
PPL201,2,cb_intrinsic,DAN,,dopamine,,,,PPL201,PPL201,,LR
PPL202,2,cb_intrinsic,DAN,,dopamine,,,,PPL202,PPL202,,LR
PPL203,2,cb_intrinsic,DAN,,unclear,,,,PPL203,PPL203,,LR
PPL204,2,cb_intrinsic,DAN,,dopamine,,,,PPL204,PPL204,,LR
PPM1201,4,cb_intrinsic,,,dopamine,,,,PPM1201,PPM1201,,LR
PPM1202,4,cb_intrinsic,,,dopamine,,,,PPM1202,PPM1202,,LR
PPM1203,2,cb_intrinsic,,,dopamine,,fru_high,,PPM1203,PPM1203,Cachero 2010: pMP-d,LR
PPM1204,2,cb_intrinsic,,,glutamate,,,,PPM1204,"PPM1204,PS139",,LR
PPM1205,2,cb_intrinsic,,,dopamine,,,CG,PPM1205,PPM1205,,LR
PRW001,2,cb_intrinsic,,,unclear,,fru_low,,,CB3695,Cachero 2010: aDT-h; Yu 2010: aDT6,LR
PRW002,2,cb_intrinsic,,,glutamate,,fru_high,,,CB0232,"fru-M-200202,fru-M-300250",LR
PRW003,2,cb_intrinsic,,,glutamate,,,,,CB0687,Sterne 2021: Peafowl,LR
PRW004,1,cb_intrinsic,,,glutamate,,,MD,(hb1140012085),CB4203,,M
PRW005,14,cb_intrinsic,,,acetylcholine,,,LB,,CB4109,,LR
PRW006,19,cb_intrinsic,,,unclear,,,LB,,CB4108,,LR
PRW007,12,cb_intrinsic,,,unclear,,,,,CB4078,,LR
PRW008,10,cb_intrinsic,,,acetylcholine,,,,,CB4076,,LR
PRW009,6,cb_intrinsic,,,acetylcholine,,,,,CB4075,,LR
PRW010,8,cb_intrinsic,,,acetylcholine,,,,,CB4074,,LR
PRW011,2,cb_intrinsic,,,gaba,,,TC,,CB3713,,LR
PRW012,4,cb_intrinsic,,,acetylcholine,,,,,CB3696,,LR
PRW013,2,cb_intrinsic,,,acetylcholine,,,LB,,CB3658,,LR
PRW014,2,cb_intrinsic,,,gaba,,,TC,,CB3656,,LR
PRW015,2,cb_intrinsic,,,unclear,,,TC,,CB3565,,LR
PRW016,6,cb_intrinsic,,,acetylcholine,,,LB,,CB3502,,LR
PRW017,4,cb_intrinsic,,,acetylcholine,,,LB,,CB3500,,LR
PRW019,2,cb_intrinsic,,,acetylcholine,,,,,CB3403b,,LR
PRW020,4,cb_intrinsic,,,gaba,,,TC,,CB3279a,,LR
PRW021,3,cb_intrinsic,,,unclear,,,TC,,CB3267,,LR
PRW022,4,cb_intrinsic,,,gaba,,,TC,,CB3156,,LR
PRW023,3,cb_intrinsic,,,gaba,,,TC,,CB3032,,LR
PRW024,6,cb_intrinsic,,,unclear,,,TC,,CB2968,,LR
PRW025,6,cb_intrinsic,,,acetylcholine,,,LB,,CB2588,,LR
PRW026,5,cb_intrinsic,,,acetylcholine,,,LB,,CB2573b,,LR
PRW027,2,cb_intrinsic,,,acetylcholine,,,LB,,CB2573a,,LR
PRW028,6,cb_intrinsic,,,acetylcholine,,,,,CB2367b,,LR
PRW029,2,cb_intrinsic,,,acetylcholine,,,,,CB2367a,,LR
PRW030,2,cb_intrinsic,,,gaba,,,TC,,CB2303,,LR
PRW031,4,cb_intrinsic,,,acetylcholine,,,LB,,CB2231,,LR
PRW032,2,cb_intrinsic,,,acetylcholine,,,,,CB2017,,LR
PRW033,2,cb_intrinsic,,,acetylcholine,,,LB,,CB1925b,,LR
PRW034,2,cb_intrinsic,,,acetylcholine,,,LB,,CB1925a,,LR
PRW035,5,cb_intrinsic,,,unclear,,,TC,,CB1718,,LR
PRW036,2,cb_intrinsic,,,gaba,,,TC,,CB1643,,LR
PRW037,6,cb_intrinsic,,,acetylcholine,,,LB,,CB1369,,LR
PRW038,2,cb_intrinsic,,,acetylcholine,,,LB,,CB1344,,LR
PRW039,8,cb_intrinsic,,,unclear,,,TC,,CB1295,,LR
PRW040,2,cb_intrinsic,,,gaba,,,TC,,CB1267,,LR
PRW041,6,cb_intrinsic,,,acetylcholine,,,LB,,CB1230,,LR
PRW042,6,cb_intrinsic,,,acetylcholine,,,LB,,CB1096,,LR
PRW043,5,cb_intrinsic,,,acetylcholine,,,LB,,CB1095,,LR
PRW044,8,cb_intrinsic,,,unclear,,,LB,,CB1049,,LR
PRW045,2,cb_intrinsic,,,acetylcholine,,,TC,,CB0907,,LR
PRW046,2,cb_intrinsic,,,acetylcholine,,,TC,,CB0902,,LR
PRW047,2,cb_intrinsic,,,acetylcholine,,,TC,,CB0883,,LR
PRW048,2,cb_intrinsic,,,acetylcholine,,,,,CB0877,,LR
PRW049,2,cb_intrinsic,,,acetylcholine,,,,,CB0874,,LR
PRW050,3,cb_intrinsic,,,unclear,,,TC,,CB0840,,LR
PRW051,2,cb_intrinsic,,,glutamate,,fru_high,,,CB0772,Cachero 2010: aDT-h; Yu 2010: aDT6,LR
PRW052,2,cb_intrinsic,,,glutamate,,,,,CB0761,,LR
PRW053,2,cb_intrinsic,,,acetylcholine,,,TC,,CB0736,,LR
PRW054,2,cb_intrinsic,,,acetylcholine,,,,,CB0579,,LR
PRW055,2,cb_intrinsic,,,acetylcholine,,,,,CB0559,,LR
PRW056,2,cb_intrinsic,,,gaba,,,LB,,CB0555,,LR
PRW057,1,cb_intrinsic,,,unclear,,,,,CB0548,,L
PRW058,2,cb_intrinsic,,,gaba,,,,,CB0532,,LR
PRW059,2,cb_intrinsic,,,gaba,,,LB,,CB0514,,LR
PRW060,2,cb_intrinsic,,,glutamate,,,LB,,CB0453,,LR
PRW061,2,cb_intrinsic,,,gaba,,,LB,,CB0387,,LR
PRW062,2,cb_intrinsic,,,acetylcholine,,fru_low,,,CB0354,fru-M-300068,LR
PRW063,2,cb_intrinsic,,,glutamate,,,,,CB0350,,LR
PRW064,2,cb_intrinsic,,,acetylcholine,,,TC,,CB0323,,LR
PRW065,2,cb_intrinsic,,,glutamate,,,,,CB0310,,LR
PRW066,2,cb_intrinsic,,,acetylcholine,,,,,CB0288,,LR
PRW067,2,cb_intrinsic,,,acetylcholine,,fru_low,,,CB0223,fru-M-000072,LR
PRW068,2,cb_intrinsic,,,unclear,,,,,CB0153,Sterne 2021: Trumpet,LR
PRW069,2,cb_intrinsic,,,acetylcholine,,,,,CB0078,,LR
PRW070,2,cb_intrinsic,,,gaba,,,,,CB0074,,LR
PRW071,2,cb_intrinsic,,,glutamate,,,,,CB0071,,LR
PRW072,2,cb_intrinsic,,,acetylcholine,,,,,CB0032,,LR
PRW073,2,cb_intrinsic,,,glutamate,,,,,CB0026,,LR
PRW074,2,cb_intrinsic,,,glutamate,,fru_high,,,CB0015,Cachero 2010: aDT-h; Yu 2010: aDT6,LR
PRW075,4,cb_intrinsic,,,acetylcholine,,,,,CB0991,,LR
PS001,2,cb_intrinsic,,,gaba,,,,PS001,PS001,,LR
PS002,6,cb_intrinsic,,,gaba,,,,PS002,PS002,,LR
PS003,4,cb_intrinsic,,,glutamate,,,,"PS003,PS006","PS003,PS006",,LR
PS004,6,cb_intrinsic,,,glutamate,,fru_low,,PS004,PS004,Cachero 2010: aSP-b;Yu 2010: aSP1,LR
PS005_a,8,cb_intrinsic,,,glutamate,,,,PS005_a,PS005_a,,LR
PS005_b,5,cb_intrinsic,,,glutamate,,,,PS005_b,CB4002,,LR
PS005_c,5,cb_intrinsic,,,glutamate,,,,PS005_c,CB4000,,LR
PS005_d,5,cb_intrinsic,,,glutamate,,,,PS005_d,CB3999,,LR
PS005_e,5,cb_intrinsic,,,glutamate,,,,PS005_e,CB4001,,LR
PS005_f,4,cb_intrinsic,,,glutamate,,,,PS005_f,CB4003,,LR
PS007,4,cb_intrinsic,,,glutamate,,,,PS007,PS007,,LR
PS008_a1,2,cb_intrinsic,,,glutamate,,fru_low,,PS008_a,PS008_a1,Cachero 2010: aSP-b; Yu 2010: aSP1,LR
PS008_a2,4,cb_intrinsic,,,glutamate,,fru_low,,PS008_a,PS008_a1,Cachero 2010: aSP-b; Yu 2010: aSP1,LR
PS008_a3,2,cb_intrinsic,,,glutamate,,fru_low,,PS008_a,PS008_a3,Cachero 2010: aSP-b;Yu 2010: aSP1,LR
PS008_a4,3,cb_intrinsic,,,glutamate,,fru_low,,PS008_a,PS008_a1,Cachero 2010: aSP-b; Yu 2010: aSP1,LR
PS008_b,10,cb_intrinsic,,,glutamate,,,,PS008_b,PS008_b,,LR
PS010,2,cb_intrinsic,,,acetylcholine,,,,PS010,PS010,,LR
PS011,2,cb_intrinsic,,,acetylcholine,,,,PS011,PS011,,LR
PS013,2,cb_intrinsic,,,acetylcholine,,,,PS013,PS013,,LR
PS018_a,2,cb_intrinsic,,,acetylcholine,,,,PS018,PS018a,,LR
PS018_b,2,cb_intrinsic,,,acetylcholine,,,,PS018,PS018b,,LR
PS019,4,cb_intrinsic,,,acetylcholine,,,,PS019,PS019,,LR
PS020,2,cb_intrinsic,,,acetylcholine,,,,PS020,PS020,,LR
PS021,4,cb_intrinsic,,,acetylcholine,,,,PS021,PS021,,LR
PS022,4,cb_intrinsic,,,acetylcholine,,,,PS022,PS022,,LR
PS023,5,cb_intrinsic,,,acetylcholine,,,,PS023,PS023,,LR
PS024,4,cb_intrinsic,,,acetylcholine,,,,PS024,PS024,,LR
PS025,2,cb_intrinsic,,,acetylcholine,,,,PS025,PS025,,LR
PS026,4,cb_intrinsic,,,acetylcholine,,,,PS026,PS026,,LR
PS027,2,cb_intrinsic,,,acetylcholine,,,,PS027,PS027,,LR
PS029,2,cb_intrinsic,,,acetylcholine,,,,PS029,PS029,,LR
PS030,2,cb_intrinsic,,,acetylcholine,,,,PS030,PS030,,LR
PS031,2,cb_intrinsic,,,acetylcholine,,,,PS031,PS031,,LR
PS032,4,cb_intrinsic,,,acetylcholine,,,,PS032,CB1028,,LR
PS033_a,4,cb_intrinsic,,,acetylcholine,,,,PS033,CB1014,,LR
PS033_b,2,cb_intrinsic,,,acetylcholine,,,,PS033,CB1854,,LR
PS034,6,cb_intrinsic,,,acetylcholine,,,,PS034,PS034,,LR
PS037,6,cb_intrinsic,,,acetylcholine,,,,PS037,PS037,,LR
PS038,12,cb_intrinsic,,,acetylcholine,,,,PS038,PS038b,,LR
PS041,2,cb_intrinsic,,,acetylcholine,,,,PS041,PS041,,LR
PS042,6,cb_intrinsic,,,acetylcholine,,,,PS042,CB1270,,LR
PS046,2,cb_intrinsic,,,gaba,,,,PS046,PS046,,LR
PS047_a,2,cb_intrinsic,,,acetylcholine,,,,PS047,PS047a,,LR
PS047_b,2,cb_intrinsic,,,acetylcholine,,,,PS047,PS047b,,LR
PS048_a,2,cb_intrinsic,,,acetylcholine,,,,PS048,PS048b,,LR
PS048_b,2,cb_intrinsic,,,acetylcholine,,,,PS048,PS048a,,LR
PS049,2,cb_intrinsic,,,gaba,,,,PS049,PS049,,LR
PS050,2,cb_intrinsic,,,gaba,,,,PS050,PS050,,LR
PS051,2,cb_intrinsic,,,gaba,,,,PS051,PS051,,LR
PS052,4,cb_intrinsic,,,glutamate,,,,PS052,PS052,,LR
PS053,2,cb_intrinsic,,,acetylcholine,,,,PS053,PS053,,LR
PS054,4,cb_intrinsic,,,gaba,,,,PS054,PS054,,LR
PS055,9,cb_intrinsic,,,gaba,,,,PS055,PS055,,LR
PS057,2,cb_intrinsic,,,glutamate,,,,PS057,PS057,,LR
PS058,2,cb_intrinsic,,,acetylcholine,,,,PS058,PS058,,LR
PS059,4,cb_intrinsic,,,gaba,,,,PS059,PS059,,LR
PS060,2,cb_intrinsic,,,gaba,,,,PS060,"LAL111,PS060",,LR
PS061,2,cb_intrinsic,,,acetylcholine,,,,PS061,PS061,,LR
PS062,2,cb_intrinsic,,,acetylcholine,,,,PS062,PS062,,LR
PS063,2,cb_intrinsic,,,gaba,,,,PS063,PS063,,LR
PS065,2,cb_intrinsic,,,gaba,,,,PS065,PS065,,LR
PS068,2,cb_intrinsic,,,acetylcholine,,,,PS068,PS068,,LR
PS070,2,cb_intrinsic,,,gaba,,,,PS070,CB2473,,LR
PS072,11,cb_intrinsic,,,gaba,,,,PS072,CB1693,,LR
PS074,4,cb_intrinsic,,,gaba,,,,PS074,CB2697,,LR
PS076,6,cb_intrinsic,,,gaba,,,,PS076,CB3956,,LR
PS077,15,cb_intrinsic,,,gaba,,,,PS077,CB1042,,LR
PS078,6,cb_intrinsic,,,gaba,,,,PS078,PS078,,LR
PS080,2,cb_intrinsic,,,glutamate,,,,PS080,PS080,,LR
PS081,2,cb_intrinsic,,,glutamate,,,,PS081,"PS081,PS085",,LR
PS082,2,cb_intrinsic,,,glutamate,,fru_low,,PS082,"PS082,PS084",Cachero 2010: aSP-i; Yu 2010: aSP11,LR
PS083_a,2,cb_intrinsic,,,glutamate,,fru_low,,PS083,PS083_a,Cachero 2010: aSP-i; Yu 2010: aSP11,LR
PS083_b,4,cb_intrinsic,,,glutamate,,fru_low,,PS083,PS083b,Cachero 2010: aSP-i; Yu 2010: aSP11,LR
PS083_c,2,cb_intrinsic,,,glutamate,,fru_low,,PS083,PS083_c,Cachero 2010: aSP-i; Yu 2010: aSP11,LR
PS084,6,cb_intrinsic,,,glutamate,,fru_low,,PS084,PS084,Cachero 2010: aSP-i; Yu 2010: aSP11,LR
PS085,2,cb_intrinsic,,,glutamate,,,,PS085,PS086,,LR
PS087,18,cb_intrinsic,,,glutamate,,fru_low,,PS087,PS087b,Cachero 2010: aSP-i; Yu 2010: aSP11,LR
PS088,2,cb_intrinsic,,,gaba,,,,PS088,PS088,,LR
PS089,2,cb_intrinsic,,,gaba,,,,PS089,PS089,,LR
PS090,4,cb_intrinsic,,,gaba,,,,PS090,PS090b,,LR
PS091,2,cb_intrinsic,,,gaba,,,,PS091,PS091,,LR
PS092,2,cb_intrinsic,,,gaba,,,,PS092,PS092,,LR
PS093,2,cb_intrinsic,,,gaba,,,,PS093,PS093,,LR
PS094,4,cb_intrinsic,,,gaba,,,,PS094,PS094a,,LR
PS095,8,cb_intrinsic,,,gaba,,,,PS095,PS095a,,LR
PS096,12,cb_intrinsic,,,gaba,,,,PS096,PS096c,,LR
PS097,8,cb_intrinsic,,,gaba,,,,PS097,PS097a,,LR
PS098,2,cb_intrinsic,,,gaba,,fru_low,,PS098,PS098,fru-M-800002,LR
PS099_a,2,cb_intrinsic,,,glutamate,,,,PS099,PS099b,,LR
PS099_b,2,cb_intrinsic,,,glutamate,,,,PS099,PS099a,,LR
PS100,2,cb_intrinsic,,,gaba,,,,PS100,PS100,,LR
PS101,2,cb_intrinsic,,,gaba,,,,PS101,"CB3587,CB2663",,LR
PS106,4,cb_intrinsic,,,gaba,,,,PS106,PS106,,LR
PS107,4,cb_intrinsic,,,acetylcholine,,,,PS107,PS107,,LR
PS108,2,cb_intrinsic,,,glutamate,,,,PS108,PS108,,LR
PS109,4,cb_intrinsic,,,acetylcholine,,,,PS109,PS109,,LR
PS110,6,cb_intrinsic,,,acetylcholine,,,,PS110,CB2582,,LR
PS111,2,cb_intrinsic,,,glutamate,,,,PS111,SMPp&v1A_H01,,LR
PS112,2,cb_intrinsic,,,glutamate,,,,PS112,PS112,,LR
PS114,2,cb_intrinsic,,,acetylcholine,,,,PS114,PS114,,LR
PS115,2,cb_intrinsic,,,glutamate,,,CG,PS115,PS115,,LR
PS116,2,cb_intrinsic,,,glutamate,,,CG,PS116,PS116,,LR
PS117_a,2,cb_intrinsic,,,glutamate,,,CG,PS117,PS117a,,LR
PS117_b,2,cb_intrinsic,,,glutamate,,,CG,PS117,PS117b,,LR
PS118,6,cb_intrinsic,,,glutamate,,,CG,PS118,PS118,,LR
PS124,2,cb_intrinsic,,,acetylcholine,,,,PS124,PS124,,LR
PS126,2,cb_intrinsic,,,acetylcholine,,,,PS126,PS126,,LR
PS127,2,cb_intrinsic,,,acetylcholine,,,,PS127,PS127,,LR
PS137,4,cb_intrinsic,,,glutamate,,,,PS137,PS137,,LR
PS138,2,cb_intrinsic,,,gaba,,,,PS138,PS138,,LR
PS139,2,cb_intrinsic,,,glutamate,,,,PS139,"PPM1204,PS139",,LR
PS140,4,cb_intrinsic,,,glutamate,,,,PS140,PS140,,LR
PS141,4,cb_intrinsic,,,glutamate,,,,"PS141,PS147","PS141,PS147",,LR
PS142,6,cb_intrinsic,,,glutamate,,,,"PS142,PS148",CB4230,,LR
PS143,2,cb_intrinsic,,,glutamate,,,,PS143,"PS143,PS149",,LR
PS146,4,cb_intrinsic,,,glutamate,,,,PS146,PS146,,LR
PS148,6,cb_intrinsic,,,glutamate,,,,PS148,CB4229,,LR
PS149,2,cb_intrinsic,,,glutamate,,,,PS149,"PS143,PS149",,LR
PS150,9,cb_intrinsic,,,glutamate,,,,PS150,PS150a,,LR
PS153,12,cb_intrinsic,,,glutamate,,,,PS153,PS153,,LR
PS156,2,cb_intrinsic,,,gaba,,,,PS156,PS156,,LR
PS157,2,cb_intrinsic,,,gaba,,,,PS157,PS157,,LR
PS158,2,cb_intrinsic,,,acetylcholine,,,,PS158,PS158,,LR
PS159,2,cb_intrinsic,,,acetylcholine,,,,PS159,PS159,fru-M-300018,LR
PS160,2,cb_intrinsic,,,gaba,,,,PS160,PS160,,LR
PS161,2,cb_intrinsic,,,acetylcholine,,fru_low,,PS161,PS161,Cachero 2010: pMP-a; Yu 2010: pMP5,LR
PS164,4,cb_intrinsic,,,gaba,,,,"PS164,PS165","PS164,PS165",,LR
PS170,2,cb_intrinsic,,,acetylcholine,,,,PS170,PS170,,LR
PS171,2,cb_intrinsic,,,acetylcholine,,,,PS171,PS171,,LR
PS172,2,cb_intrinsic,,,glutamate,,,,PS172,PS172,,LR
PS173,2,cb_intrinsic,,,glutamate,,,,PS173,PS173,,LR
PS174,2,cb_intrinsic,,,glutamate,,,,PS174,PS174,,LR
PS175,2,cb_intrinsic,,,glutamate,,,,PS175,PS175,,LR
PS176,2,cb_intrinsic,,,glutamate,,,,PS176,PS176,,LR
PS177,2,cb_intrinsic,,,glutamate,,,,PS177,PS177,,LR
PS178,2,cb_intrinsic,,,gaba,,,,PS178,PS178,,LR
PS180,2,cb_intrinsic,,,acetylcholine,,,CG,PS180,PS180,,LR
PS181,2,cb_intrinsic,,,acetylcholine,,,CG,PS181,PS181,,LR
PS182,2,cb_intrinsic,,,acetylcholine,,,CG,PS182,PS182,,LR
PS183,2,cb_intrinsic,,,acetylcholine,,,,PS183,PS183,,LR
PS185,2,cb_intrinsic,,,acetylcholine,,,,PS185,PS185a,,LR
PS186,2,cb_intrinsic,,,glutamate,,,,PS186,PS186,,LR
PS187,2,cb_intrinsic,,,glutamate,,,,PS187,PS187,,LR
PS188,7,cb_intrinsic,,,glutamate,,,,PS188,PS188,,LR
PS191,4,cb_intrinsic,,,glutamate,,,,PS191,PS191,,LR
PS192,4,cb_intrinsic,,,glutamate,,,,PS192,PS192,,LR
PS193,2,cb_intrinsic,,,glutamate,,,,PS193,PS193a,,LR
PS193b,4,cb_intrinsic,,,glutamate,,,,,"PS193b,PS193c",,LR
PS194,6,cb_intrinsic,,,glutamate,,,,PS194,PS194,,LR
PS196_a,2,cb_intrinsic,,,acetylcholine,,,CG,PS196,PS196,,LR
PS196_b,2,cb_intrinsic,,,acetylcholine,,,CG,PS196,PS196,,LR
PS197,4,cb_intrinsic,,,acetylcholine,,,CG,"PS197,PS198",PS198,,LR
PS199,2,cb_intrinsic,,,acetylcholine,,,,PS199,PS199,,LR
PS200,2,cb_intrinsic,,,acetylcholine,,,,PS200,PS200,,LR
PS201,2,cb_intrinsic,,,acetylcholine,,,,PS201,PS185b,,LR
PS202,2,cb_intrinsic,,,acetylcholine,,,CG,PS202,PS202,,LR
PS203,4,cb_intrinsic,,,acetylcholine,,,,PS203,PS203a,,LR
PS206,2,cb_intrinsic,,,acetylcholine,,,CG,PS206,CB0343,,LR
PS208,11,cb_intrinsic,,,acetylcholine,,,CG,PS208,PS208b,,LR
PS209,12,cb_intrinsic,,,acetylcholine,,,CG,PS209,PS209c,,LR
PS210,1,cb_intrinsic,,,acetylcholine,,,CG,PS210,PS210,,R
PS213,2,cb_intrinsic,,,glutamate,,,,PS213,PS213,,LR
PS214,2,cb_intrinsic,,,glutamate,,,,PS214,PS214,,LR
PS215,2,cb_intrinsic,,,acetylcholine,,,,PS215,PS215,,LR
PS217,2,cb_intrinsic,,,acetylcholine,,,,PS217,PS217,,LR
PS220,4,cb_intrinsic,,,acetylcholine,,,,PS220,PS220,,LR
PS221,8,cb_intrinsic,,,acetylcholine,,,,PS221,PS221,,LR
PS224,2,cb_intrinsic,,,acetylcholine,,,,PS224,PS224,,LR
PS229,6,cb_intrinsic,,,acetylcholine,,,,PS229,CB1053,,LR
PS230,4,cb_intrinsic,,,acetylcholine,,,,"PS230,PLP242","PS230,PLP242",,LR
PS231,2,cb_intrinsic,,,acetylcholine,,,,PS231,PS231,,LR
PS232,2,cb_intrinsic,,,acetylcholine,,,,PS232,PS232,,LR
PS233,4,cb_intrinsic,,,acetylcholine,,,,PS233,PS233,,LR
PS234,2,cb_intrinsic,,,acetylcholine,,,,PS234,PS234,,LR
PS237,4,cb_intrinsic,,,acetylcholine,,,,PS237,PS237,,LR
PS238,2,cb_intrinsic,,,acetylcholine,,,,PS238,PS238,,LR
PS239,4,cb_intrinsic,,,acetylcholine,,,,PS239,PS239,,LR
PS240,6,cb_intrinsic,,,acetylcholine,,fru_high,,"PS240,PS264","PS240,PS264",Cachero 2010: pIP-j,LR
PS241,8,cb_intrinsic,,,acetylcholine,,,,PS241,PS241b,,LR
PS242,3,cb_intrinsic,,,acetylcholine,,,,PS242,PS242,,LR
PS246,2,cb_intrinsic,,,acetylcholine,,,,PS246,CB2361,,LR
PS247,1,cb_intrinsic,,,acetylcholine,,,,PS247,PS247,,L
PS248,2,cb_intrinsic,,,acetylcholine,,,,PS248,PS248,,LR
PS249,2,cb_intrinsic,,,acetylcholine,,,,PS249,PS249,,LR
PS252,5,cb_intrinsic,,,acetylcholine,,,,PS252,PS252,,LR
PS253,2,cb_intrinsic,,,acetylcholine,,,,PS253,PS253,,LR
PS258,2,cb_intrinsic,,,acetylcholine,,,,PS258,CB3113,,LR
PS260,4,cb_intrinsic,,,acetylcholine,,,,PS260,PS260,,LR
PS261,4,cb_intrinsic,,,acetylcholine,,,,"PS235,PS261","PS261,CB0295",,LR
PS262,2,cb_intrinsic,,,acetylcholine,,,,PS262,PS262,,LR
PS263,4,cb_intrinsic,,,acetylcholine,,,,PS263,PS263,,LR
PS265,2,cb_intrinsic,,,acetylcholine,,,,PS265,PS265,,LR
PS267,5,cb_intrinsic,,,acetylcholine,,,,PS267,PS267,,LR
PS268,8,cb_intrinsic,,,acetylcholine,,,,PS268,"PS268,PS269,CB3941",,LR
PS269,5,cb_intrinsic,,,acetylcholine,,,,PS269,"PS268,PS269,CB3941",,LR
PS270,6,cb_intrinsic,,,acetylcholine,,,,PS270,CB1890,,LR
PS272,4,cb_intrinsic,,,acetylcholine,,,,PS272,"PS184,PS272",,LR
PS274,2,cb_intrinsic,,,acetylcholine,,,,PS274,PS274,,LR
PS276,2,cb_intrinsic,,,glutamate,,,,PS276,PS276,,LR
PS278,2,cb_intrinsic,,,glutamate,,,,PS278,CB3716,,LR
PS279,4,cb_intrinsic,,,glutamate,,fru_low,,PS279,PS279,"fru-M-100106,fru-M-300118,fru-M-400005",LR
PS280,2,cb_intrinsic,,,glutamate,,,,PS280,PS280,,LR
PS281,4,cb_intrinsic,,,glutamate,,,,PS281,CB2263,,LR
PS282,7,cb_intrinsic,,,glutamate,,,,PS282,PS282,,LR
PS283,2,cb_intrinsic,,,glutamate,,,,PS283,"PS283,PS286",,LR
PS284,4,cb_intrinsic,,,glutamate,,,,PS284,CB2263a,,LR
PS285,6,cb_intrinsic,,,glutamate,,,,PS285,CB2666,,LR
PS286,2,cb_intrinsic,,,glutamate,,,,PS286,"PS283,PS286",,LR
PS291,4,cb_intrinsic,,,acetylcholine,,,,PS291,PS291,,LR
PS292,4,cb_intrinsic,,,acetylcholine,,,,PS292,PS292,,LR
PS300,2,cb_intrinsic,,,glutamate,,fru_low,,PS300,PS300,fru-M-700089,LR
PS303,2,cb_intrinsic,,,acetylcholine,,,,PS303,PS303,,LR
PS304,2,cb_intrinsic,,,gaba,,,,,CB0021,,LR
PS305,2,cb_intrinsic,,,glutamate,,,,,CB0637,,LR
PS306,2,cb_intrinsic,,,gaba,,,,,CB0527,,LR
PS307,2,cb_intrinsic,,,glutamate,,,,,CB0567,,LR
PS308,2,cb_intrinsic,,,gaba,,,,,CB0679,,LR
PS309,2,cb_intrinsic,,,acetylcholine,,,,(hb1345285966),CB0676,,LR
PS310,2,cb_intrinsic,,,acetylcholine,,,,,CB0651,,LR
PS311,2,cb_intrinsic,,,acetylcholine,,,LB,,CB0215,,LR
PS312,2,cb_intrinsic,,,glutamate,,,,(hb1405991898),CB2237,,LR
PS313,2,cb_intrinsic,,,acetylcholine,,,,(hb5901200701),CB0368,,LR
PS314,2,cb_intrinsic,,,acetylcholine,,,,(hb5812989437),CB0644,,LR
PS315,4,cb_intrinsic,,,acetylcholine,,,,,CB0755,,LR
PS316,4,cb_intrinsic,,,gaba,,,MX,,CB2825,,LR
PS317,2,cb_intrinsic,,,glutamate,,,,(hb1315382485),CB0669,,LR
PS318,4,cb_intrinsic,,,acetylcholine,,,,,CB0624,,LR
PS320,2,cb_intrinsic,,,glutamate,,,,(hb5813047811),CB0681,,LR
PS321,2,cb_intrinsic,,,gaba,,,GNG,(hb1963869636),CB0268,,LR
PS322,2,cb_intrinsic,,,glutamate,,,,,CB0564,,LR
PS323,4,cb_intrinsic,,,gaba,,,MD,,CB4068,,LR
PS324,12,cb_intrinsic,,,gaba,,,,,"CB0990,CB2640",,LR
PS326,4,cb_intrinsic,,,glutamate,,,LB,,CB0987,,LR
PS327,2,cb_intrinsic,,,acetylcholine,,,,,CB0488,,LR
PS328,2,cb_intrinsic,,,gaba,,,MX,,CB2825,,LR
PS329,2,cb_intrinsic,,,gaba,,,MD,,CB4068,,LR
PS330,2,cb_intrinsic,,,gaba,,,MD,,CB4068,,LR
PS331,6,cb_intrinsic,,,gaba,,,,,CB1342,,LR
PS333,4,cb_intrinsic,,,acetylcholine,,,LB,,CB3372,,LR
PS334,2,cb_intrinsic,,,acetylcholine,,,GNG,,CB0509,,LR
PS335,15,cb_intrinsic,,,acetylcholine,,,LB,,CB2774,,LR
PS336,4,cb_intrinsic,,,glutamate,,,LB,,CB0784,,LR
PS337,2,cb_intrinsic,,,glutamate,,,LB,,CB3794,,LR
PS338,2,cb_intrinsic,,,glutamate,,,LB,,CB3794,,LR
PS339,2,cb_intrinsic,,,glutamate,,,LB,,CB3794,,LR
PS340,2,cb_intrinsic,,,acetylcholine,,,LB,,CB2392,,LR
PS341,4,cb_intrinsic,,,acetylcholine,,,LB,,CB2392,,LR
PS342,2,cb_intrinsic,,,acetylcholine,,,LB,,CB2392,,LR
PS343,4,cb_intrinsic,,,glutamate,,,LB,,CB1786_c,,LR
PS344,2,cb_intrinsic,,,glutamate,,,LB,,CB0962b,,LR
PS345,6,cb_intrinsic,,,gaba,,,LB,,CB0981,,LR
PS346,5,cb_intrinsic,,,glutamate,,,LB,,CB0962a,,LR
PS347_a,2,cb_intrinsic,,,glutamate,,,LB,,CB1331a,,LR
PS347_b,2,cb_intrinsic,,,glutamate,,,LB,,CB1331b,,LR
PS348,2,cb_motor,,am,unclear,,,,(hb1622540849),CB0901,,LR
PS349,2,cb_motor,,rm,unclear,,,,,CB0804,,LR
PS350,3,cb_intrinsic,,,acetylcholine,,,LB,,CB3158,,LR
PS351,4,cb_intrinsic,,,acetylcholine,,,MX,,CB0983,,LR
PS352,2,cb_intrinsic,,,acetylcholine,,,,,CB0500,,LR
PS353,10,cb_intrinsic,,,gaba,,,LB,,CB2872,,LR
PS354,2,cb_intrinsic,,,gaba,,,LB,,CB2160,,LR
PS355,2,cb_intrinsic,,,gaba,,,,,CB0309,,LR
PS356,4,cb_intrinsic,,,gaba,,,,,CB2126,,LR
PS357,12,cb_intrinsic,,,acetylcholine,,,LB,,CB4060,,LR
PS358,2,cb_intrinsic,,,acetylcholine,,,,,CB0815,,LR
PS359,2,cb_intrinsic,,,acetylcholine,,,MX,,CB0230,,LR
PSI,2,vnc_efferent,,,unclear,,,T2,,,,LR
PVLP001,2,cb_intrinsic,,,gaba,,,,PVLP001,PVLP001,,LR
PVLP002,2,cb_intrinsic,,,acetylcholine,,,,PVLP002,PVLP002,,LR
PVLP003,2,cb_intrinsic,,,glutamate,,,,PVLP003,PVLP003,,LR
PVLP004,16,cb_intrinsic,,,glutamate,,,,PVLP004,"PVLP004,PVLP005",,LR
PVLP005,15,cb_intrinsic,,,glutamate,,,,PVLP005,"PVLP004,PVLP005",,LR
PVLP007,11,cb_intrinsic,,,glutamate,,,,PVLP007,PVLP007,,LR
PVLP008_a1,4,cb_intrinsic,,,glutamate,,,,PVLP008_a,CB4049,,LR
PVLP008_a2,4,cb_intrinsic,,,glutamate,,,,PVLP008_a,CB4048,,LR
PVLP008_a3,2,cb_intrinsic,,,glutamate,,,,PVLP008_a,CB4048,,LR
PVLP008_a4,2,cb_intrinsic,,,glutamate,,,,PVLP008_a,CB4048,,LR
PVLP008_b,4,cb_intrinsic,,,glutamate,,,,PVLP008_b,CB4051,,LR
PVLP008_c,12,cb_intrinsic,,,glutamate,,,,PVLP008_c,CB4050,,LR
PVLP009,3,cb_intrinsic,,,acetylcholine,,fru_high,,PVLP009,PVLP009,,LR
PVLP010,2,cb_intrinsic,,,glutamate,,,,PVLP010,PVLP010,,LR
PVLP011,2,cb_intrinsic,,,gaba,,,,PVLP011,PVLP011,,LR
PVLP012,4,cb_intrinsic,,,acetylcholine,,,,PVLP012,PVLP012,,LR
PVLP013,2,cb_intrinsic,,,acetylcholine,,,,PVLP013,PVLP013,,LR
PVLP014,2,cb_intrinsic,,,acetylcholine,,,,PVLP014,PVLP014,,LR
PVLP015,2,cb_intrinsic,,,glutamate,,,,PVLP015,PVLP015,,LR
PVLP016,2,cb_intrinsic,,,glutamate,sexually dimorphic,,,PVLP016,PVLP016,,LR
PVLP017,2,cb_intrinsic,,,gaba,,,,PVLP017,PVLP017,,LR
PVLP018,2,cb_intrinsic,,,gaba,,,,PVLP018,PVLP018,,LR
PVLP019,2,cb_intrinsic,,,gaba,,,,PVLP019,PVLP019,,LR
PVLP020,2,cb_intrinsic,,,gaba,,,,PVLP020,PVLP020,,LR
PVLP021,4,cb_intrinsic,,,gaba,,,,PVLP021,PVLP021,,LR
PVLP022,3,cb_intrinsic,,,gaba,,,,PVLP022,PVLP022,,LR
PVLP024,3,cb_intrinsic,,,gaba,,,,PVLP024,PVLP024,,LR
PVLP025,4,cb_intrinsic,,,gaba,,,,PVLP025,PVLP025,,LR
PVLP026,2,cb_intrinsic,,,gaba,,,,PVLP026,PVLP026,,LR
PVLP027,2,cb_intrinsic,,,gaba,,fru_high,,PVLP027,PVLP027,Cachero 2010: aIP-a,LR
PVLP028,4,cb_intrinsic,,,gaba,,,,PVLP028,PVLP028,,LR
PVLP030,2,cb_intrinsic,,,gaba,,,,PVLP030,PVLP030,,LR
PVLP031,4,cb_intrinsic,,,gaba,,,,PVLP031,CB3416,,LR
PVLP033,9,cb_intrinsic,,,gaba,,,,PVLP033,PVLP033,,LR
PVLP034,10,cb_intrinsic,,,gaba,,fru_high,,PVLP034,CB2278,Cachero 2010: aIP-a,LR
PVLP036,6,cb_intrinsic,,,gaba,,,,PVLP036,PVLP036,,LR
PVLP037,7,cb_intrinsic,,,gaba,,,,PVLP037,PVLP037,,LR
PVLP037_unclear,2,cb_intrinsic,,,gaba,,,,,,,LR
PVLP046,14,visual_centrifugal,,,gaba,,,,PVLP046,cM19,,LR
PVLP046_unclear,1,visual_centrifugal,,,gaba,,,,,,,R
PVLP047,8,cb_intrinsic,,,gaba,,fru_high,,PVLP047,CB3483,Cachero 2010: aIP-a,LR
PVLP048,8,cb_intrinsic,,,gaba,,fru_high,,PVLP048,CB1544,Cachero 2010: aIP-a,LR
PVLP049,4,cb_intrinsic,,,acetylcholine,,,,PVLP049,PVLP049,,LR
PVLP060,6,cb_intrinsic,,,gaba,,,,PVLP060,PVLP060,,LR
PVLP061,2,cb_intrinsic,,,acetylcholine,,,,PVLP061,PVLP061,,LR
PVLP062,2,cb_intrinsic,,,acetylcholine,,,,PVLP062,PVLP062,,LR
PVLP063,2,cb_intrinsic,,,acetylcholine,,,,PVLP063,CB3461,,LR
PVLP064,6,cb_intrinsic,,,acetylcholine,,,,"PVLP066,PVLP064",CB0738,,LR
PVLP065,2,cb_intrinsic,,,acetylcholine,,,,PVLP065,PVLP065,,LR
PVLP066,4,cb_intrinsic,,,acetylcholine,,,,PVLP066,CB0738,,LR
PVLP068,6,cb_intrinsic,,,acetylcholine,,,,PVLP068,CB0158,,LR
PVLP069,2,cb_intrinsic,,,acetylcholine,,,,PVLP069,PVLP069,,LR
PVLP070,4,cb_intrinsic,,,acetylcholine,,,,PVLP070,PVLP070,,LR
PVLP071,4,cb_intrinsic,,,acetylcholine,,,,PVLP071,CB0766,,LR
PVLP072,10,cb_intrinsic,,,acetylcholine,,,,PVLP072,CB1920,,LR
PVLP073,5,cb_intrinsic,,,acetylcholine,,,,PVLP073,CB1819,,LR
PVLP074,9,cb_intrinsic,,,acetylcholine,,,,PVLP074,PVLP074a,,LR
PVLP075,2,cb_intrinsic,,,acetylcholine,,,,PVLP075,"CB0050,CB0064",,LR
PVLP076,2,cb_intrinsic,,,acetylcholine,,,,PVLP076,PVLP076,,LR
PVLP078,2,cb_intrinsic,,,acetylcholine,,,,PVLP078,CB0813,,LR
PVLP079,2,cb_intrinsic,,,acetylcholine,,,,PVLP079,,,LR
PVLP080_a,4,cb_intrinsic,,,gaba,,,,PVLP080,PVLP080a,,LR
PVLP080_b,6,cb_intrinsic,,,gaba,,,,PVLP080,PVLP080b,,LR
PVLP081,4,cb_intrinsic,,,gaba,,,,PVLP081,PVLP081,,LR
PVLP082,10,cb_intrinsic,,,gaba,,,,PVLP082,PVLP082b,,LR
PVLP084,2,cb_intrinsic,,,gaba,,,,PVLP084,PVLP084,,LR
PVLP085,8,cb_intrinsic,,,acetylcholine,,,,PVLP085,CB1340,,LR
PVLP086,4,cb_intrinsic,,,acetylcholine,,,,PVLP086,CB4092,,LR
PVLP088,7,cb_intrinsic,,,gaba,,,,PVLP088,PVLP088,,LR
PVLP089,2,cb_intrinsic,,,acetylcholine,,,,PVLP089,PVLP089,,LR
PVLP090,2,cb_intrinsic,,,acetylcholine,,,,PVLP090,PVLP090,,LR
PVLP092,6,cb_intrinsic,,,acetylcholine,,,,PVLP092,PVLP092,,LR
PVLP093,2,cb_intrinsic,,,gaba,,,,PVLP093,PVLP093,,LR
PVLP094,2,cb_intrinsic,,,gaba,,,,PVLP094,PVLP094,,LR
PVLP096,4,cb_intrinsic,,,gaba,,,,PVLP096,CB0385,,LR
PVLP097,14,cb_intrinsic,,,gaba,,,,PVLP097,PVLP097,,LR
PVLP098,8,cb_intrinsic,,,gaba,,,,PVLP098,CB0732,,LR
PVLP099,8,cb_intrinsic,,,gaba,,,,PVLP099,PVLP099,,LR
PVLP100,3,cb_intrinsic,,,gaba,,,,PVLP100,PVLP100,,LR
PVLP101,8,cb_intrinsic,,,gaba,,,,PVLP101,PVLP101c,,LR
PVLP102,2,cb_intrinsic,,,gaba,,,,PVLP102,PVLP102,,LR
PVLP103,7,cb_intrinsic,,,gaba,,,,PVLP103,PVLP103,,LR
PVLP104,4,cb_intrinsic,,,gaba,,,,PVLP104,PVLP104,,LR
PVLP105,5,cb_intrinsic,,,gaba,,,,PVLP105,PVLP105,,LR
PVLP106,2,cb_intrinsic,,,unclear,,,,PVLP106,PVLP106,,LR
PVLP107,2,cb_intrinsic,,,glutamate,,,,PVLP107,PVLP107,,LR
PVLP108,4,cb_intrinsic,,,acetylcholine,,fru_low,,PVLP108,PVLP108,,LR
PVLP109,4,cb_intrinsic,,,acetylcholine,,,,PVLP109,PVLP109,,LR
PVLP110,4,cb_intrinsic,,,gaba,,fru_high,,PVLP110,"CB1395,CB2334",Cachero 2010: pIP-c; Yu 2010: pIP7,LR
PVLP111,9,cb_intrinsic,,,gaba,,fru_high,,PVLP111,PVLP111,Cachero 2010: pIP-c; Yu 2010: pIP7,LR
PVLP112,8,cb_intrinsic,,,gaba,,fru_high,,PVLP112,PVLP112b,Cachero 2010: pIP-c; Yu 2010: pIP7,LR
PVLP113,7,cb_intrinsic,,,gaba,,fru_low,,PVLP113,PVLP113,,LR
PVLP114,2,cb_intrinsic,,,acetylcholine,,fru_high,,PVLP114,PVLP114,fru-M-200164,LR
PVLP115,2,cb_intrinsic,,,acetylcholine,,,,PVLP115,PVLP115,,LR
PVLP118,4,cb_intrinsic,,,acetylcholine,,,,PVLP118,PVLP118,,LR
PVLP120,2,cb_intrinsic,,,acetylcholine,,,,PVLP120(hb1599285725),PVLP120,,LR
PVLP121,2,cb_intrinsic,,,acetylcholine,,,,PVLP121,PVLP121,,LR
PVLP122,6,cb_intrinsic,,,acetylcholine,,,,PVLP122,PVLP122b,,LR
PVLP123,10,cb_intrinsic,,,acetylcholine,,,,PVLP124,PVLP123a,,LR
PVLP124,2,cb_intrinsic,,,acetylcholine,,,,PVLP124,PVLP124,,LR
PVLP125,2,cb_intrinsic,,,acetylcholine,,,,PVLP125,CB3390,,LR
PVLP126_a,2,cb_intrinsic,,,acetylcholine,,,,PVLP126,CB1932,,LR
PVLP126_b,2,cb_intrinsic,,,acetylcholine,,,,PVLP126,CB2395a,,LR
PVLP127,3,cb_intrinsic,,,acetylcholine,,,,PVLP127,CB2395b,,LR
PVLP128,7,cb_intrinsic,,,acetylcholine,,,,PVLP128,PVLP128,,LR
PVLP130,2,cb_intrinsic,,,gaba,,,,PVLP130,PVLP130,,LR
PVLP131,3,cb_intrinsic,,,acetylcholine,,,CG,PVLP131,,,LR
PVLP133,24,cb_intrinsic,,,acetylcholine,,,,PVLP133,PVLP133a,,LR
PVLP134,4,cb_intrinsic,,,acetylcholine,,,,PVLP134,PVLP134,,LR
PVLP135,4,cb_intrinsic,,,acetylcholine,,,,PVLP135,PVLP135,,LR
PVLP137,2,cb_intrinsic,,,acetylcholine,,,CG,PVLP137,PVLP137,,LR
PVLP138,2,cb_intrinsic,,,acetylcholine,sexually dimorphic,,CG,PVLP138,PVLP138,,LR
PVLP139,4,cb_intrinsic,,,acetylcholine,,,,PVLP139,PVLP139,,LR
PVLP140,2,cb_intrinsic,,,gaba,,,,PVLP140,PVLP140,,LR
PVLP141,2,cb_intrinsic,,,acetylcholine,,,,PVLP141,PVLP141,,LR
PVLP143,2,cb_intrinsic,,,acetylcholine,,,,PVLP143,PVLP143,,LR
PVLP144,6,cb_intrinsic,,,acetylcholine,,,,PVLP144,PVLP144,,LR
PVLP148,4,cb_intrinsic,,,acetylcholine,,,,PVLP148,PVLP148,,LR
PVLP149,4,cb_intrinsic,,,acetylcholine,,fru_high,,PVLP149,PVLP149,fru-M-300226,LR
PVLP150,2,cb_intrinsic,,,acetylcholine,,,,PVLP150,PVLP150,,LR
PVLP151,4,cb_intrinsic,,,acetylcholine,,,,PVLP151,PVLP151,,LR
PVLP200m_a,2,cb_intrinsic,,,acetylcholine,male-specific,dsx_low,CG,,,"Lee 2002, Rideout 2010: pC2; Robinett 2010, Nojima 2021: pC2m",LR
PVLP200m_b,2,cb_intrinsic,,,acetylcholine,male-specific,dsx_low,CG,,,"Lee 2002, Rideout 2010: pC2; Robinett 2010, Nojima 2021: pC2m",LR
PVLP201m_a,2,cb_intrinsic,,,acetylcholine,male-specific,,CG,,,,LR
PVLP201m_b,2,cb_intrinsic,,,acetylcholine,male-specific,,CG,,,,LR
PVLP201m_c,2,cb_intrinsic,,,acetylcholine,male-specific,,CG,,,,LR
PVLP201m_d,2,cb_intrinsic,,,acetylcholine,male-specific,,CG,,,,LR
PVLP202m,6,cb_intrinsic,,,acetylcholine,male-specific,dsx_high,CG,,,"Lee 2002, Rideout 2010: pC2; Robinett 2010, Nojima 2021: pC2m",LR
PVLP203m,8,cb_intrinsic,,,acetylcholine,male-specific,fru_high,,,,"Kimura 2008, Kohatsu 2010: P2b; Cachero 2010: pIP-a; Yu 2010: pIP1",LR
PVLP204m,6,cb_intrinsic,,,acetylcholine,male-specific,coexpress_high;fru_high,,,,Cachero 2010: pIP-e; Yu 2010: pIP5; Nojima 2021: pC2l,LR
PVLP205m,8,cb_intrinsic,,,acetylcholine,male-specific,fru_high,,,,Cachero 2010: aSP-f; Yu 2010: aSP5; Ruta 2010: DC1,LR
PVLP206m,4,cb_intrinsic,,,acetylcholine,male-specific,fru_high,,,,Cachero 2010: aIP-b,LR
PVLP207m,8,cb_intrinsic,,,acetylcholine,male-specific,fru_low,CG,,,Cachero 2010: pIP-e; Yu 2010: pIP5,LR
PVLP208m,3,cb_intrinsic,,,acetylcholine,male-specific,fru_high,,,,Cachero 2010: aIP-b,LR
PVLP209m,13,cb_intrinsic,,,acetylcholine,male-specific,coexpress_high;fru_high,CG,,,Cachero 2010: pIP-e; Yu 2010: pIP5,LR
PVLP210m,6,cb_intrinsic,,,acetylcholine,male-specific,coexpress_high;fru_high,,,,Cachero 2010: pIP-e; Yu 2010: pIP5; Nojima 2021: pC2l,LR
PVLP211m_a,2,cb_intrinsic,,,acetylcholine,male-specific,fru_high,CG,,,Cachero 2010: pIP-e; Yu 2010: pIP5,LR
PVLP211m_b,2,cb_intrinsic,,,acetylcholine,male-specific,fru_high,CG,,,Cachero 2010: pIP-e; Yu 2010: pIP5,LR
PVLP211m_c,2,cb_intrinsic,,,acetylcholine,male-specific,fru_high,CG,,,Cachero 2010: pIP-e; Yu 2010: pIP5,LR
PVLP213m,4,cb_intrinsic,,,acetylcholine,male-specific,fru_high,CG,,,Cachero 2010: pIP-e; Yu 2010: pIP5,LR
PVLP214m,10,cb_intrinsic,,,acetylcholine,male-specific,fru_low,CG,,,Cachero 2010: pIP-e; Yu 2010: pIP5,LR
PVLP216m,4,cb_intrinsic,,,acetylcholine,male-specific,fru_high,CG,,,Cachero 2010: pIP-e; Yu 2010: pIP5,LR
PVLP217m,2,cb_intrinsic,,,acetylcholine,male-specific,fru_high,CG,,,Cachero 2010: pIP-e; Yu 2010: pIP5,LR
PhG10,2,cb_sensory,gustatory,pharyngeal sensillum,acetylcholine,,,,,PhG10,,?
PhG11,2,cb_sensory,gustatory,pharyngeal sensillum,acetylcholine,,,,,PhG11,,?
PhG12,2,cb_sensory,gustatory,pharyngeal sensillum,acetylcholine,,,,,PhG12,,?
PhG13,2,cb_sensory,gustatory,pharyngeal sensillum,acetylcholine,,,,,PhG13,,?
PhG14,2,cb_sensory,gustatory,pharyngeal sensillum,acetylcholine,,,,,PhG14,,?
PhG15,2,cb_sensory,gustatory,pharyngeal sensillum,acetylcholine,,,,,PhG15,,?
PhG16,2,cb_sensory,gustatory,pharyngeal sensillum,acetylcholine,,,,,PhG16,,?
PhG1a,2,cb_sensory,gustatory,pharyngeal sensillum,acetylcholine,,,,,PhG1a,,?
PhG1b,2,cb_sensory,gustatory,pharyngeal sensillum,acetylcholine,,,,,PhG1b,,?
PhG1c,4,cb_sensory,gustatory,pharyngeal sensillum,acetylcholine,,,,,PhG1c,,?
PhG2,4,cb_sensory,gustatory,pharyngeal sensillum,acetylcholine,,,,,PhG2,,?
PhG3,2,cb_sensory,gustatory,pharyngeal sensillum,acetylcholine,,,,,PhG3,,?
PhG4,4,cb_sensory,gustatory,pharyngeal sensillum,acetylcholine,,,,,PhG4,,?
PhG5,2,cb_sensory,gustatory,pharyngeal sensillum,acetylcholine,,,,,PhG5,,?
PhG6,2,cb_sensory,gustatory,pharyngeal sensillum,acetylcholine,,,,,PhG6,,?
PhG7,4,cb_sensory,gustatory,pharyngeal sensillum,acetylcholine,,,,,"PhG7,PhG8,PhG9",,?
PhG8,4,cb_sensory,gustatory,pharyngeal sensillum,acetylcholine,,,,,PhG8,,?
PhG9,4,cb_sensory,gustatory,pharyngeal sensillum,acetylcholine,,,,,"PhG7,PhG8,PhG9",,?
Pleural remotor/abductor MN,14,vnc_motor,,ml,unclear,,,T2,,,,LR
Pm1,246,ol_intrinsic,,,gaba,,,,,Pm01,,LR
Pm10,74,ol_intrinsic,,,gaba,,,,,Pm04,,LR
Pm11,4,ol_intrinsic,,,gaba,,,,,Pm12,,LR
Pm12,4,ol_intrinsic,,,gaba,,,,,Pm14,,LR
Pm13,2,ol_intrinsic,,,glutamate,,,,,Pm13,,LR
Pm2a,219,ol_intrinsic,,,gaba,,,,,Pm03,,LR
Pm2b,124,ol_intrinsic,,,gaba,,,,,Pm08,,LR
Pm3,69,ol_intrinsic,,,gaba,,,,,Pm09,,LR
Pm4,168,ol_intrinsic,,,gaba,,,,,Pm05,,LR
Pm5,182,ol_intrinsic,,,gaba,,,,,Pm02,,LR
Pm6,50,ol_intrinsic,,,gaba,,,,,Pm06,,LR
Pm7,28,ol_intrinsic,,,gaba,,,,,Pm11,,LR
Pm7_Li28,2,ol_intrinsic,,,gaba,,,,,,,LR
Pm8,39,ol_intrinsic,,,gaba,,,,,Pm07,,LR
Pm9,54,ol_intrinsic,,,gaba,,,,,Pm10,,LR
Pm_unclear,1,ol_intrinsic,,,gaba,,,,,,,R
R1-R6,3377,ol_sensory,visual,,histamine,,,,,R1-6,,?LR
R7R8_unclear,85,ol_sensory,visual,,histamine,,,,,,,?
R7_unclear,404,ol_sensory,visual,,histamine,,,,,R7,,?LR
R7d,82,ol_sensory,visual,,histamine,,,,,R7,,?
R7p,332,ol_sensory,visual,,histamine,,,,,R7,,?
R7y,482,ol_sensory,visual,,histamine,,,,,R7,,?
R8_unclear,442,ol_sensory,visual,,histamine,,,,,R8,,?L
R8d,76,ol_sensory,visual,,histamine,,,,,R8,,?L
R8p,330,ol_sensory,visual,,histamine,,,,,R8,,?L
R8y,481,ol_sensory,visual,,histamine,,,,,R8,,?L
SA1_a,3,cb_intrinsic,CX,,glutamate,,,CG,SA1_a,SA1,,R
SA1_b,5,cb_intrinsic,CX,,glutamate,,,CG,SA1_b,SA1,,R
SA1_c,1,cb_intrinsic,CX,,glutamate,,,CG,SA1_c,SA1,,R
SA2_a,3,cb_intrinsic,CX,,glutamate,,,CG,SA2_a,SA2,,L
SA2_b,4,cb_intrinsic,CX,,glutamate,,,CG,SA2_b,SA2,,L
SA2_c,2,cb_intrinsic,CX,,glutamate,,,CG,SA2_a,SA2,,L
SA3,8,cb_intrinsic,CX,,glutamate,,,CG,SA3,SA3,,LR
SAD001,10,cb_intrinsic,,,acetylcholine,,,,SAD001,CB4177,,LR
SAD003,6,cb_intrinsic,,,acetylcholine,,,,SAD003,SAD003,,LR
SAD004,10,cb_intrinsic,,,acetylcholine,,,,SAD004,CB1125,,LR
SAD005,5,cb_intrinsic,,,acetylcholine,,,,SAD005,"SAD005,SAD006",,LR
SAD006,6,cb_intrinsic,,,acetylcholine,,,,SAD006,"SAD005,SAD006",,LR
SAD007,8,cb_intrinsic,,,acetylcholine,,,,SAD007,SAD007b,,LR
SAD008,6,cb_intrinsic,,,acetylcholine,,,,SAD008,SAD008c,,LR
SAD009,3,cb_intrinsic,,,acetylcholine,,,,SAD009,SAD009,,LR
SAD010,2,cb_intrinsic,,,acetylcholine,,,,SAD010,SAD010,,LR
SAD011,6,cb_intrinsic,,,gaba,,,,SAD011,SAD011,,LR
SAD012,4,cb_intrinsic,,,acetylcholine,,,,SAD012,SAD012,,LR
SAD013,2,cb_intrinsic,,,gaba,,,,SAD013,SAD013,,LR
SAD014,4,cb_intrinsic,,,gaba,,,,SAD014,CB4180,,LR
SAD019,2,cb_intrinsic,,,gaba,,,,SAD019,SAD011,,LR
SAD021,2,cb_intrinsic,,,gaba,,,TC,SAD021,CB4118,,LR
SAD021_a,6,cb_intrinsic,,,gaba,,,TC,SAD021_a,SAD021_a,,LR
SAD021_b,2,cb_intrinsic,,,gaba,,,TC,SAD021_b,CB3245,,LR
SAD021_c,4,cb_intrinsic,,,gaba,,,TC,SAD021_c,SAD021_c,,LR
SAD023,6,cb_intrinsic,,,gaba,potentially sexually dimorphic,,TC,SAD023,"CB0027,SAD023",,LR
SAD030,7,cb_intrinsic,,,gaba,,,TC,SAD030,SAD030,,LR
SAD034,2,cb_intrinsic,,,acetylcholine,,,,SAD034,SAD034,,LR
SAD035,2,cb_intrinsic,,,acetylcholine,,,DC,SAD035,SAD035,,LR
SAD036,2,cb_intrinsic,,,glutamate,,,TC,SAD036,SAD036,,LR
SAD040,4,cb_intrinsic,,,acetylcholine,,,TC,SAD040,SAD040,,LR
SAD043,2,cb_intrinsic,,,gaba,,,,SAD043,SAD043,,LR
SAD044,4,cb_intrinsic,,,acetylcholine,,,,SAD044,SAD044,,LR
SAD045,10,cb_intrinsic,,,acetylcholine,,,,SAD045,CB3948,,LR
SAD046,4,cb_intrinsic,,,acetylcholine,,,,SAD046,CB3946,,LR
SAD047,7,cb_intrinsic,,,glutamate,,,,SAD047,SAD047,,LR
SAD049,2,cb_intrinsic,,,acetylcholine,,,DC,SAD049,SAD049,,LR
SAD051_a,7,cb_intrinsic,,,acetylcholine,,fru_high,DC,SAD051_a,CB1542,Cachero 2010: aDT-e; Vaughan 2014: aPN1,LR
SAD051_b,7,cb_intrinsic,,,acetylcholine,,fru_high,DC,SAD051_b,CB1542,Cachero 2010: aDT-e; Vaughan 2014: aPN1,LR
SAD052,4,cb_intrinsic,,,acetylcholine,,fru_high,DC,SAD052,SAD052,Cachero 2010: aDT-e,LR
SAD053,2,cb_intrinsic,,,acetylcholine,,,DC,SAD053,SAD053,,LR
SAD055,2,cb_intrinsic,,,acetylcholine,,,DC,SAD055,CB1280,,LR
SAD057,12,cb_intrinsic,,,acetylcholine,,fru_high,DC,SAD057,CB1078,Cachero 2010: aDT-e,LR
SAD064,6,cb_intrinsic,,,acetylcholine,,,DC,SAD064,SAD064,,LR
SAD070,2,cb_intrinsic,,,gaba,,,,SAD070,SAD070,,LR
SAD071,2,cb_intrinsic,,,gaba,,,,SAD071,VESa2_H04,,LR
SAD072,2,cb_intrinsic,,,gaba,,,,SAD072,SAD072,,LR
SAD073,4,cb_intrinsic,,,gaba,,,,SAD073,CB3707,,LR
SAD074,2,cb_intrinsic,,,gaba,,,,SAD074,SAD074,,LR
SAD075,4,cb_intrinsic,,,gaba,,,,SAD075,"CB3643,SAD075",,LR
SAD076,2,cb_intrinsic,,,glutamate,,,CG,SAD076,SAD076,,LR
SAD077,9,cb_intrinsic,,,glutamate,,,CG,SAD077,SAD077,,LR
SAD078,6,cb_intrinsic,,,unclear,,,CG,SAD078,CB1622,,LR
SAD079,8,cb_intrinsic,,,glutamate,,,CG,SAD079,CB1394_d,,LR
SAD080,3,cb_intrinsic,,,glutamate,,,CG,SAD080,SAD080,,LR
SAD082,2,cb_intrinsic,,,acetylcholine,,,,SAD082,SAD082,,LR
SAD084,2,cb_intrinsic,,,acetylcholine,,,CG,SAD084,SAD084,,LR
SAD085,2,cb_intrinsic,,,acetylcholine,,fru_high,CG,SAD085,SAD085,Cachero 2010: pIP-g,LR
SAD091,1,cb_intrinsic,,,gaba,,,LB,,CB3877,,M
SAD092,1,cb_intrinsic,,,gaba,,,LB,,CB3877,,M
SAD093,2,cb_intrinsic,,,acetylcholine,,,DC,SAD093,SAD093,,LR
SAD094,2,cb_intrinsic,,,acetylcholine,,,,SAD094,SAD094,,LR
SAD096,1,cb_intrinsic,,,gaba,,,LB,(hb2316502686),CB3878,,M
SAD097,2,cb_intrinsic,,,acetylcholine,,,DC,(hb2002083432),CB1817b,,LR
SAD098,2,cb_intrinsic,,,gaba,,fru_high,LB,,CB4161,Cachero 2010: pSG-d; Vaughan 2014: aLN(m); Baker 2022: WV-WV,M
SAD099,2,cb_intrinsic,,,gaba,,fru_high,LB,,CB4045,Cachero 2010: pSG-d; Vaughan 2014: aLN(m); Baker 2022: WV-WV,M
SAD100,2,cb_intrinsic,,,gaba,,,LB,,CB3918,,M
SAD101,2,cb_intrinsic,,,gaba,,,LB,,CB3897,,M
SAD103,1,cb_intrinsic,,,gaba,,,LB,,CB3876,,M
SAD104,5,cb_intrinsic,,,gaba,,,TC,,CB3105,,LR
SAD105,2,cb_intrinsic,,,gaba,,,MD,,CB0469,,LR
SAD106,2,cb_intrinsic,,,acetylcholine,,,LB,,CB0261,,LR
SAD107,2,cb_intrinsic,,,gaba,,,,,CB0104,,LR
SAD108,2,cb_intrinsic,,,acetylcholine,,,DC,(hb2033109040),CB1817a,,LR
SAD109,1,cb_intrinsic,,,gaba,,,LB,,CB3875,,M
SAD110,4,cb_intrinsic,,,gaba,,,TC,,CB1231a,,LR
SAD111,2,cb_intrinsic,,,gaba,,,TC,,CB1231_b,,LR
SAD112_a,2,cb_intrinsic,,,gaba,,,TC,,CB1231b,,LR
SAD112_b,2,cb_intrinsic,,,gaba,,,TC,,CB1231b,,LR
SAD112_c,2,cb_intrinsic,,,gaba,,,TC,,CB1231b,,LR
SAD113,4,cb_intrinsic,,,gaba,,,TC,,CB1231b,,LR
SAD114,2,cb_intrinsic,,,gaba,,,TC,,CB1231_a,,LR
SAD115,1,cb_intrinsic,,,acetylcholine,,,MX,,CB3997,,R
SAD116,4,cb_intrinsic,,,glutamate,,,,,CB4235,,LR
SAD117,10,cb_intrinsic,,,gaba,,,TC,,CB1169,,LR
SAD200m,11,cb_intrinsic,,,gaba,male-specific,fru_high,,,,Cachero 2010: aDT-g; Yu 2010: aDT5,LR
SAF,8,cb_intrinsic,CX,,glutamate,,,CG,SAF,CB.FBTI1,,LR
SApp,148,sensory_ascending,mechanosensory_proprioceptive,haltere,acetylcholine,,,,,,,?
SApp01,19,sensory_ascending,mechanosensory_proprioceptive,campaniform sensilla,acetylcholine,,,,,,,?
"SApp02,SApp03",3,vnc_sensory,mechanosensory_proprioceptive,campaniform sensilla,acetylcholine,,,,,,,?
SApp04,9,sensory_ascending,mechanosensory_proprioceptive,campaniform sensilla,acetylcholine,,,,,,,?
SApp05,3,vnc_sensory,mechanosensory_proprioceptive,campaniform sensilla,acetylcholine,,,,,,,?
"SApp06,SApp15",37,sensory_ascending,mechanosensory_proprioceptive,campaniform sensilla,acetylcholine,,,,,,,?
SApp07,2,vnc_sensory,mechanosensory_proprioceptive,campaniform sensilla,acetylcholine,,,,,,,?
SApp08,47,sensory_ascending,mechanosensory_proprioceptive,campaniform sensilla,acetylcholine,,,,,,,?
"SApp09,SApp22",74,sensory_ascending,mechanosensory_proprioceptive,campaniform sensilla,acetylcholine,,,,,,,?
SApp10,37,sensory_ascending,mechanosensory_proprioceptive,campaniform sensilla,acetylcholine,,,,,,,?
"SApp11,SApp18",8,sensory_ascending,mechanosensory_proprioceptive,campaniform sensilla,acetylcholine,,,,,,,?
SApp13,8,sensory_ascending,mechanosensory_proprioceptive,campaniform sensilla,acetylcholine,,,,,,,?
SApp14,7,sensory_ascending,mechanosensory_proprioceptive,campaniform sensilla,acetylcholine,,,,,,,?
SApp19,9,sensory_ascending,mechanosensory_proprioceptive,campaniform sensilla,acetylcholine,,,,,,,?
SApp20,2,sensory_ascending,mechanosensory_proprioceptive,campaniform sensilla,acetylcholine,,,,,,,?
SApp21,3,sensory_ascending,mechanosensory_proprioceptive,campaniform sensilla,acetylcholine,,,,,,,?
SApp23,23,sensory_ascending,mechanosensory_proprioceptive,chordotonal organ,acetylcholine,,,,,,,?
"SApp23,SNpp56",6,vnc_sensory,mechanosensory_proprioceptive,chordotonal organ,acetylcholine,,,,,,,?
SAxx01,13,sensory_ascending,unknown_sensory,abdomen,acetylcholine,,,,,,,?
SAxx02,12,sensory_ascending,unknown_sensory,leg,unclear,,,,,SA_VTV_6,,?
SCL001m,11,cb_intrinsic,,,acetylcholine,male-specific,fru_high,,,,"Kimura 2008, Kohatsu 2010: P2b; Cachero 2010: pIP-a; Yu 2010: pIP1",LR
SCL002m,10,cb_intrinsic,,,acetylcholine,male-specific,coexpress_high,CG,,,Wang 2020a: pMP1; Rideout 2010: pC3; Zhou 2014: pCd; Nojima 2021: pCd-1; Allen 2025: pMP-z,LR
SIP003_a,8,cb_intrinsic,,,acetylcholine,,,,SIP003_a,SIP003_a,,LR
SIP003_b,8,cb_intrinsic,,,acetylcholine,,,,SIP003_b,SIP003_b,,LR
SIP004,2,cb_intrinsic,,,acetylcholine,,,,SIP004,AOTUv3B_P06,,LR
SIP005,4,cb_intrinsic,,,glutamate,,,,SIP005,SIP005,,LR
SIP006,2,cb_intrinsic,,,glutamate,,,,SIP006,SIP006,,LR
SIP007,2,cb_intrinsic,,,glutamate,,,,SIP007,SMP025c,,LR
SIP011,8,cb_intrinsic,,,glutamate,,,,SIP011,CB4111,,LR
SIP013,5,cb_intrinsic,,,glutamate,,,,SIP013,SIP013b,,LR
SIP015,8,cb_intrinsic,,,glutamate,,,,SIP015,SIP015,,LR
SIP017,2,cb_intrinsic,,,glutamate,,,,SIP017,SIP017,,LR
SIP018,2,cb_intrinsic,,,glutamate,,,,SIP018,SIP018,,LR
SIP019,2,cb_intrinsic,,,acetylcholine,,,,SIP019,SIP019,,LR
SIP020_a,4,cb_intrinsic,,,glutamate,,,,SIP020,SIP020a,,LR
SIP020_b,2,cb_intrinsic,,,glutamate,,,,SIP020,SIP020b,,LR
SIP020_c,2,cb_intrinsic,,,glutamate,,,,SIP020,SIP020b,,LR
SIP020b,1,cb_intrinsic,,,glutamate,,,,,SIP020b,,R
SIP021_a,4,cb_intrinsic,,,glutamate,,,,SIP021,CB2250,,LR
SIP021_b,3,cb_intrinsic,,,glutamate,,,,SIP021,CB0931,,LR
SIP022,2,cb_intrinsic,,,acetylcholine,,fru_low,,SIP022,SIP022,Cachero 2010: aSP-d; Yu 2010: aSP13,LR
SIP024,5,cb_intrinsic,,,acetylcholine,,,,SIP024,SIP024b,,LR
SIP025,2,cb_intrinsic,,,acetylcholine,sexually dimorphic,fru_high,,SIP025,SIP025,fru-M-500221,LR
SIP026,2,cb_intrinsic,,,glutamate,,,,SIP026,CB0294,,LR
SIP027,7,cb_intrinsic,,,gaba,,,,SIP027,SIP027,,LR
SIP028,9,cb_intrinsic,,,gaba,,,,SIP028,SIP028,,LR
SIP029,2,cb_intrinsic,,,acetylcholine,,,,SIP029,SIP029,,LR
SIP030,4,cb_intrinsic,,,acetylcholine,,,,SIP030,CB1489,,LR
SIP031,2,cb_intrinsic,,,acetylcholine,,,,SIP031,SIP031,,LR
SIP032,6,cb_intrinsic,,,acetylcholine,,,,"SIP032,SIP059","SIP032,SIP059",,LR
SIP033,4,cb_intrinsic,,,glutamate,,,,SIP033,SIP033,,LR
SIP034,4,cb_intrinsic,,,glutamate,,,,SIP034,SIP034,,LR
SIP037,6,cb_intrinsic,,,glutamate,,,,SIP037,CB3396,,LR
SIP041,4,cb_intrinsic,,,glutamate,,,,SIP041,"CB1172,SIP041",,LR
SIP042_a,6,cb_intrinsic,,,glutamate,,,,SIP042_a,"CB1006,CB2932",,LR
SIP042_b,4,cb_intrinsic,,,glutamate,,,,SIP042_b,CB1126,,LR
SIP045,4,cb_intrinsic,,,glutamate,,,,SIP045,SIP045,,LR
SIP046,2,cb_intrinsic,,,glutamate,,,,SIP046,SIP046,,LR
SIP047,10,cb_intrinsic,,,acetylcholine,,,,SIP047,SIP047b,,LR
SIP048,2,cb_intrinsic,,,acetylcholine,,,,SIP048,SIP048,,LR
SIP049,2,cb_intrinsic,,,acetylcholine,,,,SIP049,"CB2031,CB3231",,LR
SIP051,2,cb_intrinsic,,,acetylcholine,,,,"SIP051,SLP331",CB2398,,LR
SIP052,2,cb_intrinsic,,,glutamate,,,CG,SIP052,SIP052,,LR
SIP053,10,cb_intrinsic,,,acetylcholine,,,CG,SIP053,SIP053b,,LR
SIP054,4,cb_intrinsic,,,acetylcholine,,,,SIP054,CB3455,,LR
SIP057,2,cb_intrinsic,,,acetylcholine,,,,SIP057,SIP057,,LR
SIP064,2,cb_intrinsic,,,acetylcholine,,,,SIP064,SIP064,,LR
SIP065,2,cb_intrinsic,,,glutamate,,,,SIP065,SIP065,,LR
SIP066,4,cb_intrinsic,,,glutamate,,,,SIP066,SIP066,,LR
SIP067,2,cb_intrinsic,,,acetylcholine,,,,SIP067,SIP067,,LR
SIP069,3,cb_intrinsic,,,acetylcholine,,,,SIP069,"SIP069,CB3452",,LR
SIP070,6,cb_intrinsic,,,acetylcholine,,,,SIP070,"CB3637,CB3653",,LR
SIP071,6,cb_intrinsic,,,acetylcholine,,,,SIP071,"CB1031,CB3554,CB3604",,LR
SIP073,6,cb_intrinsic,,,acetylcholine,,,,SIP073,SIP073,,LR
SIP074_a,2,cb_intrinsic,,,acetylcholine,,,,SIP074,CB2214,,LR
SIP074_b,6,cb_intrinsic,,,acetylcholine,,,,SIP074,CB2214,,LR
SIP075,6,cb_intrinsic,,,acetylcholine,,,,SIP075,"CB2429,CB3219",,LR
SIP076,20,cb_intrinsic,,,acetylcholine,,,,SIP076,SIP076,,LR
SIP077,4,cb_intrinsic,,,acetylcholine,,,,SIP077,SLP405,,LR
SIP078,8,cb_intrinsic,,,acetylcholine,,,,SIP078,"SIP078,SIP080",,LR
SIP080,6,cb_intrinsic,,,acetylcholine,,,,SIP080,"SIP078,SIP080",,LR
SIP081,4,cb_intrinsic,,,acetylcholine,,,,SIP081,SIP081,,LR
SIP086,2,cb_intrinsic,,,glutamate,,,,SIP086,SIP086,,LR
SIP087,2,cb_intrinsic,,,unclear,,,,SIP087,SIP087,,LR
SIP088,2,cb_intrinsic,,,acetylcholine,,,,SIP088,SIP088,,LR
SIP089,9,cb_intrinsic,,,gaba,,,CG,SIP089,SIP089,,LR
SIP090,1,cb_intrinsic,,,acetylcholine,,,,SIP090,SIP090,,R
SIP091,2,cb_intrinsic,,,acetylcholine,sexually dimorphic,fru_high,,hb953013850,CB0666,Cachero 2010: pIP-h; Yu 2010: pIP9,LR
SIP100m,10,cb_intrinsic,,,glutamate,male-specific,fru_high,,,,Cachero 2010: aSP-a; Yu 2010: aSP2,LR
SIP101m,6,cb_intrinsic,,,glutamate,male-specific,fru_high,,,,Cachero 2010: aSP-a; Yu 2010: aSP2,LR
SIP102m,2,cb_intrinsic,,,glutamate,potentially male-specific,fru_low,,,,fru-M-200030,LR
SIP103m,9,cb_intrinsic,,,glutamate,male-specific,fru_high,,,,Cachero 2010: aSP-a; Yu 2010: aSP2,LR
SIP104m,8,cb_intrinsic,,,glutamate,male-specific,fru_high,,,,Cachero 2010: aSP-a; Yu 2010: aSP2,LR
SIP105m,2,cb_intrinsic,,,acetylcholine,male-specific,,,,,,LR
SIP106m,2,cb_intrinsic,,,dopamine,potentially male-specific,,,,,,LR
SIP107m,2,cb_intrinsic,,,glutamate,male-specific,,,,,,LR
SIP108m,4,cb_intrinsic,,,acetylcholine,male-specific,coexpress_high;fru_high,CG,,,Cachero 2010: pIP-e; Yu 2010: pIP5,LR
SIP109m,4,cb_intrinsic,,,acetylcholine,male-specific,coexpress_high;fru_high,CG,,,Cachero 2010: pIP-e; Yu 2010: pIP5,LR
SIP110m_a,2,cb_intrinsic,,,acetylcholine,male-specific,fru_high,CG,,,Cachero 2010: pIP-e; Yu 2010: pIP5,LR
SIP110m_b,2,cb_intrinsic,,,acetylcholine,male-specific,fru_high,CG,,,Cachero 2010: pIP-e; Yu 2010: pIP5,LR
SIP111m,2,cb_intrinsic,,,acetylcholine,male-specific,fru_high,CG,,,Cachero 2010: pIP-e; Yu 2010: pIP5,LR
SIP112m,8,cb_intrinsic,,,glutamate,male-specific,fru_high,,,,Cachero 2010: aSP-a; Yu 2010: aSP2,LR
SIP113m,5,cb_intrinsic,,,glutamate,male-specific,fru_high,,,,Cachero 2010: aSP-a; Yu 2010: aSP2,LR
SIP115m,4,cb_intrinsic,,,glutamate,male-specific,fru_high,,,,Cachero 2010: aSP-a; Yu 2010: aSP2,LR
SIP116m,6,cb_intrinsic,,,glutamate,male-specific,fru_high,,,,Cachero 2010: aSP-a; Yu 2010: aSP2,LR
SIP117m,2,cb_intrinsic,,,glutamate,male-specific,fru_high,,,,"fru-M-100136,fru-M-700116",LR
SIP118m,7,cb_intrinsic,,,glutamate,male-specific,fru_high,,,,Cachero 2010: aSP-a; Yu 2010: aSP2,LR
SIP119m,9,cb_intrinsic,,,glutamate,male-specific,fru_high,,,,Cachero 2010: aSP-a; Yu 2010: aSP2,LR
SIP121m,6,cb_intrinsic,,,glutamate,male-specific,fru_high,,,,Cachero 2010: aSP-a; Yu 2010: aSP2,LR
SIP122m,8,cb_intrinsic,,,glutamate,male-specific,fru_high,,,,Cachero 2010: aSP-a; Yu 2010: aSP2,LR
SIP123m,4,cb_intrinsic,,,glutamate,male-specific,fru_high,,,,Cachero 2010: aSP-a; Yu 2010: aSP2,LR
SIP124m,7,cb_intrinsic,,,glutamate,male-specific,fru_high,,,,Cachero 2010: aSP-a; Yu 2010: aSP2,LR
SIP126m_a,2,cb_intrinsic,,,acetylcholine,male-specific,fru_high,CG,,,Cachero 2010: pIP-e; Yu 2010: pIP5,LR
SIP126m_b,2,cb_intrinsic,,,acetylcholine,male-specific,fru_high,CG,,,Cachero 2010: pIP-e; Yu 2010: pIP5,LR
SIP128m,5,cb_intrinsic,,,acetylcholine,male-specific,fru_high,,,,Cachero 2010: aDT-d,LR
SIP130m,4,cb_intrinsic,,,acetylcholine,male-specific,fru_high,,,,Cachero 2010: aDT-d,LR
SIP132m,2,cb_intrinsic,,,acetylcholine,male-specific,,,,,,LR
SIP133m,2,cb_intrinsic,,,glutamate,male-specific,fru_high,,,,Cachero 2010: aSP-e,LR
SIP135m,10,cb_intrinsic,,,acetylcholine,male-specific,dsx_high,CG,,,"Lee 2002, Rideout 2010: pC2; Robinett 2010, Nojima 2021: pC2m",LR
SIP136m,2,cb_intrinsic,,,acetylcholine,male-specific,,,,,,LR
SIP137m_a,2,cb_intrinsic,,,acetylcholine,male-specific,coexpress_high,,,,Cachero 2010: pIP-e; Yu 2010: pIP5; Nojima 2021: pC2l,LR
SIP137m_b,2,cb_intrinsic,,,acetylcholine,male-specific,coexpress_high,,,,Cachero 2010: pIP-e; Yu 2010: pIP5; Nojima 2021: pC2l,LR
SIP140m,2,cb_intrinsic,,,glutamate,male-specific,fru_high,,,,Cachero 2010: aSP-a; Yu 2010: aSP2,LR
SIP141m,6,cb_intrinsic,,,glutamate,male-specific,fru_high,,,,Cachero 2010: aSP-a; Yu 2010: aSP2,LR
SIP142m,4,cb_intrinsic,,,glutamate,male-specific,fru_high,,,,Cachero 2010: aSP-a; Yu 2010: aSP2,LR
SIP143m,4,cb_intrinsic,,,glutamate,male-specific,fru_high,,,,Cachero 2010: aSP-a; Yu 2010: aSP2,LR
SIP145m,6,cb_intrinsic,,,glutamate,male-specific,fru_high,,,,Cachero 2010: aSP-a; Yu 2010: aSP2,LR
SIP146m,9,cb_intrinsic,,,glutamate,male-specific,fru_high,,,,Cachero 2010: aSP-a; Yu 2010: aSP2,LR
SIP147m,5,cb_intrinsic,,,glutamate,male-specific,fru_high,,,,Cachero 2010: aSP-a; Yu 2010: aSP2,LR
SLP001,2,cb_intrinsic,,,glutamate,,,,SLP001,SLP001,,LR
SLP002,8,cb_intrinsic,,,gaba,,,,SLP002,"CB1248,CB3352,CB1916",,LR
SLP003,2,cb_intrinsic,,,gaba,,,,SLP003,SLP003,,LR
SLP004,2,cb_intrinsic,,,gaba,,,,SLP004,SLP004,,LR
SLP006,2,cb_intrinsic,,,glutamate,,,,SLP006,SLP006,,LR
SLP007,4,cb_intrinsic,,,glutamate,,,,SLP007,"SLP007a,SLP007b",,LR
SLP008,4,cb_intrinsic,,,glutamate,,,,SLP008,SLP008,,LR
SLP011,2,cb_intrinsic,,,glutamate,,,,SLP011,SLP011,,LR
SLP012,8,cb_intrinsic,,,glutamate,,,,SLP012,SLP012b,,LR
SLP015_b,4,cb_intrinsic,,,glutamate,,,,SLP015_b,CB2335,,LR
SLP015_c,7,cb_intrinsic,,,glutamate,,,,SLP015_c,"CB1150,CB1991",,LR
SLP016,2,cb_intrinsic,,,glutamate,,,,SLP016,CB3966,,LR
SLP017,3,cb_intrinsic,,,glutamate,,,,SLP017,SLP017,,LR
SLP018,10,cb_intrinsic,,,glutamate,,,,SLP018,"CB2421,CB3145",,LR
SLP019,6,cb_intrinsic,,,glutamate,,,,SLP019,SLP019,,LR
SLP021,6,cb_intrinsic,,,glutamate,,fru_high,,SLP021,"CB1371,CB3522",Cachero 2010: pSP-d,LR
SLP022,2,cb_intrinsic,,,glutamate,,,,SLP022,CB3966,,LR
SLP024,21,cb_intrinsic,,,glutamate,,,,SLP024,SLP024a,,LR
SLP025,4,cb_intrinsic,,,glutamate,,,,SLP025,SLP025b,,LR
SLP026,5,cb_intrinsic,,,glutamate,,,,SLP026,SLP026,,LR
SLP027,4,cb_intrinsic,,,glutamate,,,,SLP027,SLP027,,LR
SLP028,9,cb_intrinsic,,,glutamate,,,,SLP028,CB4137,,LR
SLP030,2,cb_intrinsic,,,glutamate,,,,SLP030,SLP030,,LR
SLP031,2,cb_intrinsic,,,acetylcholine,,,,SLP031,SLP031,,LR
SLP032,2,cb_intrinsic,,,acetylcholine,,,,SLP032,SLP032,,LR
SLP033,2,cb_intrinsic,,,acetylcholine,,,,SLP033,SLP033,,LR
SLP034,2,cb_intrinsic,,,acetylcholine,,,,SLP034,SLP034,,LR
SLP035,3,cb_intrinsic,,,acetylcholine,,,,SLP035,SLP035,,LR
SLP036,10,cb_intrinsic,,,acetylcholine,,,,SLP036,SLP036,,LR
SLP038,6,cb_intrinsic,,,acetylcholine,,,,SLP038,CB1637,,LR
SLP040,6,cb_intrinsic,,,acetylcholine,,,,SLP040,CB1979,,LR
SLP041,6,cb_intrinsic,,,acetylcholine,,,,SLP041,SLP041,,LR
SLP042,5,cb_intrinsic,,,acetylcholine,,,,SLP042,CB0969,,LR
SLP043,6,cb_intrinsic,,,acetylcholine,,,,SLP043,CB1494,,LR
SLP044_a,3,cb_intrinsic,,,acetylcholine,,,,SLP044_a,CB1990,,LR
SLP044_d,6,cb_intrinsic,,,acetylcholine,,,,SLP044_d,SLP044_d,,LR
SLP046,2,cb_intrinsic,,,acetylcholine,,,,"LHAD1i2_a,SLP046",CB3967,,LR
SLP047,2,cb_intrinsic,,,acetylcholine,,,CG,SLP047,SLP047,,LR
SLP048,2,cb_intrinsic,,,acetylcholine,,,,SLP048,SLP048,,LR
SLP056,2,cb_intrinsic,,,gaba,,,,SLP056,SLP056,,LR
SLP057,2,cb_intrinsic,,,gaba,,,,SLP057,SLP057,,LR
SLP058,2,cb_intrinsic,,,unclear,,,,SLP058,CB3761,,LR
SLP059,2,cb_intrinsic,,,gaba,,,,SLP059,SLP059,,LR
SLP060,2,cb_intrinsic,,,gaba,,,,SLP060,SLP060,,LR
SLP061,2,cb_intrinsic,,,gaba,,,,SLP061,SLP061,,LR
SLP062,4,cb_intrinsic,,,gaba,,,,SLP062,SLP062,,LR
SLP064,2,cb_intrinsic,,,glutamate,,,,SLP064,SLP064,,LR
SLP065,5,cb_intrinsic,,,gaba,,,,SLP065,SLP065,,LR
SLP066,2,cb_intrinsic,,,glutamate,,,,SLP066,SLP066,,LR
SLP067,2,cb_intrinsic,,,glutamate,,,,SLP067,SLP067,,LR
SLP068,2,cb_intrinsic,,,glutamate,,,,SLP068,SLP068,,LR
SLP069,2,cb_intrinsic,,,glutamate,,,,SLP069,SLP069,,LR
SLP070,2,cb_intrinsic,,,glutamate,,,,SLP070,SLP070,,LR
SLP071,2,cb_intrinsic,,,glutamate,,,,SLP071,SLP071,,LR
SLP072,2,cb_intrinsic,,,glutamate,,,,SLP072,SLP072,,LR
SLP073,2,cb_intrinsic,,,acetylcholine,,,,SLP073,SLP073,,LR
SLP074,2,cb_intrinsic,,,acetylcholine,,,,SLP074,SLP074,,LR
SLP075,2,cb_intrinsic,,,glutamate,,,,SLP075,SLP075,,LR
SLP076,4,cb_intrinsic,,,glutamate,,,,SLP076,SLP076,,LR
SLP077,2,cb_intrinsic,,,glutamate,,,,SLP077,SLP077,,LR
SLP078,4,cb_intrinsic,,,glutamate,,,,SLP078,CB2179,,LR
SLP079,2,cb_intrinsic,,,glutamate,,,,SLP079,SLP079,,LR
SLP080,2,cb_intrinsic,,,acetylcholine,,,,SLP080,SLP080,,LR
SLP081,7,cb_intrinsic,,,glutamate,,,,SLP081,CB2434,,LR
SLP082,18,cb_intrinsic,,,glutamate,,,,SLP082,CB2106,,LR
SLP083,2,cb_intrinsic,,,glutamate,,,,SLP083,SLP083,,LR
SLP085,4,cb_intrinsic,,,glutamate,,,,SLP085,CB2771,,LR
SLP086,7,cb_intrinsic,,,glutamate,,,,SLP086,"CB3034,CB3079",,LR
SLP087,8,cb_intrinsic,,,glutamate,,,,SLP087,CB2531,,LR
SLP088_a,8,cb_intrinsic,,,glutamate,,,,"SLP088,SLP095",CB1318,,LR
SLP088_b,4,cb_intrinsic,,,glutamate,,,,"SLP088,SLP095",CB1191,,LR
SLP089,5,cb_intrinsic,,,glutamate,,,,SLP089,CB2078,,LR
SLP094_a,4,cb_intrinsic,,,acetylcholine,,,,SLP094,CB1272,,LR
SLP094_b,4,cb_intrinsic,,,acetylcholine,,,,SLP094,CB1306,,LR
SLP094_c,2,cb_intrinsic,,,acetylcholine,,,,SLP094,CB1594,,LR
SLP098,4,cb_intrinsic,,,glutamate,,,,"SLP098,SLP133","SLP098,SLP133",,LR
SLP099,2,cb_intrinsic,,,glutamate,,,,SLP099,"CB2277,CB3336",,LR
SLP101,4,cb_intrinsic,,,glutamate,,,,SLP101,SLP101,,LR
SLP102,8,cb_intrinsic,,,glutamate,,,,SLP102,SLP102,,LR
SLP103,8,cb_intrinsic,,,glutamate,,,,SLP103,SLP103,,LR
SLP104,6,cb_intrinsic,,,glutamate,,,,SLP104,"SLP104,SLP205",,LR
SLP105,4,cb_intrinsic,,,glutamate,,,,SLP105,CB3968,,LR
SLP106,4,cb_intrinsic,,,glutamate,,,,SLP106,SLP106,,LR
SLP109,4,cb_intrinsic,,,glutamate,,,,"SLP109,SLP143","SLP109,SLP143",,LR
SLP112,6,cb_intrinsic,,,acetylcholine,,,,SLP112,CB2532,,LR
SLP113,6,cb_intrinsic,,,acetylcholine,,,,SLP113,CB2991,,LR
SLP114,2,cb_intrinsic,,,acetylcholine,,,,SLP114,"SLP114,SLP115",,LR
SLP115,7,cb_intrinsic,,,acetylcholine,,,,SLP115,"SLP114,SLP115",,LR
SLP116,2,cb_intrinsic,,,acetylcholine,,,,SLP116,"SLP114,SLP115",,LR
SLP118,2,cb_intrinsic,,,acetylcholine,,,,SLP118,"SLP118,SLP119",,LR
SLP119,2,cb_intrinsic,,,acetylcholine,,,,SLP119,"SLP118,SLP119",,LR
SLP120,2,cb_intrinsic,,,acetylcholine,,,,SLP120,SLP120,,LR
SLP122,6,cb_intrinsic,,,acetylcholine,,,,SLP122,"SLP122,CB3605",,LR
SLP122_b,2,cb_intrinsic,,,acetylcholine,,,,SLP122,CB0945,,R
SLP126,2,cb_intrinsic,,,acetylcholine,,,,SLP126,SLP126,,LR
SLP128,6,cb_intrinsic,,,acetylcholine,,,,SLP128,SLP128,,LR
SLP129_c,6,cb_intrinsic,,,acetylcholine,,,,SLP129_c,SLP129_c,,LR
SLP130,2,cb_intrinsic,,,acetylcholine,,,,SLP130,SLP130,,LR
SLP131,2,cb_intrinsic,,,acetylcholine,,,,SLP131,SLP131,,LR
SLP132,2,cb_intrinsic,,,glutamate,,,,SLP132,SLP132,,LR
SLP134,2,cb_intrinsic,,,glutamate,,,,SLP134,SLP134,,LR
SLP136,2,cb_intrinsic,,,glutamate,,,,SLP136,SLP136,,LR
SLP137,4,cb_intrinsic,,,glutamate,,,,SLP137,SLP137,,LR
SLP138,3,cb_intrinsic,,,glutamate,,,,SLP138,CB1559,,LR
SLP141,6,cb_intrinsic,,,glutamate,,,,SLP141,CB3963,,LR
SLP142,8,cb_intrinsic,,,glutamate,,,,SLP142,CB3964,,LR
SLP149,2,cb_intrinsic,,,acetylcholine,,,,SLP149,SLP149,,LR
SLP150,2,cb_intrinsic,,,acetylcholine,,,,SLP150,SLP150,,LR
SLP151,2,cb_intrinsic,,,acetylcholine,,,,SLP151,SLP151,,LR
SLP152,8,cb_intrinsic,,,acetylcholine,,,,SLP152,SLP152,,LR
SLP153,2,cb_intrinsic,,,acetylcholine,,,,SLP153,SLP153,,LR
SLP155,2,cb_intrinsic,,,acetylcholine,,,,SLP155,SLP155,,LR
SLP157,4,cb_intrinsic,,,acetylcholine,,,,SLP157,SLP157,,LR
SLP158,6,cb_intrinsic,,,acetylcholine,,,,SLP158,SLP158,,LR
SLP160,9,cb_intrinsic,,,acetylcholine,,fru_low,,SLP160,SLP160,Cachero 2010: aSP-f; Yu 2010: aSP5; Ruta 2010: DC1,LR
SLP162,9,cb_intrinsic,,,acetylcholine,,,,SLP162,SLP162,,LR
SLP164,11,cb_intrinsic,,,acetylcholine,,,,SLP164,"CB3130,CB3454",,LR
SLP168,2,cb_intrinsic,,,acetylcholine,,,,SLP168,"SLP168,SLP125",,LR
SLP170,2,cb_intrinsic,,,glutamate,,,,SLP170,SLP170,,LR
SLP171,6,cb_intrinsic,,,glutamate,,,,SLP171,CB1698,,LR
SLP173,1,cb_intrinsic,,,glutamate,,,,SLP173,CB0103,,R
SLP176,13,cb_intrinsic,,,glutamate,,,,SLP176,CB1170,,LR
SLP178,4,cb_intrinsic,,,glutamate,,,,SLP178,CB1670,,LR
SLP179_a,6,cb_intrinsic,,,glutamate,,,,SLP179_a,CB1155,,LR
SLP179_b,12,cb_intrinsic,,,glutamate,,,,SLP179_b,CB1928,,LR
SLP183,5,cb_intrinsic,,,glutamate,,,,SLP183,CB2726,,LR
SLP184,2,cb_intrinsic,,,acetylcholine,,,,SLP184,SLP184,,LR
SLP186,5,cb_intrinsic,,,unclear,,,,SLP186,CB3590,,LR
SLP187,12,cb_intrinsic,,,gaba,,,,SLP187,CB2036,,LR
SLP188,14,cb_intrinsic,,,glutamate,,,,SLP188,SLP188,,LR
SLP189,3,cb_intrinsic,,,glutamate,,,,,SLP189,,LR
SLP189_a,2,cb_intrinsic,,,glutamate,,,,SLP189_a,SLP189,,LR
SLP189_b,8,cb_intrinsic,,,glutamate,,,,SLP189_b,SLP189,,LR
SLP198,6,cb_intrinsic,,,glutamate,,,,SLP198,CB2756,,LR
SLP199,8,cb_intrinsic,,,glutamate,,,,SLP199,"CB1440,CB3157",,LR
SLP202,2,cb_intrinsic,,,glutamate,,,,SLP202,SLP202,,LR
SLP204,7,cb_intrinsic,,,glutamate,,,,SLP204,"CB1310,SLP204",,LR
SLP206,2,cb_intrinsic,,,gaba,,,,SLP206,SLP206,,LR
SLP207,2,cb_intrinsic,,,gaba,,,,SLP207,SLP207,,LR
SLP208,2,cb_intrinsic,,,gaba,,,,SLP208,SLP208,,LR
SLP209,2,cb_intrinsic,,,gaba,,,,SLP209,SLP209,,LR
SLP210,2,cb_intrinsic,,,acetylcholine,,,,SLP210,SLP210,,LR
SLP211,2,cb_intrinsic,,,acetylcholine,,,,SLP211,SLP211,,LR
SLP212_a,2,cb_intrinsic,,,acetylcholine,,fru_low,,SLP212,SLP212a,Yu 2010: aSP4,LR
SLP212_b,2,cb_intrinsic,,,acetylcholine,,fru_low,,SLP212,SLP212b,Yu 2010: aSP4,LR
SLP212_c,2,cb_intrinsic,,,unclear,,fru_low,,SLP212,SLP212c,Yu 2010: aSP4,LR
SLP214,2,cb_intrinsic,,,glutamate,,,,SLP214,SLP214,,LR
SLP215,2,cb_intrinsic,,,acetylcholine,,,,SLP215,SLP215,,LR
SLP216,2,cb_intrinsic,,,gaba,,,,SLP216,SLP216,,LR
SLP217,8,cb_intrinsic,,,glutamate,,,,SLP217,CB1696,,LR
SLP221,2,cb_intrinsic,,,acetylcholine,,,,SLP221,SLP221,,LR
SLP222,4,cb_intrinsic,,,acetylcholine,,,,SLP222,SLP222,,LR
SLP223,8,cb_intrinsic,,,acetylcholine,,,,SLP223,CB4153,,LR
SLP224,7,cb_intrinsic,,,acetylcholine,,,,SLP224,CB4153,,LR
SLP227,8,cb_intrinsic,,,acetylcholine,,,,SLP227,SLP227c,,LR
SLP228,4,cb_intrinsic,,,acetylcholine,,,,SLP228,SLP228,,LR
SLP229,8,cb_intrinsic,,,acetylcholine,,,,SLP229,CB3386,,LR
SLP230,2,cb_intrinsic,,,acetylcholine,,,,SLP230,SLP230,,LR
SLP231,2,cb_intrinsic,,,acetylcholine,,,,SLP231,SLP231,,LR
SLP234,2,cb_intrinsic,,,acetylcholine,,,DC,SLP234,SLP234,,LR
SLP235,2,cb_intrinsic,,,acetylcholine,,,DC,SLP235,SLP235,,LR
SLP236,2,cb_intrinsic,,,acetylcholine,,,DC,SLP236,SLP236,,LR
SLP237,4,cb_intrinsic,,,acetylcholine,,,DC,SLP237,SLP237,,LR
SLP238,2,cb_intrinsic,,,acetylcholine,,,DC,SLP238,SLP238,,LR
SLP239,2,cb_intrinsic,,,acetylcholine,,,DC,SLP239,SLP239,,LR
SLP240_a,5,cb_intrinsic,,,acetylcholine,,,,SLP240_a,SLP240_a,,LR
SLP240_b,7,cb_intrinsic,,,acetylcholine,,,,SLP240_b,SLP240_b,,LR
SLP241,9,cb_intrinsic,,,acetylcholine,,,,SLP241,SLP241b,,LR
SLP242,6,cb_intrinsic,,,acetylcholine,,,,SLP242,SLP242,,LR
SLP243,2,cb_intrinsic,,,gaba,,,,SLP243,VESa2_P01,,LR
SLP244,4,cb_intrinsic,,,acetylcholine,,,,SLP244,SLP244,,LR
SLP245,6,cb_intrinsic,,,acetylcholine,,,,"SLP245,SIP055","SIP055,SLP245",,LR
SLP246,5,cb_intrinsic,,,acetylcholine,,,,SLP246,SLP246,,LR
SLP247,2,cb_intrinsic,,,acetylcholine,,,,SLP247,SLP247,,LR
SLP248,2,cb_intrinsic,,,glutamate,,,,SLP248,SLP248,,LR
SLP249,4,cb_intrinsic,,,glutamate,,fru_low,,SLP249,SLP249,Cachero 2010: pSP-b; Yu 2010: pSP2/3,LR
SLP250,2,visual_projection,,,glutamate,,fru_low,,SLP250,LTe71,Cachero 2010: pSP-b; Yu 2010: pSP2/3,LR
SLP251,2,cb_intrinsic,,,glutamate,,,,SLP251,CB3811,,LR
SLP252_a,2,cb_intrinsic,,,glutamate,,,,SLP252,CB2529,,LR
SLP252_b,2,cb_intrinsic,,,glutamate,,,,SLP252,CB3808,,LR
SLP252_c,2,cb_intrinsic,,,glutamate,,,,SLP252,CB3686,,LR
SLP255,2,cb_intrinsic,,,glutamate,,,,SLP255,SLP255,,LR
SLP256,2,cb_intrinsic,,,glutamate,,,,SLP256,SLP256,,LR
SLP257,2,cb_intrinsic,,,glutamate,,,,SLP257,SLP257,,LR
SLP258,2,cb_intrinsic,,,glutamate,,,,SLP258,SLP258,,LR
SLP259,4,cb_intrinsic,,,glutamate,,,,SLP259,CB1610,,LR
SLP260,2,cb_intrinsic,,,glutamate,,,,SLP260,CB1658,,LR
SLP265,2,cb_intrinsic,,,glutamate,,,,SLP265,SLP265a,,LR
SLP266,14,cb_intrinsic,,,glutamate,,fru_low,,SLP266,CB2901,Cachero 2010: pSP-b; Yu 2010: pSP2/3,LR
SLP267,10,cb_intrinsic,,,glutamate,,fru_low,,SLP267,CB2989,Cachero 2010: pSP-b; Yu 2010: pSP2/3,LR
SLP268,11,cb_intrinsic,,,glutamate,,,,SLP268,CB2888,,LR
SLP269,2,cb_intrinsic,,,acetylcholine,,,,SLP269,SLP269,,LR
SLP270,2,cb_intrinsic,,,acetylcholine,,fru_low,,SLP270,SLP270,,LR
SLP271,2,cb_intrinsic,,,acetylcholine,,,,SLP271,CB3678,,LR
SLP273,2,cb_intrinsic,,,acetylcholine,,,,SLP273,SLP273,,LR
SLP274,3,cb_intrinsic,,,acetylcholine,,,,SLP274,SLP274,,LR
SLP275,10,cb_intrinsic,,,acetylcholine,,,,SLP275,SLP275,,LR
SLP278,2,cb_intrinsic,,,acetylcholine,,fru_low,,SLP278,SLP278,fru-M-500020,LR
SLP279,2,cb_intrinsic,,,glutamate,,,,SLP279,SLP279,,LR
SLP281,2,cb_intrinsic,,,glutamate,,,,SLP281,SLP281,,LR
"SLP283,SLP284",10,cb_intrinsic,,,glutamate,,,,"SLP283,SLP284",CB1032,,LR
SLP285,12,cb_intrinsic,,,glutamate,,,,SLP285,SLP285,,LR
SLP286,9,cb_intrinsic,,,glutamate,,,,SLP286,SLP286,,LR
SLP287,4,cb_intrinsic,,,glutamate,,,,SLP287,"SLP287,SLP291",,LR
SLP288,10,cb_intrinsic,,,glutamate,,,,SLP288,"SLP288b,SLP288c",,LR
SLP289,11,cb_intrinsic,,,glutamate,,,,SLP289,SLP289,,LR
SLP290,6,cb_intrinsic,,,glutamate,,,,SLP290,SLP290,,LR
SLP291,5,cb_intrinsic,,,glutamate,,,,SLP291,"SLP287,SLP291",,LR
SLP295,10,cb_intrinsic,,,glutamate,,,,SLP295,SLP295,,LR
SLP298,2,cb_intrinsic,,,glutamate,,,,SLP298,SLP298,,LR
SLP300,10,cb_intrinsic,,,glutamate,,,,SLP300,CB4129,,LR
SLP302,4,cb_intrinsic,,,glutamate,,,,SLP302,SLP302b,,LR
SLP304,4,cb_intrinsic,,,unclear,,,,SLP304,SLP304b,,LR
SLP305,2,cb_intrinsic,,,acetylcholine,,,,SLP305,LHAD1a2,,LR
SLP307,1,cb_intrinsic,,,acetylcholine,,fru_high,,SLP307,SLP307,,L
SLP308,4,cb_intrinsic,,,glutamate,,,,SLP308,SLP308a,,LR
SLP310,2,cb_intrinsic,,,acetylcholine,,,,SLP310,CB3603,,LR
SLP311,4,cb_intrinsic,,,glutamate,,,,SLP311,CB3163,,LR
SLP312,6,cb_intrinsic,,,glutamate,,,,SLP312,SLP312,,LR
SLP313,4,cb_intrinsic,,,glutamate,,,,SLP313,SLP313,,LR
SLP314,8,cb_intrinsic,,,glutamate,,,,SLP314,SLP314,,LR
SLP315,2,cb_intrinsic,,,glutamate,,,,SLP315,CB3698,,LR
SLP316,6,cb_intrinsic,,,glutamate,,,,SLP316,CB2443,,LR
SLP319,2,cb_intrinsic,,,glutamate,,,,SLP319,SLP319,,LR
SLP320,5,cb_intrinsic,,,glutamate,,,,SLP320,"CB3088,CB3180",,LR
SLP321,4,cb_intrinsic,,,acetylcholine,,,,SLP321,SLP321,,LR
SLP322,7,cb_intrinsic,,,acetylcholine,,,,SLP322,CB3054,,LR
SLP324,10,cb_intrinsic,,,acetylcholine,,,,SLP324,CB0946,,LR
SLP327,4,cb_intrinsic,,,acetylcholine,,,,SLP327,SLP327,,LR
SLP328,3,cb_intrinsic,,,acetylcholine,,,,SLP328,CB3775,,LR
SLP330,5,cb_intrinsic,,,acetylcholine,,,,SLP330,CB3777,,LR
SLP334,6,cb_intrinsic,,,glutamate,,,,SLP334,CB2297,,LR
SLP337,6,cb_intrinsic,,,glutamate,,,,SLP337,"CB2616,CB3751",,LR
SLP340,2,cb_intrinsic,,,glutamate,,,,SLP340,SLP340,,LR
SLP341_a,2,cb_intrinsic,,,acetylcholine,,,,SLP341,CB1105,,LR
SLP341_b,2,cb_intrinsic,,,acetylcholine,,,,SLP341,CB0242,,LR
SLP344,4,cb_intrinsic,,,glutamate,,,,SLP344,SLP344,,LR
SLP345,5,cb_intrinsic,,,glutamate,,,,SLP345,SLP345b,,LR
SLP347,4,cb_intrinsic,,,glutamate,,,,SLP347,"CB3041,CB3084",,LR
SLP354,2,cb_intrinsic,,,glutamate,,,,SLP354,CB2346,,LR
SLP355,2,cb_intrinsic,,,acetylcholine,,,CG,SLP355,SLP355,,LR
SLP356,4,cb_intrinsic,,,acetylcholine,,,,SLP356,SLP356,,LR
SLP358,2,cb_intrinsic,,,glutamate,,,,SLP358,SLP358,,LR
SLP359,4,cb_intrinsic,,,acetylcholine,,,,SLP359,SLP359,,LR
SLP360_a,2,cb_intrinsic,,,acetylcholine,,,,SLP360,CB3717,,LR
SLP360_b,2,cb_intrinsic,,,acetylcholine,,,,SLP360,"CB2602,CB2617",,LR
SLP360_c,2,cb_intrinsic,,,acetylcholine,,,,SLP360,"CB2602,CB2617",,LR
SLP360_d,5,cb_intrinsic,,,acetylcholine,,,,SLP360,SLP360,,LR
SLP361,4,cb_intrinsic,,,acetylcholine,,,CG,SLP361,"PLP198,SLP361",,LR
SLP363,2,cb_intrinsic,,,glutamate,,,,SLP363,SLP363,,LR
SLP364,4,cb_intrinsic,,,glutamate,,,,SLP364,SLP364,,LR
SLP365,2,cb_intrinsic,,,glutamate,,,,SLP365,SLP365,,LR
SLP366,2,cb_intrinsic,,,acetylcholine,,,,SLP366,SLP366,,LR
SLP368,2,cb_intrinsic,,,acetylcholine,,,CG,SLP368,SLP368,,LR
SLP369,12,cb_intrinsic,,,acetylcholine,,,,SLP369,"SLP369,SLP370",,LR
SLP372,4,cb_intrinsic,,,acetylcholine,,,,SLP372,CB1429,,LR
SLP373,2,cb_intrinsic,,,unclear,,,,SLP373,SLP373,,LR
SLP374,2,cb_intrinsic,,,unclear,,,,SLP374,SLP374,,LR
SLP375,4,cb_intrinsic,,,acetylcholine,,,,SLP375,SLP375,,LR
SLP376,2,cb_intrinsic,,,glutamate,,,,SLP376,SLP376,,LR
SLP377,2,cb_intrinsic,,,glutamate,,,,SLP377,SLP377,,LR
SLP378,2,cb_intrinsic,,,glutamate,,,,SLP378,SLP378,,LR
SLP379,2,cb_intrinsic,,,glutamate,,,,SLP379,SLP379,,LR
SLP380,2,cb_intrinsic,,,glutamate,,,,SLP380,SLP380,,LR
SLP381,2,cb_intrinsic,,,glutamate,,,,SLP381,SLP381,,LR
SLP382,2,cb_intrinsic,,,glutamate,,,,SLP382,SLP382,,LR
SLP383,2,cb_intrinsic,,,glutamate,,,,SLP383,SLP383,,LR
SLP384,2,cb_intrinsic,,,glutamate,,,,SLP384,SLP384,,LR
SLP385,2,cb_intrinsic,,,acetylcholine,,,,SLP385,SLP385,,LR
SLP386,2,cb_intrinsic,,,glutamate,,,,SLP386,SLP386,,LR
SLP387,2,cb_intrinsic,,,glutamate,,,,SLP387,SLP387,,LR
SLP388,2,cb_intrinsic,,,acetylcholine,,fru_low,,SLP388,SLP388,,LR
SLP389,2,cb_intrinsic,,,acetylcholine,,,,SLP389,SLP389,,LR
SLP390,2,cb_intrinsic,,,acetylcholine,,fru_high,,SLP390,SLP390,Cachero 2010: pSP-a,LR
SLP391,2,cb_intrinsic,,,acetylcholine,,fru_high,,SLP391,SLP391,Cachero 2010: pSP-a,LR
SLP392,2,cb_intrinsic,,,acetylcholine,,,,SLP392,SLP392,,LR
SLP393,2,cb_intrinsic,,,acetylcholine,,,,SLP393,SLP393,,LR
SLP394,2,cb_intrinsic,,,acetylcholine,,,,SLP394,CB3773,,LR
SLP395,2,cb_intrinsic,,,glutamate,,,,SLP395,SLP395,,LR
SLP396,4,cb_intrinsic,,,acetylcholine,,,,SLP396,SLP396,,LR
SLP397,2,cb_intrinsic,,,acetylcholine,,,,SLP397,SLP397,,LR
SLP398,4,cb_intrinsic,,,acetylcholine,,,,SLP398,SLP398,,LR
SLP400,5,cb_intrinsic,,,acetylcholine,,,,SLP400,SLP400,,LR
SLP402_a,4,cb_intrinsic,,,glutamate,,,,SLP402,SLP402_a,,LR
SLP402_b,2,cb_intrinsic,,,glutamate,,,,SLP402,SLP402_b,,LR
SLP403,4,cb_intrinsic,,,unclear,,,,SLP403,SLP403,,LR
SLP404,2,cb_intrinsic,,,acetylcholine,,,,SLP404,SLP404,,LR
SLP405,2,cb_intrinsic,,,acetylcholine,,,,,SLP405,,LR
SLP405_a,13,cb_intrinsic,,,acetylcholine,,,,SLP405_a,SLP405,,LR
SLP405_b,11,cb_intrinsic,,,acetylcholine,,,,SLP405_b,SLP405,,LR
SLP405_c,6,cb_intrinsic,,,acetylcholine,,,,SLP405_c,SLP405,,LR
SLP406,2,cb_intrinsic,,,acetylcholine,,,CG,SLP406,SLP406,,LR
SLP411,2,cb_intrinsic,,,glutamate,,,,SLP411,SLP411,,LR
SLP412_a,2,cb_intrinsic,,,glutamate,,,,SLP412,SLP412_a,,LR
SLP412_b,2,cb_intrinsic,,,glutamate,,,,SLP412,SLP412_b,,LR
SLP414,11,cb_intrinsic,,,glutamate,,,,SLP414,CB4133,,LR
SLP421,10,cb_intrinsic,,,acetylcholine,,,,SLP421,SLP421b,,LR
SLP424,2,cb_intrinsic,,,acetylcholine,,,,SLP424,CB3557,,LR
SLP429,2,cb_intrinsic,,,acetylcholine,,,,SLP429,CB3121,,LR
SLP433,2,cb_intrinsic,,,acetylcholine,,,,SLP433,SLP433,,LR
SLP435,2,cb_intrinsic,,,glutamate,,,,SLP435,SLP435,,LR
SLP437,2,cb_intrinsic,,,gaba,,,,SLP437,SLP437,,LR
SLP438,4,cb_intrinsic,,,unclear,,,,SLP438,SLP438,,LR
SLP439,2,cb_intrinsic,,,acetylcholine,,,,SLP439,SLPpm3_P03,,LR
SLP440,2,cb_intrinsic,,,acetylcholine,,,,SLP440,SLPpm3_H02,,LR
SLP441,2,cb_intrinsic,,,acetylcholine,,,,SLP441,SLPpm3_S01,,LR
SLP442,2,cb_intrinsic,,,acetylcholine,,,,SLP442,SLPpm3_P02,,LR
SLP443,2,cb_intrinsic,,,glutamate,,,,SLP443,SLP443,,LR
SLP444,4,cb_intrinsic,,,unclear,,,,SLP444,SLP444,,LR
SLP447,2,cb_intrinsic,,,glutamate,,,,SLP447,SLP447,,LR
SLP450,6,cb_intrinsic,,,acetylcholine,,,,SLP450,SLP450,,LR
SLP451,4,cb_intrinsic,,,acetylcholine,,,,SLP451,SLP451a,,LR
SLP455,2,cb_intrinsic,,,acetylcholine,,,,SLP455,SLP455,,LR
SLP456,2,cb_intrinsic,,,acetylcholine,,,,SLP456,SLP456,,LR
SLP457,4,cb_intrinsic,,,unclear,,,,SLP457,SLP457,,LR
SLP458,2,cb_intrinsic,,,glutamate,,,,SLP458,SLP458,,LR
SLP459,1,cb_intrinsic,,,glutamate,,,,SLP459,SLP459,,L
SLP460,2,cb_intrinsic,,,glutamate,,,,SLP460,CB3709,,LR
SLP461,2,cb_intrinsic,,,acetylcholine,,,,SLP461,CB2122,,LR
SLP462,2,cb_intrinsic,,,glutamate,,,,SLP462,SLP462,,LR
SLP463,4,cb_intrinsic,,,unclear,,,,SLP463,SLP463,,LR
SLP464,4,cb_intrinsic,,,acetylcholine,,,,SLP464,SLP464,,LR
SLP465,4,cb_intrinsic,,,acetylcholine,,,,SLP465,SLP465b,,LR
SLP466,2,cb_intrinsic,,,acetylcholine,,,,SLP466,CB2656,,LR
SLP467,6,cb_intrinsic,,,acetylcholine,,,,SLP467,SLP467a,,LR
SLP469,2,cb_intrinsic,,,gaba,,,,,CB0550,,LR
SLP470,2,cb_intrinsic,,,acetylcholine,,,,(hb5813055820),CB0023,,LR
SLP471,2,cb_intrinsic,,,acetylcholine,,,,,CB0631,Sterne 2021: Sullivan,LR
SLP472,2,cb_intrinsic,,,acetylcholine,,,,,CB0483,,LR
SLP473,2,cb_intrinsic,,,acetylcholine,,,,(5901212906),CB2122,,LR
SMP001,2,cb_intrinsic,,,unclear,,,,SMP001,SMP001,,LR
SMP002,2,cb_intrinsic,,,acetylcholine,,fru_low,,SMP002,CB3392,,LR
SMP004,2,cb_intrinsic,,,acetylcholine,,fru_low,,SMP004,CB3392,,LR
SMP006,9,cb_intrinsic,,,acetylcholine,,,,SMP006,SMP006,,LR
SMP007,8,cb_intrinsic,,,acetylcholine,,,,SMP007,CB2217,,LR
SMP008,9,cb_intrinsic,,,acetylcholine,,,,SMP008,SMP008,,LR
SMP009,2,cb_intrinsic,,,acetylcholine,,,,SMP009,CB3257,,LR
SMP010,2,cb_intrinsic,,,glutamate,,,,SMP010,SMP010,,LR
SMP011_a,2,cb_intrinsic,,,glutamate,,,,SMP011,SMP011a,,LR
SMP011_b,2,cb_intrinsic,,,glutamate,,,,SMP011,SMP011b,,LR
SMP012,4,cb_intrinsic,,,glutamate,,,,SMP012,SMP012,,LR
SMP013,2,cb_intrinsic,,,acetylcholine,,,,SMP013,AOTUv3B_M01,,LR
SMP014,2,cb_intrinsic,,,acetylcholine,,,,SMP014,SMP014,,LR
SMP015,2,cb_intrinsic,,,acetylcholine,,,,SMP015,SMP015,,LR
SMP016_a,5,cb_intrinsic,,,acetylcholine,,,,SMP016_a,CB4012,,LR
SMP016_b,8,cb_intrinsic,,,acetylcholine,,,,SMP016_b,SMP016_b,,LR
SMP017,4,cb_intrinsic,,,acetylcholine,,,,SMP017,SMP017,,LR
SMP018,21,cb_intrinsic,,,acetylcholine,,,,SMP018,CB4015,,LR
SMP019,9,cb_intrinsic,,,acetylcholine,,,,SMP019,SMP019,,LR
SMP020,4,cb_intrinsic,,,acetylcholine,,fru_low,,SMP020,SMP020,,LR
SMP021,6,cb_intrinsic,,,acetylcholine,,,,SMP021,SMP021,,LR
SMP022,6,cb_intrinsic,,,glutamate,,,,SMP022,SMP022b,,LR
SMP024,2,cb_intrinsic,,,glutamate,,,,SMP024,CB2577,,LR
SMP025,10,cb_intrinsic,,,glutamate,,,,SMP025,SMP025a,,LR
SMP026,2,cb_intrinsic,,,acetylcholine,,,,SMP026,SMP026,,LR
SMP027,2,cb_intrinsic,,,glutamate,,,,SMP027,SMP027,,LR
SMP028,2,cb_intrinsic,,,glutamate,,,,SMP028,SMP028,,LR
SMP030,2,cb_intrinsic,,,acetylcholine,,,,SMP030,SMP030,,LR
SMP031,1,cb_intrinsic,,,acetylcholine,,,,SMP031,SMP031,,R
SMP033,2,cb_intrinsic,,,glutamate,,,,SMP033,SMP033,,LR
SMP034,4,cb_intrinsic,,,glutamate,,,,SMP034,SMP034,,LR
SMP035,2,cb_intrinsic,,,glutamate,,,,SMP035,SMP035,,LR
SMP036,2,cb_intrinsic,,,glutamate,,,,SMP036,SMP036,,LR
SMP037,2,cb_intrinsic,,,glutamate,,,,SMP037,SMP037,,LR
SMP038,2,cb_intrinsic,,,glutamate,,,,SMP038,SMP038,,LR
SMP039,4,cb_intrinsic,,,unclear,sexually dimorphic,,,SMP039,SMP039,,LR
SMP040,2,cb_intrinsic,,,glutamate,,,,SMP040,SMP040,,LR
SMP041,2,cb_intrinsic,,,glutamate,,,,SMP041,SMP041,,LR
SMP042,2,cb_intrinsic,,,glutamate,,,,SMP042,SMP042,,LR
SMP043,4,cb_intrinsic,,,glutamate,,,,SMP043,SMP043,,LR
SMP044,2,cb_intrinsic,,,glutamate,,,,SMP044,SMP044,,LR
SMP045,2,cb_intrinsic,,,glutamate,,,,SMP045,SMP045,,LR
SMP046,2,cb_intrinsic,,,glutamate,,,,SMP046,SMP046,,LR
SMP047,2,cb_intrinsic,,,glutamate,,,,SMP047,SMP047,,LR
SMP048,2,cb_intrinsic,,,acetylcholine,,,,SMP048,SMP048,,LR
SMP049,2,cb_intrinsic,,,gaba,,,,SMP049,"SMP049,SMP076",,LR
SMP050,2,cb_intrinsic,,,gaba,,,,SMP050,SMP050,,LR
SMP051,2,cb_intrinsic,,,acetylcholine,,fru_low,,SMP051,SMP051,Cachero 2010: aSP-b; Yu 2010: aSP1,LR
SMP052,4,cb_intrinsic,,,acetylcholine,,,,SMP052,CB2413,,LR
SMP053,2,cb_intrinsic,,,glutamate,,fru_low,,SMP053,CB0136,fru-M-100002,LR
SMP054,2,cb_intrinsic,,,gaba,,,,SMP054,SMP054,,LR
SMP055,4,cb_intrinsic,,,glutamate,,fru_high,,SMP055,SMP055,,LR
SMP056,2,cb_intrinsic,,,glutamate,,fru_low,,SMP056,SMP056,,LR
SMP057,4,cb_intrinsic,,,glutamate,,,,SMP057,SMP057,,LR
SMP058,2,cb_intrinsic,,,glutamate,,,,SMP058,"SMP058,SMP059",,LR
SMP059,2,cb_intrinsic,,,glutamate,,,,SMP059,"SMP058,SMP059",,LR
SMP061,4,cb_intrinsic,,,glutamate,,,,"SMP061,SMP062","SMP061,SMP062",,LR
SMP063,2,cb_intrinsic,,,glutamate,,,,SMP063,"SMP063,SMP064",,LR
SMP064,2,cb_intrinsic,,,glutamate,,,,SMP064,"SMP063,SMP064",,LR
SMP065,4,cb_intrinsic,,,glutamate,,,,SMP065,SMP065,,LR
SMP066,4,cb_intrinsic,,,glutamate,,,,SMP066,SMP066,,LR
SMP067,4,cb_intrinsic,,,glutamate,,,,SMP067,SMP067,,LR
SMP068,4,cb_intrinsic,,,glutamate,,fru_high,,SMP068,SMP068,,LR
SMP069,4,cb_intrinsic,,,glutamate,,,,SMP069,SMP069,,LR
SMP072,2,cb_intrinsic,,,glutamate,,,,"SMP070,SMP071,SMP072,SMP073","CB3639,CB3387",,LR
SMP075,4,cb_intrinsic,,,glutamate,,,,SMP075,SMP075,,LR
SMP076,2,cb_intrinsic,,,gaba,,,,SMP076,"SMP049,SMP076",,LR
SMP077,2,cb_intrinsic,,,gaba,,,,SMP077,SMP077,,LR
SMP079,4,cb_intrinsic,,,gaba,,,,SMP079,SMP079,,LR
SMP080,2,cb_intrinsic,,,acetylcholine,,,,SMP080,SMP080,,LR
SMP081,4,cb_intrinsic,,,glutamate,,,,SMP081,SMP081,,LR
SMP082,4,cb_intrinsic,,,glutamate,,,,SMP082,CB0710,,LR
SMP083,4,cb_intrinsic,,,glutamate,,,,SMP083,SMP083,,LR
SMP084,4,cb_intrinsic,,,glutamate,,,,SMP084,SMP084,,LR
SMP085,4,cb_intrinsic,,,glutamate,,,,SMP085,SMP085,,LR
SMP086,4,cb_intrinsic,,,glutamate,,,,SMP086,CB1226,,LR
SMP087,4,cb_intrinsic,,,glutamate,,fru_low,,SMP087,SMP087,Cachero 2010: aSP-a; Yu 2010: aSP2,LR
SMP088,4,cb_intrinsic,,,glutamate,,fru_low,,SMP088,CB2628,Cachero 2010: aSP-a; Yu 2010: aSP2,LR
SMP089,4,cb_intrinsic,,,glutamate,,,,SMP089,SMP089,,LR
SMP090,4,cb_intrinsic,,,glutamate,,,,SMP090,SMP090,,LR
SMP091,6,cb_intrinsic,,,gaba,,,,"SMP091,CL041",SMP091,,LR
SMP092,4,cb_intrinsic,,,glutamate,,,,SMP092,SMP092,,LR
SMP093,4,cb_intrinsic,,,glutamate,,,,SMP093,SMP093,,LR
SMP095,4,cb_intrinsic,,,glutamate,,,,SMP095,SMP095,,LR
SMP096,4,cb_intrinsic,,,glutamate,,,,SMP096,SMP096,,LR
SMP102,5,cb_intrinsic,,,glutamate,,fru_low,,SMP102,SMP102,Cachero 2010: aSP-a; Yu 2010: aSP2,LR
SMP105_a,11,cb_intrinsic,,,glutamate,sexually dimorphic,fru_high,,SMP105_a,CB4154,Cachero 2010: aSP-a; Yu 2010: aSP2,LR
SMP105_b,6,cb_intrinsic,,,glutamate,,,,SMP105_b,SMP105_b,,LR
SMP106,14,cb_intrinsic,,,glutamate,,fru_low,,SMP106,SMP106,Cachero 2010: aSP-a; Yu 2010: aSP2,LR
SMP107,4,cb_intrinsic,,,glutamate,sexually dimorphic,fru_high,,SMP107,SMP107,Cachero 2010: aSP-a; Yu 2010: aSP2,LR
SMP108,2,cb_intrinsic,,,acetylcholine,,,,SMP108,SMP108,,LR
SMP109,2,cb_intrinsic,,,acetylcholine,,,,SMP109,SMP109,,LR
SMP110,4,cb_intrinsic,,,acetylcholine,,fru_low,,SMP110,CB3241,Cachero 2010: aSP-d; Yu 2010: aSP13,LR
SMP111,2,cb_intrinsic,,,acetylcholine,,fru_low,,SMP111,SMP111,Cachero 2010: aSP-d; Yu 2010: aSP13,LR
SMP112,6,cb_intrinsic,,,acetylcholine,,,,SMP112,SMP112,,LR
SMP114,2,cb_intrinsic,,,glutamate,,,,SMP114,SMP114,,LR
SMP115,2,cb_intrinsic,,,glutamate,,,,SMP115,SMP115,,LR
SMP116,2,cb_intrinsic,,,glutamate,,,,SMP116,SMP116,,LR
SMP117_a,2,cb_intrinsic,,,glutamate,,,,SMP117_a,CB1967,,LR
SMP117_b,2,cb_intrinsic,,,glutamate,,,,SMP117_b,CB1967,,LR
SMP118,2,cb_intrinsic,,,glutamate,,,,SMP118,CB0933,,LR
SMP119,2,cb_intrinsic,,,glutamate,,,,SMP119,SMP119,,LR
SMP120,5,cb_intrinsic,,,glutamate,,,,SMP120,SMP120a,,LR
SMP122,3,cb_intrinsic,,,glutamate,,,,SMP122,SMP122,,LR
SMP123,4,cb_intrinsic,,,glutamate,,,,SMP123,SMP123,,LR
SMP124,4,cb_intrinsic,,,glutamate,,,,SMP124,SMP124,,LR
SMP125,2,cb_intrinsic,,,glutamate,,,,SMP125,CB0313,,LR
SMP126,2,cb_intrinsic,,,glutamate,,,,SMP126,CB3706,,LR
SMP128,2,cb_intrinsic,,,glutamate,,,,SMP128,SMP128,,LR
SMP130,2,cb_intrinsic,,,glutamate,,,,SMP130,CB0950,,LR
SMP131,2,cb_intrinsic,,,glutamate,,,,SMP131,CB0932,,LR
SMP132,4,cb_intrinsic,,,glutamate,,,,SMP132,CB0950,,LR
SMP133,10,cb_intrinsic,,,glutamate,,,,SMP133,CB2369,,LR
SMP134,2,cb_intrinsic,,,glutamate,,,,SMP134,CB1871,,LR
SMP135,2,cb_intrinsic,,,glutamate,,,,SMP135,CB1871,,LR
SMP136,2,cb_intrinsic,,,glutamate,,,,SMP136,CB1871,,LR
SMP138,2,cb_intrinsic,,,glutamate,,,,SMP138,SMP138,,LR
SMP139,2,cb_intrinsic,,,glutamate,,,,SMP139,CB2328,,LR
SMP142,2,cb_intrinsic,,,unclear,,,,SMP142,"SMP142,SMP145",Palacios et al. 2026: ASM5,LR
SMP143,4,cb_intrinsic,,,unclear,,,,"SMP143,SMP149","SMP143,SMP149",Palacios et al. 2026: ASM4,LR
SMP144,2,cb_intrinsic,,,glutamate,,,,SMP144,"SMP144,SMP150",,LR
SMP145,2,cb_intrinsic,,,unclear,,fru_high,,SMP145,"SMP142,SMP145",fru-M-900056; Palacios et al. 2026: ASM5,LR
SMP146,2,cb_intrinsic,,,gaba,,,,SMP146,SMP146,,LR
SMP147,2,cb_intrinsic,,,gaba,,,,SMP147,SMP147,,LR
SMP148,4,cb_intrinsic,,,gaba,,,,SMP148,AOTUv1A_T01,,LR
SMP150,2,cb_intrinsic,,,glutamate,,,,SMP150,"SMP144,SMP150",,LR
SMP151,4,cb_intrinsic,,,gaba,,,,SMP151,SMP151,,LR
SMP152,2,cb_intrinsic,,,acetylcholine,,,,SMP152,SMP152,,LR
SMP153_a,2,cb_intrinsic,,,acetylcholine,,,,SMP153,SMP153a,,LR
SMP153_b,2,cb_intrinsic,,,acetylcholine,,,,SMP153,SMP153b,,LR
SMP154,2,cb_intrinsic,,,acetylcholine,,,,SMP154,SMP053,,LR
SMP155,4,cb_intrinsic,,,gaba,,,,SMP155,SMP155,,LR
SMP156,2,cb_intrinsic,,,acetylcholine,,fru_high,,SMP156,SMP156,fru-M-800082,LR
SMP157,2,cb_intrinsic,,,acetylcholine,,,,SMP157,SMP157,,LR
SMP158,2,cb_intrinsic,,,acetylcholine,,,,SMP158,SMP158,,LR
SMP159,2,cb_intrinsic,,,glutamate,,,,SMP159,SMP159,,LR
SMP160,4,cb_intrinsic,,,glutamate,,fru_high,,SMP160,SMP160,Cachero 2010: aIP-b,LR
SMP161,2,cb_intrinsic,,,glutamate,,fru_high,,SMP161,SMP161,Cachero 2010: aIP-b,LR
SMP162,8,cb_intrinsic,,,glutamate,,fru_high,,SMP162,SMP162a,Cachero 2010: aIP-b,LR
SMP163,2,cb_intrinsic,,,gaba,,,,SMP163,SMP163,,LR
SMP164,2,cb_intrinsic,,,gaba,,,,SMP164,SMP164,,LR
SMP165,2,cb_intrinsic,,,glutamate,sexually dimorphic,fru_low,,SMP165,SMP165,fru-M-000169,LR
SMP166,6,cb_intrinsic,,,gaba,,,,SMP166,CB4156,,LR
SMP167,12,cb_intrinsic,,,unclear,,,,SMP167,CB4156,,LR
SMP168,2,cb_intrinsic,,,acetylcholine,,,,SMP168,SMP168,,LR
SMP169,2,cb_intrinsic,,,acetylcholine,,,,SMP169,SMP169,,LR
SMP170,4,cb_intrinsic,,,glutamate,,,,SMP170,SMP170,,LR
SMP171,8,cb_intrinsic,,,acetylcholine,,,,"SMP171,SLP240_c",SMP171,,LR
SMP172,5,cb_intrinsic,,,acetylcholine,,,,SMP172,SMP172,,LR
SMP174,8,cb_intrinsic,,,acetylcholine,,,,SMP174,CB1163,,LR
SMP175,2,cb_intrinsic,,,acetylcholine,,,,SMP175,SMP175,,LR
SMP176,2,cb_intrinsic,,,acetylcholine,,,,SMP176,SMP176,,LR
SMP177,2,cb_intrinsic,,,acetylcholine,,,CG,SMP177,SMP177,,LR
SMP178,2,cb_intrinsic,,,acetylcholine,,,,SMP178,SMP178,,LR
SMP179,2,cb_intrinsic,,,acetylcholine,potentially sexually dimorphic,,CG,SMP179,SMP179,,LR
SMP180,2,cb_intrinsic,,,acetylcholine,,,CG,SMP180,SMP180,,LR
SMP181,2,cb_intrinsic,,,unclear,,,,SMP181,SMP181,,LR
SMP182,2,cb_intrinsic,,,acetylcholine,,,CG,SMP182,SMP182,,LR
SMP183,2,cb_intrinsic,,,acetylcholine,,,,SMP183,SMP183,,LR
SMP184,2,cb_intrinsic,,,acetylcholine,,,,SMP184,SMP184,,LR
SMP185,2,cb_intrinsic,,,acetylcholine,,,CG,SMP185,SMP185,,LR
SMP186,2,cb_intrinsic,,,acetylcholine,,,CG,SMP186,SMP186,,LR
SMP187,2,cb_intrinsic,,,acetylcholine,,,CG,SMP187,SMP187,,LR
SMP188,2,cb_intrinsic,,,acetylcholine,,,CG,SMP188,SMP188,,LR
SMP189,2,cb_intrinsic,,,acetylcholine,,,CG,SMP189,SMP189,,LR
SMP190,2,cb_intrinsic,,,acetylcholine,,,,SMP190,SMP190,,LR
SMP191,2,cb_intrinsic,,,acetylcholine,,,CG,SMP191,SMP191,,LR
SMP192,2,cb_intrinsic,,,acetylcholine,,,,SMP192,SMP192,,LR
SMP193,4,cb_intrinsic,,,acetylcholine,sexually dimorphic,fru_low,,SMP193,SMP193,"fru-M-700087,fru-M-700112",LR
SMP194,4,cb_intrinsic,,,acetylcholine,,,,SMP194,SMP194,,LR
SMP196_a,2,cb_intrinsic,,,acetylcholine,,,,SMP196,CB1727,,LR
SMP196_b,2,cb_intrinsic,,,acetylcholine,,,,SMP196,CB2444,,LR
SMP198,2,cb_intrinsic,,,glutamate,,,,SMP198,SMP198,,LR
SMP199,2,cb_intrinsic,,,acetylcholine,,,,SMP199,SMP199,,LR
SMP200,2,cb_intrinsic,,,glutamate,,fru_high,,SMP200,SMP200,"fru-M-300186,fru-M-300206,fru-M-300209,fru-M-900027",LR
SMP201,2,cb_intrinsic,,,glutamate,,,,SMP201,SMP201,,LR
SMP202,2,cb_intrinsic,,,acetylcholine,,,,SMP202,SMP202,,LR
SMP203,2,cb_intrinsic,,,acetylcholine,,,,SMP203,SMP203,,LR
SMP204,2,cb_intrinsic,,,glutamate,,,,SMP204,SMP204,,LR
SMP206,3,cb_intrinsic,,,acetylcholine,,,,SMP206,SMP206,,LR
SMP207,6,cb_intrinsic,,,glutamate,,,,SMP207,SMP207,,LR
SMP208,5,cb_intrinsic,,,glutamate,,,,SMP208,SMP208,,LR
SMP209,5,cb_intrinsic,,,glutamate,,fru_low,,SMP209,CB1169,,LR
SMP210,7,cb_intrinsic,,,glutamate,,fru_low,,SMP210,SMP210,,LR
SMP213,4,cb_intrinsic,,,glutamate,,,,SMP213,"SMP213,SMP214",,LR
SMP214,6,cb_intrinsic,,,glutamate,,,,SMP214,"SMP213,SMP214",,LR
SMP215,8,cb_intrinsic,,,glutamate,,fru_low,,SMP215,SMP215,Cachero 2010: pSP-b; Yu 2010: pSP2/3,LR
SMP216,4,cb_intrinsic,,,glutamate,,fru_low,,SMP216,CB1770,Cachero 2010: pSP-b; Yu 2010: pSP2/3,LR
SMP217,6,cb_intrinsic,,,glutamate,,fru_low,,SMP217,SMP217,Cachero 2010: pSP-b; Yu 2010: pSP2/3,LR
SMP218,6,cb_intrinsic,,,glutamate,,fru_low,,SMP218,CB3626,Cachero 2010: pSP-b; Yu 2010: pSP2/3,LR
SMP219,10,cb_intrinsic,,,glutamate,,fru_low,,SMP219,CB3449,Cachero 2010: pSP-b; Yu 2010: pSP2/3,LR
SMP220,12,cb_intrinsic,,,glutamate,,,,SMP220,CB1709,,LR
SMP221,4,cb_intrinsic,,,glutamate,,,,SMP221,CB2568,,LR
SMP222,4,cb_intrinsic,,,glutamate,,fru_low,,SMP222,CB3612,Cachero 2010: pSP-b; Yu 2010: pSP2/3,LR
SMP223,6,cb_intrinsic,,,glutamate,,fru_low,,SMP223,CB3508,Cachero 2010: pSP-b; Yu 2010: pSP2/3,LR
SMP226,4,cb_intrinsic,,,glutamate,,fru_low,,SMP226,CB1338,Cachero 2010: pSP-b; Yu 2010: pSP2/3,LR
SMP227,6,cb_intrinsic,,,glutamate,,fru_low,,SMP227,"CB1449,CB2843",Cachero 2010: pSP-b; Yu 2010: pSP2/3,LR
SMP228,12,cb_intrinsic,,,glutamate,,fru_low,,SMP228,"CB1791,CB3118",Cachero 2010: pSP-b; Yu 2010: pSP2/3,LR
SMP229,9,cb_intrinsic,,,glutamate,,fru_low,,SMP229,SMP229,Cachero 2010: pSP-b; Yu 2010: pSP2/3,LR
SMP232,8,cb_intrinsic,,,glutamate,,fru_low,,SMP232,CB3765,Cachero 2010: pSP-b; Yu 2010: pSP2/3,LR
SMP234,2,cb_intrinsic,,,glutamate,,,,SMP234,SMP234,,LR
SMP235,2,cb_intrinsic,,,glutamate,,,,SMP235,SMP235,,LR
SMP236,2,cb_intrinsic,,,acetylcholine,,,,SMP236,"CB3617,CB2124,CB1495",,LR
SMP237,2,cb_intrinsic,,,acetylcholine,,,,SMP237,SMP237,,LR
SMP238,2,cb_intrinsic,,,acetylcholine,,,,SMP238,SMP238,,LR
SMP239,2,cb_intrinsic,,,acetylcholine,,,,SMP239,SMP239,,LR
SMP240,2,cb_intrinsic,,,acetylcholine,,,,SMP240,SMP240,,LR
SMP242,2,cb_intrinsic,,,acetylcholine,,,,SMP242,"CB3617,CB2124,CB1495",,LR
SMP243,8,cb_intrinsic,,,acetylcholine,,,,SMP243,CB1781,,LR
SMP245,10,cb_intrinsic,,,acetylcholine,,,,SMP245,CB3509,,LR
SMP246,2,cb_intrinsic,,,acetylcholine,,,,SMP246,SMP246,,LR
SMP247,9,cb_intrinsic,,,acetylcholine,,,,SMP247,"CB3430,CB3434",,LR
SMP248_a,2,cb_intrinsic,,,acetylcholine,,,,SMP248,SMP248b,,LR
SMP248_b,2,cb_intrinsic,,,acetylcholine,,,,SMP248,SMP248b,,LR
SMP248_c,4,cb_intrinsic,,,acetylcholine,,,,SMP248,SMP248b,,LR
SMP248_d,2,cb_intrinsic,,,acetylcholine,,,,SMP248,SMP248a,,LR
SMP249,2,cb_intrinsic,,,glutamate,,,,SMP249,SMP249,,LR
SMP250,2,cb_intrinsic,,,glutamate,,,,SMP250,SMP250,,LR
SMP251,2,cb_intrinsic,,,acetylcholine,,,CG,SMP251,SMP251,,LR
SMP252,2,cb_intrinsic,,,acetylcholine,,,CG,SMP252,SMP252,,LR
SMP253,2,cb_intrinsic,,,acetylcholine,,,CG,SMP253,SMP253,,LR
SMP254,2,cb_intrinsic,,,acetylcholine,,,CG,SMP254,SMP254,,LR
SMP255,2,cb_intrinsic,,,acetylcholine,,,CG,SMP255,SMP255,,LR
SMP256,2,cb_intrinsic,,,acetylcholine,,,,SMP256,SMP256,,LR
SMP257,2,cb_intrinsic,,,acetylcholine,,,,SMP257,SMP257,,LR
SMP258,2,cb_intrinsic,,,acetylcholine,,,CG,SMP258,SMP258,,LR
SMP261,13,cb_intrinsic,,,acetylcholine,,,CG,SMP261,SMP261,,LR
SMP262,6,cb_intrinsic,,,acetylcholine,,,CG,SMP262,SMP262,,LR
SMP266,2,cb_intrinsic,,,glutamate,,,,SMP266,SMP266,,LR
SMP267,4,cb_intrinsic,,,glutamate,,,,SMP267,CB1214,,LR
SMP268,6,cb_intrinsic,,,glutamate,,,,SMP268,CB1054,,LR
SMP269,2,cb_intrinsic,,,acetylcholine,,,,SMP269,SMP269,,LR
SMP270,5,cb_intrinsic,,,acetylcholine,,,CG,SMP270,"LHPV5g1_a,SMP270",,LR
SMP271,4,cb_intrinsic,,,gaba,,,,SMP271,SMP271,,LR
SMP272,2,cb_intrinsic,,,acetylcholine,,,CG,SMP272,SMP272,,LR
SMP273,2,cb_intrinsic,,,acetylcholine,,,CG,SMP273,SMP273,,LR
SMP274,2,cb_intrinsic,,,glutamate,,,,SMP274,CB3489,,LR
SMP275,2,cb_intrinsic,,,glutamate,,,,SMP275,CB3152,,LR
SMP276,2,cb_intrinsic,,,glutamate,sexually dimorphic,,CG,SMP276,SMP276,,LR
SMP277,6,cb_intrinsic,,,glutamate,,,,SMP277,SMP277,,LR
SMP278,5,cb_intrinsic,,,glutamate,,,,SMP278,SMP278a,,LR
SMP279_a,8,cb_intrinsic,,,glutamate,,,,SMP279_a,CB1807,,LR
SMP279_b,3,cb_intrinsic,,,glutamate,,,,SMP279_b,SMP279_b,,LR
SMP279_c,5,cb_intrinsic,,,glutamate,,,,SMP279_c,SMP279_c,,LR
SMP280,5,cb_intrinsic,,,glutamate,,,,SMP280,SMP280,,LR
SMP281,11,cb_intrinsic,,,glutamate,,,,SMP281,SMP281,,LR
SMP282,9,cb_intrinsic,,,glutamate,,,,SMP282,SMP282,,LR
SMP283,4,cb_intrinsic,,,acetylcholine,,,,SMP283,"CB3060,SMP283",,LR
SMP284_a,2,cb_intrinsic,,,glutamate,,,,SMP284,SMP284a,,LR
SMP284_b,2,cb_intrinsic,,,glutamate,,,,SMP284,SMP284b,,LR
SMP285,2,cb_intrinsic,,,gaba,,coexpress_high,,SMP285,SMP285,Cachero 2010: pMP-b; Yu 2010: pMP5; Rideout 2010: pC3; Zhou 2014: pCd; Nojima 2021: pCd-2,LR
SMP286,2,cb_intrinsic,,,gaba,,coexpress_high,,SMP286,SMP286,Cachero 2010: pMP-b; Yu 2010: pMP5; Rideout 2010: pC3; Zhou 2014: pCd; Nojima 2021: pCd-2,LR
SMP291,2,cb_intrinsic,,,acetylcholine,,,,SMP291,SMP291,,LR
SMP293,2,cb_intrinsic,,,acetylcholine,,,,"SMP292,SMP293,SMP584",CB4183,,LR
SMP297,8,cb_intrinsic,,,gaba,,,,SMP297,CB4126,,LR
SMP299,4,cb_intrinsic,,,gaba,,,,SMP299,CB1858,,LR
SMP302,5,cb_intrinsic,,,gaba,,fru_high,,SMP302,CB3505,Cachero 2010: pMP-b; Yu 2010: pMP5,LR
SMP304,4,cb_intrinsic,,,gaba,,,,SMP304,CB4126,,LR
SMP305,4,cb_intrinsic,,,unclear,,,,SMP305,CB4126,,LR
SMP306,5,cb_intrinsic,,,gaba,,,,SMP306,"CB2608,CB3591,CB3636",,LR
SMP307,8,cb_intrinsic,,,unclear,,,,SMP307,SMP307,,LR
SMP311,2,cb_intrinsic,,,acetylcholine,,,,SMP311,SMP311,,LR
SMP312,4,cb_intrinsic,,,acetylcholine,,,,SMP312,SMP312,,LR
SMP313,2,cb_intrinsic,,,acetylcholine,,,,SMP313,SMP313,,LR
SMP314,4,cb_intrinsic,,,acetylcholine,,,,SMP314,SMP314a,,LR
SMP315,6,cb_intrinsic,,,acetylcholine,,,,SMP315,SMP315,,LR
SMP316_a,2,cb_intrinsic,,,acetylcholine,,,,SMP316_a,,,LR
SMP316_b,2,cb_intrinsic,,,acetylcholine,,,,SMP316_b,CB2288,,LR
SMP317,10,cb_intrinsic,,,acetylcholine,,,,SMP317,SMP317b,,LR
SMP319,8,cb_intrinsic,,,acetylcholine,,,,SMP319,SMP319b,,LR
SMP320,8,cb_intrinsic,,,acetylcholine,,,,SMP320,SMP320b,,LR
SMP320a,2,cb_intrinsic,,,acetylcholine,,,,,SMP320a,,LR
SMP321_a,4,cb_intrinsic,,,acetylcholine,,,,SMP321,CB3860,,LR
SMP321_b,2,cb_intrinsic,,,acetylcholine,,,,SMP321,SMP321_b,,LR
SMP322,4,cb_intrinsic,,,acetylcholine,,,,SMP322,CB3862,,LR
SMP323,6,cb_intrinsic,,,acetylcholine,,,,SMP323,SMP323,,LR
SMP324,4,cb_intrinsic,,,acetylcholine,,,,SMP324,CB2525,,LR
SMP326,6,cb_intrinsic,,,acetylcholine,,,,SMP326,SMP326a,,LR
SMP327,2,cb_intrinsic,,,acetylcholine,,,,SMP327,CB0107,,LR
SMP328_a,2,cb_intrinsic,,,acetylcholine,,,,SMP328,SMP328b,,LR
SMP328_b,2,cb_intrinsic,,,acetylcholine,,,,SMP328,SMP328b,,LR
SMP328_c,2,cb_intrinsic,,,acetylcholine,,,,SMP328,SMP328a,,LR
SMP329,4,cb_intrinsic,,,acetylcholine,,,,SMP329,SMP329,,LR
SMP330,4,cb_intrinsic,,,acetylcholine,,,,SMP330,SMP330,,LR
SMP331,11,cb_intrinsic,,,acetylcholine,,,,SMP331,SMP331b,,LR
SMP332,6,cb_intrinsic,,,acetylcholine,,,,SMP332,SMP332b,,LR
SMP333,2,cb_intrinsic,,,acetylcholine,,fru_high,,SMP333,SMP333,Cachero 2010: pSP-a,LR
SMP334,2,cb_intrinsic,,,acetylcholine,,fru_high,,SMP334,SMP334,Cachero 2010: pSP-a,LR
SMP335,2,cb_intrinsic,,,glutamate,,,,SMP335,SMP335,,LR
SMP336,2,cb_intrinsic,,,glutamate,,,,SMP336,SMPp&v1A_S03,,LR
SMP337,2,cb_intrinsic,,,glutamate,,,,SMP337,SMP337,,LR
SMP338,4,cb_intrinsic,,,glutamate,,,,"SMP338,SMP534","SMP338,SMP534",,LR
SMP339,2,cb_intrinsic,,,acetylcholine,,,,SMP339,SMP339,,LR
SMP340,2,cb_intrinsic,,,acetylcholine,,,,SMP340,SMP340,,LR
SMP341,2,cb_intrinsic,,,acetylcholine,,,,SMP341,SMP341,,LR
SMP342,3,cb_intrinsic,,,glutamate,,,,SMP342,SMP342,,LR
SMP344,4,cb_intrinsic,,,glutamate,,,,SMP344,SMP344,,LR
SMP345,4,cb_intrinsic,,,glutamate,,,,SMP345,SMP345,,LR
SMP346,4,cb_intrinsic,,,glutamate,,,,SMP346,SMP346,,LR
SMP347,12,cb_intrinsic,,,acetylcholine,,,,SMP347,CB1895,,LR
SMP348,4,cb_intrinsic,,,acetylcholine,,,,SMP348,SMP348,,LR
SMP350,7,cb_intrinsic,,,acetylcholine,,,,SMP350,"CB3501,CB3572",,LR
SMP352,12,cb_intrinsic,,,acetylcholine,,fru_low,,SMP352,CB1712,,LR
SMP353,2,cb_intrinsic,,,acetylcholine,,,,SMP353,SMP353,,LR
SMP354,6,cb_intrinsic,,,acetylcholine,,fru_low,,SMP354,SMP355,,LR
SMP355,4,cb_intrinsic,,,acetylcholine,,,,SMP355,"CB3772,CB3779",,LR
SMP356,2,cb_intrinsic,,,acetylcholine,,,,SMP356,SMP356,,LR
SMP357,8,cb_intrinsic,,,acetylcholine,,,,SMP357,"CB3310,SMP357",,LR
SMP358,6,cb_intrinsic,,,acetylcholine,,,,SMP358,CB1051,,LR
SMP359,4,cb_intrinsic,,,acetylcholine,,,,SMP359,CB1784,,LR
SMP360,2,cb_intrinsic,,,acetylcholine,,,,SMP360,SMP360,,LR
SMP361,8,cb_intrinsic,,,acetylcholine,,,,SMP361,SMP361a,,LR
SMP362,4,cb_intrinsic,,,acetylcholine,,,,SMP362,"SMP359,SMP362",,LR
SMP368,2,cb_intrinsic,,,acetylcholine,,,,SMP368,SMP368,,LR
SMP369,2,cb_intrinsic,,,acetylcholine,,,,SMP369,SMP369,,LR
SMP370,2,cb_intrinsic,,,glutamate,,,,SMP370,SMP370,,LR
SMP371_a,2,cb_intrinsic,,,glutamate,,,,SMP371,SMP371,,LR
SMP371_b,2,cb_intrinsic,,,glutamate,,,,SMP371,SMP371,,LR
SMP372,2,cb_intrinsic,,,acetylcholine,,,,SMP372,SMP372,,LR
SMP373,2,cb_intrinsic,,,acetylcholine,,,,SMP373,SMP373,,LR
SMP374,4,cb_intrinsic,,,glutamate,,,,SMP374,"SMP060,SMP374",,LR
SMP375,2,cb_intrinsic,,,acetylcholine,,,,SMP375,SMP375,,LR
SMP376,2,cb_intrinsic,,,glutamate,,,,SMP376,SMP376,,LR
SMP377,15,cb_intrinsic,,,acetylcholine,,,,SMP377,"CB1831,CB3225",,LR
SMP378,2,cb_intrinsic,,,acetylcholine,,,,SMP378,CB0102,,LR
SMP379,2,cb_intrinsic,,,acetylcholine,,,,SMP379,SMP379,,LR
SMP380,7,cb_intrinsic,,,acetylcholine,,,,,CB2075,,LR
SMP381_a,6,cb_intrinsic,,,acetylcholine,,,,SMP381,SMP381,,LR
SMP381_b,4,cb_intrinsic,,,acetylcholine,,,,SMP381,SMP381,,LR
SMP381_c,2,cb_intrinsic,,,acetylcholine,,,,SMP381,SMP381,,LR
SMP382,7,cb_intrinsic,,,acetylcholine,,,,SMP382,CB2118,,LR
SMP383,2,cb_intrinsic,,,acetylcholine,,,,SMP383,SMP383,,LR
SMP384,2,cb_intrinsic,,,unclear,,,,SMP384,SMP384,,LR
SMP385,2,cb_intrinsic,,,unclear,,,,SMP385,SMP385,,LR
SMP386,2,cb_intrinsic,,,acetylcholine,,,,SMP386,SMP386,,LR
SMP387,2,cb_intrinsic,,,acetylcholine,,,,SMP387,SMP387,,LR
SMP388,2,cb_intrinsic,,,acetylcholine,,,,SMP388,SMP388,,LR
SMP389_a,2,cb_intrinsic,,,acetylcholine,,,,SMP389,SMP389a,,LR
SMP389_b,2,cb_intrinsic,,,acetylcholine,,,,SMP389,SMP389b,,LR
SMP389_c,2,cb_intrinsic,,,acetylcholine,,,,SMP389,SMP389c,,LR
SMP390,2,cb_intrinsic,,,acetylcholine,,,,SMP390,SMP390,,LR
SMP391,3,cb_intrinsic,,,acetylcholine,,,,SMP391,CB4186,,LR
SMP392,3,cb_intrinsic,,,acetylcholine,,,,SMP392,"SMP392,CB1400",,LR
SMP393,2,cb_intrinsic,,,acetylcholine,,,,SMP393,SMP393b,,LR
SMP394,3,cb_intrinsic,,,acetylcholine,,,,SMP394,CB4185,,LR
SMP395,2,cb_intrinsic,,,acetylcholine,,,,SMP395,CB4185,,LR
SMP397,4,cb_intrinsic,,,acetylcholine,,,,SMP397,SMP397,,LR
SMP398_a,2,cb_intrinsic,,,acetylcholine,,,,SMP398,SMP398,,LR
SMP398_b,2,cb_intrinsic,,,acetylcholine,,,,SMP398,SMP398,,LR
SMP399_a,2,cb_intrinsic,,,acetylcholine,,,,SMP399,SMP399a,,LR
SMP399_b,4,cb_intrinsic,,,acetylcholine,,,,SMP399,SMP399b,,LR
SMP399_c,2,cb_intrinsic,,,acetylcholine,,,,SMP399,SMP399a,,LR
SMP400,2,cb_intrinsic,,,acetylcholine,,,,SMP400,CB4199,,LR
SMP401,2,cb_intrinsic,,,acetylcholine,,,,SMP401,CB4199,,LR
SMP402,2,cb_intrinsic,,,acetylcholine,,,,SMP402,CB4199,,LR
SMP403,6,cb_intrinsic,,,acetylcholine,,,,SMP403,CB4199,,LR
SMP404,5,cb_intrinsic,,,acetylcholine,,,,SMP404,SMP404b,,LR
SMP405,4,cb_intrinsic,,,acetylcholine,,,,SMP405,SMP405a,,LR
SMP406_a,2,cb_intrinsic,,,acetylcholine,,,,SMP406,SMP406a,,LR
SMP406_b,2,cb_intrinsic,,,acetylcholine,,,,SMP406,SMP406b,,LR
SMP406_c,4,cb_intrinsic,,,acetylcholine,,,,SMP406,SMP406a,,LR
SMP406_d,2,cb_intrinsic,,,acetylcholine,,,,SMP406,SMP406a,,LR
SMP406_e,2,cb_intrinsic,,,acetylcholine,,,,SMP406,SMP406a,,LR
SMP407,2,cb_intrinsic,,,acetylcholine,,,,SMP407,SMP407,,LR
SMP408_a,4,cb_intrinsic,,,acetylcholine,,,,SMP408_a,SMP408_a,,LR
SMP408_b,6,cb_intrinsic,,,acetylcholine,,,,SMP408_b,SMP408_b,,LR
SMP408_c,6,cb_intrinsic,,,acetylcholine,,,,SMP408_c,SMP408_c,,LR
SMP408_d,10,cb_intrinsic,,,acetylcholine,,,,SMP408_d,SMP408_d,,LR
SMP409,11,cb_intrinsic,,,acetylcholine,,,,SMP409,SMP409,,LR
SMP410,6,cb_intrinsic,,,acetylcholine,,,,SMP410,SMP410b,,LR
SMP411,4,cb_intrinsic,,,acetylcholine,,,,SMP411,SMP411,,LR
SMP412,2,cb_intrinsic,,,acetylcholine,,,,SMP412,CB3076,,LR
SMP413,4,cb_intrinsic,,,acetylcholine,,,,SMP413,SMP413,,LR
SMP414,4,cb_intrinsic,,,acetylcholine,,,,SMP414,CB3136,,LR
SMP415_a,2,cb_intrinsic,,,acetylcholine,,,,SMP415,CB3432,,LR
SMP415_b,2,cb_intrinsic,,,acetylcholine,,,,SMP415,CB1700,,LR
SMP416,4,cb_intrinsic,,,acetylcholine,,,,"SMP416,SMP417",CB1497,,LR
SMP418,2,cb_intrinsic,,,glutamate,sexually dimorphic,fru_low,,SMP418,SMP418,,LR
SMP419,2,cb_intrinsic,,,glutamate,,,,SMP419,SMP419,,LR
SMP420,2,cb_intrinsic,,,acetylcholine,,,,SMP420,SMP420,,LR
SMP421,2,cb_intrinsic,,,acetylcholine,,,,SMP421,SMP421,,LR
SMP422,2,cb_intrinsic,,,acetylcholine,,,,SMP422,SMP422,,LR
SMP423,2,cb_intrinsic,,,acetylcholine,,,,SMP423,SMP423,,LR
SMP424,4,cb_intrinsic,,,glutamate,,,,SMP424,SMP424,,LR
SMP425,2,cb_intrinsic,,,glutamate,,,,SMP425,SMP425,,LR
SMP426,3,cb_intrinsic,,,glutamate,,,,SMP426,SMP426,,LR
SMP427,11,cb_intrinsic,,,acetylcholine,,,,SMP427,SMP427,,LR
SMP428_a,2,cb_intrinsic,,,acetylcholine,,,,SMP428,SMP428,,LR
SMP428_b,2,cb_intrinsic,,,acetylcholine,,,,SMP428,SMP428,,LR
SMP429,6,cb_intrinsic,,,acetylcholine,,,,SMP429,SMP429,,LR
SMP430,4,cb_intrinsic,,,acetylcholine,,,,SMP430,CB3050,,LR
SMP437,2,cb_intrinsic,,,acetylcholine,,,,SMP437,CB2868_b,,LR
SMP438,4,cb_intrinsic,,,acetylcholine,,,,SMP438,CB2868_a,,LR
SMP441,2,cb_intrinsic,,,glutamate,,,,SMP441,SMP441,,LR
SMP442,2,cb_intrinsic,,,glutamate,,,,SMP442,SMP442,,LR
SMP443,2,cb_intrinsic,,,glutamate,,,,SMP443,SMPp&v1A_S02,,LR
SMP444,2,cb_intrinsic,,,glutamate,,,,SMP444,SMP444,,LR
SMP445,2,cb_intrinsic,,,glutamate,,,,SMP445,SMP445,,LR
SMP446,4,cb_intrinsic,,,glutamate,,,,SMP446,SMP446a,,LR
SMP447,4,cb_intrinsic,,,glutamate,,,,SMP447,SMP447,,LR
SMP448,6,cb_intrinsic,,,glutamate,,,,SMP448,SMP448,,LR
SMP449,2,cb_intrinsic,,,glutamate,,,,SMP449,CB3564,,LR
SMP450,8,cb_intrinsic,,,glutamate,,,,SMP450,CB1957,,LR
SMP451,4,cb_intrinsic,,,glutamate,,,,SMP451,SMP451a,,LR
SMP452,10,cb_intrinsic,,,glutamate,,,,SMP452,SMP452,,LR
SMP453,8,cb_intrinsic,,,glutamate,,,,SMP453,"CB2451,CB3309",,LR
SMP455,2,cb_intrinsic,,,acetylcholine,,,CG,SMP455,SMP455,,LR
SMP456,2,cb_intrinsic,,,acetylcholine,,,CG,SMP456,SMP456,,LR
SMP457,2,cb_intrinsic,,,acetylcholine,,,CG,SMP457,SMP457,,LR
SMP458,2,cb_intrinsic,,,acetylcholine,,,,SMP458,SMP458,,LR
SMP459,8,cb_intrinsic,,,acetylcholine,,,CG,SMP459,CB4187,,LR
SMP460,2,cb_intrinsic,,,acetylcholine,,,CG,SMP460,CB4187,,LR
SMP461,8,cb_intrinsic,,,acetylcholine,,,CG,SMP461,SMP461,,LR
SMP467,2,cb_intrinsic,,,acetylcholine,,,CG,SMP467,CB3017,,LR
SMP468,6,cb_intrinsic,,,acetylcholine,,,CG,SMP468,CB3017,,LR
SMP469,4,cb_intrinsic,,,acetylcholine,,,CG,SMP469,SMP469c,,LR
SMP470,2,cb_intrinsic,,,acetylcholine,,,,SMP470,SMP470,,LR
SMP471,2,cb_intrinsic,,,acetylcholine,,,,SMP471,SMP471,,LR
SMP472,4,cb_intrinsic,,,acetylcholine,,,,"SMP472,SMP473","SMP472,SMP473",,LR
SMP476,4,cb_intrinsic,,,acetylcholine,,,,SMP476,SMP476,,LR
SMP477,4,cb_intrinsic,,,acetylcholine,,fru_low,,SMP477,SMP477,Cachero 2010: pMP-a; Yu 2010: pMP5,LR
SMP482,4,cb_intrinsic,,,acetylcholine,,,CG,SMP482,SMP482,,LR
SMP483,4,cb_intrinsic,,,acetylcholine,,,CG,SMP483,"CB2284,CB2422",,LR
SMP484,3,cb_intrinsic,,,acetylcholine,,,CG,SMP484,"CB1390,CB2423",,LR
SMP487,8,cb_intrinsic,,,acetylcholine,,,CG,SMP487,CB1586,,LR
SMP488,2,cb_intrinsic,,,acetylcholine,,,,SMP488,"CB1083,CB2220,CB3083",,LR
SMP489,4,cb_intrinsic,,,acetylcholine,,,,SMP489,"CB1083,CB2220,CB3083",,LR
SMP490,4,cb_intrinsic,,,acetylcholine,,,,SMP490,SMP490,,LR
SMP491,2,cb_intrinsic,,,acetylcholine,,,,SMP491,"CL228,SMP491",,LR
SMP492,2,cb_intrinsic,,,acetylcholine,,,,SMP492,SMP492,,LR
SMP493,2,cb_intrinsic,,,acetylcholine,,,,SMP493,SMP493,,LR
SMP494,2,cb_intrinsic,,,glutamate,,,,SMP494,SMP494,,LR
SMP495_a,2,cb_intrinsic,,,glutamate,,,,SMP495,SMP495a,,LR
SMP495_b,2,cb_intrinsic,,,glutamate,,,,SMP495,SMP495b,,LR
SMP495_c,2,cb_intrinsic,,,glutamate,,,,SMP495,SMP495c,,LR
SMP496,2,cb_intrinsic,,,glutamate,,,,SMP496,SMP496,,LR
SMP497,4,cb_intrinsic,,,glutamate,,,,SMP497,CB4133,,LR
SMP501,4,cb_intrinsic,,,glutamate,,,,"SMP501,SMP502","SMP501,SMP502",,LR
SMP503,2,cb_intrinsic,,,unclear,,,,SMP503,SMP503,,LR
SMP504,2,cb_intrinsic,,,acetylcholine,,,,SMP504,SMP504,,LR
SMP505,2,cb_intrinsic,,,acetylcholine,,,,SMP505,SMP505,,LR
SMP506,2,cb_intrinsic,,,acetylcholine,,,,SMP506,SMP506,,LR
SMP507,2,cb_intrinsic,,,acetylcholine,,,,SMP507,SMP507,,LR
SMP508,2,cb_intrinsic,,,acetylcholine,,,,SMP508,CB0269,,LR
SMP509,5,cb_intrinsic,,,acetylcholine,,,,SMP509,SMP509b,,LR
SMP510,2,cb_intrinsic,,,acetylcholine,,,,SMP510,SMP510,,LR
SMP511,2,cb_intrinsic,,,acetylcholine,,,,SMP511,SMP511,,LR
SMP512,2,cb_intrinsic,,,acetylcholine,,,,SMP512,SMP512,,LR
SMP513,2,cb_intrinsic,,,acetylcholine,potentially sexually dimorphic,,,SMP513,SMP513,,LR
SMP514,2,cb_intrinsic,,,acetylcholine,,,,SMP514,"SMP514,SMP515",,LR
SMP516,4,cb_intrinsic,,,acetylcholine,,,,SMP512,SMP516a,,LR
SMP517,4,cb_intrinsic,,,acetylcholine,,,,SMP517,SMP517,,LR
SMP518,4,cb_intrinsic,,,acetylcholine,,,,SMP518,SMP518,,LR
SMP519,4,cb_intrinsic,,,acetylcholine,,,,SMP519,SMP519,,LR
SMP520,4,cb_intrinsic,,,acetylcholine,,,,SMP520,SMP520b,,LR
SMP521,2,cb_intrinsic,,,acetylcholine,,,,SMP521,SMP521,,LR
SMP522,1,cb_intrinsic,,,acetylcholine,,,,SMP522,SMP522,,R
SMP523,8,cb_intrinsic,,,acetylcholine,,,,SMP523,"SMP523,SMP524",,LR
SMP525,2,cb_intrinsic,,,acetylcholine,,,,SMP525,SMP525,,LR
SMP526,1,cb_intrinsic,,,acetylcholine,,,,SMP526,SMP526,,R
SMP527,2,cb_intrinsic,,,acetylcholine,,,,SMP527,SMP527,,LR
SMP528,2,cb_intrinsic,,,glutamate,,,,SMP528,SMP528,,LR
SMP529,2,cb_intrinsic,,,acetylcholine,,,,SMP529,SMP529,,LR
SMP530_a,2,cb_intrinsic,,,glutamate,,fru_low,,SMP530,SMP530,fru-M-500093,LR
SMP530_b,2,cb_intrinsic,,,glutamate,,fru_low,,SMP530,SMP530,fru-M-000191,LR
SMP531,2,cb_intrinsic,,,glutamate,,,,SMP531,SMP531,,LR
SMP532_a,2,cb_intrinsic,,,glutamate,,,,SMP532,SMP532a,,LR
SMP532_b,2,cb_intrinsic,,,glutamate,,,,SMP532,SMP532b,,LR
SMP533,3,cb_intrinsic,,,glutamate,,,,SMP533,SMP533,,LR
SMP535,4,cb_intrinsic,,,glutamate,,,,SMP535,SMP535,,LR
SMP537,4,cb_intrinsic,,,glutamate,,,,SMP537,SMP537,,LR
SMP538,2,cb_intrinsic,,,glutamate,,,,SMP538,"SMP538,SMP599",,LR
SMP539,4,cb_intrinsic,,,glutamate,,,,SMP539,SMP539,,LR
SMP540,4,cb_intrinsic,,,glutamate,,fru_low,,SMP540,SMP540,,LR
SMP541,2,cb_intrinsic,,,glutamate,,,,SMP541,SMP541,,LR
SMP542,2,cb_intrinsic,,,glutamate,,,,SMP542,SMP542,,LR
SMP543,2,cb_intrinsic,,,gaba,,,,SMP543,SMP543,,LR
SMP544,2,cb_intrinsic,,,gaba,,,,SMP544,"SMP544,LAL134",,LR
SMP545,2,cb_intrinsic,,,gaba,,,,SMP545,SMP545,,LR
SMP546,2,cb_intrinsic,,,acetylcholine,,,,SMP546,"SMP546,SMP547",,LR
SMP547,2,cb_intrinsic,,,acetylcholine,,,,SMP547,"SMP546,SMP547",,LR
SMP548,2,cb_intrinsic,,,acetylcholine,,,,SMP548,SLPpm3_P04,,LR
SMP549,2,cb_intrinsic,,,acetylcholine,,,,SMP549,SMP549,,LR
SMP550,2,cb_intrinsic,,,acetylcholine,,,,SMP550,SMP550,,LR
SMP551,2,cb_intrinsic,,,acetylcholine,sexually dimorphic,,,SMP551,SLPpm3_H01,,LR
SMP552,2,cb_intrinsic,,,glutamate,,,,SMP552,SMP552,,LR
SMP553,2,cb_intrinsic,,,glutamate,,fru_low,,SMP553,SMP553,fru-M-100214,LR
SMP554,2,cb_intrinsic,,,gaba,,,,SMP554,SMP554,,LR
SMP555,2,cb_intrinsic,,,acetylcholine,sexually dimorphic,fru_high,,SMP555,"SMP555,SMP556",Cachero 2010: aIP-g; Yu 2010: pIP6,LR
SMP556,2,cb_intrinsic,,,acetylcholine,sexually dimorphic,fru_high,,SMP556,"SMP555,SMP556",Cachero 2010: aIP-g; Yu 2010: pIP6,LR
SMP560,2,cb_intrinsic,,,acetylcholine,,,,SMP560,CB1897,,LR
SMP561,2,cb_intrinsic,,,acetylcholine,,,,SMP561,SMP561,,LR
SMP562,2,cb_intrinsic,,,acetylcholine,,,,SMP562,SMP562,,LR
SMP565,3,cb_intrinsic,,,acetylcholine,,,,SMP565,SMP565,,LR
SMP566,6,cb_intrinsic,,,acetylcholine,,,,SMP566,SMP566b,,LR
SMP567,4,cb_intrinsic,,,acetylcholine,,,,SMP567,SMP567,,LR
SMP568_a,8,cb_intrinsic,,,acetylcholine,,,,SMP568_a,SMP568,,LR
SMP568_b,6,cb_intrinsic,,,acetylcholine,,,,SMP568_b,SMP568,,LR
SMP568_c,4,cb_intrinsic,,,acetylcholine,,,,SMP568_c,SMP568,,LR
SMP568_d,3,cb_intrinsic,,,acetylcholine,,,,SMP568_d,SMP568,,LR
SMP569,4,cb_intrinsic,,,acetylcholine,,,,SMP569,SMP569b,,LR
SMP570,5,cb_intrinsic,,,acetylcholine,,,,SMP570,SMP570b,,LR
SMP571,2,cb_intrinsic,,,acetylcholine,,,,SMP571,SMP571,,LR
SMP572,4,cb_intrinsic,,,acetylcholine,,,,SMP572,SMP572,,LR
SMP573,2,cb_intrinsic,,,acetylcholine,,,,SMP573,SMP573,,LR
SMP577,2,cb_intrinsic,,,acetylcholine,,fru_low,,SMP577,SMP577,,LR
SMP578,6,cb_intrinsic,,,gaba,,,CG,SMP578,SMP578,,LR
SMP579,2,cb_intrinsic,,,unclear,,,,SMP579,"SMP579,SMP583",,LR
SMP580,2,cb_intrinsic,,,acetylcholine,,,,SMP580,SMP580,,LR
SMP581,6,cb_intrinsic,,,acetylcholine,,,,SMP581,CB2817,,LR
SMP582,2,cb_intrinsic,,,acetylcholine,,,CG,SMP582,SMP582,,LR
SMP583,2,cb_intrinsic,,,glutamate,,,,SMP583,"SMP579,SMP583",,LR
SMP586,2,cb_intrinsic,,,acetylcholine,,fru_low,,SMP586,SMP586,fru-M-600077,LR
SMP588,4,cb_intrinsic,,,unclear,,,CG,SMP588,SMP588,,LR
SMP589,2,cb_intrinsic,,,unclear,,,CG,SMP589,SMP589,,LR
SMP590_a,5,cb_intrinsic,,,unclear,,,CG,SMP590,SMP590,,LR
SMP590_b,6,cb_intrinsic,,,unclear,,,CG,SMP591,CB1775,,LR
SMP591,8,cb_intrinsic,,,unclear,,,CG,SMP591,SMP591,,LR
SMP592,7,cb_intrinsic,,,unclear,,,CG,SMP592,SMP592,,LR
SMP593,2,cb_intrinsic,,,gaba,,,,SMP593,SMP593,,LR
SMP594,2,cb_intrinsic,,,gaba,,,,SMP594,SMP594,,LR
SMP595,2,cb_intrinsic,,,glutamate,,,,SMP595,SMP595,,LR
SMP596,2,cb_intrinsic,,,acetylcholine,,,,SMP596,SMP596,,LR
SMP597,2,cb_intrinsic,,,acetylcholine,,,,SMP597,SMP597,,LR
SMP598,2,cb_intrinsic,,,glutamate,sexually dimorphic,,,SMP598,SMP598,,LR
SMP599,2,cb_intrinsic,,,glutamate,,,,SMP599,"SMP538,SMP599",,LR
SMP600,2,cb_intrinsic,,,acetylcholine,,,,SMP600,SMP600,,LR
SMP603,2,cb_intrinsic,,,acetylcholine,,,,SMP603,SMP603,,LR
SMP604,2,cb_intrinsic,,,glutamate,,,,SMP604,SMP604,,LR
SMP700m,4,cb_intrinsic,,,acetylcholine,potentially male-specific,coexpress_high,CG,,,Wang 2020a: pMP1; Rideout 2010: pC3; Zhou 2014: pCd; Nojima 2021: pCd-1; Allen 2025: pMP-z,LR
SMP702m,4,cb_intrinsic,,,glutamate,male-specific,,,,,,LR
SMP703m,14,cb_intrinsic,,,glutamate,male-specific,fru_high,,,,Cachero 2010: aSP-a; Yu 2010: aSP2,LR
SMP705m,8,cb_intrinsic,,,glutamate,male-specific,fru_high,,,,Cachero 2010: aSP-a; Yu 2010: aSP2,LR
SMP709m,2,cb_intrinsic,,,acetylcholine,male-specific,,CG,,,,LR
SMP710m,7,cb_intrinsic,,,acetylcholine,male-specific,coexpress_high,CG,,,Wang 2020a: pMP1; Rideout 2010: pC3; Zhou 2014: pCd; Nojima 2021: pCd-1; Allen 2025: pMP-z,LR
SMP711m,2,cb_intrinsic,,,acetylcholine,potentially male-specific,coexpress_low,CG,,,,LR
SMP712m,2,cb_intrinsic,,,unclear,male-specific,fru_high,,,,Cachero 2010: aDT-d,LR
SMP713m,3,cb_intrinsic,,,acetylcholine,male-specific,fru_high,,,,Cachero 2010: pMP-a; Yu 2010: pMP5,LR
SMP714m,6,cb_intrinsic,,,acetylcholine,male-specific,fru_high,,,,Cachero 2010: pMP-a; Yu 2010: pMP5,LR
SMP715m,4,cb_intrinsic,,,acetylcholine,male-specific,fru_high,,,,Cachero 2010: pMP-a; Yu 2010: pMP5,LR
SMP716m,4,cb_intrinsic,,,acetylcholine,potentially male-specific,coexpress_low,CG,,,,LR
SMP717m,5,cb_intrinsic,,,acetylcholine,potentially male-specific,coexpress_low,CG,,,,LR
SMP718m,2,cb_intrinsic,,,acetylcholine,,,CG,,"CB1671,CB2138,CB2610",,LR
SMP719m,8,cb_intrinsic,,,glutamate,male-specific,fru_high,,,,Cachero 2010: aSP-a; Yu 2010: aSP2,LR
SMP720m,2,cb_intrinsic,,,gaba,male-specific,coexpress_high,,,,Cachero 2010: pMP-b; Yu 2010: pMP5; Rideout 2010: pC3; Zhou 2014: pCd; Nojima 2021: pCd-2,LR
SMP721m,8,cb_intrinsic,,,acetylcholine,potentially male-specific,coexpress_high,CG,,,Wang 2020a: pMP1; Rideout 2010: pC3; Zhou 2014: pCd; Nojima 2021: pCd-1; Allen 2025: pMP-z,LR
SMP723m,11,cb_intrinsic,,,glutamate,male-specific,fru_high,,,,Cachero 2010: aSP-a; Yu 2010: aSP2,LR
SMP726m,8,cb_intrinsic,,,acetylcholine,male-specific;potentially male-specific,coexpress_high,CG,,,Wang 2020a: pMP1; Rideout 2010: pC3; Zhou 2014: pCd; Nojima 2021: pCd-1; Allen 2025: pMP-z,LR
SMP727m,2,cb_intrinsic,,,acetylcholine,potentially male-specific,coexpress_high,CG,,,Wang 2020a: pMP1; Rideout 2010: pC3; Zhou 2014: pCd; Nojima 2021: pCd-1; Allen 2025: pMP-z,LR
SMP728m,5,cb_intrinsic,,,acetylcholine,male-specific,,,,,,LR
SMP729,4,cb_intrinsic,,,acetylcholine,,,,,CB4226,,LR
SMP729m,2,cb_intrinsic,,,glutamate,potentially male-specific,fru_high,,,,Cachero 2010: aIP-b,LR
SMP730,4,cb_intrinsic,,,unclear,,,,,CB4221,,LR
SMP731,3,cb_intrinsic,,,acetylcholine,,,,,CB4079,,LR
SMP732,2,cb_intrinsic,,,unclear,,,,,CB3601,,LR
SMP733,2,cb_intrinsic,,,acetylcholine,,,,,CB3403a,,LR
SMP734,7,cb_intrinsic,,,acetylcholine,,,,,CB2643,,LR
SMP735,3,cb_intrinsic,,,unclear,,,,,CB2626,,LR
SMP736,1,cb_intrinsic,,,acetylcholine,,,,,CB1828,,L
SMP737,6,cb_intrinsic,,,unclear,,,,,CB1506,,LR
SMP738,9,cb_intrinsic,,,unclear,,,,,CB1372,,LR
SMP739,8,cb_intrinsic,,,acetylcholine,,,,,CB1345,,LR
SMP740,8,cb_intrinsic,,,glutamate,sexually dimorphic,fru_high,,,CB1253,Cachero 2010: aDT-h; Yu 2010: aDT6,LR
SMP741,8,cb_intrinsic,,,unclear,,,TC,,CB0878,,LR
SMP742,4,cb_intrinsic,,,acetylcholine,,,,,CB0746,,LR
SMP743,4,cb_intrinsic,,,acetylcholine,,fru_low,,,CB0575,Cachero 2010: aDT-h; Yu 2010: aDT6,LR
SMP744,2,cb_intrinsic,,,acetylcholine,,,,,CB0272,,LR
SMP745,2,cb_intrinsic,,,unclear,,,LB,,CB0066,,LR
SMP_unclear,2,cb_intrinsic,,,acetylcholine,,,CG,"SMP258,SMP259,SMP260,SMP263,SMP264,SMP265","SMP258,SMP259,SMP260,SMP263,SMP264,SMP265",,LR
SMPp&v1B_M02,2,cb_intrinsic,,,unclear,,,CG,SMP587,SMPp&v1B_M02,,LR
SNch01,35,vnc_sensory,chemosensory,abdomen,acetylcholine,,,,,,,?
SNch05,8,vnc_sensory,gustatory,leg bristle,acetylcholine,,,,,,,?
SNch10,81,vnc_sensory,,taste bristle,acetylcholine,,,,,,,?
SNpp01,25,vnc_sensory,mechanosensory_proprioceptive,abdomen,acetylcholine,,,,,,,?
SNpp02,36,vnc_sensory,mechanosensory_proprioceptive,abdomen,acetylcholine,,,,,,,?
SNpp03,4,vnc_sensory,mechanosensory_proprioceptive,abdomen,acetylcholine,,,,,,,?
SNpp04,4,vnc_sensory,mechanosensory_proprioceptive,campaniform sensilla,acetylcholine,,,,,,,?
SNpp05,2,vnc_sensory,mechanosensory_proprioceptive,campaniform sensilla,acetylcholine,,,,,,,?
SNpp06,4,vnc_sensory,mechanosensory_proprioceptive,campaniform sensilla,acetylcholine,,,,,,,?
SNpp07,12,vnc_sensory,mechanosensory_proprioceptive,campaniform sensilla,acetylcholine,,,,,,,?
SNpp08,4,vnc_sensory,mechanosensory_proprioceptive,campaniform sensilla,acetylcholine,,,,,,,?
SNpp09,4,vnc_sensory,mechanosensory_proprioceptive,campaniform sensilla,acetylcholine,,,,,,,?
SNpp10,7,vnc_sensory,mechanosensory_proprioceptive,campaniform sensilla,acetylcholine,,,,,,,?
SNpp11,6,vnc_sensory,mechanosensory_proprioceptive,campaniform sensilla,acetylcholine,,,,,,,?
SNpp12,2,vnc_sensory,mechanosensory_proprioceptive,haltere,acetylcholine,,,,,,,?
SNpp13,2,vnc_sensory,mechanosensory_proprioceptive,notum,acetylcholine,,,,,,,?
SNpp14,6,vnc_sensory,mechanosensory_proprioceptive,haltere,acetylcholine,,,,,,,?
SNpp15,6,vnc_sensory,mechanosensory_proprioceptive,haltere,acetylcholine,,,,,,,?
SNpp16,13,vnc_sensory,mechanosensory_proprioceptive,campaniform sensilla,acetylcholine,,,,,,,?
SNpp17,12,vnc_sensory,mechanosensory_proprioceptive,chordotonal organ,acetylcholine,,,,,,"MNC, Gorko Nature 2024",?
SNpp18,18,vnc_sensory,mechanosensory_proprioceptive,chordotonal organ,acetylcholine,,,,,,"LCN, Gorko Nature 2024",?
SNpp19,35,vnc_sensory,mechanosensory_proprioceptive,hair plate,acetylcholine,,,,,,,?
SNpp20,6,vnc_sensory,mechanosensory_proprioceptive,haltere,acetylcholine,,,,,,,?
"SNpp20,SApp02",3,vnc_sensory,mechanosensory_proprioceptive,campaniform sensilla,acetylcholine,,,,,,,?
SNpp21,4,vnc_sensory,mechanosensory_proprioceptive,haltere,acetylcholine,,,,,,,?
SNpp22,2,vnc_sensory,mechanosensory_proprioceptive,chordotonal organ,acetylcholine,,,,,,"MNC, Gorko Nature 2024",?
SNpp23,16,vnc_sensory,mechanosensory_proprioceptive,notum,serotonin,,,,,,,?
SNpp24,4,vnc_sensory,mechanosensory_proprioceptive,campaniform sensilla,acetylcholine,,,,,,,?
SNpp25,7,vnc_sensory,mechanosensory_proprioceptive,haltere,acetylcholine,,,,,,,?
SNpp26,2,vnc_sensory,mechanosensory_proprioceptive,campaniform sensilla,acetylcholine,,,,,,,?
SNpp27,2,vnc_sensory,mechanosensory_proprioceptive,campaniform sensilla,acetylcholine,,,,,,,?
SNpp28,17,vnc_sensory,mechanosensory_proprioceptive,campaniform sensilla,acetylcholine,,,,,,,?
"SNpp29,SNpp63",18,vnc_sensory,mechanosensory_proprioceptive,campaniform sensilla,acetylcholine,,,,,,,?
SNpp30,8,vnc_sensory,mechanosensory_proprioceptive,campaniform sensilla,acetylcholine,,,,,,,?
SNpp31,2,vnc_sensory,mechanosensory_proprioceptive,campaniform sensilla,acetylcholine,,,,,,,?
SNpp32,8,vnc_sensory,mechanosensory_proprioceptive,campaniform sensilla,acetylcholine,,,,,,,?
SNpp33,7,vnc_sensory,mechanosensory_proprioceptive,campaniform sensilla,acetylcholine,,,,,,,?
SNpp34,8,vnc_sensory,mechanosensory_proprioceptive,haltere,acetylcholine,,,,,,,?
"SNpp34,SApp16",3,vnc_sensory,mechanosensory_proprioceptive,campaniform sensilla,acetylcholine,,,,,,,?
SNpp35,6,vnc_sensory,mechanosensory_proprioceptive,haltere,acetylcholine,,,,,,,?
SNpp36,2,vnc_sensory,mechanosensory_proprioceptive,campaniform sensilla,acetylcholine,,,,,,,?
SNpp37,7,vnc_sensory,mechanosensory_proprioceptive,campaniform sensilla,acetylcholine,,,,,,,?
SNpp38,6,vnc_sensory,mechanosensory_proprioceptive,campaniform sensilla,acetylcholine,,,,,,,?
SNpp39,39,vnc_sensory,mechanosensory_proprioceptive,chordotonal organ,acetylcholine,,,,,,,?
SNpp40,32,vnc_sensory,mechanosensory_proprioceptive,chordotonal organ,acetylcholine,,,,,,,?
SNpp41,22,vnc_sensory,mechanosensory_proprioceptive,chordotonal organ,acetylcholine,,,,,,,?
SNpp42,20,vnc_sensory,mechanosensory_proprioceptive,chordotonal organ,acetylcholine,,,,,,,?L
SNpp43,19,vnc_sensory,mechanosensory_proprioceptive,chordotonal organ,acetylcholine,,,,,,,?
SNpp44,5,vnc_sensory,mechanosensory_proprioceptive,chordotonal organ,acetylcholine,,,,,,,?
SNpp45,53,vnc_sensory,mechanosensory_proprioceptive,hair plate,acetylcholine,,,,,,,?
SNpp46,2,vnc_sensory,mechanosensory_proprioceptive,chordotonal organ,acetylcholine,,,,,,,?
SNpp47,40,vnc_sensory,mechanosensory_proprioceptive,chordotonal organ,acetylcholine,,,,,,,?
SNpp48,10,vnc_sensory,mechanosensory_proprioceptive,chordotonal organ,acetylcholine,,,,,,,?
SNpp49,4,vnc_sensory,mechanosensory_proprioceptive,chordotonal organ,acetylcholine,,,,,,,?
SNpp50,62,vnc_sensory,mechanosensory_proprioceptive,chordotonal organ,acetylcholine,,,,,,,?
SNpp51,32,vnc_sensory,mechanosensory_proprioceptive,chordotonal organ,acetylcholine,,,,,,,?
SNpp52,43,vnc_sensory,mechanosensory_proprioceptive,hair plate,acetylcholine,,,,,,,?
SNpp53,13,vnc_sensory,mechanosensory_proprioceptive,campaniform sensilla,acetylcholine,,,,,,,?
SNpp55,7,vnc_sensory,mechanosensory_proprioceptive,leg,acetylcholine,,,,,,,?
SNpp56,13,vnc_sensory,mechanosensory_proprioceptive,chordotonal organ,acetylcholine,,,,,,,?
SNpp57,12,vnc_sensory,mechanosensory_proprioceptive,chordotonal organ,acetylcholine,,,,,,,?
SNpp58,16,vnc_sensory,mechanosensory_proprioceptive,chordotonal organ,acetylcholine,,,,,,,?
SNpp59,6,vnc_sensory,mechanosensory_proprioceptive,chordotonal organ,acetylcholine,,,,,,,?
SNpp60,41,vnc_sensory,mechanosensory_proprioceptive,chordotonal organ,acetylcholine,,,,,,,?
SNpp61,10,vnc_sensory,mechanosensory_proprioceptive,wing,acetylcholine,,,,,,,?
SNpp62,9,vnc_sensory,mechanosensory_proprioceptive,wing,acetylcholine,,,,,,,?
SNppxx,80,vnc_sensory,mechanosensory_proprioceptive,leg,acetylcholine,,,,,,,?
SNta02,2,vnc_sensory,mechanosensory_tactile,mechanosensory bristle,acetylcholine,,,,,,,?
"SNta02,SNta09",241,vnc_sensory,mechanosensory_tactile,notum,acetylcholine,,,,,,,?
SNta03,39,vnc_sensory,mechanosensory_tactile,mechanosensory bristle,acetylcholine,,,,,,,?
SNta04,83,vnc_sensory,mechanosensory_tactile,mechanosensory bristle,acetylcholine,,,,,,,?
"SNta04,SNta11",53,vnc_sensory,mechanosensory_tactile,mechanosensory bristle,acetylcholine,,,,,,,?
SNta05,6,vnc_sensory,mechanosensory_tactile,mechanosensory bristle,acetylcholine,,,,,,,?
SNta06,10,vnc_sensory,mechanosensory_tactile,mechanosensory bristle,acetylcholine,,,,,,,?
SNta07,30,vnc_sensory,mechanosensory_tactile,mechanosensory bristle,acetylcholine,,,,,,,?
SNta10,4,vnc_sensory,mechanosensory_tactile,notum,acetylcholine,,,,,,,?
SNta11,67,vnc_sensory,mechanosensory_tactile,mechanosensory bristle,acetylcholine,,,,,,,?
"SNta11,SNta14",42,vnc_sensory,mechanosensory_tactile,mechanosensory bristle,acetylcholine,,,,,,,?
SNta12,5,vnc_sensory,mechanosensory_tactile,mechanosensory bristle,acetylcholine,,,,,,,?
SNta13,6,vnc_sensory,mechanosensory_tactile,mechanosensory bristle,acetylcholine,,,,,,,?
SNta14,12,vnc_sensory,mechanosensory_tactile,mechanosensory bristle,acetylcholine,,,,,,,?
SNta18,55,vnc_sensory,mechanosensory_tactile,mechanosensory bristle,acetylcholine,,,,,,,?
SNta19,28,vnc_sensory,mechanosensory_tactile,mechanosensory bristle,acetylcholine,,,,,,,?
"SNta19,SNta37",13,vnc_sensory,mechanosensory_tactile,mechanosensory bristle,acetylcholine,,,,,,,?
SNta20,156,vnc_sensory,mechanosensory_tactile,mechanosensory bristle,acetylcholine,,,,,,,?
"SNta20,SNta29",1,vnc_sensory,mechanosensory_tactile,mechanosensory bristle,unclear,,,,,,,?
SNta21,117,vnc_sensory,mechanosensory_tactile,mechanosensory bristle,acetylcholine,,,,,,,?
"SNta21,SNta38",2,vnc_sensory,mechanosensory_tactile,mechanosensory bristle,acetylcholine,,,,,,,?
SNta22,5,vnc_sensory,mechanosensory_tactile,mechanosensory bristle,acetylcholine,,,,,,,?
"SNta22,SNta23",3,vnc_sensory,mechanosensory_tactile,mechanosensory bristle,acetylcholine,,,,,,,?
"SNta22,SNta33",8,vnc_sensory,mechanosensory_tactile,mechanosensory bristle,acetylcholine,,,,,,,?
SNta23,40,vnc_sensory,mechanosensory_tactile,mechanosensory bristle,acetylcholine,,,,,,,?
SNta24,1,vnc_sensory,mechanosensory_tactile,leg,acetylcholine,,,,,,,?
SNta25,63,vnc_sensory,mechanosensory_tactile,mechanosensory bristle,acetylcholine,,,,,,,?
"SNta25,SNta30",8,vnc_sensory,mechanosensory_tactile,mechanosensory bristle,acetylcholine,,,,,,,?
SNta26,31,vnc_sensory,mechanosensory_tactile,mechanosensory bristle,acetylcholine,,,,,,,?
SNta27,47,vnc_sensory,mechanosensory_tactile,mechanosensory bristle,acetylcholine,,,,,,,?
"SNta27,SNta28",8,vnc_sensory,mechanosensory_tactile,mechanosensory bristle,acetylcholine,,,,,,,?
SNta28,74,vnc_sensory,mechanosensory_tactile,mechanosensory bristle,acetylcholine,,,,,,,?
"SNta28,SNta29",1,vnc_sensory,mechanosensory_tactile,mechanosensory bristle,unclear,,,,,,,?
"SNta28,SNta40",1,vnc_sensory,mechanosensory_tactile,leg,acetylcholine,,,,,,,?
"SNta28,SNta44",8,vnc_sensory,mechanosensory_tactile,mechanosensory bristle,acetylcholine,,,,,,,?
SNta29,260,vnc_sensory,mechanosensory_tactile,mechanosensory bristle,acetylcholine,,,,,,,?
SNta30,65,vnc_sensory,mechanosensory_tactile,mechanosensory bristle,acetylcholine,,,,,,,?
SNta31,76,vnc_sensory,mechanosensory_tactile,mechanosensory bristle,acetylcholine,,,,,,,?
"SNta31,SNta34",1,vnc_sensory,mechanosensory_tactile,mechanosensory bristle,acetylcholine,,,,,,,?
SNta32,53,vnc_sensory,mechanosensory_tactile,mechanosensory bristle,acetylcholine,,,,,,,?
SNta33,25,vnc_sensory,mechanosensory_tactile,mechanosensory bristle,acetylcholine,,,,,,,?
SNta34,54,vnc_sensory,mechanosensory_tactile,mechanosensory bristle,acetylcholine,,,,,,,?
SNta35,43,vnc_sensory,mechanosensory_tactile,mechanosensory bristle,acetylcholine,,,,,,,?
SNta36,12,vnc_sensory,mechanosensory_tactile,mechanosensory bristle,acetylcholine,,,,,,,?
SNta37,228,vnc_sensory,mechanosensory_tactile,mechanosensory bristle,acetylcholine,,,,,,,?
SNta38,122,vnc_sensory,mechanosensory_tactile,mechanosensory bristle,acetylcholine,,,,,,,?
SNta39,23,vnc_sensory,mechanosensory_tactile,mechanosensory bristle,acetylcholine,,,,,,,?
SNta40,50,vnc_sensory,mechanosensory_tactile,mechanosensory bristle,acetylcholine,,,,,,,?
SNta41,54,vnc_sensory,mechanosensory_tactile,mechanosensory bristle,acetylcholine,,,,,,,?
SNta42,77,vnc_sensory,mechanosensory_tactile,mechanosensory bristle,acetylcholine,,,,,,,?
SNta43,73,vnc_sensory,mechanosensory_tactile,mechanosensory bristle,acetylcholine,,,,,,,?
SNta44,36,vnc_sensory,mechanosensory_tactile,mechanosensory bristle,acetylcholine,,,,,,,?
"SNta44,SNta45",1,vnc_sensory,mechanosensory_tactile,mechanosensory bristle,unclear,,,,,,,?
SNta45,31,vnc_sensory,mechanosensory_tactile,mechanosensory bristle,acetylcholine,,,,,,,?
SNtaxx,19,vnc_sensory,mechanosensory_tactile,leg,acetylcholine,,,,,,,?
SNxx01,21,vnc_sensory,unknown_sensory,abdomen,acetylcholine,,,,,,,?
SNxx02,25,vnc_sensory,unknown_sensory,abdomen,acetylcholine,,,,,,,?
SNxx03,186,vnc_sensory,unknown_sensory,abdomen,acetylcholine,,,,,,,?
SNxx04,130,vnc_sensory,unknown_sensory,abdomen,acetylcholine,,,,,,,?
SNxx05,18,vnc_sensory,unknown_sensory,abdomen,acetylcholine,,,,,,,?
SNxx06,37,vnc_sensory,unknown_sensory,abdomen,acetylcholine,,,,,,,?
SNxx07,27,vnc_sensory,unknown_sensory,abdomen,acetylcholine,,,,,,,?
SNxx08,5,vnc_sensory,unknown_sensory,abdomen,acetylcholine,,,,,,,?
SNxx09,2,vnc_sensory,unknown_sensory,abdomen,acetylcholine,,,,,,,?
SNxx10,6,vnc_sensory,unknown_sensory,abdomen,acetylcholine,,,,,,,?
SNxx11,11,vnc_sensory,unknown_sensory,abdomen,acetylcholine,,,,,,,?
SNxx14,66,vnc_sensory,unknown_sensory,abdomen,acetylcholine,,,,,,,?
SNxx15,10,vnc_sensory,unknown_sensory,abdomen,acetylcholine,,,,,,,?
SNxx16,6,vnc_sensory,unknown_sensory,abdomen,unclear,,,,,,,?
SNxx17,6,vnc_sensory,unknown_sensory,abdomen,acetylcholine,,,,,,,?
SNxx19,14,vnc_sensory,unknown_sensory,abdomen,acetylcholine,,,,,,,?
SNxx20,26,vnc_sensory,unknown_sensory,abdomen,acetylcholine,,,,,,,?
SNxx21,18,vnc_sensory,unknown_sensory,abdomen,unclear,,,,,,,?
SNxx22,34,vnc_sensory,unknown_sensory,abdomen,acetylcholine,,,,,,,?
SNxx23,22,vnc_sensory,unknown_sensory,abdomen,acetylcholine,,,,,,,?
SNxx24,2,vnc_sensory,unknown_sensory,wing,unclear,,,,,,,?
SNxx25,10,vnc_sensory,unknown_sensory,wing,acetylcholine,,,,,,,?
SNxx26,12,vnc_sensory,unknown_sensory,wing,acetylcholine,,,,,,,?
"SNxx27,SNxx29",4,sensory_ascending,unknown_sensory,leg,unclear,,,,,,,?
SNxx28,6,vnc_sensory,unknown_sensory,wing,acetylcholine,,,,,,,?
SNxx29,20,vnc_sensory,unknown_sensory,leg,acetylcholine,,,,,,,?
SNxx30,5,vnc_sensory,unknown_sensory,leg,acetylcholine,,,,,,,?
SNxx31,2,vnc_sensory,unknown_sensory,mechanosensory bristle,serotonin,,,,,,,?
SNxx32,2,vnc_sensory,unknown_sensory,leg,unclear,,,,,,,?
SNxx33,72,vnc_sensory,unknown_sensory,leg,acetylcholine,,,,,,,?
SNxxxx,102,vnc_sensory,unknown_sensory,leg,acetylcholine,,,,,,,?
STTMm,4,vnc_motor,,wm,unclear,,,T2,,,,LR
SpsP,4,cb_intrinsic,CX,,glutamate,,,,SpsP,"WED160,WED183",,LR
Sternal adductor MN,6,vnc_motor,,hl,acetylcholine,,,T3,,,,LR
Sternal anterior rotator MN,12,vnc_motor,,hl,unclear,,,T3,,,,LR
Sternal posterior rotator MN,22,vnc_motor,,ml,unclear,,,T2,,,,LR
Sternotrochanter MN,14,vnc_motor,,hl,unclear,,,T3,,,,LR
T1,1777,ol_intrinsic,,,histamine,,,,,T1,,LR
T2,1630,ol_intrinsic,,,acetylcholine,,,,,T2,,LR
T2a,1872,ol_intrinsic,,,acetylcholine,,,,,T2a,,LR
T3,1940,ol_intrinsic,,,acetylcholine,,,,,T3,,LR
T4_unclear,4,ol_intrinsic,,,acetylcholine,,,,,,,LR
T4a,1684,ol_intrinsic,,,acetylcholine,,,,,T4a,,LR
T4b,1690,ol_intrinsic,,,acetylcholine,,,,,T4b,,LR
T4c,1778,ol_intrinsic,,,acetylcholine,,,,,T4c,,LR
T4d,1709,ol_intrinsic,,,acetylcholine,,,,,T4d,,LR
T5a,1664,ol_intrinsic,,,acetylcholine,,,,,T5a,,LR
T5a_unclear,1,ol_intrinsic,,,unclear,,,,,,,R
T5b,1715,ol_intrinsic,,,acetylcholine,,,,,T5b,,LR
T5c,1720,ol_intrinsic,,,acetylcholine,,,,,T5c,,LR
T5d,1620,ol_intrinsic,,,acetylcholine,,,,,T5d,,LR
TN1a_a,2,vnc_intrinsic,,BI,acetylcholine,,coexpress_high,T1,,,,LR
TN1a_b,2,vnc_intrinsic,,BI,acetylcholine,male-specific,coexpress_high,T1,,,,LR
TN1a_c,2,vnc_intrinsic,,BI,acetylcholine,male-specific,coexpress_high,T1,,,,LR
TN1a_d,2,vnc_intrinsic,,BI,acetylcholine,male-specific,coexpress_high,T1,,,,LR
TN1a_e,2,vnc_intrinsic,,BI,acetylcholine,male-specific,coexpress_high,T1,,,,LR
TN1a_f,4,vnc_intrinsic,,BI,acetylcholine,male-specific,coexpress_high,T1,,,,LR
TN1a_g,4,vnc_intrinsic,,,acetylcholine,male-specific,coexpress_high,T1,,,,LR
TN1a_h,2,vnc_intrinsic,,BI,acetylcholine,male-specific,coexpress_high,T1,,,,LR
TN1a_i,2,vnc_intrinsic,,BI,acetylcholine,male-specific,coexpress_high,T1,,,,LR
TN1c_a,5,vnc_intrinsic,,II,acetylcholine,male-specific,coexpress_high,T1,,,,LR
TN1c_b,2,vnc_intrinsic,,,acetylcholine,,coexpress_high,T1,,,,LR
TN1c_c,4,vnc_intrinsic,,II,acetylcholine,,coexpress_high,T1,,,,LR
TN1c_d,2,vnc_intrinsic,,,acetylcholine,,coexpress_high,T1,,,,LR
TPMN1,48,cb_sensory,mechanosensory,,acetylcholine,,,,,TPMN1,,?
TPMN2,12,cb_sensory,mechanosensory,,acetylcholine,,,,,TPMN2,,?
TRN_VP1m,11,cb_sensory,thermosensory,,acetylcholine,,,,TRN_VP1m,TRN_VP1m,,?
TRN_VP2,7,cb_sensory,thermosensory,,acetylcholine,,,,TRN_VP2,TRN_VP2,,?
TRN_VP3a,6,cb_sensory,thermosensory,,acetylcholine,,,,TRN_VP3a,TRN_VP3a,,?
TRN_VP3b,1,cb_sensory,thermosensory,,acetylcholine,,,,TRN_VP3b,TRN_VP3b,,?
TTMn,2,vnc_motor,,wm,glutamate,,,T2,,,,LR
Ta depressor MN,9,vnc_motor,,fl,glutamate,,,T1,,,,LR
Ta levator MN,5,vnc_motor,,fl,glutamate,,,T1,,,,LR
Tergopleural/Pleural promotor MN,8,vnc_motor,,fl,glutamate,,,T1,,,,LR
Tergotr. MN,12,vnc_motor,,fl,unclear,,,T1,,,,LR
Ti extensor MN,12,vnc_motor,,hl,unclear,,,T3,,,,LR
Ti flexor MN,37,vnc_motor,,hl,glutamate,,,T3,,,,LR
Tlp11,68,ol_intrinsic,,,glutamate,,,,,Tlp5,,LR
Tlp12,139,ol_intrinsic,,,glutamate,,,,,Tlp1,,LR
Tlp13,115,ol_intrinsic,,,glutamate,,,,,Tlp4,,LR
Tlp14,58,ol_intrinsic,,,glutamate,,,,,Tlp14,,LR
Tm1,1777,ol_intrinsic,,,acetylcholine,,,,,Tm1,,LR
Tm12,967,ol_intrinsic,,,acetylcholine,,,,,Tm25,,LR
Tm16,396,ol_intrinsic,,,acetylcholine,,,,,Tm16,,LR
Tm2,1766,ol_intrinsic,,,acetylcholine,,,,,Tm2,,LR
Tm20,1762,ol_intrinsic,,,acetylcholine,,,,,Tm20,,LR
Tm23,33,ol_intrinsic,,,gaba,,,,,Li14,,LR
Tm24,245,ol_intrinsic,,,acetylcholine,,,,,Li06,,LR
Tm26,103,ol_intrinsic,,,acetylcholine,male-specific,,,,,,LR
Tm29,544,ol_intrinsic,,,glutamate,,,,,Tm5d,,LR
Tm3,2054,ol_intrinsic,,,acetylcholine,,,,,Tm3,,LR
Tm30,124,ol_intrinsic,,,gaba,,,,,Tm31,,LR
Tm31,120,ol_intrinsic,,,gaba,,,,,Tm35,,LR
Tm32,125,ol_intrinsic,,,glutamate,,,,,Tm33,,LR
Tm33,280,ol_intrinsic,,,acetylcholine,,,,,Tm37,,LR
Tm34,174,ol_intrinsic,,,glutamate,,,,,Tm32,,LR
Tm35,86,ol_intrinsic,,,glutamate,,,,,Tm34,,LR
Tm36,155,ol_intrinsic,,,acetylcholine,,,,,Tm8b,,LR
Tm37,559,ol_intrinsic,,,glutamate,,,,,Tm5e,,LR
Tm38,223,ol_intrinsic,,,acetylcholine,,,,,Tm8a,,LR
Tm39,426,ol_intrinsic,,,acetylcholine,,,,,Tm7,,LR
Tm3_unclear,1,ol_intrinsic,,,acetylcholine,,,,,,,L
Tm4,1670,ol_intrinsic,,,acetylcholine,,,,,Tm4,,LR
Tm40,180,ol_intrinsic,,,acetylcholine,,,,,Tm40,,LR
Tm5Y,898,ol_intrinsic,,,acetylcholine,,,,,Tm5f,,LR
Tm5a,624,ol_intrinsic,,,acetylcholine,,,,,Tm5a,,LR
Tm5b,522,ol_intrinsic,,,acetylcholine,,,,,Tm5b,,LR
Tm5c,750,ol_intrinsic,,,glutamate,,,,,Tm5c,,LR
Tm6,1526,ol_intrinsic,,,acetylcholine,,,,,Tm21,,LR
Tm9,1771,ol_intrinsic,,,acetylcholine,,,,,Tm9,,LR
TmY10,552,ol_intrinsic,,,acetylcholine,,,,,TmY10,,LR
TmY13,432,ol_intrinsic,,,acetylcholine,,,,,TmY11,,LR
TmY14,477,visual_projection,,,unclear,,,,,TmY14,,LR
TmY15,209,ol_intrinsic,,,gaba,,,,,TmY15,,LR
TmY16,168,ol_intrinsic,,,glutamate,,,,,TmY16,,LR
TmY17,395,ol_intrinsic,,,acetylcholine,,,,,TmY31,,LR
TmY18,1367,ol_intrinsic,,,acetylcholine,,,,,Tm27,,LR
TmY19a,86,ol_intrinsic,,,gaba,,,,,LMa4,,LR
TmY19b,36,ol_intrinsic,,,gaba,,,,,LMa3,,LR
TmY20,343,ol_intrinsic,,,acetylcholine,,,,,TmY20,,LR
TmY21,372,ol_intrinsic,,,acetylcholine,sexually dimorphic,,,,Tm36,,LR
TmY3,824,ol_intrinsic,,,acetylcholine,,,,,TmY3,,LR
TmY4,562,ol_intrinsic,,,acetylcholine,,,,,TmY4,,LR
TmY5a,1364,ol_intrinsic,,,glutamate,,,,,TmY5a,,LR
TmY9a,471,ol_intrinsic,,,acetylcholine,,,,,TmY9q__perp,,LR
TmY9b,515,ol_intrinsic,,,acetylcholine,,,,,TmY9q,,LR
TmY_unclear,4,ol_intrinsic,,,acetylcholine,,,,,,,LR
Tm_unclear,4,ol_intrinsic,,,acetylcholine,,,,,,,LR
Tr extensor MN,11,vnc_motor,,fl,unclear,,,T1,,,,LR
Tr flexor MN,35,vnc_motor,,fl,glutamate,,,T1,,,,LR
TuBu01,10,cb_intrinsic,,,acetylcholine,,,,TuBu01,TuBu01,,LR
TuBu02,12,cb_intrinsic,,,acetylcholine,,,,TuBu02,TuBu02,,LR
TuBu03,23,cb_intrinsic,,,acetylcholine,,,,TuBu03,TuBu03,,LR
TuBu04,12,cb_intrinsic,,,acetylcholine,,,,TuBu04,TuBu04,,LR
TuBu05,11,cb_intrinsic,,,acetylcholine,,,,TuBu05,TuBu05,,LR
TuBu06,10,cb_intrinsic,,,acetylcholine,,,,TuBu06,TuBu06,,LR
TuBu07,21,cb_intrinsic,,,acetylcholine,,,,TuBu07,TuBu07,,LR
TuBu08,21,cb_intrinsic,,,acetylcholine,,,,TuBu08,TuBu08,,LR
TuBu09,21,cb_intrinsic,,,acetylcholine,,,,TuBu09,"TuBu09,TuBu10",,LR
TuBu10,15,cb_intrinsic,,,acetylcholine,,,,TuBu10,"TuBu09,TuBu10",,LR
TuTuA_1,2,cb_intrinsic,,,glutamate,,fru_high,,TuTuA,TuTuAb,"fru-M-100082,fru-M-100173,fru-M-200101,fru-M-200271,fru-M-700181,fru-M-800003,fru-M-800011,fru-M-900058",LR
TuTuA_2,2,cb_intrinsic,,,glutamate,,fru_high,,TuTuA,TuTuAa,"fru-M-000087,fru-M-200304",LR
TuTuB_a,2,cb_intrinsic,,,unclear,,fru_high,,TuTuB_a,TuTuB_a,,LR
TuTuB_b,2,cb_intrinsic,,,glutamate,,fru_high,,TuTuB_b,TuTuB_b,,LR
V1,2,visual_centrifugal,,,acetylcholine,,,,PS135,LPT58,,LR
VA1d_adPN,6,cb_intrinsic,ALPN,,acetylcholine,,fru_high,,VA1d_adPN,VA1d_adPN,Cachero 2010: aDT-a; Yu 2010: aDT3,LR
VA1d_vPN,2,cb_intrinsic,ALPN,,gaba,,fru_low,,VA1d_vPN,VA1d_vPN,Cachero 2010: aDT-f,LR
VA1v_adPN,8,cb_intrinsic,ALPN,,acetylcholine,,fru_high,,VA1v_adPN,VA1v_adPN,Cachero 2010: aDT-a; Yu 2010: aDT3,LR
VA1v_vPN,4,cb_intrinsic,ALPN,,gaba,,fru_low,,VA1v_vPN,VA1v_vPN,Cachero 2010: aDT-f,LR
VA2_adPN,2,cb_intrinsic,ALPN,,acetylcholine,,,,VA2_adPN,VA2_adPN,,LR
VA3_adPN,4,cb_intrinsic,ALPN,,acetylcholine,,fru_low,,VA3_adPN,VA3_adPN,Cachero 2010: aDT-a; Yu 2010: aDT3,LR
VA4_lPN,2,cb_intrinsic,ALPN,,acetylcholine,,,DC,VA4_lPN,VA4_lPN,,LR
VA5_lPN,6,cb_intrinsic,ALPN,,acetylcholine,,,DC,VA5_lPN,VA5_lPN,,LR
VA6_adPN,2,cb_intrinsic,ALPN,,acetylcholine,,,,VA6_adPN,VA6_adPN,,LR
VA7l_adPN,2,cb_intrinsic,ALPN,,acetylcholine,,,,VA7l_adPN,VA7l_adPN,,LR
VA7m_lPN,6,cb_intrinsic,ALPN,,acetylcholine,,,DC,VA7m_lPN,VA7m_lPN,,LR
VC1_lPN,2,cb_intrinsic,ALPN,,acetylcholine,,,DC,VC1_lPN,VC1_lPN,,LR
VC2_lPN,2,cb_intrinsic,ALPN,,acetylcholine,,,DC,VC2_lPN,VC2_lPN,,LR
VC3_adPN,7,cb_intrinsic,ALPN,,acetylcholine,,fru_low,,VC3l_adPN,VC3_adPN,Cachero 2010: aDT-a; Yu 2010: aDT3,LR
VC4_adPN,6,cb_intrinsic,ALPN,,acetylcholine,,fru_low,,VC4_adPN,VC4_adPN,Cachero 2010: aDT-a; Yu 2010: aDT3,LR
VC5_lvPN,6,cb_intrinsic,ALPN,,acetylcholine,,,TC,VC3m_lvPN,VC5_lvPN,,LR
VCH,2,visual_centrifugal,,,gaba,,,,VCH,VCH,,LR
VES001,2,cb_intrinsic,,,glutamate,,,,VES001,VES001,,LR
VES002,2,cb_intrinsic,,,acetylcholine,,,,VES002,VES002,,LR
VES003,2,cb_intrinsic,,,glutamate,,,TC,VES003,VES003,,LR
VES004,2,cb_intrinsic,,,acetylcholine,,,,VES004,VES004,,LR
VES005,2,cb_intrinsic,,,acetylcholine,,,,VES005,VES005,,LR
VES007,2,cb_intrinsic,,,acetylcholine,,,,VES007,VES007,,LR
VES010,2,cb_intrinsic,,,gaba,,,,VES010,VES010,,LR
VES011,2,cb_intrinsic,,,acetylcholine,,,,VES011,VES011,,LR
VES012,2,cb_intrinsic,,,acetylcholine,,,DC,VES012,VES012,,LR
VES013,2,cb_intrinsic,,,acetylcholine,,,DC,VES013,VES013,,LR
VES014,2,cb_intrinsic,,,acetylcholine,,,DC,VES014,VES014,,LR
VES016,2,cb_intrinsic,,,gaba,,,,VES016,VES016,,LR
VES017,2,cb_intrinsic,,,acetylcholine,,,,VES017,VES017,,LR
VES018,2,cb_intrinsic,,,gaba,,,,VES018,VES018,,LR
VES019,6,cb_intrinsic,,,gaba,,,,VES019,VES019,,LR
VES020,6,cb_intrinsic,,,gaba,,,,VES020,VES020,,LR
VES021,5,cb_intrinsic,,,gaba,,,,VES021,VES021,,LR
VES022,11,cb_intrinsic,,,gaba,sexually dimorphic,fru_high,,VES022,VES022,Cachero 2010: aDT-g; Yu 2010: aDT5,LR
VES023,7,cb_intrinsic,,,gaba,,,,VES023,VES023,,LR
VES024_a,4,cb_intrinsic,,,gaba,,fru_low,,VES024,VES024a,Cachero 2010: aDT-g; Yu 2010: aDT5,LR
VES024_b,2,cb_intrinsic,,,gaba,,fru_low,,VES024,VES024b,Cachero 2010: aDT-g; Yu 2010: aDT5,LR
VES025,2,cb_intrinsic,,,acetylcholine,,,DC,VES025,VES025,,LR
VES027,2,cb_intrinsic,,,gaba,,,,VES027,VES027,,LR
VES030,2,cb_intrinsic,,,gaba,,,,VES030,VES030,,LR
VES031,7,cb_intrinsic,,,gaba,,,,VES031,CB1414,,LR
VES032,2,cb_intrinsic,,,gaba,,,,VES032,CB2594,,LR
VES033,7,cb_intrinsic,,,gaba,,,,VES033,"CB1086,CB3196",,LR
VES034_b,8,cb_intrinsic,,,gaba,,,,VES034_b,CB1891,,LR
VES037,8,cb_intrinsic,,,gaba,,,,VES037,CB2567,,LR
VES039,2,cb_intrinsic,,,gaba,,,,VES039,VES039,,LR
VES040,2,cb_intrinsic,,,acetylcholine,,,,VES040,VES040,,LR
VES041,2,cb_intrinsic,,,gaba,,,,VES041,VES041,,LR
VES043,2,cb_intrinsic,,,glutamate,,,,VES043,VES043,,LR
VES045,2,cb_intrinsic,,,gaba,,,,VES045,VES045,,LR
VES046,2,cb_intrinsic,,,glutamate,,,,VES046,VES046,,LR
VES047,2,cb_intrinsic,,,glutamate,,,,VES047,VES047,,LR
VES048,2,cb_intrinsic,,,glutamate,,,CG,VES048,VES048,,LR
VES049,6,cb_intrinsic,,,glutamate,,,CG,VES049,VES049,,LR
VES050,4,cb_intrinsic,,,glutamate,,,CG,VES050,VES050,,LR
VES051,4,cb_intrinsic,,,glutamate,,,,VES051,"VES051,VES052",,LR
VES052,4,cb_intrinsic,,,glutamate,,,,VES052,"VES051,VES052",,LR
VES053,2,cb_intrinsic,,,acetylcholine,,,,VES053,VES053,,LR
VES054,2,cb_intrinsic,,,acetylcholine,,,,VES054,VES054,,LR
VES056,2,cb_intrinsic,,,acetylcholine,,,,VES056,VES056,,LR
VES057,2,cb_intrinsic,,,acetylcholine,,,,VES057,VES057,,LR
VES058,2,cb_intrinsic,,,glutamate,,,,VES058,VES058,,LR
VES059,2,cb_intrinsic,,,acetylcholine,,,,VES059,VES059,,LR
VES063,4,cb_intrinsic,,,acetylcholine,,,,VES063,VES063a,,LR
VES064,2,cb_intrinsic,,,glutamate,sexually dimorphic,,,VES064,VES064,,LR
VES065,2,cb_intrinsic,,,acetylcholine,,,CG,VES065,VES065,,LR
VES067,2,cb_intrinsic,,,acetylcholine,,,CG,VES067,VES067,,LR
VES070,2,cb_intrinsic,,,acetylcholine,,,CG,VES070,VES070,,LR
VES071,2,cb_intrinsic,,,acetylcholine,,,CG,VES071,VES071,,LR
VES072,2,cb_intrinsic,,,acetylcholine,,,CG,VES072,VES072,,LR
VES073,2,cb_intrinsic,,,acetylcholine,,fru_high,CG,VES073,VES073,Cachero 2010: pIP-g,LR
VES074,2,cb_intrinsic,,,acetylcholine,sexually dimorphic,fru_high,CG,VES074,VES074,Cachero 2010: pIP-g,LR
VES075,2,cb_intrinsic,,,acetylcholine,,,,VES075,VES075,,LR
VES076,2,cb_intrinsic,,,acetylcholine,,,,VES076,VES076,,LR
VES077,2,cb_intrinsic,,,acetylcholine,,,,VES077,VES077,,LR
VES078,2,cb_intrinsic,,,acetylcholine,,,,VES078,VES078,,LR
VES079,2,cb_intrinsic,,,acetylcholine,,,,VES079,VES079,,LR
VES085_a,2,cb_intrinsic,,,gaba,,,,,CB0718,,LR
VES085_b,2,cb_intrinsic,,,gaba,,,,,CB0524,,LR
VES087,4,cb_intrinsic,,,gaba,,,,,CB0865,,LR
VES088,2,cb_intrinsic,,,acetylcholine,,,,,CB0593,,LR
VES089,2,cb_intrinsic,,,acetylcholine,,,,,CB0529,,LR
VES090,2,cb_intrinsic,,,acetylcholine,,,LB,,CB0188,,LR
VES091,2,cb_intrinsic,,,gaba,,,,(hb1822686129),CB0646,,LR
VES092,2,cb_intrinsic,,,gaba,,,,,CB0584,,LR
VES093_a,2,cb_intrinsic,,,acetylcholine,,,TC,,CB2265a,,LR
VES093_b,4,cb_intrinsic,,,acetylcholine,,,TC,,CB2265b,,LR
VES093_c,2,cb_intrinsic,,,acetylcholine,,,TC,,CB2864,,LR
VES094,2,cb_intrinsic,,,gaba,,,,,CB0667,,LR
VES095,2,cb_intrinsic,,,gaba,,,,,CB1122,,LR
VES096,2,cb_intrinsic,,,gaba,,,,,CB3599,,LR
VES097,4,cb_intrinsic,,,gaba,,,,,CB3547,,LR
VES098,2,cb_intrinsic,,,gaba,,,,,CB1941,,LR
VES099,2,cb_intrinsic,,,gaba,,,,,CB0632,,LR
VES100,2,cb_intrinsic,,,gaba,,,,,CB1319,,LR
VES101,6,cb_intrinsic,,,gaba,,,,,"CB2391,CB1452",,LR
VES102,2,cb_intrinsic,,,gaba,,,,,CB0984,,LR
VES103,4,cb_intrinsic,,,gaba,,,,,"CB3587,CB2663",,LR
VES104,2,cb_intrinsic,,,gaba,,,,,CB0283,,LR
VES105,2,cb_intrinsic,,,gaba,,,,,CB0258,,LR
VES106,2,cb_intrinsic,,,gaba,,,,,CB0543,,LR
VES107,4,cb_intrinsic,,,glutamate,,,,,CB3694,,LR
VES108,1,cb_intrinsic,,,acetylcholine,,,,hb5813069767,CB0674,,L
VES109,2,cb_intrinsic,,,gaba,,,,,CB2333,,LR
VES200m,12,cb_intrinsic,,,glutamate,potentially male-specific,fru_high,,,,Cachero 2010: aSP-b; Yu 2010: aSP1,LR
VES202m,7,cb_intrinsic,,,glutamate,potentially male-specific,fru_high,,,,Cachero 2010: aSP-b; Yu 2010: aSP1,LR
VES203m,6,cb_intrinsic,,,acetylcholine,male-specific,dsx_high,CG,,,"Lee 2002, Rideout 2010: pC2; Robinett 2010, Nojima 2021: pC2m",LR
VES204m,6,cb_intrinsic,,,acetylcholine,male-specific,dsx_high,CG,,,"Lee 2002, Rideout 2010: pC2; Robinett 2010, Nojima 2021: pC2m",LR
VES205m,2,cb_intrinsic,,,acetylcholine,male-specific,fru_high,CG,,,Cachero 2010: pIP-e; Yu 2010: pIP5,LR
VES206m,7,cb_intrinsic,,,acetylcholine,male-specific,,,,,,LR
VL1_ilPN,2,cb_intrinsic,ALPN,BI,acetylcholine,,,,VL1_ilPN,VL1_ilPN,,LR
VL1_vPN,2,cb_intrinsic,ALPN,,gaba,,,,VL1_vPN,VL1_vPN,,LR
VL2a_adPN,2,cb_intrinsic,ALPN,,acetylcholine,,,,VL2a_adPN,VL2a_adPN,,LR
VL2a_vPN,6,cb_intrinsic,ALPN,,gaba,,fru_low,,VL2a_vPN,VL2a_vPN,Cachero 2010: aDT-f,LR
VL2p_adPN,2,cb_intrinsic,ALPN,,acetylcholine,,,,VL2p_adPN,VL2p_adPN,,LR
VL2p_vPN,4,cb_intrinsic,ALPN,,gaba,,fru_low,,VL2p_vPN,VL2p_vPN,Cachero 2010: aDT-f,LR
VLP_TBD1,2,cb_intrinsic,,,acetylcholine,,,,,CB3654,,LR
VM1_lPN,2,cb_intrinsic,ALPN,,acetylcholine,,,DC,VM1_lPN,VM1_lPN,,LR
VM2_adPN,3,cb_intrinsic,ALPN,,acetylcholine,,,,VM2_adPN,VM2_adPN,,LR
VM3_adPN,4,cb_intrinsic,ALPN,,acetylcholine,,,,VM3_adPN,VM3_adPN,,LR
VM4_adPN,2,cb_intrinsic,ALPN,,acetylcholine,,,,VM4_adPN,VM4_adPN,,LR
VM4_lvPN,6,cb_intrinsic,ALPN,,acetylcholine,,,TC,VM4_lvPN,VC5_lvPN,,LR
VM5d_adPN,12,cb_intrinsic,ALPN,,acetylcholine,,fru_low,,VM5d_adPN,VM5d_adPN,Cachero 2010: aDT-a; Yu 2010: aDT3,LR
VM5v_adPN,5,cb_intrinsic,ALPN,,acetylcholine,,fru_low,,VM5v_adPN,VM5v_adPN,,LR
VM6_adPN,2,cb_intrinsic,ALPN,,acetylcholine,,,,VC5_adPN,VM6_adPN,,LR
VM6_lvPN,6,cb_intrinsic,ALPN,BI,acetylcholine,,,TC,,CB3383,,LR
VM7d_adPN,7,cb_intrinsic,ALPN,,acetylcholine,,fru_low,,VM7d_adPN,VM7d_adPN,Cachero 2010: aDT-a; Yu 2010: aDT3,LR
VM7v_adPN,3,cb_intrinsic,ALPN,,acetylcholine,,fru_low,,VM7v_adPN,VM7v_adPN,Cachero 2010: aDT-a; Yu 2010: aDT3,LR
VP1d+VP4_l2PN1,2,cb_intrinsic,ALPN,BI,acetylcholine,,,DC,VP1d+VP4_l2PN1,VP1d+VP4_l2PN1,,LR
VP1d+VP4_l2PN2,2,cb_intrinsic,ALPN,,acetylcholine,,,DC,VP1d+VP4_l2PN2,VP1d+VP4_l2PN2,,LR
VP1d_il2PN,2,cb_intrinsic,ALPN,BI,acetylcholine,,,,VP1d_il2PN,VP1d_il2PN,,LR
VP1l+VP3_ilPN,2,cb_intrinsic,ALPN,BI,acetylcholine,,,,VP1l+VP3_ilPN,VP1l+VP3_ilPN,,LR
VP1l+_lvPN,9,cb_intrinsic,ALPN,,acetylcholine,,,TC,VP1l+_lvPN,VP1l+_lvPN,,LR
VP1m+VP2_lvPN1,2,cb_intrinsic,ALPN,,acetylcholine,,,TC,VP1m+VP2_lvPN1,VP1m+VP2_lvPN1,,LR
VP1m+VP2_lvPN2,8,cb_intrinsic,ALPN,,acetylcholine,,,TC,VP1m+VP2_lvPN2,CB1321,,LR
VP1m+VP5_ilPN,2,cb_intrinsic,ALPN,BI,acetylcholine,,,,VP1m+VP5_ilPN,VP1m+VP5_ilPN,,LR
VP1m+_lvPN,4,cb_intrinsic,ALPN,,glutamate,,,TC,VP1m+_lvPN,VP1m+_lvPN,,LR
VP1m_l2PN,2,cb_intrinsic,ALPN,,acetylcholine,,,DC,VP1m_l2PN,VP1m_l2PN,,LR
VP2+VC5_l2PN,2,cb_intrinsic,ALPN,BI,acetylcholine,,,DC,VP2+VC5_l2PN,VP2+VC5_l2PN,,LR
VP2+Z_lvPN,4,cb_intrinsic,ALPN,BI,acetylcholine,,,TC,VP2+Z_lvPN,CB3623,,LR
VP2+_adPN,2,cb_intrinsic,ALPN,,acetylcholine,,,,VP2+_adPN,VP2+_adPN,,LR
VP2_adPN,1,cb_intrinsic,ALPN,,acetylcholine,,,,VP2_adPN,VP2_adPN,,L
VP2_l2PN,2,cb_intrinsic,ALPN,,acetylcholine,,,DC,VP2_l2PN,VP2_l2PN,,LR
VP3+VP1l_ivPN,2,cb_intrinsic,ALPN,BI,acetylcholine,,,,VP3+VP1l_ivPN,VP3+VP1l_ivPN,,LR
VP3+_l2PN,6,cb_intrinsic,ALPN,BI,acetylcholine,,,DC,VP3+_l2PN,VP3+_l2PN,,LR
VP3+_vPN,2,cb_intrinsic,ALPN,,gaba,,fru_high,,VP3+_vPN,VP3+_vPN,fru-M-100050,LR
VP4+VL1_l2PN,2,cb_intrinsic,ALPN,BI,acetylcholine,,,DC,VP4+VL1_l2PN,VP4+VL1_l2PN,,LR
VP4+_vPN,2,cb_intrinsic,ALPN,BI,gaba,,,,VP4+_vPN,VP4+_vPN,,LR
VP4_vPN,2,cb_intrinsic,ALPN,,gaba,,,,VP4_vPN,VP4_vPN,,LR
VP5+VP3_l2PN,2,cb_intrinsic,ALPN,,acetylcholine,,,DC,VP5+VP3_l2PN,VP5+VP3_l2PN,,LR
VP5+Z_adPN,2,cb_intrinsic,ALPN,,acetylcholine,,,,VP5+Z_adPN,VP5+Z_adPN,,LR
VS,18,visual_projection,,,acetylcholine,,,,VS,"VS1,VS2,VS3,VS4,VS5,VS6,VS7,VS8",,LR
VST1,5,visual_projection,,,acetylcholine,,,,,VST1,,LR
VST2,7,visual_projection,,,acetylcholine,,,,,VST2,,LR
VSm,4,visual_projection,,,acetylcholine,,,,,VSm,,LR
V_ilPN,2,cb_intrinsic,ALPN,BI,acetylcholine,,,,V_ilPN,V_ilPN,,LR
V_l2PN,2,cb_intrinsic,ALPN,,acetylcholine,,,DC,V_l2PN,V_l2PN,,LR
WED001,10,cb_intrinsic,,,gaba,,fru_low,,WED001,CB2364,Cachero 2010: aSP-k; Yu 2010: aSP8,LR
WED002,16,cb_intrinsic,,,acetylcholine,,,,WED002,WED002,,LR
WED004,10,cb_intrinsic,,,acetylcholine,,,,WED004,WED004b,,LR
WED006,2,cb_intrinsic,,,gaba,,,,WED006,WED006,,LR
WED007,2,cb_intrinsic,,,acetylcholine,,,,WED007,WED007,,LR
WED008,2,cb_intrinsic,,,acetylcholine,,,,WED008,WED008,,LR
WED009,6,cb_intrinsic,,,acetylcholine,,,,"LAL058,WED009",CB1827,,LR
WED010,6,cb_intrinsic,,,acetylcholine,,,,WED010,WED010,,LR
WED011,2,cb_intrinsic,,,acetylcholine,,,,WED011,WED011,,LR
WED012,5,cb_intrinsic,,,gaba,,,,WED012,WED012,,LR
WED013,1,cb_intrinsic,,,gaba,,,,WED013,"AVLP096,AVLP256,AVLP255,WED014",,L
WED014,4,cb_intrinsic,,,gaba,sexually dimorphic,,,WED014,WED014,,LR
WED015,9,cb_intrinsic,,,gaba,,,,WED015,WED015c,,LR
WED016,2,cb_intrinsic,,,acetylcholine,,,,WED016,WED016,,LR
WED017,2,cb_intrinsic,,,acetylcholine,,,,WED017,WED017,,LR
WED018,2,cb_intrinsic,,,acetylcholine,,,,WED018,WED018,,LR
WED020_a,2,cb_intrinsic,,,acetylcholine,,,,WED020_a,CB1202,,LR
WED020_b,3,cb_intrinsic,,,acetylcholine,,,,WED020_b,WED020_b,,LR
WED022,2,cb_intrinsic,,,acetylcholine,,,,"LAL058,WED009",CB1827,,LR
WED023,6,cb_intrinsic,,,gaba,,,,WED023,WED023,,LR
WED024,4,cb_intrinsic,,,gaba,,,,WED024,WED024,,LR
WED025,6,cb_intrinsic,,,gaba,,,,WED025,WED025,,LR
WED026,6,cb_intrinsic,,,gaba,,,,WED026,WED026b,,LR
WED028,6,cb_intrinsic,,,gaba,,,,WED028,WED028,,LR
WED029,4,cb_intrinsic,,,gaba,,,,WED029,WED029,,LR
WED030_a,12,cb_intrinsic,,,gaba,,,,WED030,CB2957,,LR
WED030_b,12,cb_intrinsic,,,gaba,,,,WED030,CB1754,,LR
WED031,9,cb_intrinsic,,,gaba,,,,WED031,WED031b,,LR
WED032,8,cb_intrinsic,,,gaba,,,,WED032,WED032,,LR
WED033,14,cb_intrinsic,,,gaba,,,,WED033,WED033,,LR
WED034,6,cb_intrinsic,,,glutamate,,,,WED034,CB3982,,LR
WED035,10,cb_intrinsic,,,glutamate,,,,WED035,CB3983,,LR
WED037,8,cb_intrinsic,,,glutamate,,,,WED037,WED037,,LR
WED038,16,cb_intrinsic,,,glutamate,,,,WED038,"WED038b,WED041b",,LR
WED039,5,cb_intrinsic,,,glutamate,,,,WED039,WED039,,LR
WED040_a,15,cb_intrinsic,,,glutamate,,,,WED040_a,CB2190,,LR
WED040_b,4,cb_intrinsic,,,glutamate,,,,WED040_b,WED040,,LR
WED040_c,2,cb_intrinsic,,,glutamate,,,,WED040_c,WED040,,LR
WED041,6,cb_intrinsic,,,glutamate,,,,WED041,WED041a,,LR
WED042,10,cb_intrinsic,,,acetylcholine,,,,WED042,CB4181,,LR
WED044,2,cb_intrinsic,,,acetylcholine,,,,WED044,WED044,,LR
WED045,2,cb_intrinsic,,,acetylcholine,,,,WED045,WED045,,LR
WED046,2,cb_intrinsic,,,acetylcholine,,,,WED046,WED046,,LR
WED047,4,cb_intrinsic,,,acetylcholine,,,,WED047,CB2545,,LR
WED051,2,cb_intrinsic,,,acetylcholine,,,,WED051,WED051,,LR
WED055_a,2,cb_intrinsic,,,gaba,,,TC,WED055_a,CB2072,,LR
WED055_b,8,cb_intrinsic,,,gaba,,,TC,WED055_b,CB1383,,LR
WED056,12,cb_intrinsic,,,gaba,,,TC,WED056,WED056,,LR
WED057,21,cb_intrinsic,,,gaba,,,TC,WED057,WED057,,LR
WED060,4,cb_intrinsic,,,acetylcholine,,,,WED060,WED060,,LR
WED061,4,cb_intrinsic,,,acetylcholine,,,,WED061,WED061,,LR
WED063_a,4,cb_intrinsic,,,acetylcholine,,,,WED063_a,"CB2108,CB2449",,LR
WED063_b,7,cb_intrinsic,,,acetylcholine,,,,WED063_b,"CB2108,CB2449",,LR
WED065,4,cb_intrinsic,,,acetylcholine,,,,WED065,CB1206,,LR
WED066,1,cb_intrinsic,,,acetylcholine,,,,WED066,"CB2108,CB2449",,R
WED069,2,cb_intrinsic,,,acetylcholine,,,,WED069,WED069,,LR
WED070,2,cb_intrinsic,,,unclear,,,,WED070,WED070,,LR
WED071,2,cb_intrinsic,,,glutamate,,,,WED071,WED071,,LR
WED072,6,cb_intrinsic,,,acetylcholine,,,DC,WED072,WED072,,LR
WED074,4,cb_intrinsic,,,gaba,,,CG,WED074,CB1944,,LR
WED075,2,cb_intrinsic,,,gaba,,,,WED075,WED075,,LR
WED076,2,cb_intrinsic,,,gaba,,,,WED076,WED076,,LR
WED077,4,cb_intrinsic,,,gaba,,,CG,WED077,"CB0398,CB2417",,LR
WED078,2,cb_intrinsic,,,gaba,,,CG,WED078,"CB0398,CB2417",,LR
WED079,2,cb_intrinsic,,,gaba,,,CG,WED079,"CB3888,WED085",,LR
WED080,2,cb_intrinsic,,,gaba,,,CG,WED080,WED080,,LR
WED081,2,cb_intrinsic,,,gaba,,,CG,WED081,WED081,,LR
WED082,4,cb_intrinsic,,,gaba,,,CG,WED082,WED082,,LR
WED083,2,cb_intrinsic,,,gaba,,,CG,WED083,CB3954,,LR
WED084,2,cb_intrinsic,,,gaba,,,CG,WED084,CB3955,,LR
WED085,2,cb_intrinsic,,,gaba,,,CG,WED085,"CB3888,WED085",,LR
WED089,2,cb_intrinsic,,,acetylcholine,,,,WED089,WED089,,LR
WED091,2,cb_intrinsic,,,acetylcholine,,,,WED092,WED091,,LR
WED092,10,cb_intrinsic,,,acetylcholine,,,,WED092,WED092c,,LR
WED093,4,cb_intrinsic,,,acetylcholine,,,,WED093,CB1675,,LR
WED094,5,cb_intrinsic,,,glutamate,,,CG,WED094,WED094a,,LR
WED095,5,cb_intrinsic,,,glutamate,,,CG,WED095,WED095,,LR
WED096,10,cb_intrinsic,,,glutamate,,,CG,WED096,WED096a,,LR
WED097,4,cb_intrinsic,,,glutamate,,,CG,WED097,WED097,,LR
WED098,5,cb_intrinsic,,,glutamate,,,CG,WED098,WED098,,LR
WED099,3,cb_intrinsic,,,glutamate,,,CG,WED099,WED099,,LR
WED100,4,cb_intrinsic,,,glutamate,,,CG,WED100,WED100,,LR
WED101,5,cb_intrinsic,,,glutamate,,,CG,WED101,WED101,,LR
WED102,4,cb_intrinsic,,,glutamate,,,CG,WED102,WED102,,LR
WED103,12,cb_intrinsic,,,glutamate,,,CG,WED103,WED103,,LR
WED104,2,cb_intrinsic,,,gaba,,,,WED104,WED104,,LR
WED106,4,cb_intrinsic,,,gaba,,,,WED106,CB3655,,LR
WED107,2,cb_intrinsic,,,acetylcholine,,,,WED107,WED107,,LR
WED108,2,cb_intrinsic,,,acetylcholine,,,,WED108,WED108,,LR
WED109,2,cb_intrinsic,,,acetylcholine,,,,WED109,CB2305,,LR
WED111,4,cb_intrinsic,,,acetylcholine,,,,WED111,CB2528,,LR
WED114,5,cb_intrinsic,,,acetylcholine,,,,WED114,WED114,,LR
WED116,2,cb_intrinsic,,,acetylcholine,,,,WED116,WED116,,LR
WED117,8,cb_intrinsic,,,acetylcholine,,,,WED117,"CB2576,CB3415",,LR
WED118,12,cb_intrinsic,,,acetylcholine,,,,WED118,"CB1484,CB1869",,LR
WED119,2,cb_intrinsic,,,glutamate,,,,WED119,WED119,,LR
WED121,2,cb_intrinsic,,,gaba,,,,WED121,WED121,,LR
WED122,2,cb_intrinsic,,,gaba,,,,WED122,WED122,,LR
WED124,2,cb_intrinsic,,,acetylcholine,,,CG,WED124,WED124,,LR
WED125,3,cb_intrinsic,,,acetylcholine,,,CG,WED125,WED125,,LR
WED127,3,cb_intrinsic,,,acetylcholine,,,CG,WED127,WED127,,LR
WED128,8,cb_intrinsic,,,acetylcholine,,,CG,WED128,"WED128,WED129",,LR
WED129,4,cb_intrinsic,,,acetylcholine,,,CG,WED129,WED130a,,LR
WED130,2,cb_intrinsic,,,acetylcholine,,,CG,WED130,WED130b,,LR
WED131,4,cb_intrinsic,,,acetylcholine,,,CG,WED130,WED130b,,LR
WED132,4,cb_intrinsic,,,acetylcholine,,,,WED132,CB3537,,LR
WED143_a,8,cb_intrinsic,,,acetylcholine,,,,WED143,CB1881,,LR
WED143_b,4,cb_intrinsic,,,acetylcholine,,,,WED143,CB1283,,LR
WED143_c,12,cb_intrinsic,,,acetylcholine,,,,WED143,CB1046,,LR
WED143_d,5,cb_intrinsic,,,acetylcholine,,,,WED143,"CB1492,CB2137",,LR
WED144,3,cb_intrinsic,,,acetylcholine,,,,WED144,WED144b,,LR
WED145,9,cb_intrinsic,,,acetylcholine,,,,WED145,WED145a,,LR
WED146_a,2,cb_intrinsic,,,acetylcholine,,fru_high,,WED146,WED146a,,LR
WED146_b,2,cb_intrinsic,,,acetylcholine,,fru_high,,WED146,WED146b,,LR
WED146_c,2,cb_intrinsic,,,acetylcholine,,fru_high,,WED146,WED146b,,LR
WED151,2,cb_intrinsic,,,acetylcholine,,,,WED151,WED151,,LR
WED152,2,cb_intrinsic,,,acetylcholine,,,,WED152,WED152,,LR
WED153,6,cb_intrinsic,,,acetylcholine,,,,WED153,WED153,,LR
WED154,2,cb_intrinsic,,,acetylcholine,,,,WED154,WED155b,,LR
WED155,4,cb_intrinsic,,,acetylcholine,,,,WED155,WED155a,,LR
WED157,6,cb_intrinsic,,,acetylcholine,,,,WED157,CB2826,,LR
WED159,4,cb_intrinsic,,,acetylcholine,,,,,CB2397,,LR
WED161,5,cb_intrinsic,,,acetylcholine,,,,WED161_b,WED161,,LR
WED162,9,cb_intrinsic,,,acetylcholine,,,,WED162,WED162,,LR
WED163,10,cb_intrinsic,,,acetylcholine,,,,WED163,WED163c,,LR
WED164,13,cb_intrinsic,,,acetylcholine,,,,WED164,WED164a,,LR
WED165,2,cb_intrinsic,,,acetylcholine,,,,WED165,WED165,,LR
WED166_a,4,cb_intrinsic,,,acetylcholine,,,,WED166_a,CB0345,,LR
WED166_d,12,cb_intrinsic,,,acetylcholine,,,,"WED166_c,WED027","WED166_c,WED027",,LR
WED167,6,cb_intrinsic,,,acetylcholine,,,,WED167,CB1433,,LR
WED168,8,cb_intrinsic,,,acetylcholine,,,,WED168,WED168,,LR
WED181,2,cb_intrinsic,,,acetylcholine,,,,WED181,WED181,,LR
WED182,2,cb_intrinsic,,,acetylcholine,,,,WED182,WED182,,LR
WED183,2,cb_intrinsic,,,glutamate,,,CG,WED183,WED095,,LR
WED184,2,cb_intrinsic,,,gaba,,,,,CB0690,,LR
WED185,1,cb_intrinsic,,,gaba,,,LB,(hb2126870445),CB3881,,M
WED187,2,cb_intrinsic,,,gaba,,fru_high,LB,,CB3915,Cachero 2010: pSG-d; Vaughan 2014: aLN(m); Baker 2022: WV-WV,M
WED188,1,cb_intrinsic,,,gaba,,fru_high,LB,,CB3915,Cachero 2010: pSG-d; Vaughan 2014: aLN(m); Baker 2022: WV-WV,M
WED189,1,cb_intrinsic,,,gaba,,fru_high,LB,,CB3913,Cachero 2010: pSG-d; Vaughan 2014: aLN(m); Baker 2022: WV-WV,M
WED190,1,cb_intrinsic,,,gaba,,fru_high,LB,,CB3882,Cachero 2010: pSG-d; Vaughan 2014: aLN(m); Baker 2022: WV-WV,M
WED191,2,cb_intrinsic,,,gaba,,fru_high,LB,,CB3880,Cachero 2010: pSG-d; Vaughan 2014: aLN(m); Baker 2022: WV-WV,M
WED192,3,cb_intrinsic,,,acetylcholine,,,MX,,CB0327,,LR
WED193,2,cb_intrinsic,,,acetylcholine,,,LB,,CB0264,,LR
WED194,2,cb_intrinsic,,,gaba,,,,,CB0685,,LR
WED195,2,cb_intrinsic,,,gaba,,,LB,,CB0495,,LR
WED196,1,cb_intrinsic,,,gaba,,,LB,,CB3911,,M
WED197,2,cb_intrinsic,,,gaba,,,CG,,CB4144,,LR
WED198,2,cb_intrinsic,,,gaba,,,CG,,CB4144,,LR
WED199,2,cb_intrinsic,,,gaba,,,CG,,CB4144,,LR
WED200,2,cb_intrinsic,,,gaba,,,CG,,CB4144,,LR
WED201,8,cb_intrinsic,,,gaba,,,MD,,CB1439,,LR
WED202,2,cb_intrinsic,,,gaba,,,MD,,CB4238,,LR
WED203,2,cb_intrinsic,,,gaba,,,MD,,CB0344,,LR
WED204,5,cb_intrinsic,,,gaba,,,MD,,CB2139,,LR
WED205,2,cb_intrinsic,,,gaba,,,MD,,CB3480,,LR
WED206,4,cb_intrinsic,,,gaba,,,MD,,CB1816,,LR
WED207,6,cb_intrinsic,,,gaba,,,MD,,CB3486,,LR
WED208,2,cb_intrinsic,,,gaba,,,GNG,,CB0033,,LR
WED209,2,cb_intrinsic,,,gaba,,,,,CB0547,"fru-M-200149,fru-M-300017,fru-M-800001,fru-M-900067",LR
WED210,2,cb_intrinsic,,,acetylcholine,,,MX,,CB0073,,LR
WED26,4,cb_intrinsic,,,gaba,,,,WED26,WED26b,,LR
WEDPN10A,2,cb_intrinsic,,,gaba,,,CG,WEDPN10A,WEDPN10A,,LR
WEDPN10B,2,cb_intrinsic,,,gaba,,,CG,WEDPN10B,WEDPN10B,,LR
WEDPN11,2,cb_intrinsic,,,glutamate,,,,WEDPN11,WEDPN11,,LR
WEDPN12,2,cb_intrinsic,,,glutamate,,,,WEDPN12,WEDPN12,,LR
WEDPN14,6,cb_intrinsic,,,acetylcholine,,,,WEDPN14,WEDPN14,,LR
WEDPN16_d,6,cb_intrinsic,,,acetylcholine,,,,WEDPN16_d,CB3648b,,LR
WEDPN17_a1,7,cb_intrinsic,,,acetylcholine,,,,WEDPN17_a,CB2267_a,,LR
WEDPN17_a2,4,cb_intrinsic,,,acetylcholine,,,,WEDPN17_a,CB2414,,LR
WEDPN17_b,6,cb_intrinsic,,,acetylcholine,,,,,CB2267_b,,LR
WEDPN17_c,9,cb_intrinsic,,,acetylcholine,,,,WEDPN17_c,CB2267_c,,LR
WEDPN18,3,cb_intrinsic,,,acetylcholine,,,,WEDPN18,CB2778,,LR
WEDPN1A,10,cb_intrinsic,,,gaba,,,,WEDPN1A,WEDPN1A,,LR
WEDPN1B,2,cb_intrinsic,,,gaba,,,,WEDPN1B,WEDPN1B,,LR
WEDPN2A,6,cb_intrinsic,,,gaba,,,,WEDPN2A,WEDPN2A,,LR
WEDPN2B_a,2,cb_intrinsic,,,gaba,,,,WEDPN2B,WEDPN2B_a,,LR
WEDPN2B_b,2,cb_intrinsic,,,gaba,,,,WEDPN2B,WEDPN2B_b,,LR
WEDPN3,6,cb_intrinsic,,,gaba,,,,WEDPN3,WEDPN3b,,LR
WEDPN4,2,cb_intrinsic,,,gaba,,,,WEDPN4,WEDPN4,,LR
WEDPN5,2,cb_intrinsic,,,gaba,,,,WEDPN5,WEDPN5,,LR
WEDPN6A,8,cb_intrinsic,,,gaba,,,,WEDPN6A,WEDPN6A,,LR
WEDPN6B,8,cb_intrinsic,,,gaba,,,,WEDPN6B,CB3943,,LR
WEDPN6C,5,cb_intrinsic,,,gaba,,,,WEDPN6C,CB3942,,LR
WEDPN7A,7,cb_intrinsic,,,acetylcholine,,,,WEDPN7A,CB2925,,LR
WEDPN7B,8,cb_intrinsic,,,acetylcholine,,,,WEDPN7B,WEDPN7Bb,,LR
WEDPN7C,5,cb_intrinsic,,,acetylcholine,,,,WEDPN7C,WEDPN7C,,LR
WEDPN8B,11,cb_intrinsic,,,acetylcholine,,,,WEDPN8B,WEDPN8B,,LR
WEDPN8C,13,cb_intrinsic,,,acetylcholine,,,,WEDPN8C,CB2710,,LR
WEDPN8D,5,cb_intrinsic,,,acetylcholine,,,,WEDPN8D,WEDPN8D,,LR
WEDPN9,2,cb_intrinsic,,,acetylcholine,,,,WEDPN9,WEDPN9,,LR
WG1,96,vnc_sensory,gustatory,wing bristle,acetylcholine,,,,,,,?
WG2,97,vnc_sensory,gustatory,wing bristle,acetylcholine,,,,,,,?
WG3,96,vnc_sensory,gustatory,wing bristle,unclear,,,,,,,?
WG4,96,vnc_sensory,gustatory,wing bristle,acetylcholine,,,,,,,?
Y11,153,ol_intrinsic,,,glutamate,,,,,Y11,,LR
Y12,186,ol_intrinsic,,,glutamate,,,,,Y12,,LR
Y13,193,ol_intrinsic,,,glutamate,,,,,Y1,,LR
Y14,208,ol_intrinsic,,,glutamate,,,,,Y4,,LR
Y3,627,ol_intrinsic,,,acetylcholine,,,,,Y3,,LR
Y_unclear,1,ol_intrinsic,,,acetylcholine,,,,,,,R
Z_lvPNm1,9,cb_intrinsic,SEZPN,BI,acetylcholine,,,TC,Z_lvPNm1,CB2388,,LR
Z_vPNml1,2,cb_intrinsic,SEZPN,BI,gaba,,,,Z_vPNml1,Z_vPNml1,,LR
aDT4,4,cb_intrinsic,,,serotonin,,,,aDT4,AC neuron,,LR
aIPg1,8,cb_intrinsic,,,acetylcholine,sexually dimorphic,fru_high,,aIPg1,CB2131,Cachero 2010: aIP-g; Yu 2010: pIP6,LR
aIPg10,4,cb_intrinsic,,,acetylcholine,sexually dimorphic,fru_high,,"SMP575,SMP576","CB3125,CB3166",Cachero 2010: aIP-g; Yu 2010: pIP6,LR
aIPg2,6,cb_intrinsic,,,acetylcholine,sexually dimorphic,fru_high,,aIPg2,"CB2204,CB1127",Cachero 2010: aIP-g; Yu 2010: pIP6,LR
aIPg4,2,cb_intrinsic,,,acetylcholine,,fru_low,,aIPg4,CB1877,Cachero 2010: aIP-g; Yu 2010: pIP6,LR
aIPg5,6,cb_intrinsic,,,acetylcholine,sexually dimorphic,fru_high,,SMP557,"CB2668,CB3349",Cachero 2010: aIP-g; Yu 2010: pIP6,LR
aIPg6,5,cb_intrinsic,,,acetylcholine,sexually dimorphic,fru_high,,SMP574,"CB1618,CB3330",Cachero 2010: aIP-g; Yu 2010: pIP6,LR
aIPg7,7,cb_intrinsic,,,acetylcholine,sexually dimorphic,fru_high,,SMP574,"CB1618,CB3330",Cachero 2010: aIP-g; Yu 2010: pIP6,LR
aIPg8,3,cb_intrinsic,,,acetylcholine,sexually dimorphic,fru_high,,"SMP575,SMP576","CB3125,CB3166",Cachero 2010: aIP-g; Yu 2010: pIP6,LR
aIPg9,3,cb_intrinsic,,,acetylcholine,,fru_low,,SMP558,SMP558,Cachero 2010: aIP-g; Yu 2010: pIP6,LR
aIPg_m1,4,cb_intrinsic,,,acetylcholine,male-specific,fru_high,,,,Cachero 2010: aIP-g; Yu 2010: pIP6,LR
aIPg_m2,4,cb_intrinsic,,,acetylcholine,male-specific,fru_high,,,,Cachero 2010: aIP-g; Yu 2010: pIP6,LR
aIPg_m3,2,cb_intrinsic,,,acetylcholine,male-specific,fru_high,,,,Cachero 2010: aIP-g; Yu 2010: pIP6,LR
aIPg_m4,2,cb_intrinsic,,,acetylcholine,male-specific,fru_high,,,,Cachero 2010: aIP-g; Yu 2010: pIP6,LR
aMe1,4,visual_projection,,,gaba,,,,aMe1,aMe1,,LR
aMe10,3,visual_projection,,,acetylcholine,,,,aMe10,aMe10,,LR
aMe12,6,visual_projection,,,acetylcholine,,,,aMe12,aMe12,,LR
aMe13,2,cb_intrinsic,,,acetylcholine,,,,aMe13,aMe13,,LR
aMe15,2,cb_intrinsic,,,acetylcholine,,,,aMe15,aMe15,,LR
aMe17a,2,visual_centrifugal,,,unclear,,,,,aMe17a1,,LR
aMe17b,5,visual_centrifugal,,,gaba,,,,,aMe17b,,LR
aMe17c,4,visual_centrifugal,,,glutamate,,,,aMe17c,aMe17c,,LR
aMe17e,2,visual_centrifugal,,,glutamate,,,,aMe17a,aMe17a2,,LR
aMe2,8,visual_centrifugal,,,glutamate,,,,aMe2,cM04,,LR
aMe20,2,visual_projection,,,acetylcholine,,,,aMe20,aMe20,,LR
aMe22,2,cb_intrinsic,,,glutamate,,,,aMe22,aMe22,,LR
aMe23,2,cb_intrinsic,,,glutamate,,,,aMe23,DN1-l,,LR
aMe24,2,cb_intrinsic,,,glutamate,,,,aMe24,aMe24,,LR
aMe25,2,visual_projection,,,glutamate,,,,aMe25,aMe25,,LR
aMe26,6,visual_projection,,,acetylcholine,,,,aMe26,aMe26,,LR
aMe3,2,visual_projection,,,glutamate,,,,aMe3,aMe3,,LR
aMe30,5,visual_centrifugal,,,glutamate,,,,,cM09,,LR
aMe4,19,visual_centrifugal,,,acetylcholine,,,,aMe4,aMe4,,LR
aMe5,42,visual_projection,,,acetylcholine,,,,,aMe5,,LR
aMe6a,2,visual_projection,,,acetylcholine,,,,aMe6a,aMe6a,,LR
aMe6b,2,ol_intrinsic,,,acetylcholine,,,,aMe6b,aMe6b,,LR
aMe6c,3,ol_intrinsic,,,glutamate,,,,,aMe6c,,LR
aMe8,4,visual_projection,,,unclear,,,,aMe8,aMe8,,LR
aMe9,4,visual_projection,,,acetylcholine,,,,aMe9,aMe9,,LR
aMe_TBD1,2,cb_intrinsic,,,gaba,,,,,CB0802,,LR
aMe_unclear,1,ol_intrinsic,,,glutamate,,,,,,,L
aPhM1,21,cb_sensory,mechanosensory,pharyngeal sensillum,acetylcholine,,,,,aPhM1,,?
aPhM2a,5,cb_sensory,mechanosensory,pharyngeal sensillum,acetylcholine,,,,,aPhM2a,,?
aPhM2b,2,cb_sensory,mechanosensory,pharyngeal sensillum,acetylcholine,,,,,aPhM2b,,?
aPhM3,5,cb_sensory,mechanosensory,pharyngeal sensillum,acetylcholine,,,,,aPhM3,,?
aPhM4,2,cb_sensory,mechanosensory,pharyngeal sensillum,acetylcholine,,,,,aPhM4,,?
aPhM5,4,cb_sensory,mechanosensory,pharyngeal sensillum,acetylcholine,,,,,aPhM5,,?
aSP-g3Am,2,cb_intrinsic,,,acetylcholine,male-specific,fru_high,,,,Cachero 2010: aSP-g; Yu 2010: aSP6,LR
aSP10A_a,6,cb_intrinsic,,,acetylcholine,sexually dimorphic,fru_high,,aSP10A,CB1783,Cachero 2010: aIP-b,LR
aSP10A_b,10,cb_intrinsic,,,acetylcholine,potentially sexually dimorphic,fru_high,,aSP10A,CB1090,Cachero 2010: aIP-b,LR
aSP10B,11,cb_intrinsic,,,acetylcholine,,fru_high,,aSP10B,"CB1259,CB3589",Cachero 2010: aIP-b,LR
aSP10C_a,9,cb_intrinsic,,,acetylcholine,sexually dimorphic,fru_high,,aSP10C_a,CB1382,Cachero 2010: aIP-b,LR
aSP10C_b,6,cb_intrinsic,,,acetylcholine,sexually dimorphic,fru_high,,aSP10C_b,CB2376c,Cachero 2010: aIP-b,LR
aSP22,2,descending_neuron,,xn,acetylcholine,sexually dimorphic,,,DNa08,aSP22,McKellar 2019: DNa12,LR
b1 MN,2,vnc_motor,,wm,glutamate,,,T2,,,,LR
b2 MN,2,vnc_motor,,wm,glutamate,,,T2,,,,LR
b3 MN,2,vnc_motor,,wm,glutamate,,,T2,,,,LR
claw_tpGRN,50,cb_sensory,gustatory,taste peg,acetylcholine,,,,,claw_tpGRN,,?
dCal1,2,ol_intrinsic,,,gaba,,,,,LPT45_dCal1,,LR
dMS10,2,vnc_intrinsic,,BI,acetylcholine,,,T1,,,,LR
dMS2,20,vnc_intrinsic,,,acetylcholine,,fru_high,T2,,,"Yu 2010, Lillvis 2024: dMS2",LR
dMS5,2,vnc_intrinsic,,BI,acetylcholine,,fru_high,T2,,,,LR
dMS9,2,ascending_neuron,,BA,acetylcholine,sexually dimorphic,fru_high,T2,,AN_GNG_SAD_23,Lillvis 2024: dMS9,LR
dPR1,2,vnc_intrinsic,,BI,acetylcholine,,coexpress_high,T1,,,,LR
dorsal_tpGRN,10,cb_sensory,gustatory,taste peg,acetylcholine,,,,,dorsal_tpGRN,,?
hDVM MN,2,vnc_motor,,hm,glutamate,,,T3,,,,LR
hDeltaA,12,cb_intrinsic,CX,,acetylcholine,,fru_low,,hDeltaA,hDeltaA,,LR
hDeltaB,19,cb_intrinsic,CX,,acetylcholine,,fru_low,,hDeltaB,hDeltaB,,LR
hDeltaC,20,cb_intrinsic,CX,,acetylcholine,,,,hDeltaC,hDeltaC,,LR
hDeltaD,8,cb_intrinsic,CX,,acetylcholine,,,,hDeltaD,hDeltaD,,LR
hDeltaE,8,cb_intrinsic,CX,,acetylcholine,,,,hDeltaE,hDeltaE,,LR
hDeltaF,8,cb_intrinsic,CX,,acetylcholine,,,,hDeltaF,hDeltaF,,LR
hDeltaG,8,cb_intrinsic,CX,,acetylcholine,,,,hDeltaG,hDeltaG,,LR
hDeltaH,8,cb_intrinsic,CX,,acetylcholine,,,,hDeltaH,hDeltaH,,LR
hDeltaI,17,cb_intrinsic,CX,,acetylcholine,,fru_low,,hDeltaI,hDeltaI,,LR
hDeltaJ,31,cb_intrinsic,CX,,acetylcholine,,fru_low,,hDeltaJ,hDeltaJ,,LR
hDeltaK,31,cb_intrinsic,CX,,acetylcholine,,,,hDeltaK,hDeltaK,,LR
hDeltaL,11,cb_intrinsic,CX,,acetylcholine,,fru_low,,hDeltaL,hDeltaL,,LR
hDeltaM,8,cb_intrinsic,CX,,acetylcholine,,fru_low,,hDeltaM,hDeltaM,,LR
hg1 MN,2,vnc_motor,,wm,glutamate,sexually dimorphic,fru_high,T2,,,,LR
hg2 MN,2,vnc_motor,,wm,glutamate,,fru_high,T2,,,,LR
hg3 MN,2,vnc_motor,,wm,glutamate,,fru_high,T2,,,,LR
hg4 MN,2,vnc_motor,,wm,unclear,,,T2,,,,LR
hi1 MN,2,vnc_motor,,hm,glutamate,,,T3,,,,LR
hi2 MN,4,vnc_motor,,hm,glutamate,,,T3,,,,LR
hiii2 MN,2,vnc_motor,,hm,glutamate,,,T3,,,,LR
i1 MN,2,vnc_motor,,wm,glutamate,,,T2,,,,LR
i2 MN,2,vnc_motor,,wm,glutamate,,,T2,,,,LR
iii1 MN,2,vnc_motor,,wm,unclear,,,T2,,,,LR
iii3 MN,2,vnc_motor,,wm,unclear,,,T2,,,,LR
il3LN6,2,cb_intrinsic,ALLN,,gaba,,,GNG,il3LN6,il3LN6,,LR
l-LNv,8,ol_intrinsic,ol_bilateral,,unclear,,,,l-LNv,l-LNv,,LR
l2LN19,4,cb_intrinsic,ALLN,,gaba,,,DC,l2LN19,l2LN19,,LR
l2LN20,5,cb_intrinsic,ALLN,,gaba,,,DC,l2LN20,l2LN20,,LR
l2LN21,2,cb_intrinsic,ALLN,,gaba,,,DC,l2LN21,l2LN21,,LR
l2LN22,3,cb_intrinsic,ALLN,,unclear,,,DC,l2LN22,l2LN22,,LR
l2LN23,4,cb_intrinsic,ALLN,,gaba,,,DC,l2LN23,l2LN23,,LR
lLN10,2,cb_intrinsic,ALLN,,unclear,,,DC,lLN10,lLN10,,LR
lLN12A,10,cb_intrinsic,ALLN,,acetylcholine,,,DC,lLN12A,"CB1473,CB1686",,LR
lLN13,6,cb_intrinsic,ALLN,,gaba,,,DC,lLN13,lLN13,,LR
lLN14,2,cb_intrinsic,ALLN,,gaba,,,DC,lLN14,CB2504,,L
lLN15,7,cb_intrinsic,ALLN,,gaba,,,DC,lLN15,CB1546,,LR
lLN1_a,2,cb_intrinsic,ALLN,,acetylcholine,,,DC,lLN1_a,lLN1_a,,LR
lLN1_bc,30,cb_intrinsic,ALLN,,acetylcholine,,,DC,"lLN1_b,lLN1_c",lLN1_bc,,LR
lLN2F_a,4,cb_intrinsic,ALLN,,unclear,,,DC,lLN2F_a,lLN2F_a,,LR
lLN2F_b,4,cb_intrinsic,ALLN,,gaba,,,DC,lLN2F_b,lLN2F_b,,LR
lLN2P_a,7,cb_intrinsic,ALLN,,gaba,,fru_low,DC,lLN2P_a,lLN2P_a,,LR
lLN2P_b,12,cb_intrinsic,ALLN,,gaba,,,DC,lLN2P_b,lLN2P_b,,LR
lLN2P_c,9,cb_intrinsic,ALLN,,gaba,,,DC,lLN2P_c,lLN2P_c,,LR
lLN2R_a,6,cb_intrinsic,ALLN,,gaba,,,DC,lLN2R_a,"lLN2X06,lLN2X07",,LR
lLN2T_a,5,cb_intrinsic,ALLN,,acetylcholine,,fru_low,DC,lLN2T_a,lLN2X03,,LR
lLN2T_b,4,cb_intrinsic,ALLN,,acetylcholine,,,DC,lLN2T_b,lLN2T_b,,LR
lLN2T_c,4,cb_intrinsic,ALLN,,acetylcholine,,,DC,lLN2T_c,lLN2T_c,,LR
lLN2T_d,4,cb_intrinsic,ALLN,,unclear,,,DC,lLN2T_d,lLN2T_d,,LR
lLN2T_e,4,cb_intrinsic,ALLN,,acetylcholine,,,DC,lLN2T_e,lLN2T_e,,LR
lLN2X02,6,cb_intrinsic,ALLN,,gaba,,,DC,,lLN2X02,,LR
lLN2X04,4,cb_intrinsic,ALLN,,acetylcholine,,,DC,,lLN2X04,,LR
lLN2X05,4,cb_intrinsic,ALLN,,acetylcholine,,,DC,lLN2T_a,lLN2X05,,LR
lLN2X11,4,cb_intrinsic,ALLN,,acetylcholine,,,DC,,lLN2X11,,LR
lLN2X12,11,cb_intrinsic,ALLN,,acetylcholine,,,DC,,lLN2X12,,LR
lLN8,4,cb_intrinsic,ALLN,,gaba,,,DC,lLN8,lLN8,,LR
lLN9,6,cb_intrinsic,ALLN,,gaba,,,DC,lLN9,"lLN9,lLN17a",,LR
ltm MN,21,vnc_motor,,fl,glutamate,,,T1,,,,LR
ltm1-tibia MN,9,vnc_motor,,hl,glutamate,,,T3,,,,LR
ltm2-femur MN,12,vnc_motor,,fl,glutamate,,,T1,,,,LR
mAL4A,4,cb_intrinsic,,,glutamate,,,,mAL4,mAL4,mAL,LR
mAL4B,3,cb_intrinsic,,,glutamate,,,,mAL4,mAL4B,mAL,LR
mAL4C,2,cb_intrinsic,,,unclear,,,,mAL4,mAL4C,mAL,LR
mAL4D,2,cb_intrinsic,,,unclear,,,,mAL4,mAL4D,mAL,LR
mAL4E,4,cb_intrinsic,,,glutamate,,,,mAL4,mAL4E,mAL,LR
mAL4F,6,cb_intrinsic,,,glutamate,,,,mAL4,mAL4F,mAL,LR
mAL4G,4,cb_intrinsic,,,glutamate,,,,mAL4,mAL4G,mAL,LR
mAL4H,2,cb_intrinsic,,,gaba,,,,mAL4,mAL4H,mAL,LR
mAL4I,4,cb_intrinsic,,,glutamate,,,,mAL4,mAL4I,mAL,LR
mAL5A1,2,cb_intrinsic,,,gaba,,,,mAL5A,mAL5A1,mAL,LR
mAL5A2,4,cb_intrinsic,,,gaba,,,,mAL5,mAL5A2,mAL,LR
mAL5B,2,cb_intrinsic,,,gaba,,,,mAL5B,mAL5B,mAL,LR
mAL6,4,cb_intrinsic,,,gaba,,,,mAL6,mAL6,,LR
mALB1,2,cb_intrinsic,,,gaba,,,,mALB1,mALB1,,LR
mALB2,2,cb_intrinsic,,,gaba,,,,mALB2,mALB2,,LR
mALB3,4,cb_intrinsic,,,gaba,,,,mALB3,mALB3,,LR
mALB4,2,cb_intrinsic,,,gaba,,,,mALB4,mALB4,,LR
mALB5,2,cb_intrinsic,,,gaba,,,,mALB5,mALB5,,LR
mALD1,2,cb_intrinsic,,,gaba,,,,mALD1,mALD1,,LR
mALD3,2,cb_intrinsic,,,gaba,,,,mALD3,mALD3,,LR
mALD4,2,cb_intrinsic,,,gaba,,,,mALD4,mALD4,,LR
mAL_m1,12,cb_intrinsic,,,gaba,male-specific,fru_high,,,,Cachero 2010: aDT-b; Yu 2010: aDT2,LR
mAL_m10,2,cb_intrinsic,,,gaba,male-specific,fru_high,,,,Cachero 2010: aDT-b; Yu 2010: aDT2,LR
mAL_m11,2,cb_intrinsic,,,gaba,male-specific,fru_high,,,,Cachero 2010: aDT-b; Yu 2010: aDT2,LR
mAL_m2a,4,cb_intrinsic,,,unclear,male-specific,fru_high,,,,Cachero 2010: aDT-b; Yu 2010: aDT2,LR
mAL_m2b,6,cb_intrinsic,,,gaba,male-specific,fru_high,,,,Cachero 2010: aDT-b; Yu 2010: aDT2,LR
mAL_m3a,3,cb_intrinsic,,,unclear,male-specific,fru_high,,,,Cachero 2010: aDT-b; Yu 2010: aDT2,LR
mAL_m3b,8,cb_intrinsic,,,unclear,male-specific,fru_high,,,,Cachero 2010: aDT-b; Yu 2010: aDT2,LR
mAL_m3c,10,cb_intrinsic,,,gaba,male-specific,fru_high,,,,Cachero 2010: aDT-b; Yu 2010: aDT2,LR
mAL_m4,3,cb_intrinsic,,,gaba,male-specific,fru_high,,,,Cachero 2010: aDT-b; Yu 2010: aDT2,LR
mAL_m5a,6,cb_intrinsic,,,gaba,male-specific,fru_high,,,,Cachero 2010: aDT-b; Yu 2010: aDT2,LR
mAL_m5b,6,cb_intrinsic,,,gaba,male-specific,fru_high,,,,Cachero 2010: aDT-b; Yu 2010: aDT2,LR
mAL_m5c,6,cb_intrinsic,,,gaba,male-specific,fru_high,,,,Cachero 2010: aDT-b; Yu 2010: aDT2,LR
mAL_m6,8,cb_intrinsic,,,unclear,male-specific,fru_high,,,,Cachero 2010: aDT-b; Yu 2010: aDT2,LR
mAL_m7,2,cb_intrinsic,,,gaba,male-specific,fru_high,,,,Cachero 2010: aDT-b; Yu 2010: aDT2,LR
mAL_m8,16,cb_intrinsic,,,gaba,male-specific,fru_high,,,,Cachero 2010: aDT-b; Yu 2010: aDT2,LR
mAL_m9,4,cb_intrinsic,,,gaba,male-specific,fru_high,,,,Cachero 2010: aDT-b; Yu 2010: aDT2,LR
mesVUM-MJ,1,vnc_efferent,,,octopamine,,,T2,,,,M
oviIN,2,cb_intrinsic,,,gaba,sexually dimorphic,,,oviIN,oviIN,,LR
pC1_10a,2,cb_intrinsic,,,acetylcholine,male-specific,dsx_high,,,,"Lee 2002, Rideout 2010, Nojima 2021: pC1",LR
pC1_10b,4,cb_intrinsic,,,acetylcholine,male-specific,dsx_high,,,,"Lee 2002, Rideout 2010, Nojima 2021: pC1",LR
pC1_10c,4,cb_intrinsic,,,acetylcholine,male-specific,dsx_high,,,,"Lee 2002, Rideout 2010, Nojima 2021: pC1",LR
pC1_10d,3,cb_intrinsic,,,acetylcholine,male-specific,dsx_high,,,,"Lee 2002, Rideout 2010, Nojima 2021: pC1",LR
pC1_11a,2,cb_intrinsic,,,acetylcholine,male-specific,dsx_high,,,,"Lee 2002, Rideout 2010, Nojima 2021: pC1",LR
pC1_11b,2,cb_intrinsic,,,acetylcholine,male-specific,dsx_high,,,,"Lee 2002, Rideout 2010, Nojima 2021: pC1",LR
pC1_12a,2,cb_intrinsic,,,acetylcholine,male-specific,coexpress_low,,,,"Lee 2002, Rideout 2010, Nojima 2021: pC1; Cachero 2010: pMP-e; Yu 2010: pMP4",LR
pC1_12b,4,cb_intrinsic,,,acetylcholine,male-specific,dsx_high,,,,"Lee 2002, Rideout 2010, Nojima 2021: pC1",LR
pC1_13a,2,cb_intrinsic,,,acetylcholine,potentially male-specific,coexpress_high,,,,"Lee 2002, Rideout 2010, Nojima 2021: pC1; Cachero 2010: pMP-e; Yu 2010: pMP4",LR
pC1_13b,4,cb_intrinsic,,,acetylcholine,potentially male-specific,dsx_high,,,,"Lee 2002, Rideout 2010, Nojima 2021: pC1",LR
pC1_13c,2,cb_intrinsic,,,acetylcholine,potentially male-specific,dsx_high,,,,"Lee 2002, Rideout 2010, Nojima 2021: pC1",LR
pC1_14a,6,cb_intrinsic,,,acetylcholine,potentially male-specific,coexpress_low,,,,"Lee 2002, Rideout 2010, Nojima 2021: pC1; Cachero 2010: pMP-e; Yu 2010: pMP4",LR
pC1_14b,2,cb_intrinsic,,,acetylcholine,potentially male-specific,coexpress_low,,,,"Lee 2002, Rideout 2010, Nojima 2021: pC1; Cachero 2010: pMP-e; Yu 2010: pMP4",LR
pC1_15a,2,cb_intrinsic,,,acetylcholine,male-specific,coexpress_high,,,,"Lee 2002, Rideout 2010, Nojima 2021: pC1; Cachero 2010: pMP-e; Yu 2010: pMP4",LR
pC1_15b,2,cb_intrinsic,,,acetylcholine,male-specific,coexpress_low,,,,"Lee 2002, Rideout 2010, Nojima 2021: pC1; Cachero 2010: pMP-e; Yu 2010: pMP4",LR
pC1_15c,3,cb_intrinsic,,,acetylcholine,male-specific,coexpress_low,,,,"Lee 2002, Rideout 2010, Nojima 2021: pC1; Cachero 2010: pMP-e; Yu 2010: pMP4",LR
pC1_16a,5,cb_intrinsic,,,acetylcholine,male-specific,coexpress_high,,,,"Lee 2002, Rideout 2010, Nojima 2021: pC1; Cachero 2010: pMP-e; Yu 2010: pMP4",LR
pC1_16b,8,cb_intrinsic,,,acetylcholine,male-specific,coexpress_high,,,,"Lee 2002, Rideout 2010, Nojima 2021: pC1; Cachero 2010: pMP-e; Yu 2010: pMP4",LR
pC1_17a,3,cb_intrinsic,,,acetylcholine,male-specific,coexpress_low,,,,"Lee 2002, Rideout 2010, Nojima 2021: pC1; Cachero 2010: pMP-e; Yu 2010: pMP4",LR
pC1_17b,5,cb_intrinsic,,,acetylcholine,male-specific,coexpress_low,,,,"Lee 2002, Rideout 2010, Nojima 2021: pC1; Cachero 2010: pMP-e; Yu 2010: pMP4",LR
pC1_18a,2,cb_intrinsic,,,acetylcholine,male-specific,dsx_low,,,,"Lee 2002, Rideout 2010, Nojima 2021: pC1",LR
pC1_18b,4,cb_intrinsic,,,acetylcholine,male-specific,dsx_low,,,,"Lee 2002, Rideout 2010, Nojima 2021: pC1",LR
pC1_19,7,cb_intrinsic,,,acetylcholine,male-specific,dsx_high,,,,"Lee 2002, Rideout 2010, Nojima 2021: pC1",LR
pC1_1a,7,cb_intrinsic,,,acetylcholine,male-specific,coexpress_high,,,,"Lee 2002, Rideout 2010, Nojima 2021: pC1; Cachero 2010: pMP-e; Yu 2010: pMP4",LR
pC1_1b,2,cb_intrinsic,,,acetylcholine,male-specific,coexpress_high,,,,"Lee 2002, Rideout 2010, Nojima 2021: pC1; Cachero 2010: pMP-e; Yu 2010: pMP4",LR
pC1_2a,4,cb_intrinsic,,,acetylcholine,male-specific,coexpress_high,,,,"Lee 2002, Rideout 2010, Nojima 2021: pC1; Cachero 2010: pMP-e; Yu 2010: pMP4",LR
pC1_2a/2b,1,cb_intrinsic,,,acetylcholine,male-specific,coexpress_high,,,,"Lee 2002, Rideout 2010, Nojima 2021: pC1; Cachero 2010: pMP-e; Yu 2010: pMP4",R
pC1_2b,2,cb_intrinsic,,,acetylcholine,male-specific,coexpress_high,,,,"Lee 2002, Rideout 2010, Nojima 2021: pC1; Cachero 2010: pMP-e; Yu 2010: pMP4",LR
pC1_2c,2,cb_intrinsic,,,acetylcholine,male-specific,coexpress_high,,,,"Lee 2002, Rideout 2010, Nojima 2021: pC1; Cachero 2010: pMP-e; Yu 2010: pMP4",LR
pC1_3a,2,cb_intrinsic,,,acetylcholine,male-specific,coexpress_high,,,,"Lee 2002, Rideout 2010, Nojima 2021: pC1; Cachero 2010: pMP-e; Yu 2010: pMP4",LR
pC1_3b,2,cb_intrinsic,,,acetylcholine,male-specific,coexpress_high,,,,"Lee 2002, Rideout 2010, Nojima 2021: pC1; Cachero 2010: pMP-e; Yu 2010: pMP4",LR
pC1_3c,4,cb_intrinsic,,,acetylcholine,male-specific,coexpress_high,,,,"Lee 2002, Rideout 2010, Nojima 2021: pC1; Cachero 2010: pMP-e; Yu 2010: pMP4",LR
pC1_4a,6,cb_intrinsic,,,acetylcholine,male-specific,dsx_high,,,,"Lee 2002, Rideout 2010, Nojima 2021: pC1",LR
pC1_4b,2,cb_intrinsic,,,acetylcholine,male-specific,dsx_high,,,,"Lee 2002, Rideout 2010, Nojima 2021: pC1",LR
pC1_5a,2,cb_intrinsic,,,acetylcholine,male-specific,coexpress_low,,,,"Lee 2002, Rideout 2010, Nojima 2021: pC1; Cachero 2010: pMP-e; Yu 2010: pMP4",LR
pC1_5b,4,cb_intrinsic,,,acetylcholine,male-specific,coexpress_high,,,,"Lee 2002, Rideout 2010, Nojima 2021: pC1; Cachero 2010: pMP-e; Yu 2010: pMP4",LR
pC1_6a,6,cb_intrinsic,,,acetylcholine,male-specific,coexpress_low,,,,Cachero 2010: pMP-e; Yu 2010: pMP4,LR
pC1_6b,2,cb_intrinsic,,,acetylcholine,male-specific,coexpress_high,,,,"Lee 2002, Rideout 2010, Nojima 2021: pC1",LR
pC1_7a,4,cb_intrinsic,,,acetylcholine,male-specific,coexpress_low,,,,"Lee 2002, Rideout 2010, Nojima 2021: pC1; Cachero 2010: pMP-e; Yu 2010: pMP4",LR
pC1_7b,4,cb_intrinsic,,,acetylcholine,male-specific,coexpress_low,,,,"Lee 2002, Rideout 2010, Nojima 2021: pC1; Cachero 2010: pMP-e; Yu 2010: pMP4",LR
pC1_8a,2,cb_intrinsic,,,acetylcholine,male-specific,dsx_high,,,,"Lee 2002, Rideout 2010, Nojima 2021: pC1",LR
pC1_8b,2,cb_intrinsic,,,acetylcholine,male-specific,dsx_high,,,,"Lee 2002, Rideout 2010, Nojima 2021: pC1",LR
pC1_8c,2,cb_intrinsic,,,acetylcholine,male-specific,dsx_high,,,,"Lee 2002, Rideout 2010, Nojima 2021: pC1",LR
pC1_9a,4,cb_intrinsic,,,acetylcholine,potentially male-specific,,,,,,LR
pC1_9b,2,cb_intrinsic,,,acetylcholine,potentially male-specific,,,,,,LR
pC1x_a,2,cb_intrinsic,,,acetylcholine,sexually dimorphic,dsx_high,,"pC1a,pC1c","pC1a,pC1c","Lee 2002, Rideout 2010, Nojima 2021: pC1, Sten 2025: pC1x",LR
pC1x_b,2,cb_intrinsic,,,acetylcholine,sexually dimorphic,dsx_high,,pC1b,pC1b,"Lee 2002, Rideout 2010, Nojima 2021: pC1, Sten 2025: pC1x",LR
pC1x_c,2,cb_intrinsic,,,acetylcholine,sexually dimorphic,dsx_high,,"pC1a,pC1c","pC1a,pC1c","Lee 2002, Rideout 2010, Nojima 2021: pC1, Sten 2025: pC1x",LR
pC1x_d,2,cb_intrinsic,,,acetylcholine,sexually dimorphic,dsx_high,,"pC1a,pC1c","pC1a,pC1c","Lee 2002, Rideout 2010, Nojima 2021: pC1, Sten 2025: pC1x",LR
pIP1,2,descending_neuron,,xl,acetylcholine,male-specific,fru_high,,,,"Kimura 2008, Kohatsu 2010: P2b; Cachero 2010: pIP-a; Yu 2010: pIP1",LR
pIP10,2,descending_neuron,,xn,acetylcholine,male-specific,fru_high,,,,"Kimura 2008, Kohatsu 2010: P2b; Cachero 2010: pIP-a; Yu 2010: pIP1",LR
pMP2,2,descending_neuron,,xn,acetylcholine,male-specific,fru_high,,,,,LR
ps1 MN,2,vnc_motor,,wm,unclear,,fru_high,T2,,,,LR
ps2 MN,2,vnc_motor,,wm,glutamate,,,T2,,,,LR
s-LNv,8,visual_projection,,,acetylcholine,,,,s-LNv,s-LNv_b,,LR
tp1 MN,2,vnc_motor,,wm,glutamate,,,T2,,,,LR
tp2 MN,2,vnc_motor,,wm,glutamate,,,T2,,,,LR
tpn MN,2,vnc_motor,,wm,glutamate,,,T2,,,,LR
v2LN30,2,cb_intrinsic,ALLN,,unclear,,,,v2LN30,v2LN30,,LR
v2LN31,2,cb_intrinsic,ALLN,,unclear,,,,v2LN31,v2LN31,,LR
v2LN32,2,cb_intrinsic,ALLN,,glutamate,,,,v2LN32,v2LN32,,LR
v2LN33,4,cb_intrinsic,ALLN,,acetylcholine,,,,v2LN33,v2LN33,,LR
v2LN34A,7,cb_intrinsic,ALLN,,glutamate,,,,v2LN34A,CB2571b,,LR
v2LN34B,3,cb_intrinsic,ALLN,,glutamate,,,,v2LN34B,CB2345,,LR
v2LN34C,2,cb_intrinsic,ALLN,,acetylcholine,,,,v2LN34C,CB3633,,LR
v2LN34D,8,cb_intrinsic,ALLN,,glutamate,,,,v2LN34D,CB1013,,LR
v2LN34E,7,cb_intrinsic,ALLN,,glutamate,,,,v2LN34E,v2LN34E,,LR
v2LN34F,4,cb_intrinsic,ALLN,,acetylcholine,,,,v2LN34F,CB1673,,LR
v2LN36,2,cb_intrinsic,ALLN,,glutamate,,,,v2LN36,v2LN36,Chou 2022: TC-LN,LR
v2LN37,2,cb_intrinsic,ALON,,glutamate,,,,v2LN37,v2LN37,,LR
v2LN38,4,cb_intrinsic,ALLN,,acetylcholine,,,,v2LN38,v2LN38,,LR
v2LN39a,4,cb_intrinsic,ALLN,,glutamate,,,,,v2LN39a,,LR
v2LN3A,4,cb_intrinsic,ALLN,,unclear,,,,v2LN3A,CB1676,,LR
v2LN3A1_a,2,cb_intrinsic,ALLN,,acetylcholine,,,,,v2LN3A1_a,,LR
v2LN3A1_b,9,cb_intrinsic,ALLN,,acetylcholine,,,,,v2LN3A1_b,,LR
v2LN4,6,cb_intrinsic,ALLN,,acetylcholine,,,,v2LN4,v2LN4,,LR
v2LN40_2,4,cb_intrinsic,ALLN,,unclear,,,,,CB4083,,LR
v2LN41,4,cb_intrinsic,ALLN,,unclear,,,,v2LN41,v2LN41a,,LR
v2LN42,7,cb_intrinsic,ALLN,,glutamate,,,,v2LN42,"v2LN42b,v2LN42c",,LR
v2LN46,10,cb_intrinsic,ALLN,,glutamate,,,,v2LN46,v2LN46b,,LR
v2LN47,5,cb_intrinsic,ALLN,,glutamate,,,,v2LN47,v2LN47,,LR
v2LN49,4,cb_intrinsic,ALLN,,glutamate,,,,v2LN49,v2LN49,,LR
v2LN5,3,cb_intrinsic,ALLN,,acetylcholine,,,,v2LN5,v2LN5,,LR
v2LN50,7,cb_intrinsic,ALLN,,glutamate,,,,v2LN50,CB2527,,LR
v2LNX01,2,cb_intrinsic,ALLN,,unclear,,,,,v2LNX01,,LR
vCal1,2,visual_projection,,,glutamate,,,,PLP127,vCal1,,LR
vCal2,2,visual_projection,,,glutamate,,,,,LPT47_vCal2,,LR
vCal3,2,visual_projection,,,acetylcholine,,,,,LPT48_vCal3,,LR
vDeltaA_a,70,cb_intrinsic,CX,,acetylcholine,,,,vDeltaA_a,vDeltaA_a,,LR
vDeltaA_b,31,cb_intrinsic,CX,,acetylcholine,,,,vDeltaA_b,vDeltaA_b,,LR
vDeltaB,31,cb_intrinsic,CX,,acetylcholine,,,,vDeltaB,vDeltaB,,LR
vDeltaC,27,cb_intrinsic,CX,,acetylcholine,,,,vDeltaC,vDeltaC,,LR
vDeltaD,21,cb_intrinsic,CX,,acetylcholine,,,,vDeltaD,vDeltaD,,LR
vDeltaE,18,cb_intrinsic,CX,,acetylcholine,,,,vDeltaE,vDeltaE,,LR
vDeltaF,18,cb_intrinsic,CX,,acetylcholine,,,,vDeltaF,vDeltaF,,LR
vDeltaG,18,cb_intrinsic,CX,,acetylcholine,,,,vDeltaG,"vDeltaG,vDeltaH",,LR
vDeltaH,9,cb_intrinsic,CX,,acetylcholine,,,,vDeltaH,"vDeltaG,vDeltaH",,LR
vDeltaI_a,17,cb_intrinsic,CX,,acetylcholine,,,,vDeltaI,vDeltaI_a,,LR
vDeltaI_b,20,cb_intrinsic,CX,,acetylcholine,,,,vDeltaI,vDeltaI_b,,LR
vDeltaJ,11,cb_intrinsic,CX,,acetylcholine,,,,vDeltaJ,vDeltaJ,,LR
vDeltaK,47,cb_intrinsic,CX,,acetylcholine,,,,vDeltaK,vDeltaK,,LR
vDeltaL,37,cb_intrinsic,CX,,acetylcholine,,,,vDeltaL,vDeltaL,,LR
vDeltaM,55,cb_intrinsic,CX,,acetylcholine,,,,vDeltaM,vDeltaM,,LR
vLN24,4,cb_intrinsic,ALLN,,acetylcholine,,,,vLN24,vLN24,,LR
vLN25,4,cb_intrinsic,ALLN,,glutamate,,,,vLN25,vLN25,,LR
vLN26,2,cb_intrinsic,ALLN,,unclear,,,,vLN26,vLN26,,LR
vLN27,2,cb_intrinsic,ALLN,,unclear,,,,vLN27,vLN27,,LR
vLN28,2,cb_intrinsic,ALLN,,glutamate,,,,vLN28,"vLN28,vLN29",,LR
vLN29,2,cb_intrinsic,ALLN,,unclear,,,,vLN29,"vLN28,vLN29",,LR
vMS11,14,vnc_intrinsic,,,glutamate,,,T2,,,,LR
vMS12_a,6,vnc_intrinsic,,BI,acetylcholine,,fru_high,T2,,,Cachero 2010: vMs-m,LR
vMS12_b,2,vnc_intrinsic,,,acetylcholine,,fru_high,T2,,,Cachero 2010: vMs-m,LR
vMS12_c,4,vnc_intrinsic,,BI,acetylcholine,,fru_high,T2,,,Cachero 2010: vMs-m,LR
vMS12_d,4,vnc_intrinsic,,BI,acetylcholine,,fru_high,T2,,,Cachero 2010: vMs-m,LR
vMS12_e,2,vnc_intrinsic,,BI,acetylcholine,,fru_high,T2,,,Cachero 2010: vMs-m,LR
vMS13,2,ascending_neuron,,BA,gaba,,fru_high,T2,,AN_GNG_IPS_1,,LR
vMS16,2,ascending_neuron,,BA,unclear,male-specific,fru_high,T2,,,"Yu 2010, Lillvis 2024: vMS16",LR
vMS17,2,vnc_intrinsic,,BI,unclear,male-specific,,T2,,,,LR
vPR6,8,vnc_intrinsic,,BI,acetylcholine,,coexpress_high,T1,,,,LR
vPR9_a,4,vnc_intrinsic,,,gaba,,fru_high,T1,,,,M
vPR9_b,2,vnc_intrinsic,,BI,gaba,,fru_high,T1,,,,M
vPR9_c,3,vnc_intrinsic,,BI,gaba,,fru_high,T1,,,,M
vpoEN,4,cb_intrinsic,,,acetylcholine,,fru_high,,vpoEN,vpoEN,Cachero 2010: aIP-g; Yu 2010: pIP6,LR
vpoIN,5,cb_intrinsic,,,gaba,,fru_high,,AVLP007,CB1385,Cachero 2010: aSP-k; Wang 2020b: vpoIN,LR
w-cHIN,14,vnc_intrinsic,,BI,acetylcholine,,,T2,,,,LR
